year,port,country,HS,weight-kg,worth-usd,HS-Short-Name,distance,delivery-days,s-cost,tariff,VAT,Tariff-Amount-USD,VAT-Amount-USD,Total-Import-Cost-USD,Profit-Margin-Pct,Cost-per-kg-USD,Profit-per-kg-USD,Total-Import-Profit-USD
1403,shaeed rajaii,China,98870315,11179099,176091909,Vehicle/Chassis/Tractor Parts,10500,30,1676864.85,40%,9%,70436763.6,22187580.53,270393118,25%,24.19,6.05,67598279.5
1403,shaeed rajaii,China,98871182,20632931,162439389,Vehicle/Chassis/Tractor Parts,10500,30,3094939.65,40%,9%,64975755.6,20467363.01,250977447.3,25%,12.16,3.04,62744361.82
1403,shaeed rajaii,China,98871183,20275247,140716265,Vehicle/Chassis/Tractor Parts,10500,30,3041287.05,40%,9%,56286506,17730249.39,217774307.4,25%,10.74,2.68,54443576.86
1403,shaeed rajaii,China,87032290,14735380,124830304,Passenger Vehicles,10500,30,2210307,45%,9%,56173636.8,16290354.67,199504602.5,25%,13.54,3.38,49876150.62
1403,shaeed rajaii,China,98870121,14375399,113825856,Vehicle/Chassis/Tractor Parts,10500,30,2156309.85,40%,9%,45530342.4,14342057.86,175854566.1,25%,12.23,3.06,43963641.53
1403,shaeed rajaii,China,27040090,314416149,108949584,Mineral Fuels & Oils,10500,30,47162422.35,5%,9%,5447479.2,10295735.69,171855221.2,25%,0.55,0.14,42963805.31
1403,shaeed rajaii,China,85451100,48494532,108569786,Electrical Equipment,10500,30,7274179.8,15%,9%,16285467.9,11236972.85,143366406.6,25%,2.96,0.74,35841601.64
1403,shaeed rajaii,China,72091700,137530252,107963886,Iron & Steel Products,10500,30,20629537.8,10%,9%,10796388.6,10688424.71,150078237.1,25%,1.09,0.27,37519559.28
1403,shaeed rajaii,China,85414300,27433198,107136956,Semiconductors & Solar Cells,10500,30,4114979.7,15%,9%,16070543.4,11088674.95,138411154.1,25%,5.05,1.26,34602788.51
1403,shaeed rajaii,China,72083900,129909544,81694236,Iron & Steel Products,10500,30,19486431.6,10%,9%,8169423.6,8087729.36,117437820.6,25%,0.9,0.22,29359455.14
1403,shaeed rajaii,China,98842930,15107166,79739907,Vehicle/Chassis/Tractor Parts,10500,30,2266074.9,40%,9%,31895962.8,10047228.28,123949173,25%,8.2,2.05,30987293.24
1403,shaeed rajaii,China,39095000,43926038,74779598,Plastics & Polymers,10500,30,6588905.7,20%,9%,14955919.6,8076196.58,104400619.9,25%,2.38,0.6,26100154.97
1403,shaeed rajaii,China,48109290,80460074,73799452,Paper & Paperboard,10500,30,12069011.1,15%,9%,11069917.8,7638243.28,104576624.2,25%,1.3,0.32,26144156.04
1403,shaeed rajaii,China,72193400,29263198,65746910,Iron & Steel Products,10500,30,4389479.7,10%,9%,6574691,6508944.09,83220024.79,25%,2.84,0.71,20805006.2
1403,shaeed rajaii,China,84143011,14899717,59500871,Compressors & Pumps,10500,30,2234957.55,15%,9%,8925130.65,6158340.15,76819299.35,25%,5.16,1.29,19204824.84
1403,shaeed rajaii,China,32061190,21491485,57886295,General Goods,10500,30,3223722.75,20%,9%,11577259,6251719.86,78938996.61,25%,3.67,0.92,19734749.15
1403,shaeed rajaii,China,84798990,5382409,55611846,Machines & Mechanical Appliances,10500,30,807361.35,15%,9%,8341776.9,5755826.06,70516810.31,25%,13.1,3.28,17629202.58
1403,shaeed rajaii,China,40112010,17746019,55172511,Rubber & Tires,10500,30,2661902.85,20%,9%,11034502.2,5958631.19,74827547.24,25%,4.22,1.06,18706886.81
1403,shaeed rajaii,China,84812010,1159604,54862949,Industrial Machinery,10500,30,173940.6,15%,9%,8229442.35,5678315.22,68944647.17,25%,59.46,14.86,17236161.79
1403,shaeed rajaii,China,76071190,14416992,54846659,General Goods,10500,30,2162548.8,20%,9%,10969331.8,5923439.17,73901978.77,25%,5.13,1.28,18475494.69
1403,shaeed rajaii,China,73041990,53803556,54651303,Articles of Iron & Steel,10500,30,8070533.4,10%,9%,5465130.3,5410479,73597445.7,25%,1.37,0.34,18399361.42
1403,shaeed rajaii,China,85241900,1968940,53240714,Electrical Equipment,10500,30,295341,15%,9%,7986107.1,5510413.9,67032576,25%,34.05,8.51,16758144
1403,shaeed rajaii,China,87085032,10389467,53015685,Vehicle Parts & Accessories,10500,30,1558420.05,25%,9%,13253921.25,5964264.56,73792290.86,25%,7.1,1.78,18448072.72
1403,shaeed rajaii,China,84543000,6026475,51314205,Industrial Machinery,10500,30,903971.25,15%,9%,7697130.75,5311020.22,65226327.22,25%,10.82,2.7,16306581.8
1403,shaeed rajaii,China,87038000,4164627,49442692,Passenger Vehicles,10500,30,624694.05,45%,9%,22249211.4,6452271.31,78768868.76,25%,18.91,4.73,19692217.19
1403,shaeed rajaii,China,72091600,62386251,48685243,Iron & Steel Products,10500,30,9357937.65,10%,9%,4868524.3,4819839.06,67731544.01,25%,1.09,0.27,16932886
1403,shaeed rajaii,China,84807100,4157530,48134250,Industrial Machinery,10500,30,623629.5,15%,9%,7220137.5,4981894.88,60959911.88,25%,14.66,3.66,15239977.97
1403,shaeed rajaii,China,87089413,3073747,47478072,Vehicle Parts & Accessories,10500,30,461062.05,25%,9%,11869518,5341283.1,65149935.15,25%,21.2,5.3,16287483.79
1403,shaeed rajaii,China,84099190,1894201,44654045,Industrial Machinery,10500,30,284130.15,15%,9%,6698106.75,4621693.66,56257975.56,25%,29.7,7.42,14064493.89
1403,shaeed rajaii,China,72082700,65088721,44525598,Iron & Steel Products,10500,30,9763308.15,10%,9%,4452559.8,4408034.2,63149500.15,25%,0.97,0.24,15787375.04
1403,shaeed rajaii,China,87024000,93238,44520652,General Goods,10500,30,13985.7,20%,9%,8904130.4,4808230.42,58246998.52,25%,624.71,156.18,14561749.63
1403,shaeed rajaii,China,84771000,10246857,42854968,Industrial Machinery,10500,30,1537028.55,15%,9%,6428245.2,4435489.19,55255730.94,25%,5.39,1.35,13813932.74
1403,shaeed rajaii,China,84522900,8948914,42500601,Industrial Machinery,10500,30,1342337.1,15%,9%,6375090.15,4398812.2,54616840.45,25%,6.1,1.52,13654210.11
1403,shaeed rajaii,China,84732900,293426,42130668,Industrial Machinery,10500,30,44013.9,15%,9%,6319600.2,4360524.14,52854806.24,25%,180.13,45.03,13213701.56
1403,shaeed rajaii,China,72107090,45401083,41775741,Iron & Steel Products,10500,30,6810162.45,10%,9%,4177574.1,4135798.36,56899275.91,25%,1.25,0.31,14224818.98
1403,shaeed rajaii,China,98870224,3337017,40747254,Vehicle/Chassis/Tractor Parts,10500,30,500552.55,40%,9%,16298901.6,5134154,62680862.15,25%,18.78,4.7,15670215.54
1403,shaeed rajaii,China,39076110,34564139,40001799,Plastics & Polymers,10500,30,5184620.85,20%,9%,8000359.8,4320194.29,57506973.94,25%,1.66,0.42,14376743.48
1403,shaeed rajaii,China,98842910,7749978,38954857,Vehicle/Chassis/Tractor Parts,10500,30,1162496.7,40%,9%,15581942.8,4908311.98,60607608.48,25%,7.82,1.96,15151902.12
1403,shaeed rajaii,China,12060090,22339820,38371944,General Goods,10500,30,3350973,20%,9%,7674388.8,4144169.95,53541475.75,25%,2.4,0.6,13385368.94
1403,shaeed rajaii,China,54024600,29899054,37671827,General Goods,10500,30,4484858.1,20%,9%,7534365.4,4068557.32,53759607.82,25%,1.8,0.45,13439901.96
1403,shaeed rajaii,China,84171000,3925675,37416868,Industrial Machinery,10500,30,588851.25,15%,9%,5612530.2,3872645.84,47490895.29,25%,12.1,3.02,11872723.82
1403,shaeed rajaii,China,84143020,6617492,36612112,Compressors & Pumps,10500,30,992623.8,15%,9%,5491816.8,3789353.59,46885906.19,25%,7.09,1.77,11721476.55
1403,shaeed rajaii,China,54024700,23991025,36204150,General Goods,10500,30,3598653.75,20%,9%,7240830,3910048.2,50953681.95,25%,2.12,0.53,12738420.49
1403,shaeed rajaii,China,85249900,1758807,35865124,Electrical Equipment,10500,30,263821.05,15%,9%,5379768.6,3712040.33,45220753.98,25%,25.71,6.43,11305188.5
1403,shaeed rajaii,China,40112030,13107235,35839231,Rubber & Tires,10500,30,1966085.25,20%,9%,7167846.2,3870636.95,48843799.4,25%,3.73,0.93,12210949.85
1403,shaeed rajaii,China,85395100,1567961,35457142,Electrical Equipment,10500,30,235194.15,15%,9%,5318571.3,3669814.2,44680721.65,25%,28.5,7.12,11170180.41
1403,shaeed rajaii,China,29419090,1524012,35267303,Organic Chemicals,10500,30,228601.8,15%,9%,5290095.45,3650165.86,44436166.11,25%,29.16,7.29,11109041.53
1403,shaeed rajaii,China,84772000,2673356,32933697,Industrial Machinery,10500,30,401003.4,15%,9%,4940054.55,3408637.64,41683392.59,25%,15.59,3.9,10420848.15
1403,shaeed rajaii,China,40112020,10281754,32734735,Rubber & Tires,10500,30,1542263.1,20%,9%,6546947,3535351.38,44359296.48,25%,4.31,1.08,11089824.12
1403,shaeed rajaii,China,48025700,30609690,32669779,Paper & Paperboard,10500,30,4591453.5,15%,9%,4900466.85,3381322.13,45543021.48,25%,1.49,0.37,11385755.37
1403,shaeed rajaii,China,39021020,25704489,32210120,Plastics & Polymers,10500,30,3855673.35,20%,9%,6442024,3478692.96,45986510.31,25%,1.79,0.45,11496627.58
1403,shaeed rajaii,China,98870436,5270967,31641258,Vehicle/Chassis/Tractor Parts,10500,30,790645.05,40%,9%,12656503.2,3986798.51,49075204.76,25%,9.31,2.33,12268801.19
1403,shaeed rajaii,China,72101200,24599641,31563937,Iron & Steel Products,10500,30,3689946.15,10%,9%,3156393.7,3124829.76,41535106.61,25%,1.69,0.42,10383776.65
1403,shaeed rajaii,China,85011010,1752353,31106897,Electrical Equipment,10500,30,262852.95,15%,9%,4666034.55,3219563.84,39255348.34,25%,22.4,5.6,9813837.09
1403,shaeed rajaii,China,84778000,4314287,30745933,Industrial Machinery,10500,30,647143.05,15%,9%,4611889.95,3182204.07,39187170.07,25%,9.08,2.27,9796792.52
1403,shaeed rajaii,China,98870435,4743537,30286945,Vehicle/Chassis/Tractor Parts,10500,30,711530.55,40%,9%,12114778,3816155.07,46929408.62,25%,9.89,2.47,11732352.16
1403,shaeed rajaii,China,84821000,3814546,29808972,Industrial Machinery,10500,30,572181.9,15%,9%,4471345.8,3085228.6,37937728.3,25%,9.95,2.49,9484432.07
1403,shaeed rajaii,China,72193300,14898940,28916001,Iron & Steel Products,10500,30,2234841,10%,9%,2891600.1,2862684.1,36905126.2,25%,2.48,0.62,9226281.55
1403,shaeed rajaii,China,38089113,1583798,28889034,Chemical Products,10500,30,237569.7,15%,9%,4333355.1,2990015.02,36449973.82,25%,23.01,5.75,9112493.46
1403,shaeed rajaii,China,48142000,8653082,28750234,Paper & Paperboard,10500,30,1297962.3,15%,9%,4312535.1,2975649.22,37336380.62,25%,4.31,1.08,9334095.15
1403,shaeed rajaii,China,54023300,18051662,28315216,General Goods,10500,30,2707749.3,20%,9%,5663043.2,3058043.33,39744051.83,25%,2.2,0.55,9936012.96
1403,shaeed rajaii,China,73043900,30001090,28194295,Articles of Iron & Steel,10500,30,4500163.5,10%,9%,2819429.5,2791235.2,38305123.2,25%,1.28,0.32,9576280.8
1403,shaeed rajaii,China,48101900,30106106,27823134,Paper & Paperboard,10500,30,4515915.9,15%,9%,4173470.1,2879694.37,39392214.37,25%,1.31,0.33,9848053.59
1403,shaeed rajaii,China,84752900,1932959,27537760,Industrial Machinery,10500,30,289943.85,15%,9%,4130664,2850158.16,34808526.01,25%,18.01,4.5,8702131.5
1403,shaeed rajaii,China,85340000,1266538,26998847,Electrical Equipment,10500,30,189980.7,15%,9%,4049827.05,2794380.66,34033035.41,25%,26.87,6.72,8508258.85
1403,shaeed rajaii,China,55041000,13976171,26700488,General Goods,10500,30,2096425.65,20%,9%,5340097.6,2883652.7,37020663.95,25%,2.65,0.66,9255165.99
1403,shaeed rajaii,China,39100090,9246094,26316669,Plastics & Polymers,10500,30,1386914.1,20%,9%,5263333.8,2842200.25,35809117.15,25%,3.87,0.97,8952279.29
1403,shaeed rajaii,China,83099030,3330108,26221488,General Goods,10500,30,499516.2,20%,9%,5244297.6,2831920.7,34797222.5,25%,10.45,2.61,8699305.62
1403,shaeed rajaii,China,90318040,364061,26011777,General Goods,10500,30,54609.15,20%,9%,5202355.4,2809271.92,34078013.47,25%,93.61,23.4,8519503.37
1403,shaeed rajaii,China,84069000,5583194,25753989,Industrial Machinery,10500,30,837479.1,15%,9%,3863098.35,2665537.86,33120104.31,25%,5.93,1.48,8280026.08
1403,shaeed rajaii,China,73045900,15541086,25638223,Articles of Iron & Steel,10500,30,2331162.9,10%,9%,2563822.3,2538184.08,33071392.28,25%,2.13,0.53,8267848.07
1403,shaeed rajaii,China,98842920,5424730,25556590,Vehicle/Chassis/Tractor Parts,10500,30,813709.5,40%,9%,10222636,3220130.34,39813065.84,25%,7.34,1.84,9953266.46
1403,shaeed rajaii,China,70191200,33291167,25316070,General Goods,10500,30,4993675.05,20%,9%,5063214,2734135.56,38107094.61,25%,1.14,0.28,9526773.65
1403,shaeed rajaii,China,84137090,4926104,25231798,Industrial Machinery,10500,30,738915.6,15%,9%,3784769.7,2611491.09,32366974.39,25%,6.57,1.64,8091743.6
1403,shaeed rajaii,China,39069070,11295553,24893179,Plastics & Polymers,10500,30,1694332.95,20%,9%,4978635.8,2688463.33,34254611.08,25%,3.03,0.76,8563652.77
1403,shaeed rajaii,China,84743900,3609784,24777707,Industrial Machinery,10500,30,541467.6,15%,9%,3716656.05,2564492.67,31600323.32,25%,8.75,2.19,7900080.83
1403,shaeed rajaii,China,27131200,30263596,23486490,Mineral Fuels & Oils,10500,30,4539539.4,5%,9%,1174324.5,2219473.3,31419827.2,25%,1.04,0.26,7854956.8
1403,shaeed rajaii,China,72104900,26975558,23337277,Iron & Steel Products,10500,30,4046333.7,10%,9%,2333727.7,2310390.42,32027728.82,25%,1.19,0.3,8006932.2
1403,shaeed rajaii,China,84819030,4661466,22646403,Industrial Machinery,10500,30,699219.9,15%,9%,3396960.45,2343902.71,29086486.06,25%,6.24,1.56,7271621.52
1403,shaeed rajaii,China,48115900,10152473,22640783,Paper & Paperboard,10500,30,1522870.95,15%,9%,3396117.45,2343321.04,29903092.44,25%,2.95,0.74,7475773.11
1403,shaeed rajaii,China,40118090,4805885,22359243,Rubber & Tires,10500,30,720882.75,20%,9%,4471848.6,2414798.24,29966772.59,25%,6.24,1.56,7491693.15
1403,shaeed rajaii,China,29224100,13580450,22116536,Organic Chemicals,10500,30,2037067.5,15%,9%,3317480.4,2289061.48,29760145.38,25%,2.19,0.55,7440036.34
1403,shaeed rajaii,China,29411030,538950,22041669,Organic Chemicals,10500,30,80842.5,15%,9%,3306250.35,2281312.74,27710074.59,25%,51.41,12.85,6927518.65
1403,shaeed rajaii,China,84818090,2341739,21835999,Industrial Machinery,10500,30,351260.85,15%,9%,3275399.85,2260025.9,27722685.6,25%,11.84,2.96,6930671.4
1403,shaeed rajaii,China,87021000,1542070,21425987,General Goods,10500,30,231310.5,20%,9%,4285197.4,2314006.6,28256501.5,25%,18.32,4.58,7064125.38
1403,shaeed rajaii,China,38089313,4504126,21392203,Chemical Products,10500,30,675618.9,15%,9%,3208830.45,2214093.01,27490745.36,25%,6.1,1.52,6872686.34
1403,shaeed rajaii,China,68042290,6127584,21374048,General Goods,10500,30,919137.6,20%,9%,4274809.6,2308397.18,28876392.38,25%,4.71,1.18,7219098.1
1403,shaeed rajaii,China,48059110,8794581,20977738,Paper & Paperboard,10500,30,1319187.15,15%,9%,3146660.7,2171195.88,27614781.73,25%,3.14,0.78,6903695.43
1403,shaeed rajaii,China,98870442,2564779,20760736,Vehicle/Chassis/Tractor Parts,10500,30,384716.85,40%,9%,8304294.4,2615852.74,32065599.99,25%,12.5,3.12,8016400
1403,shaeed rajaii,China,85399030,3403928,20735230,Electrical Equipment,10500,30,510589.2,15%,9%,3110284.5,2146096.3,26502200,25%,7.79,1.95,6625550
1403,shaeed rajaii,China,29171200,14677000,20726918,Organic Chemicals,10500,30,2201550,15%,9%,3109037.7,2145236.01,28182741.71,25%,1.92,0.48,7045685.43
1403,shaeed rajaii,China,39076120,17442400,20469496,Plastics & Polymers,10500,30,2616360,20%,9%,4093899.2,2210705.57,29390460.77,25%,1.69,0.42,7347615.19
1403,shaeed rajaii,China,81082000,527896,20126337,General Goods,10500,30,79184.4,20%,9%,4025267.4,2173644.4,26404433.2,25%,50.02,12.5,6601108.3
1403,shaeed rajaii,China,54024400,4436798,19946569,General Goods,10500,30,665519.7,20%,9%,3989313.8,2154229.45,26755631.95,25%,6.03,1.51,6688907.99
1403,shaeed rajaii,China,84139100,1910581,19823044,Industrial Machinery,10500,30,286587.15,15%,9%,2973456.6,2051685.05,25134772.8,25%,13.16,3.29,6283693.2
1403,shaeed rajaii,China,29415090,197879,19791582,Organic Chemicals,10500,30,29681.85,15%,9%,2968737.3,2048428.74,24838429.89,25%,125.52,31.38,6209607.47
1403,shaeed rajaii,China,84151010,4033716,19735915,Industrial Machinery,10500,30,605057.4,15%,9%,2960387.25,2042667.2,25344026.85,25%,6.28,1.57,6336006.71
1403,shaeed rajaii,China,40112090,6388268,19490633,Rubber & Tires,10500,30,958240.2,20%,9%,3898126.6,2104988.36,26451988.16,25%,4.14,1.03,6612997.04
1403,shaeed rajaii,China,29173600,24193600,19423825,Organic Chemicals,10500,30,3629040,15%,9%,2913573.75,2010365.89,27976804.64,25%,1.16,0.29,6994201.16
1403,shaeed rajaii,China,85249100,799577,19401907,Electrical Equipment,10500,30,119936.55,15%,9%,2910286.05,2008097.37,24440226.97,25%,30.57,7.64,6110056.74
1403,shaeed rajaii,China,38089124,2063930,19058457,Chemical Products,10500,30,309589.5,15%,9%,2858768.55,1972550.3,24199365.35,25%,11.72,2.93,6049841.34
1403,shaeed rajaii,China,39013000,9805125,18948724,Plastics & Polymers,10500,30,1470768.75,20%,9%,3789744.8,2046462.19,26255699.74,25%,2.68,0.67,6563924.94
1403,shaeed rajaii,China,72251900,20086817,18716151,Iron & Steel Products,10500,30,3013022.55,10%,9%,1871615.1,1852898.95,25453687.6,25%,1.27,0.32,6363421.9
1403,shaeed rajaii,China,48025500,19020624,18587575,Paper & Paperboard,10500,30,2853093.6,15%,9%,2788136.25,1923814.01,26152618.86,25%,1.37,0.34,6538154.72
1403,shaeed rajaii,China,98870122,2785197,18232875,Vehicle/Chassis/Tractor Parts,10500,30,417779.55,40%,9%,7293150,2297342.25,28241146.8,25%,10.14,2.54,7060286.7
1403,shaeed rajaii,China,76061290,3946750,17691423,General Goods,10500,30,592012.5,20%,9%,3538284.6,1910673.68,23732393.78,25%,6.01,1.5,5933098.44
1403,shaeed rajaii,China,85169000,1817806,17339342,Electrical Equipment,10500,30,272670.9,15%,9%,2600901.3,1794621.9,22007536.1,25%,12.11,3.03,5501884.02
1403,shaeed rajaii,China,85429000,645352,17257187,Semiconductors & Solar Cells,10500,30,96802.8,15%,9%,2588578.05,1786118.85,21728686.7,25%,33.67,8.42,5432171.68
1403,shaeed rajaii,China,29291090,5030138,17088798,Organic Chemicals,10500,30,754520.7,15%,9%,2563319.7,1768690.59,22175328.99,25%,4.41,1.1,5543832.25
1403,shaeed rajaii,China,72091810,17135381,17042102,Iron & Steel Products,10500,30,2570307.15,10%,9%,1704210.2,1687168.1,23003787.45,25%,1.34,0.34,5750946.86
1403,shaeed rajaii,China,48101300,18314223,16971553,Paper & Paperboard,10500,30,2747133.45,15%,9%,2545732.95,1756555.74,24020975.14,25%,1.31,0.33,6005243.78
1403,shaeed rajaii,China,72169910,17816598,16884941,Iron & Steel Products,10500,30,2672489.7,10%,9%,1688494.1,1671609.16,22917533.96,25%,1.29,0.32,5729383.49
1403,shaeed rajaii,China,73042900,8875935,16744925,Articles of Iron & Steel,10500,30,1331390.25,10%,9%,1674492.5,1657747.58,21408555.33,25%,2.41,0.6,5352138.83
1403,shaeed rajaii,China,39076910,15534464,16253317,Plastics & Polymers,10500,30,2330169.6,20%,9%,3250663.4,1755358.24,23589508.24,25%,1.52,0.38,5897377.06
1403,shaeed rajaii,China,85299090,1380719,16215588,Electrical Equipment,10500,30,207107.85,15%,9%,2432338.2,1678313.36,20533347.41,25%,14.87,3.72,5133336.85
1403,shaeed rajaii,China,72105000,12545359,16182110,Iron & Steel Products,10500,30,1881803.85,10%,9%,1618211,1602028.89,21284153.74,25%,1.7,0.42,5321038.43
1403,shaeed rajaii,China,72106900,17901571,16105189,Iron & Steel Products,10500,30,2685235.65,10%,9%,1610518.9,1594413.71,21995357.26,25%,1.23,0.31,5498839.32
1403,shaeed rajaii,China,98870312,1566263,15904743,Vehicle/Chassis/Tractor Parts,10500,30,234939.45,40%,9%,6361897.2,2003997.62,24505577.27,25%,15.65,3.91,6126394.32
1403,shaeed rajaii,China,72193500,8602471,15777796,Iron & Steel Products,10500,30,1290370.65,10%,9%,1577779.6,1562001.8,20207948.05,25%,2.35,0.59,5051987.01
1403,shaeed rajaii,China,85389010,1435690,15711634,Electrical Equipment,10500,30,215353.5,15%,9%,2356745.1,1626154.12,19909886.72,25%,13.87,3.47,4977471.68
1403,shaeed rajaii,China,90328940,142513,15690538,General Goods,10500,30,21376.95,20%,9%,3138107.6,1694578.1,20544600.65,25%,144.16,36.04,5136150.16
1403,shaeed rajaii,China,84178000,2289145,15572439,Industrial Machinery,10500,30,343371.75,15%,9%,2335865.85,1611747.44,19863424.04,25%,8.68,2.17,4965856.01
1403,shaeed rajaii,China,38089323,2608205,15556033,Chemical Products,10500,30,391230.75,15%,9%,2333404.95,1610049.42,19890718.12,25%,7.63,1.91,4972679.53
1403,shaeed rajaii,China,84509090,2454065,15537694,Industrial Machinery,10500,30,368109.75,15%,9%,2330654.1,1608151.33,19844609.18,25%,8.09,2.02,4961152.3
1403,shaeed rajaii,China,48119050,4751737,15096309,Paper & Paperboard,10500,30,712760.55,15%,9%,2264446.35,1562467.98,19635983.88,25%,4.13,1.03,4908995.97
1403,shaeed rajaii,China,84440000,2246651,15058618,Industrial Machinery,10500,30,336997.65,15%,9%,2258792.7,1558566.96,19212975.31,25%,8.55,2.14,4803243.83
1403,shaeed rajaii,China,40111010,4139359,14821943,Rubber & Tires,10500,30,620903.85,20%,9%,2964388.6,1600769.84,20008005.29,25%,4.83,1.21,5002001.32
1403,shaeed rajaii,China,87084015,928840,14756067,Vehicle Parts & Accessories,10500,30,139326,25%,9%,3689016.75,1660057.54,20244467.29,25%,21.8,5.45,5061116.82
1403,shaeed rajaii,China,84391000,2196890,14748281,Industrial Machinery,10500,30,329533.5,15%,9%,2212242.15,1526447.08,18816503.73,25%,8.57,2.14,4704125.93
1403,shaeed rajaii,China,85012000,2477573,14298652,Electrical Equipment,10500,30,371635.95,15%,9%,2144797.8,1479910.48,18294996.23,25%,7.38,1.84,4573749.06
1403,shaeed rajaii,China,98842940,2983389,14090068,Vehicle/Chassis/Tractor Parts,10500,30,447508.35,40%,9%,5636027.2,1775348.57,21948952.12,25%,7.36,1.84,5487238.03
1403,shaeed rajaii,China,25199090,24767100,14082277,General Goods,10500,30,3715065,20%,9%,2816455.4,1520885.92,22134683.32,25%,0.89,0.22,5533670.83
1403,shaeed rajaii,China,84779000,2166727,13991266,Industrial Machinery,10500,30,325009.05,15%,9%,2098689.9,1448096.03,17863060.98,25%,8.24,2.06,4465765.24
1403,shaeed rajaii,China,87084030,1200255,13985347,Vehicle Parts & Accessories,10500,30,180038.25,25%,9%,3496336.75,1573351.54,19235073.54,25%,16.03,4.01,4808768.38
1403,shaeed rajaii,China,84413000,1474212,13864544,Industrial Machinery,10500,30,221131.8,15%,9%,2079681.6,1434980.3,17600337.7,25%,11.94,2.98,4400084.42
1403,shaeed rajaii,China,85371040,337727,13769080,Electrical Equipment,10500,30,50659.05,15%,9%,2065362,1425099.78,17310200.83,25%,51.26,12.82,4327550.21
1403,shaeed rajaii,China,85272900,202477,13628528,Electrical Equipment,10500,30,30371.55,15%,9%,2044279.2,1410552.65,17113731.4,25%,84.52,21.13,4278432.85
1403,shaeed rajaii,China,38011090,16488839,13621703,Chemical Products,10500,30,2473325.85,15%,9%,2043255.45,1409846.26,19548130.56,25%,1.19,0.3,4887032.64
1403,shaeed rajaii,China,38123910,4455925,13605303,Chemical Products,10500,30,668388.75,15%,9%,2040795.45,1408148.86,17722636.06,25%,3.98,1,4430659.01
1403,shaeed rajaii,China,98870221,1567770,13533351,Vehicle/Chassis/Tractor Parts,10500,30,235165.5,40%,9%,5413340.4,1705202.23,20887059.13,25%,13.32,3.33,5221764.78
1403,shaeed rajaii,China,85122010,293966,13501738,Electrical Equipment,10500,30,44094.9,15%,9%,2025260.7,1397429.88,16968523.48,25%,57.72,14.43,4242130.87
1403,shaeed rajaii,China,85044050,428075,13497031,Electrical Equipment,10500,30,64211.25,15%,9%,2024554.65,1396942.71,16982739.61,25%,39.67,9.92,4245684.9
1403,shaeed rajaii,China,31056000,7566890,13432111,General Goods,10500,30,1135033.5,20%,9%,2686422.2,1450667.99,18704234.69,25%,2.47,0.62,4676058.67
1403,shaeed rajaii,China,12129910,5862200,13301337,General Goods,10500,30,879330,20%,9%,2660267.4,1436544.4,18277478.8,25%,3.12,0.78,4569369.7
1403,shaeed rajaii,China,87034010,847098,13260224,Passenger Vehicles,10500,30,127064.7,45%,9%,5967100.8,1730459.23,21084848.73,25%,24.89,6.22,5271212.18
1403,shaeed rajaii,China,85159000,1232845,13104716,Electrical Equipment,10500,30,184926.75,15%,9%,1965707.4,1356338.11,16611688.26,25%,13.47,3.37,4152922.06
1403,shaeed rajaii,China,87089421,1060251,13034759,Vehicle Parts & Accessories,10500,30,159037.65,25%,9%,3258689.75,1466410.39,17918896.79,25%,16.9,4.22,4479724.2
1403,shaeed rajaii,China,73089090,4831811,13011466,Articles of Iron & Steel,10500,30,724771.65,10%,9%,1301146.6,1288135.13,16325519.38,25%,3.38,0.84,4081379.84
1403,shaeed rajaii,China,70191100,15815405,12992978,General Goods,10500,30,2372310.75,20%,9%,2598595.6,1403241.62,19367125.97,25%,1.22,0.3,4841781.49
1403,shaeed rajaii,China,38112190,4232373,12975919,Chemical Products,10500,30,634855.95,15%,9%,1946387.85,1343007.62,16900170.42,25%,3.99,1,4225042.61
1403,shaeed rajaii,China,85044087,908327,12955491,Electrical Equipment,10500,30,136249.05,15%,9%,1943323.65,1340893.32,16375957.02,25%,18.03,4.51,4093989.26
1403,shaeed rajaii,China,73121010,9444134,12920702,Articles of Iron & Steel,10500,30,1416620.1,10%,9%,1292070.2,1279149.5,16908541.8,25%,1.79,0.45,4227135.45
1403,shaeed rajaii,China,32041790,1968544,12839328,General Goods,10500,30,295281.6,20%,9%,2567865.6,1386647.42,17089122.62,25%,8.68,2.17,4272280.66
1403,shaeed rajaii,China,84642000,1849586,12632418,Industrial Machinery,10500,30,277437.9,15%,9%,1894862.7,1307455.26,16112173.86,25%,8.71,2.18,4028043.46
1403,shaeed rajaii,China,29051610,6772355,12546450,Organic Chemicals,10500,30,1015853.25,15%,9%,1881967.5,1298557.58,16742828.33,25%,2.47,0.62,4185707.08
1403,shaeed rajaii,China,85118090,135059,12397332,Electrical Equipment,10500,30,20258.85,15%,9%,1859599.8,1283123.86,15560314.51,25%,115.21,28.8,3890078.63
1403,shaeed rajaii,China,87084020,1462581,12392772,Vehicle Parts & Accessories,10500,30,219387.15,25%,9%,3098193,1394186.85,17104539,25%,11.69,2.92,4276134.75
1403,shaeed rajaii,China,94054210,1476247,12240594,General Goods,10500,30,221437.05,20%,9%,2448118.8,1321984.15,16232134,25%,11,2.75,4058033.5
1403,shaeed rajaii,China,85049000,956501,12218017,Electrical Equipment,10500,30,143475.15,15%,9%,1832702.55,1264564.76,15458759.46,25%,16.16,4.04,3864689.86
1403,shaeed rajaii,China,48119030,5948780,12195757,Paper & Paperboard,10500,30,892317,15%,9%,1829363.55,1262260.85,16179698.4,25%,2.72,0.68,4044924.6
1403,shaeed rajaii,China,28352610,14377000,12099844,General Goods,10500,30,2156550,20%,9%,2419968.8,1306783.15,17983145.95,25%,1.25,0.31,4495786.49
1403,shaeed rajaii,China,40118010,3662439,12032046,Rubber & Tires,10500,30,549365.85,20%,9%,2406409.2,1299460.97,16287282.02,25%,4.45,1.11,4071820.5
1403,shaeed rajaii,China,84839000,1493618,11969965,Industrial Machinery,10500,30,224042.7,15%,9%,1795494.75,1238891.38,15228393.83,25%,10.2,2.55,3807098.46
1403,shaeed rajaii,China,39073090,4785899,11861158,Plastics & Polymers,10500,30,717884.85,20%,9%,2372231.6,1281005.06,16232279.51,25%,3.39,0.85,4058069.88
1403,shaeed rajaii,China,39204310,4776847,11805644,Plastics & Polymers,10500,30,716527.05,20%,9%,2361128.8,1275009.55,16158309.4,25%,3.38,0.84,4039577.35
1403,shaeed rajaii,China,90183990,491304,11779472,General Goods,10500,30,73695.6,20%,9%,2355894.4,1272182.98,15481244.98,25%,31.51,7.88,3870311.24
1403,shaeed rajaii,China,87089510,569510,11757884,Vehicle Parts & Accessories,10500,30,85426.5,25%,9%,2939471,1322761.95,16105543.45,25%,28.28,7.07,4026385.86
1403,shaeed rajaii,China,39209100,2814115,11740909,Plastics & Polymers,10500,30,422117.25,20%,9%,2348181.8,1268018.17,15779226.22,25%,5.61,1.4,3944806.56
1403,shaeed rajaii,China,84749090,1898356,11727362,Industrial Machinery,10500,30,284753.4,15%,9%,1759104.3,1213781.97,14985001.67,25%,7.89,1.97,3746250.42
1403,shaeed rajaii,China,84149090,747388,11653647,Compressors & Pumps,10500,30,112108.2,15%,9%,1748047.05,1206152.46,14719954.71,25%,19.7,4.92,3679988.68
1403,shaeed rajaii,China,84148070,396490,11506603,Compressors & Pumps,10500,30,59473.5,15%,9%,1725990.45,1190933.41,14483000.36,25%,36.53,9.13,3620750.09
1403,shaeed rajaii,China,84159090,1213699,11498517,Industrial Machinery,10500,30,182054.85,15%,9%,1724777.55,1190096.51,14595445.91,25%,12.03,3.01,3648861.48
1403,shaeed rajaii,China,87089419,1313939,11488113,Vehicle Parts & Accessories,10500,30,197090.85,25%,9%,2872028.25,1292412.71,15849644.81,25%,12.06,3.02,3962411.2
1403,shaeed rajaii,China,73043100,9890510,11416800,Articles of Iron & Steel,10500,30,1483576.5,10%,9%,1141680,1130263.2,15172319.7,25%,1.53,0.38,3793079.92
1403,shaeed rajaii,China,84804900,2278413,11396926,Industrial Machinery,10500,30,341761.95,15%,9%,1709538.9,1179581.84,14627808.69,25%,6.42,1.6,3656952.17
1403,shaeed rajaii,China,90183914,2410682,11365708,General Goods,10500,30,361602.3,20%,9%,2273141.6,1227496.46,15227948.36,25%,6.32,1.58,3806987.09
1403,shaeed rajaii,China,72251100,6573597,11341281,Iron & Steel Products,10500,30,986039.55,10%,9%,1134128.1,1122786.82,14584235.47,25%,2.22,0.56,3646058.87
1403,shaeed rajaii,China,84392000,2030060,11271907,Industrial Machinery,10500,30,304509,15%,9%,1690786.05,1166642.37,14433844.42,25%,7.11,1.78,3608461.1
1403,shaeed rajaii,China,84199010,785616,11178900,Industrial Machinery,10500,30,117842.4,15%,9%,1676835,1157016.15,14130593.55,25%,17.99,4.5,3532648.39
1403,shaeed rajaii,China,85030090,2877261,10771013,Electrical Equipment,10500,30,431589.15,15%,9%,1615651.95,1114799.85,13933053.95,25%,4.84,1.21,3483263.49
1403,shaeed rajaii,China,40111020,2972094,10654935,Rubber & Tires,10500,30,445814.1,20%,9%,2130987,1150732.98,14382469.08,25%,4.84,1.21,3595617.27
1403,shaeed rajaii,China,84551090,1706360,10555223,Industrial Machinery,10500,30,255954,15%,9%,1583283.45,1092465.58,13486926.03,25%,7.9,1.98,3371731.51
1403,shaeed rajaii,China,85030030,2620473,10536030,Electrical Equipment,10500,30,393070.95,15%,9%,1580404.5,1090479.1,13599984.55,25%,5.19,1.3,3399996.14
1403,shaeed rajaii,China,40111030,2921200,10391896,Rubber & Tires,10500,30,438180,20%,9%,2078379.2,1122324.77,14030779.97,25%,4.8,1.2,3507694.99
1403,shaeed rajaii,China,28112200,4343180,10236249,General Goods,10500,30,651477,20%,9%,2047249.8,1105514.89,14040490.69,25%,3.23,0.81,3510122.67
1403,shaeed rajaii,China,85013190,1486667,10217416,Electrical Equipment,10500,30,223000.05,15%,9%,1532612.4,1057502.56,13030531.01,25%,8.76,2.19,3257632.75
1403,shaeed rajaii,China,85044080,659500,10216598,Electrical Equipment,10500,30,98925,15%,9%,1532489.7,1057417.89,12905430.59,25%,19.57,4.89,3226357.65
1403,shaeed rajaii,China,98870311,1270607,10178526,Vehicle/Chassis/Tractor Parts,10500,30,190591.05,40%,9%,4071410.4,1282494.28,15723021.73,25%,12.37,3.09,3930755.43
1403,shaeed rajaii,China,55013000,2967981,10068844,General Goods,10500,30,445197.15,20%,9%,2013768.8,1087435.15,13615245.1,25%,4.59,1.15,3403811.28
1403,shaeed rajaii,China,84198990,1895733,10003668,Industrial Machinery,10500,30,284359.95,15%,9%,1500550.2,1035379.64,12823957.79,25%,6.76,1.69,3205989.45
1403,shaeed rajaii,China,28092020,6431340,9981470,General Goods,10500,30,964701,20%,9%,1996294,1077998.76,14020463.76,25%,2.18,0.55,3505115.94
1403,shaeed rajaii,China,38089111,660780,9925750,Chemical Products,10500,30,99117,15%,9%,1488862.5,1027315.12,12541044.62,25%,18.98,4.74,3135261.16
1403,shaeed rajaii,China,69091920,42958,9887116,General Goods,10500,30,6443.7,20%,9%,1977423.2,1067808.53,12938791.43,25%,301.2,75.3,3234697.86
1403,shaeed rajaii,China,69022090,9903545,9758905,General Goods,10500,30,1485531.75,20%,9%,1951781,1053961.74,14250179.49,25%,1.44,0.36,3562544.87
1403,shaeed rajaii,China,84834090,985392,9712495,Industrial Machinery,10500,30,147808.8,15%,9%,1456874.25,1005243.23,12322421.28,25%,12.51,3.13,3080605.32
1403,shaeed rajaii,China,85014010,2716317,9706165,Electrical Equipment,10500,30,407447.55,15%,9%,1455924.75,1004588.08,12574125.38,25%,4.63,1.16,3143531.34
1403,shaeed rajaii,China,72202000,3857799,9666214,Iron & Steel Products,10500,30,578669.85,10%,9%,966621.4,956955.19,12168460.44,25%,3.15,0.79,3042115.11
1403,shaeed rajaii,China,90328990,134768,9658693,General Goods,10500,30,20215.2,20%,9%,1931738.6,1043138.84,12653785.64,25%,93.89,23.47,3163446.41
1403,shaeed rajaii,China,55092100,5025794,9599353,General Goods,10500,30,753869.1,20%,9%,1919870.6,1036730.12,13309822.82,25%,2.65,0.66,3327455.7
1403,shaeed rajaii,China,85369010,413601,9586240,Electrical Equipment,10500,30,62040.15,15%,9%,1437936,992175.84,12078391.99,25%,29.2,7.3,3019598
1403,shaeed rajaii,China,39205100,3644298,9561485,Plastics & Polymers,10500,30,546644.7,20%,9%,1912297,1032640.38,13053067.08,25%,3.58,0.9,3263266.77
1403,shaeed rajaii,China,84141090,1664068,9536989,Compressors & Pumps,10500,30,249610.2,15%,9%,1430548.35,987078.36,12204225.91,25%,7.33,1.83,3051056.48
1403,shaeed rajaii,China,85423100,28453,9488558,Semiconductors & Solar Cells,10500,30,4267.95,15%,9%,1423283.7,982065.75,11898175.4,25%,418.17,104.54,2974543.85
1403,shaeed rajaii,China,39011069,4607760,9466574,Plastics & Polymers,10500,30,691164,20%,9%,1893314.8,1022389.99,13073442.79,25%,2.84,0.71,3268360.7
1403,shaeed rajaii,China,28182000,9158015,9362302,General Goods,10500,30,1373702.25,20%,9%,1872460.4,1011128.62,13619593.27,25%,1.49,0.37,3404898.32
1403,shaeed rajaii,China,38121000,3082951,9348201,Chemical Products,10500,30,462442.65,15%,9%,1402230.15,967538.8,12180412.6,25%,3.95,0.99,3045103.15
1403,shaeed rajaii,China,84089090,1096012,9336697,Industrial Machinery,10500,30,164401.8,15%,9%,1400504.55,966348.14,11867951.49,25%,10.83,2.71,2966987.87
1403,shaeed rajaii,China,84213990,837489,9328518,Industrial Machinery,10500,30,125623.35,15%,9%,1399277.7,965501.61,11818920.66,25%,14.11,3.53,2954730.16
1403,shaeed rajaii,China,84622900,1929968,9327407,Industrial Machinery,10500,30,289495.2,15%,9%,1399111.05,965386.62,11981399.87,25%,6.21,1.55,2995349.97
1403,shaeed rajaii,China,29225090,3320540,9278513,Organic Chemicals,10500,30,498081,15%,9%,1391776.95,960326.1,12128697.05,25%,3.65,0.91,3032174.26
1403,shaeed rajaii,China,87082910,913402,9218361,Vehicle Parts & Accessories,10500,30,137010.3,25%,9%,2304590.25,1037065.61,12697027.16,25%,13.9,3.48,3174256.79
1403,shaeed rajaii,China,84193900,1718638,9198795,Industrial Machinery,10500,30,257795.7,15%,9%,1379819.25,952075.28,11788485.23,25%,6.86,1.72,2947121.31
1403,shaeed rajaii,China,40023900,3885300,9171300,Rubber & Tires,10500,30,582795,20%,9%,1834260,990500.4,12578855.4,25%,3.24,0.81,3144713.85
1403,shaeed rajaii,China,90328920,56513,9118639,General Goods,10500,30,8476.95,20%,9%,1823727.8,984813.01,11935656.76,25%,211.2,52.8,2983914.19
1403,shaeed rajaii,China,27040010,33341860,9086058,Mineral Fuels & Oils,10500,30,5001279,5%,9%,454302.9,858632.48,15400272.38,25%,0.46,0.12,3850068.1
1403,shaeed rajaii,China,39199090,2810649,9037829,Plastics & Polymers,10500,30,421597.35,20%,9%,1807565.8,976085.53,12243077.68,25%,4.36,1.09,3060769.42
1403,shaeed rajaii,China,76071110,2007865,9019241,General Goods,10500,30,301179.75,20%,9%,1803848.2,974078.03,12098346.98,25%,6.03,1.51,3024586.74
1403,shaeed rajaii,China,29181400,8686000,9018218,Organic Chemicals,10500,30,1302900,15%,9%,1352732.7,933385.56,12607236.26,25%,1.45,0.36,3151809.06
1403,shaeed rajaii,China,29304000,2880300,8971029,Organic Chemicals,10500,30,432045,15%,9%,1345654.35,928501.5,11677229.85,25%,4.05,1.01,2919307.46
1403,shaeed rajaii,China,39269099,1422402,8880773,Plastics & Polymers,10500,30,213360.3,20%,9%,1776154.6,959123.48,11829411.38,25%,8.32,2.08,2957352.84
1403,shaeed rajaii,China,84143030,685463,8809461,Compressors & Pumps,10500,30,102819.45,15%,9%,1321419.15,911779.21,11145478.81,25%,16.26,4.07,2786369.7
1403,shaeed rajaii,China,84842010,386262,8648338,Industrial Machinery,10500,30,57939.3,15%,9%,1297250.7,895102.98,10898630.98,25%,28.22,7.06,2724657.74
1403,shaeed rajaii,China,85099000,2032700,8607713,Electrical Equipment,10500,30,304905,15%,9%,1291156.95,890898.3,11094673.25,25%,5.46,1.36,2773668.31
1403,shaeed rajaii,China,84393000,1254835,8547129,Industrial Machinery,10500,30,188225.25,15%,9%,1282069.35,884627.85,10902051.45,25%,8.69,2.17,2725512.86
1403,shaeed rajaii,China,84159010,741115,8538734,Industrial Machinery,10500,30,111167.25,15%,9%,1280810.1,883758.97,10814470.32,25%,14.59,3.65,2703617.58
1403,shaeed rajaii,China,84253120,2142142,8495244,Industrial Machinery,10500,30,321321.3,15%,9%,1274286.6,879257.75,10970109.65,25%,5.12,1.28,2742527.41
1403,shaeed rajaii,China,84248910,1502773,8453263,Industrial Machinery,10500,30,225415.95,15%,9%,1267989.45,874912.72,10821581.12,25%,7.2,1.8,2705395.28
1403,shaeed rajaii,China,90318050,133081,8414457,General Goods,10500,30,19962.15,20%,9%,1682891.4,908761.36,11026071.91,25%,82.85,20.71,2756517.98
1403,shaeed rajaii,China,26060000,15780000,8393918,General Goods,10500,30,2367000,20%,9%,1678783.6,906543.14,13346244.74,25%,0.85,0.21,3336561.18
1403,shaeed rajaii,China,84773000,1215765,8371929,Industrial Machinery,10500,30,182364.75,15%,9%,1255789.35,866494.65,10676577.75,25%,8.78,2.19,2669144.44
1403,shaeed rajaii,China,98870123,1306276,8284928,Vehicle/Chassis/Tractor Parts,10500,30,195941.4,40%,9%,3313971.2,1043900.93,12838741.53,25%,9.83,2.46,3209685.38
1403,shaeed rajaii,China,29411020,234975,8257217,Organic Chemicals,10500,30,35246.25,15%,9%,1238582.55,854621.96,10385667.76,25%,44.2,11.05,2596416.94
1403,shaeed rajaii,China,84552200,781968,8237962,Industrial Machinery,10500,30,117295.2,15%,9%,1235694.3,852629.07,10443580.57,25%,13.36,3.34,2610895.14
1403,shaeed rajaii,China,73071900,4039509,8215075,Articles of Iron & Steel,10500,30,605926.35,10%,9%,821507.5,813292.42,10455801.27,25%,2.59,0.65,2613950.32
1403,shaeed rajaii,China,32041190,2218775,8210077,General Goods,10500,30,332816.25,20%,9%,1642015.4,886688.32,11071596.97,25%,4.99,1.25,2767899.24
1403,shaeed rajaii,China,28371100,2845400,8201710,General Goods,10500,30,426810,20%,9%,1640342,885784.68,11154646.68,25%,3.92,0.98,2788661.67
1403,shaeed rajaii,China,38089223,1068429,8192438,Chemical Products,10500,30,160264.35,15%,9%,1228865.7,847917.33,10429485.38,25%,9.76,2.44,2607371.35
1403,shaeed rajaii,China,73064010,4424622,8033563,Articles of Iron & Steel,10500,30,663693.3,10%,9%,803356.3,795322.74,10295935.34,25%,2.33,0.58,2573983.84
1403,shaeed rajaii,China,39201060,1848094,7913405,Plastics & Polymers,10500,30,277214.1,20%,9%,1582681,854647.74,10627947.84,25%,5.75,1.44,2656986.96
1403,shaeed rajaii,China,39072990,4698364,7871161,Plastics & Polymers,10500,30,704754.6,20%,9%,1574232.2,850085.39,11000233.19,25%,2.34,0.58,2750058.3
1403,shaeed rajaii,China,85022090,1096807,7826326,Electrical Equipment,10500,30,164521.05,15%,9%,1173948.9,810024.74,9974820.69,25%,9.09,2.27,2493705.17
1403,shaeed rajaii,China,84571000,977786,7788752,Industrial Machinery,10500,30,146667.9,15%,9%,1168312.8,806135.83,9909868.53,25%,10.14,2.54,2477467.13
1403,shaeed rajaii,China,98870434,1067954,7718994,Vehicle/Chassis/Tractor Parts,10500,30,160193.1,40%,9%,3087597.6,972593.24,11939377.94,25%,11.18,2.8,2984844.48
1403,shaeed rajaii,China,90275030,107725,7700056,General Goods,10500,30,16158.75,20%,9%,1540011.2,831606.05,10087832,25%,93.64,23.41,2521958
1403,shaeed rajaii,China,94059930,1605897,7601874,General Goods,10500,30,240884.55,20%,9%,1520374.8,821002.39,10184135.74,25%,6.34,1.58,2546033.94
1403,shaeed rajaii,China,73044100,1346911,7581307,Articles of Iron & Steel,10500,30,202036.65,10%,9%,758130.7,750549.39,9292023.74,25%,6.9,1.72,2323005.94
1403,shaeed rajaii,China,68042100,500645,7554229,General Goods,10500,30,75096.75,20%,9%,1510845.8,815856.73,9956028.28,25%,19.89,4.97,2489007.07
1403,shaeed rajaii,China,85369040,36963,7550318,Electrical Equipment,10500,30,5544.45,15%,9%,1132547.7,781457.91,9469868.06,25%,256.2,64.05,2367467.02
1403,shaeed rajaii,China,84314990,2585282,7505763,Industrial Machinery,10500,30,387792.3,15%,9%,1125864.45,776846.47,9796266.22,25%,3.79,0.95,2449066.56
1403,shaeed rajaii,China,39111000,4647277,7504962,Plastics & Polymers,10500,30,697091.55,20%,9%,1500992.4,810535.9,10513581.85,25%,2.26,0.56,2628395.46
1403,shaeed rajaii,China,85258910,128026,7500103,Electrical Equipment,10500,30,19203.9,15%,9%,1125015.45,776260.66,9420583.01,25%,73.58,18.4,2355145.75
1403,shaeed rajaii,China,72112990,4826755,7478203,Iron & Steel Products,10500,30,724013.25,10%,9%,747820.3,740342.1,9690378.65,25%,2.01,0.5,2422594.66
1403,shaeed rajaii,China,39093100,2938880,7465577,Plastics & Polymers,10500,30,440832,20%,9%,1493115.4,806282.32,10205806.72,25%,3.47,0.87,2551451.68
1403,shaeed rajaii,China,38089213,440775,7462582,Chemical Products,10500,30,66116.25,15%,9%,1119387.3,772377.24,9420462.79,25%,21.37,5.34,2355115.7
1403,shaeed rajaii,China,84158100,1095422,7445758,Industrial Machinery,10500,30,164313.3,15%,9%,1116863.7,770635.95,9497570.95,25%,8.67,2.17,2374392.74
1403,shaeed rajaii,China,39019000,3444655,7444824,Plastics & Polymers,10500,30,516698.25,20%,9%,1488964.8,804040.99,10254528.04,25%,2.98,0.74,2563632.01
1403,shaeed rajaii,China,38249990,2398091,7386939,Chemical Products,10500,30,359713.65,15%,9%,1108040.85,764548.19,9619241.69,25%,4.01,1,2404810.42
1403,shaeed rajaii,China,31055900,4930025,7250174,General Goods,10500,30,739503.75,20%,9%,1450034.8,783018.79,10222731.34,25%,2.07,0.52,2555682.84
1403,shaeed rajaii,China,38249960,1264031,7235374,Chemical Products,10500,30,189604.65,15%,9%,1085306.1,748861.21,9259145.96,25%,7.33,1.83,2314786.49
1403,shaeed rajaii,China,95069190,2782241,7167272,General Goods,10500,30,417336.15,20%,9%,1433454.4,774065.38,9792127.93,25%,3.52,0.88,2448031.98
1403,shaeed rajaii,China,39021091,2076895,7161228,Plastics & Polymers,10500,30,311534.25,20%,9%,1432245.6,773412.62,9678420.47,25%,4.66,1.16,2419605.12
1403,shaeed rajaii,China,28183090,4481250,7140214,General Goods,10500,30,672187.5,20%,9%,1428042.8,771143.11,10011587.41,25%,2.23,0.56,2502896.85
1403,shaeed rajaii,China,31054000,5444900,7136392,General Goods,10500,30,816735,20%,9%,1427278.4,770730.34,10151135.74,25%,1.86,0.46,2537783.94
1403,shaeed rajaii,China,72106100,9475363,7099529,Iron & Steel Products,10500,30,1421304.45,10%,9%,709952.9,702853.37,9933639.72,25%,1.05,0.26,2483409.93
1403,shaeed rajaii,China,9061190,3193000,7067660,General Goods,10500,30,478950,20%,9%,1413532,763307.28,9723449.28,25%,3.05,0.76,2430862.32
1403,shaeed rajaii,China,73044900,1520695,7044534,Articles of Iron & Steel,10500,30,228104.25,10%,9%,704453.4,697408.87,8674500.52,25%,5.7,1.42,2168625.13
1403,shaeed rajaii,China,84552100,1511261,7002162,Industrial Machinery,10500,30,226689.15,15%,9%,1050324.3,724723.77,9003899.22,25%,5.96,1.49,2250974.81
1403,shaeed rajaii,China,84742000,1954171,6984399,Industrial Machinery,10500,30,293125.65,15%,9%,1047659.85,722885.3,9048069.8,25%,4.63,1.16,2262017.45
1403,shaeed rajaii,China,84559000,775503,6977556,Industrial Machinery,10500,30,116325.45,15%,9%,1046633.4,722177.05,8862691.9,25%,11.43,2.86,2215672.98
1403,shaeed rajaii,China,84561190,1222948,6895892,Industrial Machinery,10500,30,183442.2,15%,9%,1034383.8,713724.82,8827442.82,25%,7.22,1.8,2206860.7
1403,shaeed rajaii,China,39139000,1562845,6889169,Plastics & Polymers,10500,30,234426.75,20%,9%,1377833.8,744030.25,9245459.8,25%,5.92,1.48,2311364.95
1403,shaeed rajaii,China,38089212,767375,6851882,Chemical Products,10500,30,115106.25,15%,9%,1027782.3,709169.79,8703940.34,25%,11.34,2.84,2175985.08
1403,shaeed rajaii,China,94059200,1352819,6849652,General Goods,10500,30,202922.85,20%,9%,1369930.4,739762.42,9162267.67,25%,6.77,1.69,2290566.92
1403,shaeed rajaii,China,39123900,2252597,6773997,Plastics & Polymers,10500,30,337889.55,20%,9%,1354799.4,731591.68,9198277.63,25%,4.08,1.02,2299569.41
1403,shaeed rajaii,China,29270090,2152357,6757048,Organic Chemicals,10500,30,322853.55,15%,9%,1013557.2,699354.47,8792813.22,25%,4.09,1.02,2198203.31
1403,shaeed rajaii,China,38013000,8354007,6756054,Chemical Products,10500,30,1253101.05,15%,9%,1013408.1,699251.59,9721814.74,25%,1.16,0.29,2430453.68
1403,shaeed rajaii,China,73121015,4710535,6691613,Articles of Iron & Steel,10500,30,706580.25,10%,9%,669161.3,662469.69,8729824.24,25%,1.85,0.46,2182456.06
1403,shaeed rajaii,China,85176140,15328,6678940,Telecom & Display Equipment,10500,30,2299.2,15%,9%,1001841,691270.29,8374350.49,25%,546.34,136.58,2093587.62
1403,shaeed rajaii,China,84834010,1531556,6672258,Industrial Machinery,10500,30,229733.4,15%,9%,1000838.7,690578.7,8593408.8,25%,5.61,1.4,2148352.2
1403,shaeed rajaii,China,72193200,2720796,6588988,Iron & Steel Products,10500,30,408119.4,10%,9%,658898.8,652309.81,8308316.01,25%,3.05,0.76,2077079
1403,shaeed rajaii,China,39204390,3863611,6583776,Plastics & Polymers,10500,30,579541.65,20%,9%,1316755.2,711047.81,9191120.66,25%,2.38,0.6,2297780.16
1403,shaeed rajaii,China,86071910,2777687,6573597,General Goods,10500,30,416653.05,20%,9%,1314719.4,709948.48,9014917.93,25%,3.25,0.81,2253729.48
1403,shaeed rajaii,China,98870226,234517,6557935,Vehicle/Chassis/Tractor Parts,10500,30,35177.55,40%,9%,2623174,826299.81,10042586.36,25%,42.82,10.7,2510646.59
1403,shaeed rajaii,China,72192100,1898546,6547888,Iron & Steel Products,10500,30,284781.9,10%,9%,654788.8,648240.91,8135699.61,25%,4.29,1.07,2033924.9
1403,shaeed rajaii,China,38089211,557300,6534511,Chemical Products,10500,30,83595,15%,9%,980176.65,676321.89,8274604.54,25%,14.85,3.71,2068651.14
1403,shaeed rajaii,China,87088041,1013721,6506885,Vehicle Parts & Accessories,10500,30,152058.15,25%,9%,1626721.25,732024.56,9017688.96,25%,8.9,2.22,2254422.24
1403,shaeed rajaii,China,90183925,55368,6485815,General Goods,10500,30,8305.2,20%,9%,1297163,700468.02,8491751.22,25%,153.37,38.34,2122937.81
1403,shaeed rajaii,China,38151990,375320,6475678,Chemical Products,10500,30,56298,15%,9%,971351.7,670232.67,8173560.37,25%,21.78,5.44,2043390.09
1403,shaeed rajaii,China,98870222,748679,6448518,Vehicle/Chassis/Tractor Parts,10500,30,112301.85,40%,9%,2579407.2,812513.27,9952740.32,25%,13.29,3.32,2488185.08
1403,shaeed rajaii,China,84828000,695413,6439794,Industrial Machinery,10500,30,104311.95,15%,9%,965969.1,666518.68,8176593.73,25%,11.76,2.94,2044148.43
1403,shaeed rajaii,China,39046110,561940,6397272,Plastics & Polymers,10500,30,84291,20%,9%,1279454.4,690905.38,8451922.78,25%,15.04,3.76,2112980.69
1403,shaeed rajaii,China,85111000,327649,6369313,Electrical Equipment,10500,30,49147.35,15%,9%,955396.95,659223.9,8033081.2,25%,24.52,6.13,2008270.3
1403,shaeed rajaii,China,86090000,1934644,6344060,General Goods,10500,30,290196.6,20%,9%,1268812,685158.48,8588227.08,25%,4.44,1.11,2147056.77
1403,shaeed rajaii,China,76071990,1107870,6334608,General Goods,10500,30,166180.5,20%,9%,1266921.6,684137.66,8451847.76,25%,7.63,1.91,2112961.94
1403,shaeed rajaii,China,54022000,3394970,6327979,General Goods,10500,30,509245.5,20%,9%,1265595.8,683421.73,8786242.03,25%,2.59,0.65,2196560.51
1403,shaeed rajaii,China,84818070,230866,6309111,Industrial Machinery,10500,30,34629.9,15%,9%,946366.65,652992.99,7943100.54,25%,34.41,8.6,1985775.14
1403,shaeed rajaii,China,90318090,102834,6304051,General Goods,10500,30,15425.1,20%,9%,1260810.2,680837.51,8261123.81,25%,80.33,20.08,2065280.95
1403,shaeed rajaii,China,84748010,1360064,6287456,Industrial Machinery,10500,30,204009.6,15%,9%,943118.4,650751.7,8085335.7,25%,5.94,1.48,2021333.92
1403,shaeed rajaii,China,38089312,690380,6267712,Chemical Products,10500,30,103557,15%,9%,940156.8,648708.19,7960133.99,25%,11.53,2.88,1990033.5
1403,shaeed rajaii,China,85291090,201845,6239833,Electrical Equipment,10500,30,30276.75,15%,9%,935974.95,645822.72,7851907.42,25%,38.9,9.72,1962976.86
1403,shaeed rajaii,China,68151200,146606,6187189,General Goods,10500,30,21990.9,20%,9%,1237437.8,668216.41,8114834.11,25%,55.35,13.84,2028708.53
1403,shaeed rajaii,China,69021000,3810681,6186369,General Goods,10500,30,571602.15,20%,9%,1237273.8,668127.85,8663372.8,25%,2.27,0.57,2165843.2
1403,shaeed rajaii,China,84529020,465217,6180817,Industrial Machinery,10500,30,69782.55,15%,9%,927122.55,639714.56,7817436.66,25%,16.8,4.2,1954359.16
1403,shaeed rajaii,China,72083800,9545998,6174474,Iron & Steel Products,10500,30,1431899.7,10%,9%,617447.4,611272.93,8835094.03,25%,0.93,0.23,2208773.51
1403,shaeed rajaii,China,84399900,1170574,6146997,Industrial Machinery,10500,30,175586.1,15%,9%,922049.55,636214.19,7880846.84,25%,6.73,1.68,1970211.71
1403,shaeed rajaii,China,73063010,3568524,6141948,Articles of Iron & Steel,10500,30,535278.6,10%,9%,614194.8,608052.85,7899474.25,25%,2.21,0.55,1974868.56
1403,shaeed rajaii,China,38089311,176422,6130865,Chemical Products,10500,30,26463.3,15%,9%,919629.75,634544.53,7711502.58,25%,43.71,10.93,1927875.64
1403,shaeed rajaii,China,39239090,1347490,6117034,Plastics & Polymers,10500,30,202123.5,20%,9%,1223406.8,660639.67,8203203.97,25%,6.09,1.52,2050800.99
1403,shaeed rajaii,China,38089112,563875,6100072,Chemical Products,10500,30,84581.25,15%,9%,915010.8,631357.45,7731021.5,25%,13.71,3.43,1932755.38
1403,shaeed rajaii,China,85371030,42052,6097827,Electrical Equipment,10500,30,6307.8,15%,9%,914674.05,631125.09,7649933.94,25%,181.92,45.48,1912483.48
1403,shaeed rajaii,China,32151990,1162486,6086561,General Goods,10500,30,174372.9,20%,9%,1217312.2,657348.59,8135594.69,25%,7,1.75,2033898.67
1403,shaeed rajaii,China,84189990,455463,6074693,Industrial Machinery,10500,30,68319.45,15%,9%,911203.95,628730.73,7682947.13,25%,16.87,4.22,1920736.78
1403,shaeed rajaii,China,84431600,656775,6060986,Industrial Machinery,10500,30,98516.25,15%,9%,909147.9,627312.05,7695962.2,25%,11.72,2.93,1923990.55
1403,shaeed rajaii,China,84213210,123698,6017725,Industrial Machinery,10500,30,18554.7,15%,9%,902658.75,622834.54,7561772.99,25%,61.13,15.28,1890443.25
1403,shaeed rajaii,China,84807900,545983,6012138,Industrial Machinery,10500,30,81897.45,15%,9%,901820.7,622256.28,7618112.43,25%,13.95,3.49,1904528.11
1403,shaeed rajaii,China,84089010,1140537,5998556,Industrial Machinery,10500,30,171080.55,15%,9%,899783.4,620850.55,7690270.5,25%,6.74,1.68,1922567.62
1403,shaeed rajaii,China,85299040,571321,5996862,Electrical Equipment,10500,30,85698.15,15%,9%,899529.3,620675.22,7602764.67,25%,13.31,3.33,1900691.17
1403,shaeed rajaii,China,73042300,3106455,5982529,Articles of Iron & Steel,10500,30,465968.25,10%,9%,598252.9,592270.37,7639020.52,25%,2.46,0.62,1909755.13
1403,shaeed rajaii,China,35069900,2195366,5956535,General Goods,10500,30,329304.9,20%,9%,1191307,643305.78,8120452.68,25%,3.7,0.92,2030113.17
1403,shaeed rajaii,China,39053000,2560025,5929321,Plastics & Polymers,10500,30,384003.75,20%,9%,1185864.2,640366.67,8139555.62,25%,3.18,0.8,2034888.9
1403,shaeed rajaii,China,87041090,1046779,5917485,General Goods,10500,30,157016.85,20%,9%,1183497,639088.38,7897087.23,25%,7.54,1.88,1974271.81
1403,shaeed rajaii,China,70200091,2149641,5909419,General Goods,10500,30,322446.15,20%,9%,1181883.8,638217.25,8051966.2,25%,3.75,0.94,2012991.55
1403,shaeed rajaii,China,32041590,883200,5872479,General Goods,10500,30,132480,20%,9%,1174495.8,634227.73,7813682.53,25%,8.85,2.21,1953420.63
1403,shaeed rajaii,China,72029930,2977000,5854451,Iron & Steel Products,10500,30,446550,10%,9%,585445.1,579590.65,7466036.75,25%,2.51,0.63,1866509.19
1403,shaeed rajaii,China,72191200,1944253,5845952,Iron & Steel Products,10500,30,291637.95,10%,9%,584595.2,578749.25,7300934.4,25%,3.76,0.94,1825233.6
1403,shaeed rajaii,China,69091910,533577,5826740,General Goods,10500,30,80036.55,20%,9%,1165348,629287.92,7701412.47,25%,14.43,3.61,1925353.12
1403,shaeed rajaii,China,81032000,21522,5784201,General Goods,10500,30,3228.3,20%,9%,1156840.2,624693.71,7568963.21,25%,351.68,87.92,1892240.8
1403,shaeed rajaii,China,98842700,937265,5766969,Vehicle/Chassis/Tractor Parts,10500,30,140589.75,40%,9%,2306787.6,726638.09,8940984.44,25%,9.54,2.38,2235246.11
1403,shaeed rajaii,China,29319090,2025421,5760816,Organic Chemicals,10500,30,303813.15,15%,9%,864122.4,596244.46,7524996.01,25%,3.72,0.93,1881249
1403,shaeed rajaii,China,84099990,674766,5742678,Industrial Machinery,10500,30,101214.9,15%,9%,861401.7,594367.17,7299661.77,25%,10.82,2.7,1824915.44
1403,shaeed rajaii,China,32121000,929169,5703970,General Goods,10500,30,139375.35,20%,9%,1140794,616028.76,7600168.11,25%,8.18,2.04,1900042.03
1403,shaeed rajaii,China,84212110,574215,5703812,Industrial Machinery,10500,30,86132.25,15%,9%,855571.8,590344.54,7235860.59,25%,12.6,3.15,1808965.15
1403,shaeed rajaii,China,12024200,3461550,5702427,General Goods,10500,30,519232.5,20%,9%,1140485.4,615862.12,7978007.02,25%,2.3,0.57,1994501.76
1403,shaeed rajaii,China,94059990,1286365,5698470,General Goods,10500,30,192954.75,20%,9%,1139694,615434.76,7646553.51,25%,5.94,1.48,1911638.38
1403,shaeed rajaii,China,29231020,6207000,5675723,Organic Chemicals,10500,30,931050,15%,9%,851358.45,587437.33,8045568.78,25%,1.3,0.32,2011392.2
1403,shaeed rajaii,China,39074000,2069427,5673030,Plastics & Polymers,10500,30,310414.05,20%,9%,1134606,612687.24,7730737.29,25%,3.74,0.94,1932684.32
1403,shaeed rajaii,China,29413000,187360,5652207,Organic Chemicals,10500,30,28104,15%,9%,847831.05,585003.42,7113145.47,25%,37.97,9.49,1778286.37
1403,shaeed rajaii,China,90189099,275979,5632114,General Goods,10500,30,41396.85,20%,9%,1126422.8,608268.31,7408201.96,25%,26.84,6.71,1852050.49
1403,shaeed rajaii,China,29309090,1833405,5591721,Organic Chemicals,10500,30,275010.75,15%,9%,838758.15,578743.12,7284233.02,25%,3.97,0.99,1821058.26
1403,shaeed rajaii,China,29157090,2967200,5581793,Organic Chemicals,10500,30,445080,15%,9%,837268.95,577715.58,7441857.53,25%,2.51,0.63,1860464.38
1403,shaeed rajaii,China,84741000,1317009,5575511,Industrial Machinery,10500,30,197551.35,15%,9%,836326.65,577065.39,7186454.39,25%,5.46,1.36,1796613.6
1403,shaeed rajaii,China,84659400,876384,5573833,Industrial Machinery,10500,30,131457.6,15%,9%,836074.95,576891.72,7118257.27,25%,8.12,2.03,1779564.32
1403,shaeed rajaii,China,31026010,9475000,5553619,General Goods,10500,30,1421250,20%,9%,1110723.8,599790.85,8685383.65,25%,0.92,0.23,2171345.91
1403,shaeed rajaii,China,75021000,288873,5511135,General Goods,10500,30,43330.95,20%,9%,1102227,595202.58,7251895.53,25%,25.1,6.28,1812973.88
1403,shaeed rajaii,China,85176230,17415,5499114,Telecom & Display Equipment,10500,30,2612.25,15%,9%,824867.1,569158.3,6895751.65,25%,395.97,98.99,1723937.91
1403,shaeed rajaii,China,70109010,2227658,5497658,General Goods,10500,30,334148.7,20%,9%,1099531.6,593747.06,7525085.36,25%,3.38,0.84,1881271.34
1403,shaeed rajaii,China,38089221,524670,5471584,Chemical Products,10500,30,78700.5,15%,9%,820737.6,566308.94,6937331.04,25%,13.22,3.3,1734332.76
1403,shaeed rajaii,China,84213220,93858,5455902,Industrial Machinery,10500,30,14078.7,15%,9%,818385.3,564685.86,6853051.86,25%,73.02,18.26,1713262.96
1403,shaeed rajaii,China,84145970,729706,5406568,Compressors & Pumps,10500,30,109455.9,15%,9%,810985.2,559579.79,6886588.89,25%,9.44,2.36,1721647.22
1403,shaeed rajaii,China,73042400,512534,5405346,Articles of Iron & Steel,10500,30,76880.1,10%,9%,540534.6,535129.25,6557889.95,25%,12.8,3.2,1639472.49
1403,shaeed rajaii,China,84219900,840299,5402037,Industrial Machinery,10500,30,126044.85,15%,9%,810305.55,559110.83,6897498.23,25%,8.21,2.05,1724374.56
1403,shaeed rajaii,China,55081000,3344831,5401576,General Goods,10500,30,501724.65,20%,9%,1080315.2,583370.21,7566986.06,25%,2.26,0.56,1891746.52
1403,shaeed rajaii,China,85015390,460420,5385209,Electrical Equipment,10500,30,69063,15%,9%,807781.35,557369.13,6819422.48,25%,14.81,3.7,1704855.62
1403,shaeed rajaii,China,29419010,94360,5376076,Organic Chemicals,10500,30,14154,15%,9%,806411.4,556423.87,6753065.27,25%,71.57,17.89,1688266.32
1403,shaeed rajaii,China,98870437,788580,5359136,Vehicle/Chassis/Tractor Parts,10500,30,118287,40%,9%,2143654.4,675251.14,8296328.54,25%,10.52,2.63,2074082.14
1403,shaeed rajaii,China,39119090,766570,5358598,Plastics & Polymers,10500,30,114985.5,20%,9%,1071719.6,578728.58,7124031.68,25%,9.29,2.32,1781007.92
1403,shaeed rajaii,China,29161200,2892400,5346650,Organic Chemicals,10500,30,433860,15%,9%,801997.5,553378.28,7135885.78,25%,2.47,0.62,1783971.44
1403,shaeed rajaii,China,29412000,720585,5330996,Organic Chemicals,10500,30,108087.75,15%,9%,799649.4,551758.09,6790491.24,25%,9.42,2.36,1697622.81
1403,shaeed rajaii,China,85322200,252002,5320610,Electrical Equipment,10500,30,37800.3,15%,9%,798091.5,550683.14,6707184.94,25%,26.62,6.66,1676796.24
1403,shaeed rajaii,China,85364990,164437,5320115,Electrical Equipment,10500,30,24665.55,15%,9%,798017.25,550631.9,6693429.7,25%,40.71,10.18,1673357.42
1403,shaeed rajaii,China,84254900,2084903,5308152,Industrial Machinery,10500,30,312735.45,15%,9%,796222.8,549393.73,6966503.98,25%,3.34,0.84,1741626
1403,shaeed rajaii,China,85119000,828934,5304066,Electrical Equipment,10500,30,124340.1,15%,9%,795609.9,548970.83,6772986.83,25%,8.17,2.04,1693246.71
1403,shaeed rajaii,China,94059100,1858659,5262382,General Goods,10500,30,278798.85,20%,9%,1052476.4,568337.26,7161994.51,25%,3.85,0.96,1790498.63
1403,shaeed rajaii,China,29335990,146994,5221812,Organic Chemicals,10500,30,22049.1,15%,9%,783271.8,540457.54,6567590.44,25%,44.68,11.17,1641897.61
1403,shaeed rajaii,China,39206200,2077122,5216821,Plastics & Polymers,10500,30,311568.3,20%,9%,1043364.2,563416.67,7135170.17,25%,3.44,0.86,1783792.54
1403,shaeed rajaii,China,84649000,895777,5191218,Industrial Machinery,10500,30,134366.55,15%,9%,778682.7,537291.06,6641558.31,25%,7.41,1.85,1660389.58
1403,shaeed rajaii,China,69032090,2041206,5187362,General Goods,10500,30,306180.9,20%,9%,1037472.4,560235.1,7091250.4,25%,3.47,0.87,1772812.6
1403,shaeed rajaii,China,84099960,555184,5165115,Industrial Machinery,10500,30,83277.6,15%,9%,774767.25,534589.4,6557749.25,25%,11.81,2.95,1639437.31
1403,shaeed rajaii,China,29420090,90445,5163392,Organic Chemicals,10500,30,13566.75,15%,9%,774508.8,534411.07,6485878.62,25%,71.71,17.93,1621469.66
1403,shaeed rajaii,China,48239010,84883,5157539,Paper & Paperboard,10500,30,12732.45,15%,9%,773630.85,533805.29,6477707.59,25%,76.31,19.08,1619426.9
1403,shaeed rajaii,China,39123110,1415000,5154596,Plastics & Polymers,10500,30,212250,20%,9%,1030919.2,556696.37,6954461.57,25%,4.91,1.23,1738615.39
1403,shaeed rajaii,China,72192400,3395142,5129817,Iron & Steel Products,10500,30,509271.3,10%,9%,512981.7,507851.88,6659921.88,25%,1.96,0.49,1664980.47
1403,shaeed rajaii,China,39202020,2060870,5129137,Plastics & Polymers,10500,30,309130.5,20%,9%,1025827.4,553946.8,7018041.7,25%,3.41,0.85,1754510.42
1403,shaeed rajaii,China,39071000,1887500,5125875,Plastics & Polymers,10500,30,283125,20%,9%,1025175,553594.5,6987769.5,25%,3.7,0.92,1746942.38
1403,shaeed rajaii,China,35030000,525000,5108237,General Goods,10500,30,78750,20%,9%,1021647.4,551689.6,6760324,25%,12.88,3.22,1690081
1403,shaeed rajaii,China,84229010,1091973,5054763,Industrial Machinery,10500,30,163795.95,15%,9%,758214.45,523167.97,6499941.37,25%,5.95,1.49,1624985.34
1403,shaeed rajaii,China,73110090,3086416,5048401,Articles of Iron & Steel,10500,30,462962.4,10%,9%,504840.1,499791.7,6515995.2,25%,2.11,0.53,1628998.8
1403,shaeed rajaii,China,29337990,645300,5012504,Organic Chemicals,10500,30,96795,15%,9%,751875.6,518794.16,6379968.76,25%,9.89,2.47,1594992.19
1403,shaeed rajaii,China,84314300,962445,5011403,Industrial Machinery,10500,30,144366.75,15%,9%,751710.45,518680.21,6426160.41,25%,6.68,1.67,1606540.1
1403,shaeed rajaii,China,28051200,1134600,5009056,General Goods,10500,30,170190,20%,9%,1001811.2,540978.05,6722035.25,25%,5.92,1.48,1680508.81
1403,shaeed rajaii,China,29053900,2697400,4977474,Organic Chemicals,10500,30,404610,15%,9%,746621.1,515168.56,6643873.66,25%,2.46,0.62,1660968.42
1403,shaeed rajaii,China,72085190,1166442,4971319,Iron & Steel Products,10500,30,174966.3,10%,9%,497131.9,492160.58,6135577.78,25%,5.26,1.32,1533894.44
1403,shaeed rajaii,China,31010010,2988904,4954499,General Goods,10500,30,448335.6,20%,9%,990899.8,535085.89,6928820.29,25%,2.32,0.58,1732205.07
1403,shaeed rajaii,China,48119020,1588369,4952257,Paper & Paperboard,10500,30,238255.35,15%,9%,742838.55,512558.6,6445909.5,25%,4.06,1.01,1611477.38
1403,shaeed rajaii,China,84818050,449816,4934000,Industrial Machinery,10500,30,67472.4,15%,9%,740100,510669,6252241.4,25%,13.9,3.48,1563060.35
1403,shaeed rajaii,China,48114100,2529343,4926678,Paper & Paperboard,10500,30,379401.45,15%,9%,739001.7,509911.17,6554992.32,25%,2.59,0.65,1638748.08
1403,shaeed rajaii,China,84774000,601678,4909713,Industrial Machinery,10500,30,90251.7,15%,9%,736456.95,508155.3,6244576.95,25%,10.38,2.6,1561144.24
1403,shaeed rajaii,China,29224990,668555,4893089,Organic Chemicals,10500,30,100283.25,15%,9%,733963.35,506434.71,6233770.31,25%,9.32,2.33,1558442.58
1403,shaeed rajaii,China,84513010,450175,4889621,Industrial Machinery,10500,30,67526.25,15%,9%,733443.15,506075.77,6196666.17,25%,13.77,3.44,1549166.54
1403,shaeed rajaii,China,90192090,162907,4887389,General Goods,10500,30,24436.05,20%,9%,977477.8,527838.01,6417140.86,25%,39.39,9.85,1604285.22
1403,shaeed rajaii,China,39201090,397337,4869547,Plastics & Polymers,10500,30,59600.55,20%,9%,973909.4,525911.08,6428968.03,25%,16.18,4.04,1607242.01
1403,shaeed rajaii,China,84313190,902769,4866471,Industrial Machinery,10500,30,135415.35,15%,9%,729970.65,503679.75,6235536.75,25%,6.91,1.73,1558884.19
1403,shaeed rajaii,China,84248990,497875,4858916,Industrial Machinery,10500,30,74681.25,15%,9%,728837.4,502897.81,6165332.46,25%,12.38,3.1,1541333.12
1403,shaeed rajaii,China,84811090,307910,4851467,Industrial Machinery,10500,30,46186.5,15%,9%,727720.05,502126.83,6127500.38,25%,19.9,4.97,1531875.1
1403,shaeed rajaii,China,73052000,3605135,4844021,Articles of Iron & Steel,10500,30,540770.25,10%,9%,484402.1,479558.08,6348751.43,25%,1.76,0.44,1587187.86
1403,shaeed rajaii,China,84581190,502535,4838043,Industrial Machinery,10500,30,75380.25,15%,9%,725706.45,500737.45,6139867.15,25%,12.22,3.06,1534966.79
1403,shaeed rajaii,China,84195090,469604,4831297,Industrial Machinery,10500,30,70440.6,15%,9%,724694.55,500039.24,6126471.39,25%,13.05,3.26,1531617.85
1403,shaeed rajaii,China,85044090,180992,4819616,Electrical Equipment,10500,30,27148.8,15%,9%,722942.4,498830.26,6068537.46,25%,33.53,8.38,1517134.36
1403,shaeed rajaii,China,84479000,508160,4804479,Industrial Machinery,10500,30,76224,15%,9%,720671.85,497263.58,6098638.43,25%,12,3,1524659.61
1403,shaeed rajaii,China,85414100,98121,4804086,Semiconductors & Solar Cells,10500,30,14718.15,15%,9%,720612.9,497222.9,6036639.95,25%,61.52,15.38,1509159.99
1403,shaeed rajaii,China,70101010,2641662,4767869,General Goods,10500,30,396249.3,20%,9%,953573.8,514929.85,6632621.95,25%,2.51,0.63,1658155.49
1403,shaeed rajaii,China,90015010,62291,4736320,General Goods,10500,30,9343.65,20%,9%,947264,511522.56,6204450.21,25%,99.6,24.9,1551112.55
1403,shaeed rajaii,China,40023100,2039100,4731422,Rubber & Tires,10500,30,305865,20%,9%,946284.4,510993.58,6494564.98,25%,3.19,0.8,1623641.24
1403,shaeed rajaii,China,38159090,229586,4723313,Chemical Products,10500,30,34437.9,15%,9%,708496.95,488862.9,5955110.75,25%,25.94,6.48,1488777.69
1403,shaeed rajaii,China,39191020,296776,4719066,Plastics & Polymers,10500,30,44516.4,20%,9%,943813.2,509659.13,6217054.73,25%,20.95,5.24,1554263.68
1403,shaeed rajaii,China,84822000,752395,4701478,Industrial Machinery,10500,30,112859.25,15%,9%,705221.7,486602.97,6006161.92,25%,7.98,2,1501540.48
1403,shaeed rajaii,China,29414000,154000,4600247,Organic Chemicals,10500,30,23100,15%,9%,690037.05,476125.56,5789509.61,25%,37.59,9.4,1447377.4
1403,shaeed rajaii,China,84199030,661437,4560683,Industrial Machinery,10500,30,99215.55,15%,9%,684102.45,472030.69,5816031.69,25%,8.79,2.2,1454007.92
1403,shaeed rajaii,China,13023900,444065,4560291,General Goods,10500,30,66609.75,20%,9%,912058.2,492511.43,6031470.38,25%,13.58,3.4,1507867.6
1403,shaeed rajaii,China,87089590,207260,4557831,Vehicle Parts & Accessories,10500,30,31089,25%,9%,1139457.75,512755.99,6241133.74,25%,30.11,7.53,1560283.44
1403,shaeed rajaii,China,84439910,941948,4535000,Industrial Machinery,10500,30,141292.2,15%,9%,680250,469372.5,5825914.7,25%,6.18,1.54,1456478.68
1403,shaeed rajaii,China,85443020,142049,4533068,Electrical Equipment,10500,30,21307.35,15%,9%,679960.2,469172.54,5703508.09,25%,40.15,10.04,1425877.02
1403,shaeed rajaii,China,80011000,150945,4528995,General Goods,10500,30,22641.75,20%,9%,905799,489131.46,5946567.21,25%,39.4,9.85,1486641.8
1403,shaeed rajaii,China,34049000,2431543,4480060,General Goods,10500,30,364731.45,20%,9%,896012,483846.48,6224649.93,25%,2.56,0.64,1556162.48
1403,shaeed rajaii,China,73066110,3021688,4474277,Articles of Iron & Steel,10500,30,453253.2,10%,9%,447427.7,442953.42,5817911.32,25%,1.93,0.48,1454477.83
1403,shaeed rajaii,China,84748090,803507,4458004,Industrial Machinery,10500,30,120526.05,15%,9%,668700.6,461403.41,5708634.06,25%,7.1,1.78,1427158.52
1403,shaeed rajaii,China,84659100,971480,4433481,Industrial Machinery,10500,30,145722,15%,9%,665022.15,458865.28,5703090.43,25%,5.87,1.47,1425772.61
1403,shaeed rajaii,China,29034500,1013996,4433346,Organic Chemicals,10500,30,152099.4,15%,9%,665001.9,458851.31,5709298.61,25%,5.63,1.41,1427324.65
1403,shaeed rajaii,China,76082000,686807,4424430,General Goods,10500,30,103021.05,20%,9%,884886,477838.44,5890175.49,25%,8.58,2.14,1472543.87
1403,shaeed rajaii,China,38112900,1206872,4420740,Chemical Products,10500,30,181030.8,15%,9%,663111,457546.59,5722428.39,25%,4.74,1.18,1430607.1
1403,shaeed rajaii,China,85364190,206858,4419215,Electrical Equipment,10500,30,31028.7,15%,9%,662882.25,457388.75,5570514.7,25%,26.93,6.73,1392628.68
1403,shaeed rajaii,China,13021900,136441,4413804,General Goods,10500,30,20466.15,20%,9%,882760.8,476690.83,5793721.78,25%,42.46,10.62,1448430.44
1403,shaeed rajaii,China,87081010,539590,4403776,Vehicle Parts & Accessories,10500,30,80938.5,25%,9%,1100944,495424.8,6081083.3,25%,11.27,2.82,1520270.82
1403,shaeed rajaii,China,84224000,471255,4395636,Industrial Machinery,10500,30,70688.25,15%,9%,659345.4,454948.33,5580617.98,25%,11.84,2.96,1395154.5
1403,shaeed rajaii,China,84439990,421567,4387009,Industrial Machinery,10500,30,63235.05,15%,9%,658051.35,454055.43,5562350.83,25%,13.19,3.3,1390587.71
1403,shaeed rajaii,China,39046120,546146,4384947,Plastics & Polymers,10500,30,81921.9,20%,9%,876989.4,473574.28,5817432.58,25%,10.65,2.66,1454358.14
1403,shaeed rajaii,China,73269090,828513,4350438,Articles of Iron & Steel,10500,30,124276.95,10%,9%,435043.8,430693.36,5340452.11,25%,6.45,1.61,1335113.03
1403,shaeed rajaii,China,87079030,569571,4335483,General Goods,10500,30,85435.65,20%,9%,867096.6,468232.16,5756247.41,25%,10.11,2.53,1439061.85
1403,shaeed rajaii,China,9101190,2499435,4263558,General Goods,10500,30,374915.25,20%,9%,852711.6,460464.26,5951649.11,25%,2.38,0.6,1487912.28
1403,shaeed rajaii,China,85129090,111081,4257864,Electrical Equipment,10500,30,16662.15,15%,9%,638679.6,440688.92,5353894.67,25%,48.2,12.05,1338473.67
1403,shaeed rajaii,China,85285210,275057,4225872,Telecom & Display Equipment,10500,30,41258.55,15%,9%,633880.8,437377.75,5338389.1,25%,19.41,4.85,1334597.27
1403,shaeed rajaii,China,29124100,233120,4224435,Organic Chemicals,10500,30,34968,15%,9%,633665.25,437229.02,5330297.27,25%,22.87,5.72,1332574.32
1403,shaeed rajaii,China,84145960,221786,4209154,Compressors & Pumps,10500,30,33267.9,15%,9%,631373.1,435647.44,5309442.44,25%,23.94,5.98,1327360.61
1403,shaeed rajaii,China,73079300,2782013,4205594,Articles of Iron & Steel,10500,30,417301.95,10%,9%,420559.4,416353.81,5459809.16,25%,1.96,0.49,1364952.29
1403,shaeed rajaii,China,48109990,4192535,4184925,Paper & Paperboard,10500,30,628880.25,15%,9%,627738.75,433139.74,5874683.74,25%,1.4,0.35,1468670.94
1403,shaeed rajaii,China,84339090,748638,4183629,Industrial Machinery,10500,30,112295.7,15%,9%,627544.35,433005.6,5356474.65,25%,7.15,1.79,1339118.66
1403,shaeed rajaii,China,90184991,42421,4183402,General Goods,10500,30,6363.15,20%,9%,836680.4,451807.42,5478252.97,25%,129.14,32.28,1369563.24
1403,shaeed rajaii,China,87089190,706122,4161296,Vehicle Parts & Accessories,10500,30,105918.3,25%,9%,1040324,468145.8,5775684.1,25%,8.18,2.04,1443921.02
1403,shaeed rajaii,China,87083029,495498,4155466,Vehicle Parts & Accessories,10500,30,74324.7,25%,9%,1038866.5,467489.92,5736147.12,25%,11.58,2.9,1434036.78
1403,shaeed rajaii,China,87032319,289863,4126654,Passenger Vehicles,10500,30,43479.45,45%,9%,1856994.3,538528.35,6565656.1,25%,22.65,5.66,1641414.02
1403,shaeed rajaii,China,84051000,308064,4120926,Industrial Machinery,10500,30,46209.6,15%,9%,618138.9,426515.84,5211790.34,25%,16.92,4.23,1302947.58
1403,shaeed rajaii,China,90181990,77360,4120857,General Goods,10500,30,11604,20%,9%,824171.4,445052.56,5401684.96,25%,69.83,17.46,1350421.24
1403,shaeed rajaii,China,37013010,960513,4106165,General Goods,10500,30,144076.95,20%,9%,821233,443465.82,5514940.77,25%,5.74,1.44,1378735.19
1403,shaeed rajaii,China,90312000,195123,4092914,General Goods,10500,30,29268.45,20%,9%,818582.8,442034.71,5382799.96,25%,27.59,6.9,1345699.99
1403,shaeed rajaii,China,38221920,1018539,4066245,Chemical Products,10500,30,152780.85,15%,9%,609936.75,420856.36,5249818.96,25%,5.15,1.29,1312454.74
1403,shaeed rajaii,China,59031000,1441038,4063027,General Goods,10500,30,216155.7,20%,9%,812605.4,438806.92,5530595.02,25%,3.84,0.96,1382648.76
1403,shaeed rajaii,China,84388000,859659,4061709,Industrial Machinery,10500,30,128948.85,15%,9%,609256.35,420386.88,5220301.08,25%,6.07,1.52,1305075.27
1403,shaeed rajaii,China,85142010,1425281,4032462,Electrical Equipment,10500,30,213792.15,15%,9%,604869.3,417359.82,5268483.27,25%,3.7,0.92,1317120.82
1403,shaeed rajaii,China,85229000,267359,4020955,Electrical Equipment,10500,30,40103.85,15%,9%,603143.25,416168.84,5080370.94,25%,19,4.75,1270092.74
1403,shaeed rajaii,China,84134000,1724202,4019755,Industrial Machinery,10500,30,258630.3,15%,9%,602963.25,416044.64,5297393.19,25%,3.07,0.77,1324348.3
1403,shaeed rajaii,China,84831010,382865,4013973,Industrial Machinery,10500,30,57429.75,15%,9%,602095.95,415446.21,5088944.91,25%,13.29,3.32,1272236.23
1403,shaeed rajaii,China,85446090,264323,4013838,Electrical Equipment,10500,30,39648.45,15%,9%,602075.7,415432.23,5070994.38,25%,19.18,4.8,1267748.6
1403,shaeed rajaii,China,84633000,725725,4007791,Industrial Machinery,10500,30,108858.75,15%,9%,601168.65,414806.37,5132624.77,25%,7.07,1.77,1283156.19
1403,shaeed rajaii,China,84082090,336016,3969979,Industrial Machinery,10500,30,50402.4,15%,9%,595496.85,410892.83,5026771.08,25%,14.96,3.74,1256692.77
1403,shaeed rajaii,China,70099100,76566,3961668,General Goods,10500,30,11484.9,20%,9%,792333.6,427860.14,5193346.64,25%,67.83,16.96,1298336.66
1403,shaeed rajaii,China,85030010,173958,3957340,Electrical Equipment,10500,30,26093.7,15%,9%,593601,409584.69,4986619.39,25%,28.67,7.17,1246654.85
1403,shaeed rajaii,China,38089222,374399,3942592,Chemical Products,10500,30,56159.85,15%,9%,591388.8,408058.27,4998198.92,25%,13.35,3.34,1249549.73
1403,shaeed rajaii,China,28230000,1495306,3926542,General Goods,10500,30,224295.9,20%,9%,785308.4,424066.54,5360212.84,25%,3.58,0.9,1340053.21
1403,shaeed rajaii,China,28152000,3334650,3923796,General Goods,10500,30,500197.5,20%,9%,784759.2,423769.97,5632522.67,25%,1.69,0.42,1408130.67
1403,shaeed rajaii,China,94019920,214013,3923381,General Goods,10500,30,32101.95,20%,9%,784676.2,423725.15,5163884.3,25%,24.13,6.03,1290971.08
1403,shaeed rajaii,China,76069240,1101685,3879272,General Goods,10500,30,165252.75,20%,9%,775854.4,418961.38,5239340.53,25%,4.76,1.19,1309835.13
1403,shaeed rajaii,China,85014090,1435524,3876271,Electrical Equipment,10500,30,215328.6,15%,9%,581440.65,401194.05,5074234.3,25%,3.53,0.88,1268558.58
1403,shaeed rajaii,China,85113090,251410,3864261,Electrical Equipment,10500,30,37711.5,15%,9%,579639.15,399951.01,4881562.66,25%,19.42,4.86,1220390.66
1403,shaeed rajaii,China,72254010,2582202,3848278,Iron & Steel Products,10500,30,387330.3,10%,9%,384827.8,380979.52,5001415.62,25%,1.94,0.48,1250353.9
1403,shaeed rajaii,China,84212120,451456,3847723,Industrial Machinery,10500,30,67718.4,15%,9%,577158.45,398239.33,4890839.18,25%,10.83,2.71,1222709.8
1403,shaeed rajaii,China,85051900,1353459,3846218,Electrical Equipment,10500,30,203018.85,15%,9%,576932.7,398083.56,5024253.11,25%,3.71,0.93,1256063.28
1403,shaeed rajaii,China,28182090,3536740,3827401,General Goods,10500,30,530511,20%,9%,765480.2,413359.31,5536751.51,25%,1.57,0.39,1384187.88
1403,shaeed rajaii,China,84862000,158169,3821492,Industrial Machinery,10500,30,23725.35,15%,9%,573223.8,395524.42,4813965.57,25%,30.44,7.61,1203491.39
1403,shaeed rajaii,China,98870422,429297,3793096,Vehicle/Chassis/Tractor Parts,10500,30,64394.55,40%,9%,1517238.4,477930.1,5852659.05,25%,13.63,3.41,1463164.76
1403,shaeed rajaii,China,84795000,227193,3787426,Machines & Mechanical Appliances,10500,30,34078.95,15%,9%,568113.9,391998.59,4781617.44,25%,21.05,5.26,1195404.36
1403,shaeed rajaii,China,87083024,556970,3783287,Vehicle Parts & Accessories,10500,30,83545.5,25%,9%,945821.75,425619.79,5238274.04,25%,9.4,2.35,1309568.51
1403,shaeed rajaii,China,40151200,582593,3764361,Rubber & Tires,10500,30,87388.95,20%,9%,752872.2,406550.99,5011173.14,25%,8.6,2.15,1252793.28
1403,shaeed rajaii,China,39011050,1860000,3758903,Plastics & Polymers,10500,30,279000,20%,9%,751780.6,405961.52,5195645.12,25%,2.79,0.7,1298911.28
1403,shaeed rajaii,China,87082190,190992,3745268,Vehicle Parts & Accessories,10500,30,28648.8,25%,9%,936317,421342.65,5131576.45,25%,26.87,6.72,1282894.11
1403,shaeed rajaii,China,38089123,567245,3735938,Chemical Products,10500,30,85086.75,15%,9%,560390.7,386669.58,4768085.03,25%,8.41,2.1,1192021.26
1403,shaeed rajaii,China,76061240,818875,3735725,General Goods,10500,30,122831.25,20%,9%,747145,403458.3,5009159.55,25%,6.12,1.53,1252289.89
1403,shaeed rajaii,China,31043000,3016400,3711678,General Goods,10500,30,452460,20%,9%,742335.6,400861.22,5307334.82,25%,1.76,0.44,1326833.7
1403,shaeed rajaii,China,40024900,732900,3681384,Rubber & Tires,10500,30,109935,20%,9%,736276.8,397589.47,4925185.27,25%,6.72,1.68,1231296.32
1403,shaeed rajaii,China,84196000,344070,3679068,Industrial Machinery,10500,30,51610.5,15%,9%,551860.2,380783.54,4663322.24,25%,13.55,3.39,1165830.56
1403,shaeed rajaii,China,72279000,3114330,3666594,Iron & Steel Products,10500,30,467149.5,10%,9%,366659.4,362992.81,4863395.71,25%,1.56,0.39,1215848.93
1403,shaeed rajaii,China,72092700,4670837,3648806,Iron & Steel Products,10500,30,700625.55,10%,9%,364880.6,361231.79,5075543.94,25%,1.09,0.27,1268885.99
1403,shaeed rajaii,China,84659900,540890,3642215,Industrial Machinery,10500,30,81133.5,15%,9%,546332.25,376969.25,4646650,25%,8.59,2.15,1161662.5
1403,shaeed rajaii,China,34024290,1038160,3630388,General Goods,10500,30,155724,20%,9%,726077.6,392081.9,4904271.5,25%,4.72,1.18,1226067.88
1403,shaeed rajaii,China,72126000,1443732,3624240,Iron & Steel Products,10500,30,216559.8,10%,9%,362424,358799.76,4562023.56,25%,3.16,0.79,1140505.89
1403,shaeed rajaii,China,84794000,554835,3614171,Machines & Mechanical Appliances,10500,30,83225.25,15%,9%,542125.65,374066.7,4613588.6,25%,8.32,2.08,1153397.15
1403,shaeed rajaii,China,38241000,1243431,3603091,Chemical Products,10500,30,186514.65,15%,9%,540463.65,372919.92,4702989.22,25%,3.78,0.94,1175747.3
1403,shaeed rajaii,China,87036010,272120,3601370,Passenger Vehicles,10500,30,40818,45%,9%,1620616.5,469978.78,5732783.28,25%,21.07,5.27,1433195.82
1403,shaeed rajaii,China,84825000,407667,3597124,Industrial Machinery,10500,30,61150.05,15%,9%,539568.6,372302.33,4570144.98,25%,11.21,2.8,1142536.25
1403,shaeed rajaii,China,29339999,163245,3593351,Organic Chemicals,10500,30,24486.75,15%,9%,539002.65,371911.83,4528752.23,25%,27.74,6.94,1132188.06
1403,shaeed rajaii,China,85044086,136864,3579288,Electrical Equipment,10500,30,20529.6,15%,9%,536893.2,370456.31,4507167.11,25%,32.93,8.23,1126791.78
1403,shaeed rajaii,China,84152090,369281,3576636,Industrial Machinery,10500,30,55392.15,15%,9%,536495.4,370181.83,4538705.38,25%,12.29,3.07,1134676.34
1403,shaeed rajaii,China,38061000,1815575,3573246,Chemical Products,10500,30,272336.25,15%,9%,535986.9,369830.96,4751400.11,25%,2.62,0.66,1187850.03
1403,shaeed rajaii,China,85087000,487383,3563624,Electrical Equipment,10500,30,73107.45,15%,9%,534543.6,368835.08,4540110.13,25%,9.32,2.33,1135027.53
1403,shaeed rajaii,China,40029900,1181080,3557941,Rubber & Tires,10500,30,177162,20%,9%,711588.2,384257.63,4830948.83,25%,4.09,1.02,1207737.21
1403,shaeed rajaii,China,74102100,861250,3553920,General Goods,10500,30,129187.5,20%,9%,710784,383823.36,4777714.86,25%,5.55,1.39,1194428.72
1403,shaeed rajaii,China,84551010,511053,3543231,Industrial Machinery,10500,30,76657.95,15%,9%,531484.65,366724.41,4518098.01,25%,8.84,2.21,1129524.5
1403,shaeed rajaii,China,32141000,1222343,3542729,General Goods,10500,30,183351.45,20%,9%,708545.8,382614.73,4817240.98,25%,3.94,0.98,1204310.25
1403,shaeed rajaii,China,28181000,4224753,3539989,General Goods,10500,30,633712.95,20%,9%,707997.8,382318.81,5264018.56,25%,1.25,0.31,1316004.64
1403,shaeed rajaii,China,84471200,447228,3524900,Industrial Machinery,10500,30,67084.2,15%,9%,528735,364827.15,4485546.35,25%,10.03,2.51,1121386.59
1403,shaeed rajaii,China,29362700,774800,3520359,Organic Chemicals,10500,30,116220,15%,9%,528053.85,364357.16,4528990.01,25%,5.85,1.46,1132247.5
1403,shaeed rajaii,China,84490000,420417,3517989,Industrial Machinery,10500,30,63062.55,15%,9%,527698.35,364111.86,4472861.76,25%,10.64,2.66,1118215.44
1403,shaeed rajaii,China,39079999,1875420,3511938,Plastics & Polymers,10500,30,281313,20%,9%,702387.6,379289.3,4874927.9,25%,2.6,0.65,1218731.98
1403,shaeed rajaii,China,70191310,1968342,3501289,General Goods,10500,30,295251.3,20%,9%,700257.8,378139.21,4874937.31,25%,2.48,0.62,1218734.33
1403,shaeed rajaii,China,48132000,1178637,3489304,Paper & Paperboard,10500,30,176795.55,15%,9%,523395.6,361142.96,4550638.11,25%,3.86,0.96,1137659.53
1403,shaeed rajaii,China,87087021,768127,3485971,Vehicle Parts & Accessories,10500,30,115219.05,25%,9%,871492.75,392171.74,4864854.54,25%,6.33,1.58,1216213.64
1403,shaeed rajaii,China,17023090,4129000,3475565,General Goods,10500,30,619350,20%,9%,695113,375361.02,5165389.02,25%,1.25,0.31,1291347.25
1403,shaeed rajaii,China,84212910,497254,3459549,Industrial Machinery,10500,30,74588.1,15%,9%,518932.35,358063.32,4411132.77,25%,8.87,2.22,1102783.19
1403,shaeed rajaii,China,54076900,838692,3457750,General Goods,10500,30,125803.8,20%,9%,691550,373437,4648540.8,25%,5.54,1.38,1162135.2
1403,shaeed rajaii,China,73045100,1614479,3457679,Articles of Iron & Steel,10500,30,242171.85,10%,9%,345767.9,342310.22,4387928.97,25%,2.72,0.68,1096982.24
1403,shaeed rajaii,China,90183922,445251,3447538,General Goods,10500,30,66787.65,20%,9%,689507.6,372334.1,4576167.35,25%,10.28,2.57,1144041.84
1403,shaeed rajaii,China,48103900,2828025,3443023,Paper & Paperboard,10500,30,424203.75,15%,9%,516453.45,356352.88,4740033.08,25%,1.68,0.42,1185008.27
1403,shaeed rajaii,China,84433290,209242,3442962,Industrial Machinery,10500,30,31386.3,15%,9%,516444.3,356346.57,4347139.17,25%,20.78,5.2,1086784.79
1403,shaeed rajaii,China,39069099,1288172,3436722,Plastics & Polymers,10500,30,193225.8,20%,9%,687344.4,371165.98,4688458.18,25%,3.64,0.91,1172114.54
1403,shaeed rajaii,China,21069020,1512250,3427312,General Goods,10500,30,226837.5,20%,9%,685462.4,370149.7,4709761.6,25%,3.11,0.78,1177440.4
1403,shaeed rajaii,China,84329000,678688,3422776,Industrial Machinery,10500,30,101803.2,15%,9%,513416.4,354257.32,4392252.92,25%,6.47,1.62,1098063.23
1403,shaeed rajaii,China,84244100,834462,3413702,Industrial Machinery,10500,30,125169.3,15%,9%,512055.3,353318.16,4404244.76,25%,5.28,1.32,1101061.19
1403,shaeed rajaii,China,84149010,1263436,3400025,Compressors & Pumps,10500,30,189515.4,15%,9%,510003.75,351902.59,4451446.74,25%,3.52,0.88,1112861.68
1403,shaeed rajaii,China,39199050,1504645,3387089,Plastics & Polymers,10500,30,225696.75,20%,9%,677417.8,365805.61,4656009.16,25%,3.09,0.77,1164002.29
1403,shaeed rajaii,China,87082990,383309,3382488,Vehicle Parts & Accessories,10500,30,57496.35,25%,9%,845622,380529.9,4666136.25,25%,12.17,3.04,1166534.06
1403,shaeed rajaii,China,87011000,1020650,3373835,General Goods,10500,30,153097.5,20%,9%,674767,364374.18,4566073.68,25%,4.47,1.12,1141518.42
1403,shaeed rajaii,China,87089921,188958,3368341,Vehicle Parts & Accessories,10500,30,28343.7,25%,9%,842085.25,378938.36,4617708.31,25%,24.44,6.11,1154427.08
1403,shaeed rajaii,China,73041100,1297712,3365044,Articles of Iron & Steel,10500,30,194656.8,10%,9%,336504.4,333139.36,4229344.56,25%,3.26,0.82,1057336.14
1403,shaeed rajaii,China,39061000,1168965,3356758,Plastics & Polymers,10500,30,175344.75,20%,9%,671351.6,362529.86,4565984.21,25%,3.91,0.98,1141496.05
1403,shaeed rajaii,China,84518000,524255,3350680,Industrial Machinery,10500,30,78638.25,15%,9%,502602,346795.38,4278715.63,25%,8.16,2.04,1069678.91
1403,shaeed rajaii,China,27101990,480033,3349084,Mineral Fuels & Oils,10500,30,72004.95,5%,9%,167454.2,316488.44,3905031.59,25%,8.13,2.03,976257.9
1403,shaeed rajaii,China,72082600,4745361,3326634,Iron & Steel Products,10500,30,711804.15,10%,9%,332663.4,329336.77,4700438.32,25%,0.99,0.25,1175109.58
1403,shaeed rajaii,China,29031200,4102400,3320972,Organic Chemicals,10500,30,615360,15%,9%,498145.8,343720.6,4778198.4,25%,1.16,0.29,1194549.6
1403,shaeed rajaii,China,29411090,56001,3310636,Organic Chemicals,10500,30,8400.15,15%,9%,496595.4,342650.83,4158282.38,25%,74.25,18.56,1039570.6
1403,shaeed rajaii,China,39081090,1209545,3304467,Plastics & Polymers,10500,30,181431.75,20%,9%,660893.4,356882.44,4503674.59,25%,3.72,0.93,1125918.65
1403,shaeed rajaii,China,87088011,849681,3300604,Vehicle Parts & Accessories,10500,30,127452.15,25%,9%,825151,371317.95,4624525.1,25%,5.44,1.36,1156131.27
1403,shaeed rajaii,China,84138190,529228,3276709,Industrial Machinery,10500,30,79384.2,15%,9%,491506.35,339139.38,4186738.93,25%,7.91,1.98,1046684.73
1403,shaeed rajaii,China,40111090,871954,3274358,Rubber & Tires,10500,30,130793.1,20%,9%,654871.6,353630.66,4413653.36,25%,5.06,1.26,1103413.34
1403,shaeed rajaii,China,84593100,612650,3272523,Industrial Machinery,10500,30,91897.5,15%,9%,490878.45,338706.13,4194005.08,25%,6.85,1.71,1048501.27
1403,shaeed rajaii,China,34042090,1977165,3257663,General Goods,10500,30,296574.75,20%,9%,651532.6,351827.6,4557597.95,25%,2.31,0.58,1139399.49
1403,shaeed rajaii,China,98871290,975715,3254627,Vehicle/Chassis/Tractor Parts,10500,30,146357.25,40%,9%,1301850.8,410083,5112918.05,25%,5.24,1.31,1278229.51
1403,shaeed rajaii,China,85285290,69303,3242292,Telecom & Display Equipment,10500,30,10395.45,15%,9%,486343.8,335577.22,4074608.47,25%,58.79,14.7,1018652.12
1403,shaeed rajaii,China,35040000,1068905,3229129,General Goods,10500,30,160335.75,20%,9%,645825.8,348745.93,4384036.48,25%,4.1,1.02,1096009.12
1403,shaeed rajaii,China,84453000,309800,3222103,Industrial Machinery,10500,30,46470,15%,9%,483315.45,333487.66,4085376.11,25%,13.19,3.3,1021344.03
1403,shaeed rajaii,China,85142020,704384,3211096,Electrical Equipment,10500,30,105657.6,15%,9%,481664.4,332348.44,4130766.44,25%,5.86,1.46,1032691.61
1403,shaeed rajaii,China,34039100,979950,3190474,General Goods,10500,30,146992.5,20%,9%,638094.8,344571.19,4320132.49,25%,4.41,1.1,1080033.12
1403,shaeed rajaii,China,72112920,1529073,3182067,Iron & Steel Products,10500,30,229360.95,10%,9%,318206.7,315024.63,4044659.28,25%,2.65,0.66,1011164.82
1403,shaeed rajaii,China,84454000,257774,3175257,Industrial Machinery,10500,30,38666.1,15%,9%,476288.55,328639.1,4018850.75,25%,15.59,3.9,1004712.69
1403,shaeed rajaii,China,87085039,705100,3164822,Vehicle Parts & Accessories,10500,30,105765,25%,9%,791205.5,356042.48,4417834.98,25%,6.27,1.57,1104458.75
1403,shaeed rajaii,China,84099120,44172,3151987,Industrial Machinery,10500,30,6625.8,15%,9%,472798.05,326230.65,3957641.5,25%,89.6,22.4,989410.38
1403,shaeed rajaii,China,85189090,645671,3145271,Electrical Equipment,10500,30,96850.65,15%,9%,471790.65,325535.55,4039447.85,25%,6.26,1.56,1009861.96
1403,shaeed rajaii,China,90229090,73145,3144315,General Goods,10500,30,10971.75,20%,9%,628863,339586.02,4123735.77,25%,56.38,14.1,1030933.94
1403,shaeed rajaii,China,85437090,269646,3119364,Electrical Equipment,10500,30,40446.9,15%,9%,467904.6,322854.17,3950569.67,25%,14.65,3.66,987642.42
1403,shaeed rajaii,China,38123930,380830,3105849,Chemical Products,10500,30,57124.5,15%,9%,465877.35,321455.37,3950306.22,25%,10.37,2.59,987576.56
1403,shaeed rajaii,China,29269090,611372,3093548,Organic Chemicals,10500,30,91705.8,15%,9%,464032.2,320182.22,3969468.22,25%,6.49,1.62,992367.06
1403,shaeed rajaii,China,85182910,741917,3083595,Electrical Equipment,10500,30,111287.55,15%,9%,462539.25,319152.08,3976573.88,25%,5.36,1.34,994143.47
1403,shaeed rajaii,China,38123940,327140,3075822,Chemical Products,10500,30,49071,15%,9%,461373.3,318347.58,3904613.88,25%,11.94,2.98,976153.47
1403,shaeed rajaii,China,85365090,54377,3075520,Electrical Equipment,10500,30,8156.55,15%,9%,461328,318316.32,3863320.87,25%,71.05,17.76,965830.22
1403,shaeed rajaii,China,84148090,168482,3057237,Compressors & Pumps,10500,30,25272.3,15%,9%,458585.55,316424.03,3857518.88,25%,22.9,5.72,964379.72
1403,shaeed rajaii,China,90262000,137579,3050086,General Goods,10500,30,20636.85,20%,9%,610017.2,329409.29,4010149.34,25%,29.15,7.29,1002537.34
1403,shaeed rajaii,China,85013110,299810,3047285,Electrical Equipment,10500,30,44971.5,15%,9%,457092.75,315394,3864743.25,25%,12.89,3.22,966185.81
1403,shaeed rajaii,China,84099185,21982,3041672,Industrial Machinery,10500,30,3297.3,15%,9%,456250.8,314813.05,3816033.15,25%,173.6,43.4,954008.29
1403,shaeed rajaii,China,85299030,19577,3039180,Electrical Equipment,10500,30,2936.55,15%,9%,455877,314555.13,3812548.68,25%,194.75,48.69,953137.17
1403,shaeed rajaii,China,85158090,180642,3036093,Electrical Equipment,10500,30,27096.3,15%,9%,455413.95,314235.63,3832838.88,25%,21.22,5.3,958209.72
1403,shaeed rajaii,China,31059090,1072098,3031984,General Goods,10500,30,160814.7,20%,9%,606396.8,327454.27,4126649.77,25%,3.85,0.96,1031662.44
1403,shaeed rajaii,China,72230000,1278004,3028691,Iron & Steel Products,10500,30,191700.6,10%,9%,302869.1,299840.41,3823101.11,25%,2.99,0.75,955775.28
1403,shaeed rajaii,China,87141090,636769,3025566,General Goods,10500,30,95515.35,20%,9%,605113.2,326761.13,4052955.68,25%,6.36,1.59,1013238.92
1403,shaeed rajaii,China,85176980,19758,3024296,Telecom & Display Equipment,10500,30,2963.7,15%,9%,453644.4,313014.64,3793918.74,25%,192.02,48,948479.68
1403,shaeed rajaii,China,84295222,694520,3017314,Industrial Machinery,10500,30,104178,15%,9%,452597.1,312292,3886381.1,25%,5.6,1.4,971595.28
1403,shaeed rajaii,China,38276300,719563,3014458,Chemical Products,10500,30,107934.45,15%,9%,452168.7,311996.4,3886557.55,25%,5.4,1.35,971639.39
1403,shaeed rajaii,China,84295221,569763,3005453,Industrial Machinery,10500,30,85464.45,15%,9%,450817.95,311064.39,3852799.79,25%,6.76,1.69,963199.95
1403,shaeed rajaii,China,84201000,613523,2996195,Industrial Machinery,10500,30,92028.45,15%,9%,449429.25,310106.18,3847758.88,25%,6.27,1.57,961939.72
1403,shaeed rajaii,China,85241100,101888,2989320,Electrical Equipment,10500,30,15283.2,15%,9%,448398,309394.62,3762395.82,25%,36.93,9.23,940598.96
1403,shaeed rajaii,China,29212910,25250,2977656,Organic Chemicals,10500,30,3787.5,15%,9%,446648.4,308187.4,3736279.3,25%,147.97,36.99,934069.82
1403,shaeed rajaii,China,84805000,135381,2974098,Industrial Machinery,10500,30,20307.15,15%,9%,446114.7,307819.14,3748338.99,25%,27.69,6.92,937084.75
1403,shaeed rajaii,China,85079010,931899,2973817,Electrical Equipment,10500,30,139784.85,15%,9%,446072.55,307790.06,3867464.46,25%,4.15,1.04,966866.12
1403,shaeed rajaii,China,84672990,502421,2966808,Industrial Machinery,10500,30,75363.15,15%,9%,445021.2,307064.63,3794256.98,25%,7.55,1.89,948564.24
1403,shaeed rajaii,China,84623900,715405,2952025,Industrial Machinery,10500,30,107310.75,15%,9%,442803.75,305534.59,3807674.09,25%,5.32,1.33,951918.52
1403,shaeed rajaii,China,47032100,1916721,2941176,General Goods,10500,30,287508.15,20%,9%,588235.2,317647.01,4134566.36,25%,2.16,0.54,1033641.59
1403,shaeed rajaii,China,28332970,4253000,2936176,General Goods,10500,30,637950,20%,9%,587235.2,317107.01,4478468.21,25%,1.05,0.26,1119617.05
1403,shaeed rajaii,China,85021310,286876,2935364,Electrical Equipment,10500,30,43031.4,15%,9%,440304.6,303810.17,3722510.17,25%,12.98,3.24,930627.54
1403,shaeed rajaii,China,31010090,1308722,2934234,General Goods,10500,30,196308.3,20%,9%,586846.8,316897.27,4034286.37,25%,3.08,0.77,1008571.59
1403,shaeed rajaii,China,38123960,593570,2929475,Chemical Products,10500,30,89035.5,15%,9%,439421.25,303200.66,3761132.41,25%,6.34,1.58,940283.1
1403,shaeed rajaii,China,85168090,269970,2921411,Electrical Equipment,10500,30,40495.5,15%,9%,438211.65,302366.04,3702484.19,25%,13.71,3.43,925621.05
1403,shaeed rajaii,China,84824000,182620,2905347,Industrial Machinery,10500,30,27393,15%,9%,435802.05,300703.41,3669245.46,25%,20.09,5.02,917311.36
1403,shaeed rajaii,China,85279190,575202,2901418,Electrical Equipment,10500,30,86280.3,15%,9%,435212.7,300296.76,3723207.76,25%,6.47,1.62,930801.94
1403,shaeed rajaii,China,59113200,158967,2890448,General Goods,10500,30,23845.05,20%,9%,578089.6,312168.38,3804551.03,25%,23.93,5.98,951137.76
1403,shaeed rajaii,China,85285900,123226,2885455,Telecom & Display Equipment,10500,30,18483.9,15%,9%,432818.25,298644.59,3635401.74,25%,29.5,7.38,908850.44
1403,shaeed rajaii,China,72283090,2262638,2880876,Iron & Steel Products,10500,30,339395.7,10%,9%,288087.6,285206.72,3793566.02,25%,1.68,0.42,948391.5
1403,shaeed rajaii,China,68061010,1158369,2880831,General Goods,10500,30,173755.35,20%,9%,576166.2,311129.75,3941882.3,25%,3.4,0.85,985470.58
1403,shaeed rajaii,China,85011020,444641,2877961,Electrical Equipment,10500,30,66696.15,15%,9%,431694.15,297868.96,3674220.26,25%,8.26,2.06,918555.06
1403,shaeed rajaii,China,39079929,1568875,2863764,Plastics & Polymers,10500,30,235331.25,20%,9%,572752.8,309286.51,3981134.56,25%,2.54,0.64,995283.64
1403,shaeed rajaii,China,38123100,1471775,2863378,Chemical Products,10500,30,220766.25,15%,9%,429506.7,296359.62,3810010.57,25%,2.59,0.65,952502.64
1403,shaeed rajaii,China,84081000,127250,2860695,Industrial Machinery,10500,30,19087.5,15%,9%,429104.25,296081.93,3604968.68,25%,28.33,7.08,901242.17
1403,shaeed rajaii,China,87084040,237581,2850787,Vehicle Parts & Accessories,10500,30,35637.15,25%,9%,712696.75,320713.54,3919834.44,25%,16.5,4.12,979958.61
1403,shaeed rajaii,China,84143090,351665,2842363,Compressors & Pumps,10500,30,52749.75,15%,9%,426354.45,294184.57,3615651.77,25%,10.28,2.57,903912.94
1403,shaeed rajaii,China,38021000,1280928,2837193,Chemical Products,10500,30,192139.2,15%,9%,425578.95,293649.48,3748560.63,25%,2.93,0.73,937140.16
1403,shaeed rajaii,China,84148065,246260,2832872,Compressors & Pumps,10500,30,36939,15%,9%,424930.8,293202.25,3587944.05,25%,14.57,3.64,896986.01
1403,shaeed rajaii,China,39094090,1398815,2825988,Plastics & Polymers,10500,30,209822.25,20%,9%,565197.6,305206.7,3906214.55,25%,2.79,0.7,976553.64
1403,shaeed rajaii,China,84462100,394478,2822182,Industrial Machinery,10500,30,59171.7,15%,9%,423327.3,292095.84,3596776.84,25%,9.12,2.28,899194.21
1403,shaeed rajaii,China,56050000,838228,2820633,General Goods,10500,30,125734.2,20%,9%,564126.6,304628.36,3815122.16,25%,4.55,1.14,953780.54
1403,shaeed rajaii,China,84463000,562855,2820195,Industrial Machinery,10500,30,84428.25,15%,9%,423029.25,291890.18,3619542.68,25%,6.43,1.61,904885.67
1403,shaeed rajaii,China,84145990,428421,2807402,Compressors & Pumps,10500,30,64263.15,15%,9%,421110.3,290566.11,3583341.56,25%,8.36,2.09,895835.39
1403,shaeed rajaii,China,29359090,103210,2802357,Organic Chemicals,10500,30,15481.5,15%,9%,420353.55,290043.95,3528236,25%,34.19,8.55,882059
1403,shaeed rajaii,China,29061300,110050,2800196,Organic Chemicals,10500,30,16507.5,15%,9%,420029.4,289820.29,3526553.19,25%,32.05,8.01,881638.3
1403,shaeed rajaii,China,85021290,261093,2790651,Electrical Equipment,10500,30,39163.95,15%,9%,418597.65,288832.38,3537244.98,25%,13.55,3.39,884311.24
1403,shaeed rajaii,China,40169300,120613,2784787,Rubber & Tires,10500,30,18091.95,20%,9%,556957.4,300757,3660593.35,25%,30.35,7.59,915148.34
1403,shaeed rajaii,China,29362990,116625,2782780,Organic Chemicals,10500,30,17493.75,15%,9%,417417,288017.73,3505708.48,25%,30.06,7.52,876427.12
1403,shaeed rajaii,China,84542000,124500,2777212,Industrial Machinery,10500,30,18675,15%,9%,416581.8,287441.44,3499910.24,25%,28.11,7.03,874977.56
1403,shaeed rajaii,China,38119000,1252555,2768248,Chemical Products,10500,30,187883.25,15%,9%,415237.2,286513.67,3657882.12,25%,2.92,0.73,914470.53
1403,shaeed rajaii,China,39100010,941138,2747799,Plastics & Polymers,10500,30,141170.7,20%,9%,549559.8,296762.29,3735291.79,25%,3.97,0.99,933822.95
1403,shaeed rajaii,China,32042090,196629,2746536,General Goods,10500,30,29494.35,20%,9%,549307.2,296625.89,3621963.44,25%,18.42,4.61,905490.86
1403,shaeed rajaii,China,39081010,968504,2745095,Plastics & Polymers,10500,30,145275.6,20%,9%,549019,296470.26,3735859.86,25%,3.86,0.96,933964.96
1403,shaeed rajaii,China,29309990,998320,2741441,Organic Chemicals,10500,30,149748,15%,9%,411216.15,283739.14,3586144.29,25%,3.59,0.9,896536.07
1403,shaeed rajaii,China,35030090,250000,2736656,General Goods,10500,30,37500,20%,9%,547331.2,295558.85,3617046.05,25%,14.47,3.62,904261.51
1403,shaeed rajaii,China,49111000,871822,2732386,General Goods,10500,30,130773.3,20%,9%,546477.2,295097.69,3704734.19,25%,4.25,1.06,926183.55
1403,shaeed rajaii,China,15042000,197410,2731084,General Goods,10500,30,29611.5,20%,9%,546216.8,294957.07,3601869.37,25%,18.25,4.56,900467.34
1403,shaeed rajaii,China,29171990,1981500,2722141,Organic Chemicals,10500,30,297225,15%,9%,408321.15,281741.59,3709428.74,25%,1.87,0.47,927357.18
1403,shaeed rajaii,China,37019920,631154,2721580,General Goods,10500,30,94673.1,20%,9%,544316,293930.64,3654499.74,25%,5.79,1.45,913624.94
1403,shaeed rajaii,China,84804100,208763,2713375,Industrial Machinery,10500,30,31314.45,15%,9%,407006.25,280834.31,3432530.01,25%,16.44,4.11,858132.5
1403,shaeed rajaii,China,84099150,128108,2706532,Industrial Machinery,10500,30,19216.2,15%,9%,405979.8,280126.06,3411854.06,25%,26.63,6.66,852963.52
1403,shaeed rajaii,China,84775900,215059,2702300,Industrial Machinery,10500,30,32258.85,15%,9%,405345,279688.05,3419591.9,25%,15.9,3.98,854897.98
1403,shaeed rajaii,China,84199090,1712179,2699148,Industrial Machinery,10500,30,256826.85,15%,9%,404872.2,279361.82,3640208.87,25%,2.13,0.53,910052.22
1403,shaeed rajaii,China,74082900,536929,2694636,General Goods,10500,30,80539.35,20%,9%,538927.2,291020.69,3605123.24,25%,6.71,1.68,901280.81
1403,shaeed rajaii,China,39021030,2183500,2694412,Plastics & Polymers,10500,30,327525,20%,9%,538882.4,290996.5,3851815.9,25%,1.76,0.44,962953.98
1403,shaeed rajaii,China,29171400,2181000,2689912,Organic Chemicals,10500,30,327150,15%,9%,403486.8,278405.89,3698954.69,25%,1.7,0.42,924738.67
1403,shaeed rajaii,China,48024000,1628942,2687772,Paper & Paperboard,10500,30,244341.3,15%,9%,403165.8,278184.4,3613463.5,25%,2.22,0.56,903365.88
1403,shaeed rajaii,China,84553000,578022,2674862,Industrial Machinery,10500,30,86703.3,15%,9%,401229.3,276848.22,3439642.82,25%,5.95,1.49,859910.7
1403,shaeed rajaii,China,28353100,2079236,2672401,General Goods,10500,30,311885.4,20%,9%,534480.2,288619.31,3807385.91,25%,1.83,0.46,951846.48
1403,shaeed rajaii,China,85021390,158244,2658006,Electrical Equipment,10500,30,23736.6,15%,9%,398700.9,275103.62,3355547.12,25%,21.2,5.3,838886.78
1403,shaeed rajaii,China,29239090,1117895,2653071,Organic Chemicals,10500,30,167684.25,15%,9%,397960.65,274592.85,3493308.75,25%,3.12,0.78,873327.19
1403,shaeed rajaii,China,29336990,731120,2647962,Organic Chemicals,10500,30,109668,15%,9%,397194.3,274064.07,3428888.37,25%,4.69,1.17,857222.09
1403,shaeed rajaii,China,44029000,2321331,2641648,General Goods,10500,30,348199.65,20%,9%,528329.6,285297.98,3803475.23,25%,1.64,0.41,950868.81
1403,shaeed rajaii,China,72249000,2926526,2637929,Iron & Steel Products,10500,30,438978.9,10%,9%,263792.9,261154.97,3601855.77,25%,1.23,0.31,900463.94
1403,shaeed rajaii,China,87089321,465648,2626403,Vehicle Parts & Accessories,10500,30,69847.2,25%,9%,656600.75,295470.34,3648321.29,25%,7.83,1.96,912080.32
1403,shaeed rajaii,China,84799090,144426,2624751,Machines & Mechanical Appliances,10500,30,21663.9,15%,9%,393712.65,271661.73,3311789.28,25%,22.93,5.73,827947.32
1403,shaeed rajaii,China,84411000,447037,2620922,Industrial Machinery,10500,30,67055.55,15%,9%,393138.3,271265.43,3352381.28,25%,7.5,1.88,838095.32
1403,shaeed rajaii,China,29181590,2575520,2618499,Organic Chemicals,10500,30,386328,15%,9%,392774.85,271014.65,3668616.5,25%,1.42,0.36,917154.12
1403,shaeed rajaii,China,84371000,538531,2617154,Industrial Machinery,10500,30,80779.65,15%,9%,392573.1,270875.44,3361382.19,25%,6.24,1.56,840345.55
1403,shaeed rajaii,China,84369900,300748,2616322,Industrial Machinery,10500,30,45112.2,15%,9%,392448.3,270789.33,3324671.83,25%,11.05,2.76,831167.96
1403,shaeed rajaii,China,84368000,262193,2611892,Industrial Machinery,10500,30,39328.95,15%,9%,391783.8,270330.82,3313335.57,25%,12.64,3.16,828333.89
1403,shaeed rajaii,China,81089000,125394,2607924,General Goods,10500,30,18809.1,20%,9%,521584.8,281655.79,3429973.69,25%,27.35,6.84,857493.42
1403,shaeed rajaii,China,39269010,194302,2600824,Plastics & Polymers,10500,30,29145.3,20%,9%,520164.8,280888.99,3431023.09,25%,17.66,4.42,857755.77
1403,shaeed rajaii,China,55021000,169591,2589505,General Goods,10500,30,25438.65,20%,9%,517901,279666.54,3412511.19,25%,20.12,5.03,853127.8
1403,shaeed rajaii,China,48030000,2166460,2589171,Paper & Paperboard,10500,30,324969,15%,9%,388375.65,267979.2,3570494.85,25%,1.65,0.41,892623.71
1403,shaeed rajaii,China,29379000,16652,2582271,Organic Chemicals,10500,30,2497.8,15%,9%,387340.65,267265.05,3239374.5,25%,194.53,48.63,809843.62
1403,shaeed rajaii,China,84272011,632818,2576571,Industrial Machinery,10500,30,94922.7,15%,9%,386485.65,266675.1,3324654.45,25%,5.25,1.31,831163.61
1403,shaeed rajaii,China,96081020,388289,2575013,General Goods,10500,30,58243.35,20%,9%,515002.6,278101.4,3426360.35,25%,8.82,2.2,856590.09
1403,shaeed rajaii,China,29054420,1898750,2570318,Organic Chemicals,10500,30,284812.5,15%,9%,385547.7,266027.91,3506706.11,25%,1.85,0.46,876676.53
1403,shaeed rajaii,China,95069110,875836,2567315,General Goods,10500,30,131375.4,20%,9%,513463,277270.02,3489423.42,25%,3.98,1,872355.86
1403,shaeed rajaii,China,73011000,1842675,2565089,Articles of Iron & Steel,10500,30,276401.25,10%,9%,256508.9,253943.81,3351942.96,25%,1.82,0.46,837985.74
1403,shaeed rajaii,China,56060000,927490,2558575,General Goods,10500,30,139123.5,20%,9%,511715,276326.1,3485739.6,25%,3.76,0.94,871434.9
1403,shaeed rajaii,China,90183915,398265,2550623,General Goods,10500,30,59739.75,20%,9%,510124.6,275467.28,3395954.63,25%,8.53,2.13,848988.66
1403,shaeed rajaii,China,29161900,627340,2547013,Organic Chemicals,10500,30,94101,15%,9%,382051.95,263615.85,3286781.8,25%,5.24,1.31,821695.45
1403,shaeed rajaii,China,84148075,198732,2519516,Compressors & Pumps,10500,30,29809.8,15%,9%,377927.4,260769.91,3188023.11,25%,16.04,4.01,797005.78
1403,shaeed rajaii,China,69022020,369533,2510260,General Goods,10500,30,55429.95,20%,9%,502052,271108.08,3338850.03,25%,9.04,2.26,834712.51
1403,shaeed rajaii,China,85411000,58489,2502410,Semiconductors & Solar Cells,10500,30,8773.35,15%,9%,375361.5,258999.44,3145544.29,25%,53.78,13.44,786386.07
1403,shaeed rajaii,China,25041010,2252950,2494461,General Goods,10500,30,337942.5,20%,9%,498892.2,269401.79,3600697.49,25%,1.6,0.4,900174.37
1403,shaeed rajaii,China,84819020,346963,2491094,Industrial Machinery,10500,30,52044.45,15%,9%,373664.1,257828.23,3174630.78,25%,9.15,2.29,793657.7
1403,shaeed rajaii,China,38069000,1237600,2482876,Chemical Products,10500,30,185640,15%,9%,372431.4,256977.67,3297925.07,25%,2.66,0.66,824481.27
1403,shaeed rajaii,China,72091890,3028045,2482549,Iron & Steel Products,10500,30,454206.75,10%,9%,248254.9,245772.35,3430783,25%,1.13,0.28,857695.75
1403,shaeed rajaii,China,85051100,699845,2481628,Electrical Equipment,10500,30,104976.75,15%,9%,372244.2,256848.5,3215697.45,25%,4.59,1.15,803924.36
1403,shaeed rajaii,China,85044060,52676,2469685,Electrical Equipment,10500,30,7901.4,15%,9%,370452.75,255612.4,3103651.55,25%,58.92,14.73,775912.89
1403,shaeed rajaii,China,84481900,364640,2465893,Industrial Machinery,10500,30,54696,15%,9%,369883.95,255219.93,3145692.88,25%,8.63,2.16,786423.22
1403,shaeed rajaii,China,84133090,178986,2456561,Industrial Machinery,10500,30,26847.9,15%,9%,368484.15,254254.06,3106147.11,25%,17.35,4.34,776536.78
1403,shaeed rajaii,China,72163300,2852112,2443874,Iron & Steel Products,10500,30,427816.8,10%,9%,244387.4,241943.53,3358021.73,25%,1.18,0.3,839505.43
1403,shaeed rajaii,China,72112390,2123769,2433840,Iron & Steel Products,10500,30,318565.35,10%,9%,243384,240950.16,3236739.51,25%,1.52,0.38,809184.88
1403,shaeed rajaii,China,85369090,108696,2427037,Electrical Equipment,10500,30,16304.4,15%,9%,364055.55,251198.33,3058595.28,25%,28.14,7.04,764648.82
1403,shaeed rajaii,China,39059990,200282,2409720,Plastics & Polymers,10500,30,30042.3,20%,9%,481944,260249.76,3181956.06,25%,15.89,3.97,795489.02
1403,shaeed rajaii,China,72299010,1069913,2409526,Iron & Steel Products,10500,30,160486.95,10%,9%,240952.6,238543.07,3049508.62,25%,2.85,0.71,762377.16
1403,shaeed rajaii,China,39235000,319439,2399890,Plastics & Polymers,10500,30,47915.85,20%,9%,479978,259188.12,3186971.97,25%,9.98,2.5,796742.99
1403,shaeed rajaii,China,28492090,1252000,2399134,General Goods,10500,30,187800,20%,9%,479826.8,259106.47,3325867.27,25%,2.66,0.66,831466.82
1403,shaeed rajaii,China,85015310,279390,2392290,Electrical Equipment,10500,30,41908.5,15%,9%,358843.5,247602.02,3040644.02,25%,10.88,2.72,760161
1403,shaeed rajaii,China,84672100,367518,2391233,Industrial Machinery,10500,30,55127.7,15%,9%,358684.95,247492.62,3052538.27,25%,8.31,2.08,763134.57
1403,shaeed rajaii,China,29161100,1596580,2384084,Organic Chemicals,10500,30,239487,15%,9%,357612.6,246752.69,3227936.29,25%,2.02,0.5,806984.07
1403,shaeed rajaii,China,85371090,73329,2376729,Electrical Equipment,10500,30,10999.35,15%,9%,356509.35,245991.45,2990229.15,25%,40.78,10.2,747557.29
1403,shaeed rajaii,China,85443030,36911,2375342,Electrical Equipment,10500,30,5536.65,15%,9%,356301.3,245847.9,2983027.85,25%,80.82,20.2,745756.96
1403,shaeed rajaii,China,69039010,379245,2362689,General Goods,10500,30,56886.75,20%,9%,472537.8,255170.41,3147283.96,25%,8.3,2.08,786820.99
1403,shaeed rajaii,China,39269030,252827,2361788,Plastics & Polymers,10500,30,37924.05,20%,9%,472357.6,255073.1,3127142.75,25%,12.37,3.09,781785.69
1403,shaeed rajaii,China,73182200,390470,2359848,Articles of Iron & Steel,10500,30,58570.5,10%,9%,235984.8,233624.95,2888028.25,25%,7.4,1.85,722007.06
1403,shaeed rajaii,China,85182990,513783,2352500,Electrical Equipment,10500,30,77067.45,15%,9%,352875,243483.75,3025926.2,25%,5.89,1.47,756481.55
1403,shaeed rajaii,China,84414000,131342,2349287,Industrial Machinery,10500,30,19701.3,15%,9%,352393.05,243151.2,2964532.55,25%,22.57,5.64,741133.14
1403,shaeed rajaii,China,29349930,30075,2348859,Organic Chemicals,10500,30,4511.25,15%,9%,352328.85,243106.91,2948806.01,25%,98.05,24.51,737201.5
1403,shaeed rajaii,China,83021090,1035018,2346442,General Goods,10500,30,155252.7,20%,9%,469288.4,253415.74,3224398.84,25%,3.12,0.78,806099.71
1403,shaeed rajaii,China,85451900,2267291,2339322,Electrical Equipment,10500,30,340093.65,15%,9%,350898.3,242119.83,3272433.78,25%,1.44,0.36,818108.44
1403,shaeed rajaii,China,31051010,1746644,2338917,General Goods,10500,30,261996.6,20%,9%,467783.4,252603.04,3321300.04,25%,1.9,0.48,830325.01
1403,shaeed rajaii,China,73049000,1747308,2334703,Articles of Iron & Steel,10500,30,262096.2,10%,9%,233470.3,231135.6,3061405.1,25%,1.75,0.44,765351.28
1403,shaeed rajaii,China,38089122,226665,2333556,Chemical Products,10500,30,33999.75,15%,9%,350033.4,241523.05,2959112.2,25%,13.06,3.26,739778.05
1403,shaeed rajaii,China,73181590,641705,2328662,Articles of Iron & Steel,10500,30,96255.75,10%,9%,232866.2,230537.54,2888321.49,25%,4.5,1.12,722080.37
1403,shaeed rajaii,China,84515000,281039,2316346,Industrial Machinery,10500,30,42155.85,15%,9%,347451.9,239741.81,2945695.56,25%,10.48,2.62,736423.89
1403,shaeed rajaii,China,85122020,162349,2312580,Electrical Equipment,10500,30,24352.35,15%,9%,346887,239352.03,2923171.38,25%,18.01,4.5,730792.84
1403,shaeed rajaii,China,30051090,221503,2310937,General Goods,10500,30,33225.45,20%,9%,462187.4,249581.2,3055931.05,25%,13.8,3.45,763982.76
1403,shaeed rajaii,China,72192200,837025,2304591,Iron & Steel Products,10500,30,125553.75,10%,9%,230459.1,228154.51,2888758.36,25%,3.45,0.86,722189.59
1403,shaeed rajaii,China,39022000,744200,2301723,Plastics & Polymers,10500,30,111630,20%,9%,460344.6,248586.08,3122283.68,25%,4.2,1.05,780570.92
1403,shaeed rajaii,China,84145920,531600,2297565,Compressors & Pumps,10500,30,79740,15%,9%,344634.75,237797.98,2959737.73,25%,5.57,1.39,739934.43
1403,shaeed rajaii,China,48053000,1305991,2282026,Paper & Paperboard,10500,30,195898.65,15%,9%,342303.9,236189.69,3056418.24,25%,2.34,0.58,764104.56
1403,shaeed rajaii,China,29222910,642000,2280790,Organic Chemicals,10500,30,96300,15%,9%,342118.5,236061.76,2955270.26,25%,4.6,1.15,738817.56
1403,shaeed rajaii,China,84659200,442741,2279934,Industrial Machinery,10500,30,66411.15,15%,9%,341990.1,235973.17,2924308.42,25%,6.61,1.65,731077.1
1403,shaeed rajaii,China,85444900,185917,2256321,Electrical Equipment,10500,30,27887.55,15%,9%,338448.15,233529.22,2856185.92,25%,15.36,3.84,714046.48
1403,shaeed rajaii,China,85185000,271872,2249487,Electrical Equipment,10500,30,40780.8,15%,9%,337423.05,232821.9,2860512.75,25%,10.52,2.63,715128.19
1403,shaeed rajaii,China,44081010,761400,2239985,General Goods,10500,30,114210,20%,9%,447997,241918.38,3044110.38,25%,4,1,761027.6
1403,shaeed rajaii,China,29161400,873740,2233418,Organic Chemicals,10500,30,131061,15%,9%,335012.7,231158.76,2930650.46,25%,3.35,0.84,732662.62
1403,shaeed rajaii,China,96121000,238271,2227615,General Goods,10500,30,35740.65,20%,9%,445523,240582.42,2949461.07,25%,12.38,3.1,737365.27
1403,shaeed rajaii,China,59021010,695574,2222848,General Goods,10500,30,104336.1,20%,9%,444569.6,240067.58,3011821.28,25%,4.33,1.08,752955.32
1403,shaeed rajaii,China,70196600,740234,2216578,General Goods,10500,30,111035.1,20%,9%,443315.6,239390.42,3010319.12,25%,4.07,1.02,752579.78
1403,shaeed rajaii,China,90289020,145986,2205429,General Goods,10500,30,21897.9,20%,9%,441085.8,238186.33,2906599.03,25%,19.91,4.98,726649.76
1403,shaeed rajaii,China,84831020,430221,2204879,Industrial Machinery,10500,30,64533.15,15%,9%,330731.85,228204.98,2828348.98,25%,6.57,1.64,707087.24
1403,shaeed rajaii,China,54076100,452660,2203532,General Goods,10500,30,67899,20%,9%,440706.4,237981.46,2950118.86,25%,6.52,1.63,737529.72
1403,shaeed rajaii,China,73072100,377798,2202500,Articles of Iron & Steel,10500,30,56669.7,10%,9%,220250,218047.5,2697467.2,25%,7.14,1.78,674366.8
1403,shaeed rajaii,China,39140090,1311995,2196973,Plastics & Polymers,10500,30,196799.25,20%,9%,439394.6,237273.08,3070439.93,25%,2.34,0.58,767609.98
1403,shaeed rajaii,China,87085021,462221,2195185,Vehicle Parts & Accessories,10500,30,69333.15,25%,9%,548796.25,246958.31,3060272.71,25%,6.62,1.66,765068.18
1403,shaeed rajaii,China,48064000,1287006,2191794,Paper & Paperboard,10500,30,193050.9,15%,9%,328769.1,226850.68,2940464.68,25%,2.28,0.57,735116.17
1403,shaeed rajaii,China,39059910,212000,2185456,Plastics & Polymers,10500,30,31800,20%,9%,437091.2,236029.25,2890376.45,25%,13.63,3.41,722594.11
1403,shaeed rajaii,China,74122000,172269,2184492,General Goods,10500,30,25840.35,20%,9%,436898.4,235925.14,2883155.89,25%,16.74,4.18,720788.97
1403,shaeed rajaii,China,73061990,1051671,2183937,Articles of Iron & Steel,10500,30,157750.65,10%,9%,218393.7,216209.76,2776291.11,25%,2.64,0.66,694072.78
1403,shaeed rajaii,China,29241990,445190,2179358,Organic Chemicals,10500,30,66778.5,15%,9%,326903.7,225563.55,2798603.75,25%,6.29,1.57,699650.94
1403,shaeed rajaii,China,34029090,765460,2177322,General Goods,10500,30,114819,20%,9%,435464.4,235150.78,2962756.18,25%,3.87,0.97,740689.04
1403,shaeed rajaii,China,48059290,3947807,2168529,Paper & Paperboard,10500,30,592171.05,15%,9%,325279.35,224442.75,3310422.15,25%,0.84,0.21,827605.54
1403,shaeed rajaii,China,83016010,292913,2166310,General Goods,10500,30,43936.95,20%,9%,433262,233961.48,2877470.43,25%,9.82,2.46,719367.61
1403,shaeed rajaii,China,84419000,630618,2164827,Industrial Machinery,10500,30,94592.7,15%,9%,324724.05,224059.59,2808203.34,25%,4.45,1.11,702050.84
1403,shaeed rajaii,China,84133020,127185,2161311,Industrial Machinery,10500,30,19077.75,15%,9%,324196.65,223695.69,2728281.09,25%,21.45,5.36,682070.27
1403,shaeed rajaii,China,28421020,972000,2156480,General Goods,10500,30,145800,20%,9%,431296,232899.84,2966475.84,25%,3.05,0.76,741618.96
1403,shaeed rajaii,China,84623200,484850,2153123,Industrial Machinery,10500,30,72727.5,15%,9%,322968.45,222848.23,2771667.18,25%,5.72,1.43,692916.8
1403,shaeed rajaii,China,3034300,1035803,2147968,General Goods,10500,30,155370.45,20%,9%,429593.6,231980.54,2964912.59,25%,2.86,0.72,741228.15
1403,shaeed rajaii,China,29053200,1202136,2144928,Organic Chemicals,10500,30,180320.4,15%,9%,321739.2,222000.05,2868987.65,25%,2.39,0.6,717246.91
1403,shaeed rajaii,China,72107010,1218128,2141866,Iron & Steel Products,10500,30,182719.2,10%,9%,214186.6,212044.73,2750816.53,25%,2.26,0.56,687704.13
1403,shaeed rajaii,China,38099200,850623,2138772,Chemical Products,10500,30,127593.45,15%,9%,320815.8,221362.9,2808544.15,25%,3.3,0.82,702136.04
1403,shaeed rajaii,China,90329000,62555,2120931,General Goods,10500,30,9383.25,20%,9%,424186.2,229060.55,2783561,25%,44.5,11.12,695890.25
1403,shaeed rajaii,China,31010020,502534,2116983,General Goods,10500,30,75380.1,20%,9%,423396.6,228634.16,2844393.86,25%,5.66,1.42,711098.46
1403,shaeed rajaii,China,56031410,133797,2102874,General Goods,10500,30,20069.55,20%,9%,420574.8,227110.39,2770628.74,25%,20.71,5.18,692657.18
1403,shaeed rajaii,China,72191300,892418,2093524,Iron & Steel Products,10500,30,133862.7,10%,9%,209352.4,207258.88,2643997.98,25%,2.96,0.74,660999.5
1403,shaeed rajaii,China,85219090,42518,2084144,Electrical Equipment,10500,30,6377.7,15%,9%,312621.6,215708.9,2618852.2,25%,61.59,15.4,654713.05
1403,shaeed rajaii,China,35069110,713467,2083027,General Goods,10500,30,107020.05,20%,9%,416605.4,224966.92,2831619.37,25%,3.97,0.99,707904.84
1403,shaeed rajaii,China,39181090,1319245,2082547,Plastics & Polymers,10500,30,197886.75,20%,9%,416509.4,224915.08,2921858.23,25%,2.21,0.55,730464.56
1403,shaeed rajaii,China,72052900,1487620,2077536,Iron & Steel Products,10500,30,223143,10%,9%,207753.6,205676.06,2714108.66,25%,1.82,0.46,678527.16
1403,shaeed rajaii,China,55033000,1094710,2063462,General Goods,10500,30,164206.5,20%,9%,412692.4,222853.9,2863214.8,25%,2.62,0.66,715803.7
1403,shaeed rajaii,China,29162000,306000,2053727,Organic Chemicals,10500,30,45900,15%,9%,308059.05,212560.74,2620246.79,25%,8.56,2.14,655061.7
1403,shaeed rajaii,China,29252990,164200,2049760,Organic Chemicals,10500,30,24630,15%,9%,307464,212150.16,2594004.16,25%,15.8,3.95,648501.04
1403,shaeed rajaii,China,84418000,330689,2049613,Industrial Machinery,10500,30,49603.35,15%,9%,307441.95,212134.95,2618793.25,25%,7.92,1.98,654698.31
1403,shaeed rajaii,China,98870431,329058,2044405,Vehicle/Chassis/Tractor Parts,10500,30,49358.7,40%,9%,817762,257595.03,3169120.73,25%,9.63,2.41,792280.18
1403,shaeed rajaii,China,85149000,137028,2039073,Electrical Equipment,10500,30,20554.2,15%,9%,305860.95,211044.06,2576532.21,25%,18.8,4.7,644133.05
1403,shaeed rajaii,China,39073020,1016500,2037571,Plastics & Polymers,10500,30,152475,20%,9%,407514.2,220057.67,2817617.87,25%,2.77,0.69,704404.47
1403,shaeed rajaii,China,83012000,106755,2035846,General Goods,10500,30,16013.25,20%,9%,407169.2,219871.37,2678899.82,25%,25.09,6.27,669724.95
1403,shaeed rajaii,China,48062000,759243,2034660,Paper & Paperboard,10500,30,113886.45,15%,9%,305199,210587.31,2664332.76,25%,3.51,0.88,666083.19
1403,shaeed rajaii,China,69039090,674792,2030809,General Goods,10500,30,101218.8,20%,9%,406161.8,219327.37,2757516.97,25%,4.09,1.02,689379.24
1403,shaeed rajaii,China,69029020,536838,2026685,General Goods,10500,30,80525.7,20%,9%,405337,218881.98,2731429.68,25%,5.09,1.27,682857.42
1403,shaeed rajaii,China,84829100,428657,2025651,Industrial Machinery,10500,30,64298.55,15%,9%,303847.65,209654.88,2603452.08,25%,6.07,1.52,650863.02
1403,shaeed rajaii,China,87089329,391952,2018483,Vehicle Parts & Accessories,10500,30,58792.8,25%,9%,504620.75,227079.34,2808975.89,25%,7.17,1.79,702243.97
1403,shaeed rajaii,China,90200000,87252,2014884,General Goods,10500,30,13087.8,20%,9%,402976.8,217607.47,2648556.07,25%,30.36,7.59,662139.02
1403,shaeed rajaii,China,29362210,89192,2007865,Organic Chemicals,10500,30,13378.8,15%,9%,301179.75,207814.03,2530237.58,25%,28.37,7.09,632559.4
1403,shaeed rajaii,China,90011090,44501,2006495,General Goods,10500,30,6675.15,20%,9%,401299,216701.46,2631170.61,25%,59.13,14.78,657792.65
1403,shaeed rajaii,China,72092600,2358457,2004019,Iron & Steel Products,10500,30,353768.55,10%,9%,200401.9,198397.88,2756587.33,25%,1.17,0.29,689146.83
1403,shaeed rajaii,China,82071300,359237,2002031,General Goods,10500,30,53885.55,20%,9%,400406.2,216219.35,2672542.1,25%,7.44,1.86,668135.52
1403,shaeed rajaii,China,85442000,223933,2000857,Electrical Equipment,10500,30,33589.95,15%,9%,300128.55,207088.7,2541664.2,25%,11.35,2.84,635416.05
1403,shaeed rajaii,China,84471100,162250,1992759,Industrial Machinery,10500,30,24337.5,15%,9%,298913.85,206250.56,2522260.91,25%,15.55,3.89,630565.23
1403,shaeed rajaii,China,85176260,2002,1989293,Telecom & Display Equipment,10500,30,300.3,15%,9%,298393.95,205891.83,2493879.08,25%,1245.69,311.42,623469.77
1403,shaeed rajaii,China,84818011,287052,1987988,Industrial Machinery,10500,30,43057.8,15%,9%,298198.2,205756.76,2535000.76,25%,8.83,2.21,633750.19
1403,shaeed rajaii,China,85444290,149267,1982575,Electrical Equipment,10500,30,22390.05,15%,9%,297386.25,205196.51,2507547.81,25%,16.8,4.2,626886.95
1403,shaeed rajaii,China,85176110,2088,1982496,Telecom & Display Equipment,10500,30,313.2,15%,9%,297374.4,205188.34,2485371.94,25%,1190.31,297.58,621342.98
1403,shaeed rajaii,China,39129000,376500,1980320,Plastics & Polymers,10500,30,56475,20%,9%,396064,213874.56,2646733.56,25%,7.03,1.76,661683.39
1403,shaeed rajaii,China,84841010,138350,1973382,Industrial Machinery,10500,30,20752.5,15%,9%,296007.3,204245.04,2494386.84,25%,18.03,4.51,623596.71
1403,shaeed rajaii,China,84632000,247222,1972141,Industrial Machinery,10500,30,37083.3,15%,9%,295821.15,204116.59,2509162.04,25%,10.15,2.54,627290.51
1403,shaeed rajaii,China,85366910,67604,1971257,Electrical Equipment,10500,30,10140.6,15%,9%,295688.55,204025.1,2481111.25,25%,36.7,9.18,620277.81
1403,shaeed rajaii,China,90322000,181942,1969695,General Goods,10500,30,27291.3,20%,9%,393939,212727.06,2603652.36,25%,14.31,3.58,650913.09
1403,shaeed rajaii,China,87089211,264454,1961323,Vehicle Parts & Accessories,10500,30,39668.1,25%,9%,490330.75,220648.84,2711970.69,25%,10.25,2.56,677992.67
1403,shaeed rajaii,China,29173990,1256950,1958428,Organic Chemicals,10500,30,188542.5,15%,9%,293764.2,202697.3,2643432,25%,2.1,0.52,660858
1403,shaeed rajaii,China,68053090,297513,1954795,General Goods,10500,30,44626.95,20%,9%,390959,211117.86,2601498.81,25%,8.74,2.18,650374.7
1403,shaeed rajaii,China,29072100,340850,1947169,Organic Chemicals,10500,30,51127.5,15%,9%,292075.35,201531.99,2491903.84,25%,7.31,1.83,622975.96
1403,shaeed rajaii,China,84836000,293965,1946575,Industrial Machinery,10500,30,44094.75,15%,9%,291986.25,201470.51,2484126.51,25%,8.45,2.11,621031.63
1403,shaeed rajaii,China,84482000,158932,1944016,Industrial Machinery,10500,30,23839.8,15%,9%,291602.4,201205.66,2460663.86,25%,15.48,3.87,615165.96
1403,shaeed rajaii,China,87059090,6600,1935684,General Goods,10500,30,990,20%,9%,387136.8,209053.87,2532864.67,25%,383.77,95.94,633216.17
1403,shaeed rajaii,China,69032020,873088,1933512,General Goods,10500,30,130963.2,20%,9%,386702.4,208819.3,2659996.9,25%,3.05,0.76,664999.22
1403,shaeed rajaii,China,84812090,103270,1928740,Industrial Machinery,10500,30,15490.5,15%,9%,289311,199624.59,2433166.09,25%,23.56,5.89,608291.52
1403,shaeed rajaii,China,85042200,350551,1927413,Electrical Equipment,10500,30,52582.65,15%,9%,289111.95,199487.25,2468594.85,25%,7.04,1.76,617148.71
1403,shaeed rajaii,China,48102200,785900,1926745,Paper & Paperboard,10500,30,117885,15%,9%,289011.75,199418.11,2533059.86,25%,3.22,0.8,633264.96
1403,shaeed rajaii,China,39211390,742508,1922217,Plastics & Polymers,10500,30,111376.2,20%,9%,384443.4,207599.44,2625636.04,25%,3.54,0.88,656409.01
1403,shaeed rajaii,China,90223000,4008,1921536,General Goods,10500,30,601.2,20%,9%,384307.2,207525.89,2513970.29,25%,627.24,156.81,628492.57
1403,shaeed rajaii,China,32064200,726175,1909898,General Goods,10500,30,108926.25,20%,9%,381979.6,206268.98,2607072.83,25%,3.59,0.9,651768.21
1403,shaeed rajaii,China,84612000,197514,1908550,Industrial Machinery,10500,30,29627.1,15%,9%,286282.5,197534.92,2421994.52,25%,12.26,3.06,605498.63
1403,shaeed rajaii,China,84361000,170470,1906986,Industrial Machinery,10500,30,25570.5,15%,9%,286047.9,197373.05,2415977.45,25%,14.17,3.54,603994.36
1403,shaeed rajaii,China,90183927,42703,1899104,General Goods,10500,30,6405.45,20%,9%,379820.8,205103.23,2490433.48,25%,58.32,14.58,622608.37
1403,shaeed rajaii,China,73079100,892689,1896122,Articles of Iron & Steel,10500,30,133903.35,10%,9%,189612.2,187716.08,2407353.63,25%,2.7,0.68,601838.41
1403,shaeed rajaii,China,35069190,870170,1891404,General Goods,10500,30,130525.5,20%,9%,378280.8,204271.63,2604481.93,25%,2.99,0.75,651120.48
1403,shaeed rajaii,China,72199000,569710,1889253,Iron & Steel Products,10500,30,85456.5,10%,9%,188925.3,187036.05,2350670.85,25%,4.13,1.03,587667.71
1403,shaeed rajaii,China,84829900,280433,1882057,Industrial Machinery,10500,30,42064.95,15%,9%,282308.55,194792.9,2401223.4,25%,8.56,2.14,600305.85
1403,shaeed rajaii,China,85076010,55967,1878617,Electrical Equipment,10500,30,8395.05,15%,9%,281792.55,194436.86,2363241.46,25%,42.23,10.56,590810.36
1403,shaeed rajaii,China,72284000,1267893,1877039,Iron & Steel Products,10500,30,190183.95,10%,9%,187703.9,185826.86,2440753.71,25%,1.93,0.48,610188.43
1403,shaeed rajaii,China,29349990,95470,1876509,Organic Chemicals,10500,30,14320.5,15%,9%,281476.35,194218.68,2366524.53,25%,24.79,6.2,591631.13
1403,shaeed rajaii,China,85015290,513048,1874577,Electrical Equipment,10500,30,76957.2,15%,9%,281186.55,194018.72,2426739.47,25%,4.73,1.18,606684.87
1403,shaeed rajaii,China,87084050,97924,1871512,Vehicle Parts & Accessories,10500,30,14688.6,25%,9%,467878,210545.1,2564623.7,25%,26.19,6.55,641155.93
1403,shaeed rajaii,China,29419040,15300,1866033,Organic Chemicals,10500,30,2295,15%,9%,279904.95,193134.42,2341367.37,25%,153.03,38.26,585341.84
1403,shaeed rajaii,China,76051900,358758,1862834,General Goods,10500,30,53813.7,20%,9%,372566.8,201186.07,2490400.57,25%,6.94,1.74,622600.14
1403,shaeed rajaii,China,84522100,181768,1858174,Industrial Machinery,10500,30,27265.2,15%,9%,278726.1,192321.01,2356486.31,25%,12.96,3.24,589121.58
1403,shaeed rajaii,China,72299030,1792832,1856233,Iron & Steel Products,10500,30,268924.8,10%,9%,185623.3,183767.07,2494548.17,25%,1.39,0.35,623637.04
1403,shaeed rajaii,China,75061000,65036,1855113,General Goods,10500,30,9755.4,20%,9%,371022.6,200352.2,2436243.2,25%,37.46,9.36,609060.8
1403,shaeed rajaii,China,84831090,340029,1850254,Industrial Machinery,10500,30,51004.35,15%,9%,277538.1,191501.29,2370297.74,25%,6.97,1.74,592574.44
1403,shaeed rajaii,China,83024290,1033588,1847138,General Goods,10500,30,155038.2,20%,9%,369427.6,199490.9,2571094.7,25%,2.49,0.62,642773.68
1403,shaeed rajaii,China,84629000,150578,1846882,Industrial Machinery,10500,30,22586.7,15%,9%,277032.3,191152.29,2337653.29,25%,15.52,3.88,584413.32
1403,shaeed rajaii,China,85011090,161863,1842806,Electrical Equipment,10500,30,24279.45,15%,9%,276420.9,190730.42,2334236.77,25%,14.42,3.6,583559.19
1403,shaeed rajaii,China,81041100,559335,1841164,General Goods,10500,30,83900.25,20%,9%,368232.8,198845.71,2492142.76,25%,4.46,1.12,623035.69
1403,shaeed rajaii,China,72259900,1073475,1832825,Iron & Steel Products,10500,30,161021.25,10%,9%,183282.5,181449.68,2358578.43,25%,2.2,0.55,589644.61
1403,shaeed rajaii,China,84303120,273097,1828708,Industrial Machinery,10500,30,40964.55,15%,9%,274306.2,189271.28,2333250.03,25%,8.54,2.13,583312.51
1403,shaeed rajaii,China,85371050,16589,1825578,Electrical Equipment,10500,30,2488.35,15%,9%,273836.7,188947.32,2290850.37,25%,138.09,34.52,572712.59
1403,shaeed rajaii,China,85068010,567642,1824505,Electrical Equipment,10500,30,85146.3,15%,9%,273675.75,188836.27,2372163.32,25%,4.18,1.04,593040.83
1403,shaeed rajaii,China,73249000,396737,1823404,Articles of Iron & Steel,10500,30,59510.55,10%,9%,182340.4,180517,2245771.95,25%,5.66,1.42,561442.99
1403,shaeed rajaii,China,73072300,334167,1822667,Articles of Iron & Steel,10500,30,50125.05,10%,9%,182266.7,180444.03,2235502.78,25%,6.69,1.67,558875.69
1403,shaeed rajaii,China,85389090,37800,1820765,Electrical Equipment,10500,30,5670,15%,9%,273114.75,188449.18,2287998.93,25%,60.53,15.13,571999.73
1403,shaeed rajaii,China,85176120,20805,1820361,Telecom & Display Equipment,10500,30,3120.75,15%,9%,273054.15,188407.36,2284943.26,25%,109.83,27.46,571235.81
1403,shaeed rajaii,China,40169920,136210,1818929,Rubber & Tires,10500,30,20431.5,20%,9%,363785.8,196444.33,2399590.63,25%,17.62,4.4,599897.66
1403,shaeed rajaii,China,29213090,430700,1817312,Organic Chemicals,10500,30,64605,15%,9%,272596.8,188091.79,2342605.59,25%,5.44,1.36,585651.4
1403,shaeed rajaii,China,26140000,892822,1807448,General Goods,10500,30,133923.3,20%,9%,361489.6,195204.38,2498065.28,25%,2.8,0.7,624516.32
1403,shaeed rajaii,China,76069190,486242,1790478,General Goods,10500,30,72936.3,20%,9%,358095.6,193371.62,2414881.52,25%,4.97,1.24,603720.38
1403,shaeed rajaii,China,39169090,565243,1790411,Plastics & Polymers,10500,30,84786.45,20%,9%,358082.2,193364.39,2426644.04,25%,4.29,1.07,606661.01
1403,shaeed rajaii,China,29181600,1667280,1787353,Organic Chemicals,10500,30,250092,15%,9%,268102.95,184991.04,2490538.99,25%,1.49,0.37,622634.75
1403,shaeed rajaii,China,84223000,127205,1787189,Industrial Machinery,10500,30,19080.75,15%,9%,268078.35,184974.06,2259322.16,25%,17.76,4.44,564830.54
1403,shaeed rajaii,China,40021900,631630,1784293,Rubber & Tires,10500,30,94744.5,20%,9%,356858.6,192703.64,2428599.74,25%,3.84,0.96,607149.94
1403,shaeed rajaii,China,29054200,1142500,1780897,Organic Chemicals,10500,30,171375,15%,9%,267134.55,184322.84,2403729.39,25%,2.1,0.52,600932.35
1403,shaeed rajaii,China,29199000,916750,1778111,Organic Chemicals,10500,30,137512.5,15%,9%,266716.65,184034.49,2366374.64,25%,2.58,0.64,591593.66
1403,shaeed rajaii,China,29333990,26485,1772230,Organic Chemicals,10500,30,3972.75,15%,9%,265834.5,183425.8,2225463.05,25%,84.03,21.01,556365.76
1403,shaeed rajaii,China,29321100,900720,1770412,Organic Chemicals,10500,30,135108,15%,9%,265561.8,183237.64,2354319.44,25%,2.61,0.65,588579.86
1403,shaeed rajaii,China,84139200,436865,1769384,Industrial Machinery,10500,30,65529.75,15%,9%,265407.6,183131.24,2283452.59,25%,5.23,1.31,570863.15
1403,shaeed rajaii,China,60012200,513234,2022711,General Goods,10500,30,76985.1,20%,9%,404542.2,218452.79,2722691.09,25%,5.3,1.32,680672.77
1403,shaeed rajaii,China,25233000,2312050,1763178,General Goods,10500,30,346807.5,20%,9%,352635.6,190423.22,2653044.32,25%,1.15,0.29,663261.08
1403,shaeed rajaii,China,38089322,199849,1762181,Chemical Products,10500,30,29977.35,15%,9%,264327.15,182385.73,2238871.23,25%,11.2,2.8,559717.81
1403,shaeed rajaii,China,38089990,543129,1754936,Chemical Products,10500,30,81469.35,15%,9%,263240.4,181635.88,2281281.63,25%,4.2,1.05,570320.41
1403,shaeed rajaii,China,84431700,279145,1754454,Industrial Machinery,10500,30,41871.75,15%,9%,263168.1,181585.99,2241079.84,25%,8.03,2.01,560269.96
1403,shaeed rajaii,China,84323110,100083,1746165,Industrial Machinery,10500,30,15012.45,15%,9%,261924.75,180728.08,2203830.28,25%,22.02,5.5,550957.57
1403,shaeed rajaii,China,90183210,230507,1745833,General Goods,10500,30,34576.05,20%,9%,349166.6,188549.96,2318125.61,25%,10.06,2.52,579531.4
1403,shaeed rajaii,China,32071020,183295,1744988,General Goods,10500,30,27494.25,20%,9%,348997.6,188458.7,2309938.55,25%,12.6,3.15,577484.64
1403,shaeed rajaii,China,90319000,42581,1741479,General Goods,10500,30,6387.15,20%,9%,348295.8,188079.73,2284241.68,25%,53.64,13.41,571060.42
1403,shaeed rajaii,China,54023100,644224,1740376,General Goods,10500,30,96633.6,20%,9%,348075.2,187960.61,2373045.41,25%,3.68,0.92,593261.35
1403,shaeed rajaii,China,90183290,58920,1726385,General Goods,10500,30,8838,20%,9%,345277,186449.58,2266949.58,25%,38.48,9.62,566737.4
1403,shaeed rajaii,China,84603990,45626,1723167,Industrial Machinery,10500,30,6843.9,15%,9%,258475.05,178347.78,2166833.73,25%,47.49,11.87,541708.43
1403,shaeed rajaii,China,27121090,858350,1720857,Mineral Fuels & Oils,10500,30,128752.5,5%,9%,86042.85,162620.99,2098273.34,25%,2.44,0.61,524568.34
1403,shaeed rajaii,China,39094020,884130,1720004,Plastics & Polymers,10500,30,132619.5,20%,9%,344000.8,185760.43,2382384.73,25%,2.69,0.67,595596.18
1403,shaeed rajaii,China,75062000,44053,1716694,General Goods,10500,30,6607.95,20%,9%,343338.8,185402.95,2252043.7,25%,51.12,12.78,563010.93
1403,shaeed rajaii,China,29362820,137500,1713961,Organic Chemicals,10500,30,20625,15%,9%,257094.15,177394.96,2169075.11,25%,15.78,3.94,542268.78
1403,shaeed rajaii,China,84626100,492977,1713300,Industrial Machinery,10500,30,73946.55,15%,9%,256995,177326.55,2221568.1,25%,4.51,1.13,555392.02
1403,shaeed rajaii,China,83089000,496967,1712409,General Goods,10500,30,74545.05,20%,9%,342481.8,184940.17,2314376.02,25%,4.66,1.16,578594
1403,shaeed rajaii,China,38089321,249258,1711965,Chemical Products,10500,30,37388.7,15%,9%,256794.75,177188.38,2183336.83,25%,8.76,2.19,545834.21
1403,shaeed rajaii,China,83022000,483116,1711926,General Goods,10500,30,72467.4,20%,9%,342385.2,184888.01,2311666.61,25%,4.78,1.2,577916.65
1403,shaeed rajaii,China,82075090,215370,1705426,General Goods,10500,30,32305.5,20%,9%,341085.2,184186.01,2263002.71,25%,10.51,2.63,565750.68
1403,shaeed rajaii,China,38160090,1296383,1699169,Chemical Products,10500,30,194457.45,15%,9%,254875.35,175863.99,2324365.79,25%,1.79,0.45,581091.45
1403,shaeed rajaii,China,39092090,1005300,1697449,Plastics & Polymers,10500,30,150795,20%,9%,339489.8,183324.49,2371058.29,25%,2.36,0.59,592764.57
1403,shaeed rajaii,China,29159090,193880,1691267,Organic Chemicals,10500,30,29082,15%,9%,253690.05,175046.13,2149085.18,25%,11.08,2.77,537271.3
1403,shaeed rajaii,China,82071900,210533,1691246,General Goods,10500,30,31579.95,20%,9%,338249.2,182654.57,2243729.72,25%,10.66,2.66,560932.43
1403,shaeed rajaii,China,84814000,79149,1686738,Industrial Machinery,10500,30,11872.35,15%,9%,253010.7,174577.38,2126198.43,25%,26.86,6.72,531549.61
1403,shaeed rajaii,China,84138120,111863,1677062,Industrial Machinery,10500,30,16779.45,15%,9%,251559.3,173575.92,2118976.67,25%,18.94,4.74,529744.17
1403,shaeed rajaii,China,29362400,105080,1676307,Organic Chemicals,10500,30,15762,15%,9%,251446.05,173497.77,2117012.82,25%,20.15,5.04,529253.2
1403,shaeed rajaii,China,85399090,141045,1676195,Electrical Equipment,10500,30,21156.75,15%,9%,251429.25,173486.18,2122267.18,25%,15.05,3.76,530566.8
1403,shaeed rajaii,China,84179000,257625,1666595,Industrial Machinery,10500,30,38643.75,15%,9%,249989.25,172492.58,2127720.58,25%,8.26,2.06,531930.14
1403,shaeed rajaii,China,84718010,11185,1665869,Industrial Machinery,10500,30,1677.75,15%,9%,249880.35,172417.44,2089844.54,25%,186.84,46.71,522461.14
1403,shaeed rajaii,China,27081000,1903800,1662118,Mineral Fuels & Oils,10500,30,285570,5%,9%,83105.9,157070.15,2187864.05,25%,1.15,0.29,546966.01
1403,shaeed rajaii,China,51052900,133221,1656789,General Goods,10500,30,19983.15,20%,9%,331357.8,178933.21,2187063.16,25%,16.42,4.11,546765.79
1403,shaeed rajaii,China,84135020,255583,1653511,Industrial Machinery,10500,30,38337.45,15%,9%,248026.65,171138.39,2111013.49,25%,8.26,2.06,527753.37
1403,shaeed rajaii,China,83071090,245174,1652181,General Goods,10500,30,36776.1,20%,9%,330436.2,178435.55,2197828.85,25%,8.96,2.24,549457.21
1403,shaeed rajaii,China,85334090,73151,1650418,Electrical Equipment,10500,30,10972.65,15%,9%,247562.7,170818.26,2079771.61,25%,28.43,7.11,519942.9
1403,shaeed rajaii,China,73121090,702101,1645736,Articles of Iron & Steel,10500,30,105315.15,10%,9%,164573.6,162927.86,2078552.61,25%,2.96,0.74,519638.15
1403,shaeed rajaii,China,25309090,1103380,1645046,General Goods,10500,30,165507,20%,9%,329009.2,177664.97,2317227.17,25%,2.1,0.52,579306.79
1403,shaeed rajaii,China,84798100,122857,1643117,Machines & Mechanical Appliances,10500,30,18428.55,15%,9%,246467.55,170062.61,2078075.71,25%,16.91,4.23,519518.93
1403,shaeed rajaii,China,84143019,357379,1642764,Compressors & Pumps,10500,30,53606.85,15%,9%,246414.6,170026.07,2112811.52,25%,5.91,1.48,528202.88
1403,shaeed rajaii,China,87089110,155133,1640503,Vehicle Parts & Accessories,10500,30,23269.95,25%,9%,410125.75,184556.59,2258455.29,25%,14.56,3.64,564613.82
1403,shaeed rajaii,China,39263000,166507,1639542,Plastics & Polymers,10500,30,24976.05,20%,9%,327908.4,177070.54,2169496.99,25%,13.03,3.26,542374.25
1403,shaeed rajaii,China,85013400,101871,1638131,Electrical Equipment,10500,30,15280.65,15%,9%,245719.65,169546.56,2068677.86,25%,20.31,5.08,517169.46
1403,shaeed rajaii,China,84631000,244702,1636215,Industrial Machinery,10500,30,36705.3,15%,9%,245432.25,169348.25,2087700.8,25%,8.53,2.13,521925.2
1403,shaeed rajaii,China,40012900,1012250,1632120,Rubber & Tires,10500,30,151837.5,20%,9%,326424,176268.96,2286650.46,25%,2.26,0.56,571662.62
1403,shaeed rajaii,China,98843320,380172,1627686,Vehicle/Chassis/Tractor Parts,10500,30,57025.8,40%,9%,651074.4,205088.44,2540874.64,25%,6.68,1.67,635218.66
1403,shaeed rajaii,China,29329990,225255,1624943,Organic Chemicals,10500,30,33788.25,15%,9%,243741.45,168181.6,2070654.3,25%,9.19,2.3,517663.58
1403,shaeed rajaii,China,29332990,149090,1621970,Organic Chemicals,10500,30,22363.5,15%,9%,243295.5,167873.9,2055502.9,25%,13.79,3.45,513875.72
1403,shaeed rajaii,China,39079922,684200,1621044,Plastics & Polymers,10500,30,102630,20%,9%,324208.8,175072.75,2222955.55,25%,3.25,0.81,555738.89
1403,shaeed rajaii,China,38231900,682600,1619758,Chemical Products,10500,30,102390,15%,9%,242963.7,167644.95,2132756.65,25%,3.12,0.78,533189.16
1403,shaeed rajaii,China,32064990,246421,1615778,General Goods,10500,30,36963.15,20%,9%,323155.6,174504.02,2150400.77,25%,8.73,2.18,537600.19
1403,shaeed rajaii,China,84624900,211920,1611113,Industrial Machinery,10500,30,31788,15%,9%,241666.95,166750.2,2051318.15,25%,9.68,2.42,512829.54
1403,shaeed rajaii,China,85073000,160619,1598992,Electrical Equipment,10500,30,24092.85,15%,9%,239848.8,165495.67,2028429.32,25%,12.63,3.16,507107.33
1403,shaeed rajaii,China,84336090,59208,1598825,Industrial Machinery,10500,30,8881.2,15%,9%,239823.75,165478.39,2013008.34,25%,34,8.5,503252.08
1403,shaeed rajaii,China,84662000,320072,1598823,Industrial Machinery,10500,30,48010.8,15%,9%,239823.45,165478.18,2052135.43,25%,6.41,1.6,513033.86
1403,shaeed rajaii,China,85279100,307278,1594068,Electrical Equipment,10500,30,46091.7,15%,9%,239110.2,164986.04,2044255.94,25%,6.65,1.66,511063.98
1403,shaeed rajaii,China,84213920,32479,1593763,Industrial Machinery,10500,30,4871.85,15%,9%,239064.45,164954.47,2002653.77,25%,61.66,15.42,500663.44
1403,shaeed rajaii,China,23099030,551070,1590126,General Goods,10500,30,82660.5,20%,9%,318025.2,171733.61,2162545.31,25%,3.92,0.98,540636.33
1403,shaeed rajaii,China,59039090,421215,1587323,General Goods,10500,30,63182.25,20%,9%,317464.6,171430.88,2139400.73,25%,5.08,1.27,534850.18
1403,shaeed rajaii,China,39219099,428838,1586244,Plastics & Polymers,10500,30,64325.7,20%,9%,317248.8,171314.35,2139132.85,25%,4.99,1.25,534783.21
1403,shaeed rajaii,China,84813000,47935,1585125,Industrial Machinery,10500,30,7190.25,15%,9%,237768.75,164060.44,1994144.44,25%,41.6,10.4,498536.11
1403,shaeed rajaii,China,84669400,201424,1579235,Industrial Machinery,10500,30,30213.6,15%,9%,236885.25,163450.82,2009784.67,25%,9.98,2.5,502446.17
1403,shaeed rajaii,China,85322510,29655,1578152,Electrical Equipment,10500,30,4448.25,15%,9%,236722.8,163338.73,1982661.78,25%,66.86,16.72,495665.44
1403,shaeed rajaii,China,29362810,76670,1577452,Organic Chemicals,10500,30,11500.5,15%,9%,236617.8,163266.28,1988836.58,25%,25.94,6.48,497209.14
1403,shaeed rajaii,China,84295229,370570,1576547,Industrial Machinery,10500,30,55585.5,15%,9%,236482.05,163172.61,2031787.16,25%,5.48,1.37,507946.79
1403,shaeed rajaii,China,32041990,836497,1572163,General Goods,10500,30,125474.55,20%,9%,314432.6,169793.6,2181863.75,25%,2.61,0.65,545465.94
1403,shaeed rajaii,China,84212190,300869,1569176,Industrial Machinery,10500,30,45130.35,15%,9%,235376.4,162409.72,2012092.47,25%,6.69,1.67,503023.12
1403,shaeed rajaii,China,84029000,434461,1567319,Industrial Machinery,10500,30,65169.15,15%,9%,235097.85,162217.52,2029803.52,25%,4.67,1.17,507450.88
1403,shaeed rajaii,China,58013600,321712,1566095,General Goods,10500,30,48256.8,20%,9%,313219,169138.26,2096709.06,25%,6.52,1.63,524177.26
1403,shaeed rajaii,China,39233090,144203,1561737,Plastics & Polymers,10500,30,21630.45,20%,9%,312347.4,168667.6,2064382.45,25%,14.32,3.58,516095.61
1403,shaeed rajaii,China,84073220,114960,1560505,Industrial Machinery,10500,30,17244,15%,9%,234075.75,161512.27,1973337.02,25%,17.17,4.29,493334.26
1403,shaeed rajaii,China,29212990,353700,1560106,Organic Chemicals,10500,30,53055,15%,9%,234015.9,161470.97,2008647.87,25%,5.68,1.42,502161.97
1403,shaeed rajaii,China,84244990,419722,1556274,Industrial Machinery,10500,30,62958.3,15%,9%,233441.1,161074.36,2013747.76,25%,4.8,1.2,503436.94
1403,shaeed rajaii,China,90191050,145766,1555533,General Goods,10500,30,21864.9,20%,9%,311106.6,167997.56,2056502.06,25%,14.11,3.53,514125.52
1403,shaeed rajaii,China,29369000,33860,1555179,Organic Chemicals,10500,30,5079,15%,9%,233276.85,160961.03,1954495.88,25%,57.72,14.43,488623.97
1403,shaeed rajaii,China,84659600,46135,1551665,Industrial Machinery,10500,30,6920.25,15%,9%,232749.75,160597.33,1951932.33,25%,42.31,10.58,487983.08
1403,shaeed rajaii,China,87089411,105097,1547894,Vehicle Parts & Accessories,10500,30,15764.55,25%,9%,386973.5,174138.08,2124770.13,25%,20.22,5.06,531192.53
1403,shaeed rajaii,China,28366000,1778000,1545187,General Goods,10500,30,266700,20%,9%,309037.4,166880.2,2287804.6,25%,1.29,0.32,571951.15
1403,shaeed rajaii,China,94019990,454145,1542298,General Goods,10500,30,68121.75,20%,9%,308459.6,166568.18,2085447.53,25%,4.59,1.15,521361.88
1403,shaeed rajaii,China,54021910,575367,1538309,General Goods,10500,30,86305.05,20%,9%,307661.8,166137.37,2098413.22,25%,3.65,0.91,524603.31
1403,shaeed rajaii,China,81041900,334000,1538275,General Goods,10500,30,50100,20%,9%,307655,166133.7,2062163.7,25%,6.17,1.54,515540.92
1403,shaeed rajaii,China,56031319,233594,1532348,General Goods,10500,30,35039.1,20%,9%,306469.6,165493.58,2039350.28,25%,8.73,2.18,509837.57
1403,shaeed rajaii,China,96071900,606172,1531066,General Goods,10500,30,90925.8,20%,9%,306213.2,165355.13,2093560.13,25%,3.45,0.86,523390.03
1403,shaeed rajaii,China,28332790,2480100,1526199,General Goods,10500,30,372015,20%,9%,305239.8,164829.49,2368283.29,25%,0.95,0.24,592070.82
1403,shaeed rajaii,China,84249000,257118,1520915,Industrial Machinery,10500,30,38567.7,15%,9%,228137.25,157414.7,1945034.65,25%,7.56,1.89,486258.66
1403,shaeed rajaii,China,34024210,788200,1520889,General Goods,10500,30,118230,20%,9%,304177.8,164256.01,2107552.81,25%,2.67,0.67,526888.2
1403,shaeed rajaii,China,84798200,136312,1511229,Machines & Mechanical Appliances,10500,30,20446.8,15%,9%,226684.35,156412.2,1914772.35,25%,14.05,3.51,478693.09
1403,shaeed rajaii,China,85291030,45398,1510001,Electrical Equipment,10500,30,6809.7,15%,9%,226500.15,156285.1,1899595.95,25%,41.84,10.46,474898.99
1403,shaeed rajaii,China,73023090,696446,1507451,Articles of Iron & Steel,10500,30,104466.9,10%,9%,150745.1,149237.65,1911900.65,25%,2.75,0.69,477975.16
1403,shaeed rajaii,China,32041690,357930,1506914,General Goods,10500,30,53689.5,20%,9%,301382.8,162746.71,2024733.01,25%,5.66,1.42,506183.25
1403,shaeed rajaii,China,87139000,101420,1502197,General Goods,10500,30,15213,20%,9%,300439.4,162237.28,1980086.68,25%,19.52,4.88,495021.67
1403,shaeed rajaii,China,38099100,681582,1501790,Chemical Products,10500,30,102237.3,15%,9%,225268.5,155435.26,1984731.06,25%,2.91,0.73,496182.76
1403,shaeed rajaii,China,29419020,57500,1499553,Organic Chemicals,10500,30,8625,15%,9%,224932.95,155203.74,1888314.69,25%,32.84,8.21,472078.67
1403,shaeed rajaii,China,32041310,187722,1489632,General Goods,10500,30,28158.3,20%,9%,297926.4,160880.26,1976596.96,25%,10.53,2.63,494149.24
1403,shaeed rajaii,China,85164000,167042,1485427,Electrical Equipment,10500,30,25056.3,15%,9%,222814.05,153741.69,1887039.04,25%,11.3,2.82,471759.76
1403,shaeed rajaii,China,85114010,152823,1478877,Electrical Equipment,10500,30,22923.45,15%,9%,221831.55,153063.77,1876695.77,25%,12.28,3.07,469173.94
1403,shaeed rajaii,China,84399100,156479,1478347,Industrial Machinery,10500,30,23471.85,15%,9%,221752.05,153008.91,1876579.81,25%,11.99,3,469144.95
1403,shaeed rajaii,China,32159090,306568,1472850,General Goods,10500,30,45985.2,20%,9%,294570,159067.8,1972473,25%,6.43,1.61,493118.25
1403,shaeed rajaii,China,73261900,236513,1470589,Articles of Iron & Steel,10500,30,35476.95,10%,9%,147058.9,145588.31,1798713.16,25%,7.61,1.9,449678.29
1403,shaeed rajaii,China,38123990,454468,1465433,Chemical Products,10500,30,68170.2,15%,9%,219814.95,151672.32,1905090.47,25%,4.19,1.05,476272.62
1403,shaeed rajaii,China,84716010,127998,1465149,Industrial Machinery,10500,30,19199.7,15%,9%,219772.35,151642.92,1855763.97,25%,14.5,3.62,463940.99
1403,shaeed rajaii,China,84304190,155798,1464479,Industrial Machinery,10500,30,23369.7,15%,9%,219671.85,151573.58,1859094.13,25%,11.93,2.98,464773.53
1403,shaeed rajaii,China,84313900,446359,1462709,Industrial Machinery,10500,30,66953.85,15%,9%,219406.35,151390.38,1900459.58,25%,4.26,1.06,475114.9
1403,shaeed rajaii,China,96092010,223854,1460957,General Goods,10500,30,33578.1,20%,9%,292191.4,157783.36,1944509.86,25%,8.69,2.17,486127.46
1403,shaeed rajaii,China,29291010,680000,1459819,Organic Chemicals,10500,30,102000,15%,9%,218972.85,151091.27,1931883.12,25%,2.84,0.71,482970.78
1403,shaeed rajaii,China,28311000,1267500,1458372,General Goods,10500,30,190125,20%,9%,291674.4,157504.18,2097675.58,25%,1.65,0.41,524418.9
1403,shaeed rajaii,China,68138910,87808,1456725,General Goods,10500,30,13171.2,20%,9%,291345,157326.3,1918567.5,25%,21.85,5.46,479641.88
1403,shaeed rajaii,China,85143900,225124,1453452,Electrical Equipment,10500,30,33768.6,15%,9%,218017.8,150432.28,1855670.68,25%,8.24,2.06,463917.67
1403,shaeed rajaii,China,29212190,574571,1451195,Organic Chemicals,10500,30,86185.65,15%,9%,217679.25,150198.68,1905258.58,25%,3.32,0.83,476314.64
1403,shaeed rajaii,China,84819090,50279,1448964,Industrial Machinery,10500,30,7541.85,15%,9%,217344.6,149967.77,1823818.22,25%,36.27,9.07,455954.56
1403,shaeed rajaii,China,28299090,808000,1442422,General Goods,10500,30,121200,20%,9%,288484.4,155781.58,2007887.98,25%,2.49,0.62,501972
1403,shaeed rajaii,China,84254200,501102,1442342,Industrial Machinery,10500,30,75165.3,15%,9%,216351.3,149282.4,1883141,25%,3.76,0.94,470785.25
1403,shaeed rajaii,China,29189920,36000,1441592,Organic Chemicals,10500,30,5400,15%,9%,216238.8,149204.77,1812435.57,25%,50.35,12.59,453108.89
1403,shaeed rajaii,China,35061010,546120,1440044,General Goods,10500,30,81918,20%,9%,288008.8,155524.75,1965495.55,25%,3.6,0.9,491373.89
1403,shaeed rajaii,China,39042200,517108,1433026,Plastics & Polymers,10500,30,77566.2,20%,9%,286605.2,154766.81,1951964.21,25%,3.77,0.94,487991.05
1403,shaeed rajaii,China,28273990,713100,1431195,General Goods,10500,30,106965,20%,9%,286239,154569.06,1978968.06,25%,2.78,0.7,494742.02
1403,shaeed rajaii,China,28369900,2557500,1426221,General Goods,10500,30,383625,20%,9%,285244.2,154031.87,2249122.07,25%,0.88,0.22,562280.52
1403,shaeed rajaii,China,29224290,930000,1425456,Organic Chemicals,10500,30,139500,15%,9%,213818.4,147534.7,1926309.1,25%,2.07,0.52,481577.28
1403,shaeed rajaii,China,39209990,295671,1424717,Plastics & Polymers,10500,30,44350.65,20%,9%,284943.4,153869.44,1907880.49,25%,6.45,1.61,476970.12
1403,shaeed rajaii,China,29242990,76560,1420361,Organic Chemicals,10500,30,11484,15%,9%,213054.15,147007.36,1791906.51,25%,23.41,5.85,447976.63
1403,shaeed rajaii,China,84733010,330354,1419658,Industrial Machinery,10500,30,49553.1,15%,9%,212948.7,146934.6,1829094.4,25%,5.54,1.38,457273.6
1403,shaeed rajaii,China,70023900,1256712,1419479,General Goods,10500,30,188506.8,20%,9%,283895.8,153303.73,2045185.33,25%,1.63,0.41,511296.33
1403,shaeed rajaii,China,32089030,402020,1419439,General Goods,10500,30,60303,20%,9%,283887.8,153299.41,1916929.21,25%,4.77,1.19,479232.3
1403,shaeed rajaii,China,28252000,52000,1418724,General Goods,10500,30,7800,20%,9%,283744.8,153222.19,1863490.99,25%,35.84,8.96,465872.75
1403,shaeed rajaii,China,38122090,382416,1412041,Chemical Products,10500,30,57362.4,15%,9%,211806.15,146146.24,1827355.79,25%,4.78,1.2,456838.95
1403,shaeed rajaii,China,29280090,397575,1409176,Organic Chemicals,10500,30,59636.25,15%,9%,211376.4,145849.72,1826038.37,25%,4.59,1.15,456509.59
1403,shaeed rajaii,China,39033000,612700,1404655,Plastics & Polymers,10500,30,91905,20%,9%,280931,151702.74,1929193.74,25%,3.15,0.79,482298.44
1403,shaeed rajaii,China,39069010,519245,1395821,Plastics & Polymers,10500,30,77886.75,20%,9%,279164.2,150748.67,1903620.62,25%,3.67,0.92,475905.16
1403,shaeed rajaii,China,85366990,60834,1393223,Electrical Equipment,10500,30,9125.1,15%,9%,208983.45,144198.58,1755530.13,25%,28.86,7.22,438882.53
1403,shaeed rajaii,China,85258920,3684,1392185,Electrical Equipment,10500,30,552.6,15%,9%,208827.75,144091.15,1745656.5,25%,473.85,118.46,436414.12
1403,shaeed rajaii,China,28273200,2855095,1385501,General Goods,10500,30,428264.25,20%,9%,277100.2,149634.11,2240499.56,25%,0.78,0.2,560124.89
1403,shaeed rajaii,China,84832000,325900,1384359,Industrial Machinery,10500,30,48885,15%,9%,207653.85,143281.16,1784179.01,25%,5.47,1.37,446044.75
1403,shaeed rajaii,China,21069090,275538,1384028,General Goods,10500,30,41330.7,20%,9%,276805.6,149475.02,1851639.32,25%,6.72,1.68,462909.83
1403,shaeed rajaii,China,28539010,405299,1376637,General Goods,10500,30,60794.85,20%,9%,275327.4,148676.8,1861436.05,25%,4.59,1.15,465359.01
1403,shaeed rajaii,China,72164010,1934646,1376263,Iron & Steel Products,10500,30,290196.9,10%,9%,137626.3,136250.04,1940336.24,25%,1,0.25,485084.06
1403,shaeed rajaii,China,85176220,16789,1375846,Telecom & Display Equipment,10500,30,2518.35,15%,9%,206376.9,142400.06,1727141.31,25%,102.87,25.72,431785.33
1403,shaeed rajaii,China,84452000,188926,1370002,Industrial Machinery,10500,30,28338.9,15%,9%,205500.3,141795.21,1745636.41,25%,9.24,2.31,436409.1
1403,shaeed rajaii,China,84563000,210553,1361265,Industrial Machinery,10500,30,31582.95,15%,9%,204189.75,140890.93,1737928.63,25%,8.25,2.06,434482.16
1403,shaeed rajaii,China,85452000,36940,1353397,Electrical Equipment,10500,30,5541,15%,9%,203009.55,140076.59,1702024.14,25%,46.08,11.52,425506.04
1403,shaeed rajaii,China,59119090,167112,1352277,General Goods,10500,30,25066.8,20%,9%,270455.4,146045.92,1793845.12,25%,10.73,2.68,448461.28
1403,shaeed rajaii,China,54075100,262166,1341072,General Goods,10500,30,39324.9,20%,9%,268214.4,144835.78,1793447.08,25%,6.84,1.71,448361.77
1403,shaeed rajaii,China,39202030,201912,1340330,Plastics & Polymers,10500,30,30286.8,20%,9%,268066,144755.64,1783438.44,25%,8.83,2.21,445859.61
1403,shaeed rajaii,China,28261200,1000000,1340003,General Goods,10500,30,150000,20%,9%,268000.6,144720.32,1902723.92,25%,1.9,0.48,475680.98
1403,shaeed rajaii,China,55101200,431450,1337380,General Goods,10500,30,64717.5,20%,9%,267476,144437.04,1814010.54,25%,4.2,1.05,453502.64
1403,shaeed rajaii,China,84678990,260543,1336551,Industrial Machinery,10500,30,39081.45,15%,9%,200482.65,138333.03,1714448.13,25%,6.58,1.64,428612.03
1403,shaeed rajaii,China,87071010,148171,1333723,General Goods,10500,30,22225.65,20%,9%,266744.6,144042.08,1766735.33,25%,11.92,2.98,441683.83
1403,shaeed rajaii,China,59069900,616170,1329230,General Goods,10500,30,92425.5,20%,9%,265846,143556.84,1831058.34,25%,2.97,0.74,457764.58
1403,shaeed rajaii,China,30051020,223593,1326085,General Goods,10500,30,33538.95,20%,9%,265217,143217.18,1768058.13,25%,7.91,1.98,442014.53
1403,shaeed rajaii,China,84431990,99114,1324938,Industrial Machinery,10500,30,14867.1,15%,9%,198740.7,137131.08,1675676.88,25%,16.91,4.23,418919.22
1403,shaeed rajaii,China,39173300,267363,1322647,Plastics & Polymers,10500,30,40104.45,20%,9%,264529.4,142845.88,1770126.73,25%,6.62,1.66,442531.68
1403,shaeed rajaii,China,96084000,99543,1321904,General Goods,10500,30,14931.45,20%,9%,264380.8,142765.63,1743981.88,25%,17.52,4.38,435995.47
1403,shaeed rajaii,China,84253190,304222,1321542,Industrial Machinery,10500,30,45633.3,15%,9%,198231.3,136779.6,1702186.2,25%,5.6,1.4,425546.55
1403,shaeed rajaii,China,72023000,1484560,1319789,Iron & Steel Products,10500,30,222684,10%,9%,131978.9,130659.11,1805111.01,25%,1.22,0.3,451277.75
1403,shaeed rajaii,China,90183910,52542,1318793,General Goods,10500,30,7881.3,20%,9%,263758.6,142429.64,1732862.54,25%,32.98,8.24,433215.64
1403,shaeed rajaii,China,98870313,170037,1315976,Vehicle/Chassis/Tractor Parts,10500,30,25505.55,40%,9%,526390.4,165812.98,2033684.93,25%,11.96,2.99,508421.23
1403,shaeed rajaii,China,70140000,154323,1314900,General Goods,10500,30,23148.45,20%,9%,262980,142009.2,1743037.65,25%,11.29,2.82,435759.41
1403,shaeed rajaii,China,39232990,261004,1309174,Plastics & Polymers,10500,30,39150.6,20%,9%,261834.8,141390.79,1751550.19,25%,6.71,1.68,437887.55
1403,shaeed rajaii,China,85198900,190470,1309090,Electrical Equipment,10500,30,28570.5,15%,9%,196363.5,135490.82,1669514.82,25%,8.77,2.19,417378.7
1403,shaeed rajaii,China,96039090,434326,1307322,General Goods,10500,30,65148.9,20%,9%,261464.4,141190.78,1775126.08,25%,4.09,1.02,443781.52
1403,shaeed rajaii,China,68051090,325489,1300956,General Goods,10500,30,48823.35,20%,9%,260191.2,140503.25,1750473.8,25%,5.38,1.34,437618.45
1403,shaeed rajaii,China,29181100,775450,1300569,Organic Chemicals,10500,30,116317.5,15%,9%,195085.35,134608.89,1746580.74,25%,2.25,0.56,436645.18
1403,shaeed rajaii,China,29163990,97000,1299867,Organic Chemicals,10500,30,14550,15%,9%,194980.05,134536.23,1643933.28,25%,16.95,4.24,410983.32
1403,shaeed rajaii,China,85423900,15044,1299720,Semiconductors & Solar Cells,10500,30,2256.6,15%,9%,194958,134521.02,1631455.62,25%,108.45,27.11,407863.9
1403,shaeed rajaii,China,70196500,524181,1298942,General Goods,10500,30,78627.15,20%,9%,259788.4,140285.74,1777643.29,25%,3.39,0.85,444410.82
1403,shaeed rajaii,China,28399010,1136400,1297811,General Goods,10500,30,170460,20%,9%,259562.2,140163.59,1867996.79,25%,1.64,0.41,466999.2
1403,shaeed rajaii,China,84581990,342440,1294757,Industrial Machinery,10500,30,51366,15%,9%,194213.55,134007.35,1674343.9,25%,4.89,1.22,418585.98
1403,shaeed rajaii,China,30024290,17600,1291137,General Goods,10500,30,2640,20%,9%,258227.4,139442.8,1691447.2,25%,96.1,24.02,422861.8
1403,shaeed rajaii,China,84502000,466516,1287529,Industrial Machinery,10500,30,69977.4,15%,9%,193129.35,133259.25,1683895,25%,3.61,0.9,420973.75
1403,shaeed rajaii,China,29211990,334074,1286002,Organic Chemicals,10500,30,50111.1,15%,9%,192900.3,133101.21,1662114.61,25%,4.98,1.25,415528.65
1403,shaeed rajaii,China,84715020,2354,1282437,Industrial Machinery,10500,30,353.1,15%,9%,192365.55,132732.23,1607887.88,25%,683.04,170.76,401971.97
1403,shaeed rajaii,China,84194090,374502,1282419,Industrial Machinery,10500,30,56175.3,15%,9%,192362.85,132730.37,1663687.52,25%,4.44,1.11,415921.88
1403,shaeed rajaii,China,84212990,152170,1281681,Industrial Machinery,10500,30,22825.5,15%,9%,192252.15,132653.98,1629412.63,25%,10.71,2.68,407353.16
1403,shaeed rajaii,China,90184100,67279,1281633,General Goods,10500,30,10091.85,20%,9%,256326.6,138416.36,1686467.81,25%,25.07,6.27,421616.95
1403,shaeed rajaii,China,28220000,62500,1281269,General Goods,10500,30,9375,20%,9%,256253.8,138377.05,1685274.85,25%,26.96,6.74,421318.71
1403,shaeed rajaii,China,73209090,166378,1278736,Articles of Iron & Steel,10500,30,24956.7,10%,9%,127873.6,126594.86,1558161.16,25%,9.37,2.34,389540.29
1403,shaeed rajaii,China,29262000,502500,1275713,Organic Chemicals,10500,30,75375,15%,9%,191356.95,132036.3,1674481.25,25%,3.33,0.83,418620.31
1403,shaeed rajaii,China,39041020,926850,1272472,Plastics & Polymers,10500,30,139027.5,20%,9%,254494.4,137426.98,1803420.88,25%,1.95,0.49,450855.22
1403,shaeed rajaii,China,85079090,106622,1271604,Electrical Equipment,10500,30,15993.3,15%,9%,190740.6,131611.01,1609948.91,25%,15.1,3.78,402487.23
1403,shaeed rajaii,China,74112200,72720,1269286,General Goods,10500,30,10908,20%,9%,253857.2,137082.89,1671134.09,25%,22.98,5.74,417783.52
1403,shaeed rajaii,China,52051200,318000,1267729,General Goods,10500,30,47700,20%,9%,253545.8,136914.73,1705889.53,25%,5.36,1.34,426472.38
1403,shaeed rajaii,China,84159060,116894,1265163,Industrial Machinery,10500,30,17534.1,15%,9%,189774.45,130944.37,1603415.92,25%,13.72,3.43,400853.98
1403,shaeed rajaii,China,87088049,894419,1261154,Vehicle Parts & Accessories,10500,30,134162.85,25%,9%,315288.5,141879.82,1852485.17,25%,2.07,0.52,463121.29
1403,shaeed rajaii,China,84481110,71860,1256076,Industrial Machinery,10500,30,10779,15%,9%,188411.4,130003.87,1585270.27,25%,22.06,5.52,396317.57
1403,shaeed rajaii,China,91070000,118232,1256062,General Goods,10500,30,17734.8,20%,9%,251212.4,135654.7,1660663.9,25%,14.05,3.51,415165.98
1403,shaeed rajaii,China,74093100,100926,1255156,General Goods,10500,30,15138.9,20%,9%,251031.2,135556.85,1656882.95,25%,16.42,4.11,414220.74
1403,shaeed rajaii,China,76071910,331895,1251536,General Goods,10500,30,49784.25,20%,9%,250307.2,135165.89,1686793.34,25%,5.08,1.27,421698.34
1403,shaeed rajaii,China,72221100,463062,1250825,Iron & Steel Products,10500,30,69459.3,10%,9%,125082.5,123831.67,1569198.47,25%,3.39,0.85,392299.62
1403,shaeed rajaii,China,84716020,41278,1248904,Industrial Machinery,10500,30,6191.7,15%,9%,187335.6,129261.56,1571692.86,25%,38.08,9.52,392923.22
1403,shaeed rajaii,China,40025900,439485,1244142,Rubber & Tires,10500,30,65922.75,20%,9%,248828.4,134367.34,1693260.49,25%,3.85,0.96,423315.12
1403,shaeed rajaii,China,84451300,33683,1242637,Industrial Machinery,10500,30,5052.45,15%,9%,186395.55,128612.93,1562697.93,25%,46.39,11.6,390674.48
1403,shaeed rajaii,China,29221990,177200,1241354,Organic Chemicals,10500,30,26580,15%,9%,186203.1,128480.14,1582617.24,25%,8.93,2.23,395654.31
1403,shaeed rajaii,China,72085110,1223524,1239270,Iron & Steel Products,10500,30,183528.6,10%,9%,123927,122687.73,1669413.33,25%,1.36,0.34,417353.33
1403,shaeed rajaii,China,85365040,19065,1238119,Electrical Equipment,10500,30,2859.75,15%,9%,185717.85,128145.32,1554841.92,25%,81.55,20.39,388710.48
1403,shaeed rajaii,China,73063020,1089908,1228005,Articles of Iron & Steel,10500,30,163486.2,10%,9%,122800.5,121572.5,1635864.2,25%,1.5,0.38,408966.05
1403,shaeed rajaii,China,84622300,430949,1226430,Industrial Machinery,10500,30,64642.35,15%,9%,183964.5,126935.5,1601972.35,25%,3.72,0.93,400493.09
1403,shaeed rajaii,China,72022110,1054000,1224816,Iron & Steel Products,10500,30,158100,10%,9%,122481.6,121256.78,1626654.38,25%,1.54,0.38,406663.6
1403,shaeed rajaii,China,85331020,41285,1221652,Electrical Equipment,10500,30,6192.75,15%,9%,183247.8,126440.98,1537533.53,25%,37.24,9.31,384383.38
1403,shaeed rajaii,China,55032000,952370,1220177,General Goods,10500,30,142855.5,20%,9%,244035.4,131779.12,1738847.02,25%,1.83,0.46,434711.76
1403,shaeed rajaii,China,85184000,171109,1218990,Electrical Equipment,10500,30,25666.35,15%,9%,182848.5,126165.46,1553670.31,25%,9.08,2.27,388417.58
1403,shaeed rajaii,China,39032000,611695,1214246,Plastics & Polymers,10500,30,91754.25,20%,9%,242849.2,131138.57,1679988.02,25%,2.75,0.69,419997
1403,shaeed rajaii,China,72124010,877710,1209175,Iron & Steel Products,10500,30,131656.5,10%,9%,120917.5,119708.32,1581457.32,25%,1.8,0.45,395364.33
1403,shaeed rajaii,China,84806000,317342,1208561,Industrial Machinery,10500,30,47601.3,15%,9%,181284.15,125086.06,1562532.51,25%,4.92,1.23,390633.13
1403,shaeed rajaii,China,72029200,46083,1208427,Iron & Steel Products,10500,30,6912.45,10%,9%,120842.7,119634.27,1455816.42,25%,31.59,7.9,363954.1
1403,shaeed rajaii,China,90318020,14153,1203139,General Goods,10500,30,2122.95,20%,9%,240627.8,129939.01,1575828.76,25%,111.34,27.84,393957.19
1403,shaeed rajaii,China,35079000,132192,1200189,General Goods,10500,30,19828.8,20%,9%,240037.8,129620.41,1589676.01,25%,12.03,3.01,397419
1403,shaeed rajaii,China,84091000,6133,1194853,Industrial Machinery,10500,30,919.95,15%,9%,179227.95,123667.29,1498668.19,25%,244.36,61.09,374667.05
1403,shaeed rajaii,China,84669300,139995,1190712,Industrial Machinery,10500,30,20999.25,15%,9%,178606.8,123238.69,1513556.74,25%,10.81,2.7,378389.18
1403,shaeed rajaii,China,13019090,182000,1180931,General Goods,10500,30,27300,20%,9%,236186.2,127540.55,1571957.75,25%,8.64,2.16,392989.44
1403,shaeed rajaii,China,39011090,606072,1179382,Plastics & Polymers,10500,30,90910.8,20%,9%,235876.4,127373.26,1633542.46,25%,2.7,0.68,408385.62
1403,shaeed rajaii,China,48115190,272031,1177461,Paper & Paperboard,10500,30,40804.65,15%,9%,176619.15,121867.21,1516752.01,25%,5.58,1.4,379188
1403,shaeed rajaii,China,28269010,1319000,1174816,General Goods,10500,30,197850,20%,9%,234963.2,126880.13,1734509.33,25%,1.32,0.33,433627.33
1403,shaeed rajaii,China,84379090,159781,1172268,Industrial Machinery,10500,30,23967.15,15%,9%,175840.2,121329.74,1493405.09,25%,9.35,2.34,373351.27
1403,shaeed rajaii,China,69029030,412828,1169666,General Goods,10500,30,61924.2,20%,9%,233933.2,126323.93,1591847.33,25%,3.86,0.96,397961.83
1403,shaeed rajaii,China,98871184,163249,1166390,Vehicle/Chassis/Tractor Parts,10500,30,24487.35,40%,9%,466556,146965.14,1804398.49,25%,11.05,2.76,451099.62
1403,shaeed rajaii,China,59114000,188112,1165830,General Goods,10500,30,28216.8,20%,9%,233166,125909.64,1553122.44,25%,8.26,2.06,388280.61
1403,shaeed rajaii,China,73051200,714843,1165365,Articles of Iron & Steel,10500,30,107226.45,10%,9%,116536.5,115371.14,1504499.09,25%,2.1,0.52,376124.77
1403,shaeed rajaii,China,38249980,189313,1164881,Chemical Products,10500,30,28396.95,15%,9%,174732.15,120565.18,1488575.28,25%,7.86,1.96,372143.82
1403,shaeed rajaii,China,37079020,254326,1164567,General Goods,10500,30,38148.9,20%,9%,232913.4,125773.24,1561402.54,25%,6.14,1.54,390350.64
1403,shaeed rajaii,China,85269290,25432,1164548,Electrical Equipment,10500,30,3814.8,15%,9%,174682.2,120530.72,1463575.72,25%,57.55,14.39,365893.93
1403,shaeed rajaii,China,28364000,834800,1164240,General Goods,10500,30,125220,20%,9%,232848,125737.92,1648045.92,25%,1.97,0.49,412011.48
1403,shaeed rajaii,China,90183921,13130,1163871,General Goods,10500,30,1969.5,20%,9%,232774.2,125698.07,1524312.77,25%,116.09,29.02,381078.19
1403,shaeed rajaii,China,74111010,103726,1158283,General Goods,10500,30,15558.9,20%,9%,231656.6,125094.56,1530593.06,25%,14.76,3.69,382648.26
1403,shaeed rajaii,China,81052000,33147,1156970,General Goods,10500,30,4972.05,20%,9%,231394,124952.76,1518288.81,25%,45.8,11.45,379572.2
1403,shaeed rajaii,China,85044070,22147,1155243,Electrical Equipment,10500,30,3322.05,15%,9%,173286.45,119567.65,1451419.15,25%,65.54,16.39,362854.79
1403,shaeed rajaii,China,39011010,524510,1150904,Plastics & Polymers,10500,30,78676.5,20%,9%,230180.8,124297.63,1584058.93,25%,3.02,0.76,396014.73
1403,shaeed rajaii,China,39014000,561875,1149077,Plastics & Polymers,10500,30,84281.25,20%,9%,229815.4,124100.32,1587273.97,25%,2.82,0.7,396818.49
1403,shaeed rajaii,China,27131100,2013510,1148733,Mineral Fuels & Oils,10500,30,302026.5,5%,9%,57436.65,108555.27,1616751.42,25%,0.8,0.2,404187.86
1403,shaeed rajaii,China,54024900,668802,1146632,General Goods,10500,30,100320.3,20%,9%,229326.4,123836.26,1600114.96,25%,2.39,0.6,400028.74
1403,shaeed rajaii,China,29341000,331175,1203017,Organic Chemicals,10500,30,49676.25,15%,9%,180452.55,124512.26,1557658.06,25%,4.7,1.18,389414.52
1403,shaeed rajaii,China,94012000,112673,1140562,General Goods,10500,30,16900.95,20%,9%,228112.4,123180.7,1508756.05,25%,13.39,3.35,377189.01
1403,shaeed rajaii,China,3046100,314355,1140163,General Goods,10500,30,47153.25,20%,9%,228032.6,123137.6,1538486.45,25%,4.89,1.22,384621.61
1403,shaeed rajaii,China,27101940,852290,1138188,Mineral Fuels & Oils,10500,30,127843.5,5%,9%,56909.4,107558.77,1430499.67,25%,1.68,0.42,357624.92
1403,shaeed rajaii,China,84099920,130308,1137527,Industrial Machinery,10500,30,19546.2,15%,9%,170629.05,117734.04,1445436.29,25%,11.09,2.77,361359.07
1403,shaeed rajaii,China,39046900,67425,1136772,Plastics & Polymers,10500,30,10113.75,20%,9%,227354.4,122771.38,1497011.53,25%,22.2,5.55,374252.88
1403,shaeed rajaii,China,39205900,400197,1134466,Plastics & Polymers,10500,30,60029.55,20%,9%,226893.2,122522.33,1543911.08,25%,3.86,0.96,385977.77
1403,shaeed rajaii,China,48232000,214660,1133073,Paper & Paperboard,10500,30,32199,15%,9%,169960.95,117273.06,1452506.01,25%,6.77,1.69,363126.5
1403,shaeed rajaii,China,54021920,303203,1130282,General Goods,10500,30,45480.45,20%,9%,226056.4,122070.46,1523889.31,25%,5.03,1.26,380972.33
1403,shaeed rajaii,China,81029400,15000,1125000,General Goods,10500,30,2250,20%,9%,225000,121500,1473750,25%,98.25,24.56,368437.5
1403,shaeed rajaii,China,39039000,552803,1124277,Plastics & Polymers,10500,30,82920.45,20%,9%,224855.4,121421.92,1553474.77,25%,2.81,0.7,388368.69
1403,shaeed rajaii,China,27040020,4477000,1121121,Mineral Fuels & Oils,10500,30,671550,5%,9%,56056.05,105945.93,1954672.98,25%,0.44,0.11,488668.24
1403,shaeed rajaii,China,85141990,167147,1118711,Electrical Equipment,10500,30,25072.05,15%,9%,167806.65,115786.59,1427376.29,25%,8.54,2.13,356844.07
1403,shaeed rajaii,China,40161020,184437,1117022,Rubber & Tires,10500,30,27665.55,20%,9%,223404.4,120638.38,1488730.33,25%,8.07,2.02,372182.58
1403,shaeed rajaii,China,84678100,140167,1116872,Industrial Machinery,10500,30,21025.05,15%,9%,167530.8,115596.25,1421024.1,25%,10.14,2.54,355256.02
1403,shaeed rajaii,China,90268090,151686,1114649,General Goods,10500,30,22752.9,20%,9%,222929.8,120382.09,1480713.79,25%,9.76,2.44,370178.45
1403,shaeed rajaii,China,28259000,41300,1113010,General Goods,10500,30,6195,20%,9%,222602,120205.08,1462012.08,25%,35.4,8.85,365503.02
1403,shaeed rajaii,China,84793010,348600,1112686,Machines & Mechanical Appliances,10500,30,52290,15%,9%,166902.9,115163,1447041.9,25%,4.15,1.04,361760.48
1403,shaeed rajaii,China,68041000,353129,1111683,General Goods,10500,30,52969.35,20%,9%,222336.6,120061.76,1507050.71,25%,4.27,1.07,376762.68
1403,shaeed rajaii,China,29419050,13370,1111405,Organic Chemicals,10500,30,2005.5,15%,9%,166710.75,115030.42,1395151.67,25%,104.35,26.09,348787.92
1403,shaeed rajaii,China,29061100,58100,1110633,Organic Chemicals,10500,30,8715,15%,9%,166594.95,114950.52,1400893.47,25%,24.11,6.03,350223.37
1403,shaeed rajaii,China,76069230,227740,1108614,General Goods,10500,30,34161,20%,9%,221722.8,119730.31,1484228.11,25%,6.52,1.63,371057.03
1403,shaeed rajaii,China,85068020,237361,1107555,Electrical Equipment,10500,30,35604.15,15%,9%,166133.25,114631.94,1423924.34,25%,6,1.5,355981.08
1403,shaeed rajaii,China,32065000,103851,1106811,General Goods,10500,30,15577.65,20%,9%,221362.2,119535.59,1463286.44,25%,14.09,3.52,365821.61
1403,shaeed rajaii,China,48044900,1539253,1101724,Paper & Paperboard,10500,30,230887.95,15%,9%,165258.6,114028.43,1611898.98,25%,1.05,0.26,402974.74
1403,shaeed rajaii,China,28353990,571775,1101578,General Goods,10500,30,85766.25,20%,9%,220315.6,118970.42,1526630.27,25%,2.67,0.67,381657.57
1403,shaeed rajaii,China,29321400,34775,1099815,Organic Chemicals,10500,30,5216.25,15%,9%,164972.25,113830.85,1383834.35,25%,39.79,9.95,345958.59
1403,shaeed rajaii,China,84729070,24530,1092851,Industrial Machinery,10500,30,3679.5,15%,9%,163927.65,113110.08,1373568.23,25%,56,14,343392.06
1403,shaeed rajaii,China,81101000,44330,1092644,General Goods,10500,30,6649.5,20%,9%,218528.8,118005.55,1435827.85,25%,32.39,8.1,358956.96
1403,shaeed rajaii,China,28020000,1122000,1091714,General Goods,10500,30,168300,20%,9%,218342.8,117905.11,1596261.91,25%,1.42,0.36,399065.48
1403,shaeed rajaii,China,25070010,3162700,1087902,General Goods,10500,30,474405,20%,9%,217580.4,117493.42,1897380.82,25%,0.6,0.15,474345.2
1403,shaeed rajaii,China,55039000,341540,1084945,General Goods,10500,30,51231,20%,9%,216989,117174.06,1470339.06,25%,4.31,1.08,367584.76
1403,shaeed rajaii,China,22071010,877980,1084902,General Goods,10500,30,131697,20%,9%,216980.4,117169.42,1550748.82,25%,1.77,0.44,387687.2
1403,shaeed rajaii,China,29222990,118734,1078942,Organic Chemicals,10500,30,17810.1,15%,9%,161841.3,111670.5,1370263.9,25%,11.54,2.88,342565.98
1403,shaeed rajaii,China,70196100,292179,1078404,General Goods,10500,30,43826.85,20%,9%,215680.8,116467.63,1454379.28,25%,4.98,1.25,363594.82
1403,shaeed rajaii,China,58063200,278741,1077825,General Goods,10500,30,41811.15,20%,9%,215565,116405.1,1451606.25,25%,5.21,1.3,362901.56
1403,shaeed rajaii,China,82141010,139627,1075524,General Goods,10500,30,20944.05,20%,9%,215104.8,116156.59,1427729.44,25%,10.23,2.56,356932.36
1403,shaeed rajaii,China,82129090,146330,1075395,General Goods,10500,30,21949.5,20%,9%,215079,116142.66,1428566.16,25%,9.76,2.44,357141.54
1403,shaeed rajaii,China,90183929,21846,1074718,General Goods,10500,30,3276.9,20%,9%,214943.6,116069.54,1409008.04,25%,64.5,16.12,352252.01
1403,shaeed rajaii,China,72269200,511838,1074636,Iron & Steel Products,10500,30,76775.7,10%,9%,107463.6,106388.96,1365264.26,25%,2.67,0.67,341316.06
1403,shaeed rajaii,China,85461000,474020,1073835,Electrical Equipment,10500,30,71103,15%,9%,161075.25,111141.92,1417155.17,25%,2.99,0.75,354288.79
1403,shaeed rajaii,China,29054100,643500,1072942,Organic Chemicals,10500,30,96525,15%,9%,160941.3,111049.5,1441457.8,25%,2.24,0.56,360364.45
1403,shaeed rajaii,China,85241200,48188,1072920,Electrical Equipment,10500,30,7228.2,15%,9%,160938,111047.22,1352133.42,25%,28.06,7.02,338033.36
1403,shaeed rajaii,China,28291100,527100,1070250,General Goods,10500,30,79065,20%,9%,214050,115587,1478952,25%,2.81,0.7,369738
1403,shaeed rajaii,China,84818016,249360,1068739,Industrial Machinery,10500,30,37404,15%,9%,160310.85,110614.49,1377068.34,25%,5.52,1.38,344267.08
1403,shaeed rajaii,China,91091000,69053,1067668,General Goods,10500,30,10357.95,20%,9%,213533.6,115308.14,1406867.69,25%,20.37,5.09,351716.92
1403,shaeed rajaii,China,84569000,190265,1065134,Industrial Machinery,10500,30,28539.75,15%,9%,159770.1,110241.37,1363685.22,25%,7.17,1.79,340921.3
1403,shaeed rajaii,China,72071900,198652,1060538,Iron & Steel Products,10500,30,29797.8,10%,9%,106053.8,104993.26,1301382.86,25%,6.55,1.64,325345.72
1403,shaeed rajaii,China,84135090,218878,1059053,Industrial Machinery,10500,30,32831.7,15%,9%,158857.95,109611.99,1360354.64,25%,6.22,1.56,340088.66
1403,shaeed rajaii,China,84229090,57047,1057305,Industrial Machinery,10500,30,8557.05,15%,9%,158595.75,109431.07,1333888.87,25%,23.38,5.84,333472.22
1403,shaeed rajaii,China,34024190,378184,1054087,General Goods,10500,30,56727.6,20%,9%,210817.4,113841.4,1435473.4,25%,3.8,0.95,358868.35
1403,shaeed rajaii,China,70091000,108983,1053131,General Goods,10500,30,16347.45,20%,9%,210626.2,113738.15,1393842.8,25%,12.79,3.2,348460.7
1403,shaeed rajaii,China,85392940,65211,1052806,Electrical Equipment,10500,30,9781.65,15%,9%,157920.9,108965.42,1329473.97,25%,20.39,5.1,332368.49
1403,shaeed rajaii,China,48044190,986038,1052650,Paper & Paperboard,10500,30,147905.7,15%,9%,157897.5,108949.28,1467402.48,25%,1.49,0.37,366850.62
1403,shaeed rajaii,China,72173090,907138,1050331,Iron & Steel Products,10500,30,136070.7,10%,9%,105033.1,103982.77,1395417.57,25%,1.54,0.38,348854.39
1403,shaeed rajaii,China,85322590,115863,1049116,Electrical Equipment,10500,30,17379.45,15%,9%,157367.4,108583.51,1332446.36,25%,11.5,2.88,333111.59
1403,shaeed rajaii,China,84679900,166444,1049080,Industrial Machinery,10500,30,24966.6,15%,9%,157362,108579.78,1339988.38,25%,8.05,2.01,334997.09
1403,shaeed rajaii,China,39202090,288279,1047476,Plastics & Polymers,10500,30,43241.85,20%,9%,209495.2,113127.41,1413340.46,25%,4.9,1.23,353335.12
1403,shaeed rajaii,China,29214290,273440,1044363,Organic Chemicals,10500,30,41016,15%,9%,156654.45,108091.57,1350125.02,25%,4.94,1.24,337531.26
1403,shaeed rajaii,China,29151100,1131150,1043696,Organic Chemicals,10500,30,169672.5,15%,9%,156554.4,108022.54,1477945.44,25%,1.31,0.33,369486.36
1403,shaeed rajaii,China,85182200,227036,1042308,Electrical Equipment,10500,30,34055.4,15%,9%,156346.2,107878.88,1340588.48,25%,5.9,1.48,335147.12
1403,shaeed rajaii,China,23099039,379000,1040436,General Goods,10500,30,56850,20%,9%,208087.2,112367.09,1417740.29,25%,3.74,0.94,354435.07
1403,shaeed rajaii,China,29339920,17000,1039563,Organic Chemicals,10500,30,2550,15%,9%,155934.45,107594.77,1305642.22,25%,76.8,19.2,326410.56
1403,shaeed rajaii,China,29156000,441200,1037149,Organic Chemicals,10500,30,66180,15%,9%,155572.35,107344.92,1366246.27,25%,3.1,0.78,341561.57
1403,shaeed rajaii,China,84626200,247742,1036368,Industrial Machinery,10500,30,37161.3,15%,9%,155455.2,107264.09,1336248.59,25%,5.39,1.35,334062.15
1403,shaeed rajaii,China,85045090,43355,1036091,Electrical Equipment,10500,30,6503.25,15%,9%,155413.65,107235.42,1305243.32,25%,30.11,7.53,326310.83
1403,shaeed rajaii,China,84532000,400320,1036023,Industrial Machinery,10500,30,60048,15%,9%,155403.45,107228.38,1358702.83,25%,3.39,0.85,339675.71
1403,shaeed rajaii,China,84592900,283510,1036008,Industrial Machinery,10500,30,42526.5,15%,9%,155401.2,107226.83,1341162.53,25%,4.73,1.18,335290.63
1403,shaeed rajaii,China,84312090,313510,1033071,Industrial Machinery,10500,30,47026.5,15%,9%,154960.65,106922.85,1341981,25%,4.28,1.07,335495.25
1403,shaeed rajaii,China,44089090,352468,1032335,General Goods,10500,30,52870.2,20%,9%,206467,111492.18,1403164.38,25%,3.98,1,350791.1
1403,shaeed rajaii,China,85319000,73927,1032063,Electrical Equipment,10500,30,11089.05,15%,9%,154809.45,106818.52,1304780.02,25%,17.65,4.41,326195
1403,shaeed rajaii,China,85098010,93763,1029796,Electrical Equipment,10500,30,14064.45,15%,9%,154469.4,106583.89,1304913.74,25%,13.92,3.48,326228.44
1403,shaeed rajaii,China,84701000,90000,1027294,Industrial Machinery,10500,30,13500,15%,9%,154094.1,106324.93,1301213.03,25%,14.46,3.62,325303.26
1403,shaeed rajaii,China,85441100,69339,1026867,Electrical Equipment,10500,30,10400.85,15%,9%,154030.05,106280.73,1297578.63,25%,18.71,4.68,324394.66
1403,shaeed rajaii,China,40022000,505120,1026722,Rubber & Tires,10500,30,75768,20%,9%,205344.4,110885.98,1418720.38,25%,2.81,0.7,354680.1
1403,shaeed rajaii,China,69032010,247131,1026461,General Goods,10500,30,37069.65,20%,9%,205292.2,110857.79,1379680.64,25%,5.58,1.4,344920.16
1403,shaeed rajaii,China,73059000,570180,1025678,Articles of Iron & Steel,10500,30,85527,10%,9%,102567.8,101542.12,1315314.92,25%,2.31,0.58,328828.73
1403,shaeed rajaii,China,83024210,378509,1024847,General Goods,10500,30,56776.35,20%,9%,204969.4,110683.48,1397276.23,25%,3.69,0.92,349319.06
1403,shaeed rajaii,China,90261030,25650,1023589,General Goods,10500,30,3847.5,20%,9%,204717.8,110547.61,1342701.91,25%,52.35,13.09,335675.48
1403,shaeed rajaii,China,85076090,44853,1022935,Electrical Equipment,10500,30,6727.95,15%,9%,153440.25,105873.77,1288976.97,25%,28.74,7.18,322244.24
1403,shaeed rajaii,China,84589900,237303,1018109,Industrial Machinery,10500,30,35595.45,15%,9%,152716.35,105374.28,1311795.08,25%,5.53,1.38,327948.77
1403,shaeed rajaii,China,29389000,44125,1017884,Organic Chemicals,10500,30,6618.75,15%,9%,152682.6,105350.99,1282536.34,25%,29.07,7.27,320634.09
1403,shaeed rajaii,China,90118000,15272,1016948,General Goods,10500,30,2290.8,20%,9%,203389.6,109830.38,1332458.78,25%,87.25,21.81,333114.7
1403,shaeed rajaii,China,87085019,119154,1016575,Vehicle Parts & Accessories,10500,30,17873.1,25%,9%,254143.75,114364.69,1402956.54,25%,11.77,2.94,350739.14
1403,shaeed rajaii,China,59032000,289961,1016018,General Goods,10500,30,43494.15,20%,9%,203203.6,109729.94,1372445.69,25%,4.73,1.18,343111.42
1403,shaeed rajaii,China,29155000,587400,1013809,Organic Chemicals,10500,30,88110,15%,9%,152071.35,104929.23,1358919.58,25%,2.31,0.58,339729.9
1403,shaeed rajaii,China,28341090,1016000,1009858,General Goods,10500,30,152400,20%,9%,201971.6,109064.66,1473294.26,25%,1.45,0.36,368323.56
1403,shaeed rajaii,China,82023900,387756,1009715,General Goods,10500,30,58163.4,20%,9%,201943,109049.22,1378870.62,25%,3.56,0.89,344717.66
1403,shaeed rajaii,China,29157019,530200,1007094,Organic Chemicals,10500,30,79530,15%,9%,151064.1,104234.23,1341922.33,25%,2.53,0.63,335480.58
1403,shaeed rajaii,China,84835000,117759,1006867,Industrial Machinery,10500,30,17663.85,15%,9%,151030.05,104210.73,1279771.63,25%,10.87,2.72,319942.91
1403,shaeed rajaii,China,32082050,488020,1000233,General Goods,10500,30,73203,20%,9%,200046.6,108025.16,1381507.76,25%,2.83,0.71,345376.94
1403,shaeed rajaii,China,84283900,209832,999447,Industrial Machinery,10500,30,31474.8,15%,9%,149917.05,103442.76,1284281.61,25%,6.12,1.53,321070.4
1403,shaeed rajaii,China,84513090,204262,998869,Industrial Machinery,10500,30,30639.3,15%,9%,149830.35,103382.94,1282721.59,25%,6.28,1.57,320680.4
1403,shaeed rajaii,China,68151100,38727,998718,General Goods,10500,30,5809.05,20%,9%,199743.6,107861.54,1312132.19,25%,33.88,8.47,328033.05
1403,shaeed rajaii,China,73269040,18450,996581,Articles of Iron & Steel,10500,30,2767.5,10%,9%,99658.1,98661.52,1197668.12,25%,64.91,16.23,299417.03
1403,shaeed rajaii,China,75071200,31923,995994,General Goods,10500,30,4788.45,20%,9%,199198.8,107567.35,1307548.6,25%,40.96,10.24,326887.15
1403,shaeed rajaii,China,98870119,202000,995214,Vehicle/Chassis/Tractor Parts,10500,30,30300,40%,9%,398085.6,125396.96,1548996.56,25%,7.67,1.92,387249.14
1403,shaeed rajaii,China,39203000,395890,994597,Plastics & Polymers,10500,30,59383.5,20%,9%,198919.4,107416.48,1360316.38,25%,3.44,0.86,340079.1
1403,shaeed rajaii,China,84798965,53003,993741,Machines & Mechanical Appliances,10500,30,7950.45,15%,9%,149061.15,102852.19,1253604.79,25%,23.65,5.91,313401.2
1403,shaeed rajaii,China,29037100,264356,991123,Organic Chemicals,10500,30,39653.4,15%,9%,148668.45,102581.23,1282026.08,25%,4.85,1.21,320506.52
1403,shaeed rajaii,China,83099020,165102,989463,General Goods,10500,30,24765.3,20%,9%,197892.6,106862,1318982.9,25%,7.99,2,329745.72
1403,shaeed rajaii,China,38249920,604100,988514,Chemical Products,10500,30,90615,15%,9%,148277.1,102311.2,1329717.3,25%,2.2,0.55,332429.32
1403,shaeed rajaii,China,85433090,73965,988016,Electrical Equipment,10500,30,11094.75,15%,9%,148202.4,102259.66,1249572.81,25%,16.89,4.22,312393.2
1403,shaeed rajaii,China,90241000,49811,987780,General Goods,10500,30,7471.65,20%,9%,197556,106680.24,1299487.89,25%,26.09,6.52,324871.97
1403,shaeed rajaii,China,69029010,348482,986747,General Goods,10500,30,52272.3,20%,9%,197349.4,106568.68,1342937.38,25%,3.85,0.96,335734.34
1403,shaeed rajaii,China,69032030,964500,982949,General Goods,10500,30,144675,20%,9%,196589.8,106158.49,1430372.29,25%,1.48,0.37,357593.07
1403,shaeed rajaii,China,39262010,177215,977480,Plastics & Polymers,10500,30,26582.25,20%,9%,195496,105567.84,1305126.09,25%,7.36,1.84,326281.52
1403,shaeed rajaii,China,90321090,38764,976214,General Goods,10500,30,5814.6,20%,9%,195242.8,105431.11,1282702.51,25%,33.09,8.27,320675.63
1403,shaeed rajaii,China,85015210,124260,974479,Electrical Equipment,10500,30,18639,15%,9%,146171.85,100858.58,1240148.43,25%,9.98,2.5,310037.11
1403,shaeed rajaii,China,29051200,651620,974027,Organic Chemicals,10500,30,97743,15%,9%,146104.05,100811.79,1318685.84,25%,2.02,0.5,329671.46
1403,shaeed rajaii,China,55101100,381174,972701,General Goods,10500,30,57176.1,20%,9%,194540.2,105051.71,1329469.01,25%,3.49,0.87,332367.25
1403,shaeed rajaii,China,84073490,76596,971823,Industrial Machinery,10500,30,11489.4,15%,9%,145773.45,100583.68,1229669.53,25%,16.05,4.01,307417.38
1403,shaeed rajaii,China,84472000,170925,967705,Industrial Machinery,10500,30,25638.75,15%,9%,145155.75,100157.47,1238656.97,25%,7.25,1.81,309664.24
1403,shaeed rajaii,China,73262000,216381,967016,Articles of Iron & Steel,10500,30,32457.15,10%,9%,96701.6,95734.58,1191909.33,25%,5.51,1.38,297977.33
1403,shaeed rajaii,China,28046900,389000,966674,General Goods,10500,30,58350,20%,9%,193334.8,104400.79,1322759.59,25%,3.4,0.85,330689.9
1403,shaeed rajaii,China,44021000,844082,961497,General Goods,10500,30,126612.3,20%,9%,192299.4,103841.68,1384250.38,25%,1.64,0.41,346062.6
1403,shaeed rajaii,China,85043390,105061,960170,Electrical Equipment,10500,30,15759.15,15%,9%,144025.5,99377.6,1219332.25,25%,11.61,2.9,304833.06
1403,shaeed rajaii,China,73072990,199190,960006,Articles of Iron & Steel,10500,30,29878.5,10%,9%,96000.6,95040.59,1180925.69,25%,5.93,1.48,295231.42
1403,shaeed rajaii,China,90183912,119861,958799,General Goods,10500,30,17979.15,20%,9%,191759.8,103550.29,1272088.24,25%,10.61,2.65,318022.06
1403,shaeed rajaii,China,85441900,250556,957245,Electrical Equipment,10500,30,37583.4,15%,9%,143586.75,99074.86,1237490.01,25%,4.94,1.24,309372.5
1403,shaeed rajaii,China,54023900,657984,956298,General Goods,10500,30,98697.6,20%,9%,191259.6,103280.18,1349535.38,25%,2.05,0.51,337383.84
1403,shaeed rajaii,China,84242000,122476,955146,Industrial Machinery,10500,30,18371.4,15%,9%,143271.9,98857.61,1215646.91,25%,9.93,2.48,303911.73
1403,shaeed rajaii,China,84159050,119808,954643,Industrial Machinery,10500,30,17971.2,15%,9%,143196.45,98805.55,1214616.2,25%,10.14,2.54,303654.05
1403,shaeed rajaii,China,72021100,980430,950279,Iron & Steel Products,10500,30,147064.5,10%,9%,95027.9,94077.62,1286449.02,25%,1.31,0.33,321612.26
1403,shaeed rajaii,China,29181900,317200,941053,Organic Chemicals,10500,30,47580,15%,9%,141157.95,97398.99,1227189.94,25%,3.87,0.97,306797.48
1403,shaeed rajaii,China,84071010,1290,939732,Industrial Machinery,10500,30,193.5,15%,9%,140959.8,97262.26,1178147.56,25%,913.29,228.32,294536.89
1403,shaeed rajaii,China,72193100,341255,935448,Iron & Steel Products,10500,30,51188.25,10%,9%,93544.8,92609.35,1172790.4,25%,3.44,0.86,293197.6
1403,shaeed rajaii,China,29171300,154231,931461,Organic Chemicals,10500,30,23134.65,15%,9%,139719.15,96406.21,1190721.01,25%,7.72,1.93,297680.25
1403,shaeed rajaii,China,84251190,254040,931069,Industrial Machinery,10500,30,38106,15%,9%,139660.35,96365.64,1205200.99,25%,4.74,1.18,301300.25
1403,shaeed rajaii,China,38249970,93340,923552,Chemical Products,10500,30,14001,15%,9%,138532.8,95587.63,1171673.43,25%,12.55,3.14,292918.36
1403,shaeed rajaii,China,85059090,85911,923360,Electrical Equipment,10500,30,12886.65,15%,9%,138504,95567.76,1170318.41,25%,13.62,3.4,292579.6
1403,shaeed rajaii,China,73102190,188719,922712,Articles of Iron & Steel,10500,30,28307.85,10%,9%,92271.2,91348.49,1134639.54,25%,6.01,1.5,283659.88
1403,shaeed rajaii,China,85412900,7520,922426,Semiconductors & Solar Cells,10500,30,1128,15%,9%,138363.9,95471.09,1157388.99,25%,153.91,38.48,289347.25
1403,shaeed rajaii,China,70196410,49366,922380,General Goods,10500,30,7404.9,20%,9%,184476,99617.04,1213877.94,25%,24.59,6.15,303469.48
1403,shaeed rajaii,China,84733020,197085,920062,Industrial Machinery,10500,30,29562.75,15%,9%,138009.3,95226.42,1182860.47,25%,6,1.5,295715.12
1403,shaeed rajaii,China,84136020,103704,919138,Industrial Machinery,10500,30,15555.6,15%,9%,137870.7,95130.78,1167695.08,25%,11.26,2.82,291923.77
1403,shaeed rajaii,China,40169980,137065,917304,Rubber & Tires,10500,30,20559.75,20%,9%,183460.8,99068.83,1220393.38,25%,8.9,2.22,305098.34
1403,shaeed rajaii,China,72259200,974655,915073,Iron & Steel Products,10500,30,146198.25,10%,9%,91507.3,90592.23,1243370.78,25%,1.28,0.32,310842.7
1403,shaeed rajaii,China,29051300,697985,912878,Organic Chemicals,10500,30,104697.75,15%,9%,136931.7,94482.87,1248990.32,25%,1.79,0.45,312247.58
1403,shaeed rajaii,China,87088031,254045,912088,Vehicle Parts & Accessories,10500,30,38106.75,25%,9%,228022,102609.9,1280826.65,25%,5.04,1.26,320206.66
1403,shaeed rajaii,China,40103500,47673,911507,Rubber & Tires,10500,30,7150.95,20%,9%,182301.4,98442.76,1199402.11,25%,25.16,6.29,299850.53
1403,shaeed rajaii,China,96139000,63243,910471,General Goods,10500,30,9486.45,20%,9%,182094.2,98330.87,1200382.52,25%,18.98,4.74,300095.63
1403,shaeed rajaii,China,85153110,164535,909260,Electrical Equipment,10500,30,24680.25,15%,9%,136389,94108.41,1164437.66,25%,7.08,1.77,291109.41
1403,shaeed rajaii,China,73229020,23771,908830,Articles of Iron & Steel,10500,30,3565.65,10%,9%,90883,89974.17,1093252.82,25%,45.99,11.5,273313.2
1403,shaeed rajaii,China,84549000,121618,908285,Industrial Machinery,10500,30,18242.7,15%,9%,136242.75,94007.5,1156777.95,25%,9.51,2.38,289194.49
1403,shaeed rajaii,China,29151300,192500,908050,Organic Chemicals,10500,30,28875,15%,9%,136207.5,93983.18,1167115.68,25%,6.06,1.52,291778.92
1403,shaeed rajaii,China,84818065,36234,906809,Industrial Machinery,10500,30,5435.1,15%,9%,136021.35,93854.73,1142120.18,25%,31.52,7.88,285530.04
1403,shaeed rajaii,China,73141400,220290,905824,Articles of Iron & Steel,10500,30,33043.5,10%,9%,90582.4,89676.58,1119126.48,25%,5.08,1.27,279781.62
1403,shaeed rajaii,China,28353910,519750,903366,General Goods,10500,30,77962.5,20%,9%,180673.2,97563.53,1259565.23,25%,2.42,0.6,314891.31
1403,shaeed rajaii,China,76042900,189369,902674,General Goods,10500,30,28405.35,20%,9%,180534.8,97488.79,1209102.94,25%,6.38,1.6,302275.74
1403,shaeed rajaii,China,90292010,10449,902061,General Goods,10500,30,1567.35,20%,9%,180412.2,97422.59,1181463.14,25%,113.07,28.27,295365.78
1403,shaeed rajaii,China,72173010,667312,900225,Iron & Steel Products,10500,30,100096.8,10%,9%,90022.5,89122.28,1179466.58,25%,1.77,0.44,294866.64
1403,shaeed rajaii,China,54072010,399804,898940,General Goods,10500,30,59970.6,20%,9%,179788,97085.52,1235784.12,25%,3.09,0.77,308946.03
1403,shaeed rajaii,China,76129020,96398,898929,General Goods,10500,30,14459.7,20%,9%,179785.8,97084.33,1190258.83,25%,12.35,3.09,297564.71
1403,shaeed rajaii,China,39174000,43420,897370,Plastics & Polymers,10500,30,6513,20%,9%,179474,96915.96,1180272.96,25%,27.18,6.8,295068.24
1403,shaeed rajaii,China,72192300,326267,894827,Iron & Steel Products,10500,30,48940.05,10%,9%,89482.7,88587.87,1121837.62,25%,3.44,0.86,280459.41
1403,shaeed rajaii,China,38231100,542875,894505,Chemical Products,10500,30,81431.25,15%,9%,134175.75,92581.27,1202693.27,25%,2.22,0.56,300673.32
1403,shaeed rajaii,China,76169900,104272,894500,General Goods,10500,30,15640.8,20%,9%,178900,96606,1185646.8,25%,11.37,2.84,296411.7
1403,shaeed rajaii,China,84378090,146214,893692,Industrial Machinery,10500,30,21932.1,15%,9%,134053.8,92497.12,1142175.02,25%,7.81,1.95,285543.76
1403,shaeed rajaii,China,35061090,243114,893527,General Goods,10500,30,36467.1,20%,9%,178705.4,96500.92,1205200.42,25%,4.96,1.24,301300.1
1403,shaeed rajaii,China,85044040,48374,891473,Electrical Equipment,10500,30,7256.1,15%,9%,133720.95,92267.46,1124717.51,25%,23.25,5.81,281179.38
1403,shaeed rajaii,China,85362090,44012,887910,Electrical Equipment,10500,30,6601.8,15%,9%,133186.5,91898.68,1119596.98,25%,25.44,6.36,279899.24
1403,shaeed rajaii,China,72224000,312644,885815,Iron & Steel Products,10500,30,46896.6,10%,9%,88581.5,87695.68,1108988.78,25%,3.55,0.89,277247.2
1403,shaeed rajaii,China,72155000,1747968,883789,Iron & Steel Products,10500,30,262195.2,10%,9%,88378.9,87495.11,1321858.21,25%,0.76,0.19,330464.55
1403,shaeed rajaii,China,72269100,880126,883308,Iron & Steel Products,10500,30,132018.9,10%,9%,88330.8,87447.49,1191105.19,25%,1.35,0.34,297776.3
1403,shaeed rajaii,China,39232120,150965,874405,Plastics & Polymers,10500,30,22644.75,20%,9%,174881,94435.74,1166366.49,25%,7.73,1.93,291591.62
1403,shaeed rajaii,China,59111020,75390,872221,General Goods,10500,30,11308.5,20%,9%,174444.2,94199.87,1152173.57,25%,15.28,3.82,288043.39
1403,shaeed rajaii,China,32061990,342000,871234,General Goods,10500,30,51300,20%,9%,174246.8,94093.27,1190874.07,25%,3.48,0.87,297718.52
1403,shaeed rajaii,China,29142200,403245,871116,Organic Chemicals,10500,30,60486.75,15%,9%,130667.4,90160.51,1152430.66,25%,2.86,0.72,288107.66
1403,shaeed rajaii,China,85016200,230187,870343,Electrical Equipment,10500,30,34528.05,15%,9%,130551.45,90080.5,1125503,25%,4.89,1.22,281375.75
1403,shaeed rajaii,China,90185090,4814,869803,General Goods,10500,30,722.1,20%,9%,173960.6,93938.72,1138424.42,25%,236.48,59.12,284606.1
1403,shaeed rajaii,China,85183010,56764,867662,Electrical Equipment,10500,30,8514.6,15%,9%,130149.3,89803.02,1096128.92,25%,19.31,4.83,274032.23
1403,shaeed rajaii,China,90311090,40790,863659,General Goods,10500,30,6118.5,20%,9%,172731.8,93275.17,1135784.47,25%,27.84,6.96,283946.12
1403,shaeed rajaii,China,85141100,31560,860861,Electrical Equipment,10500,30,4734,15%,9%,129129.15,89099.11,1083823.26,25%,34.34,8.59,270955.82
1403,shaeed rajaii,China,25041090,1212358,859121,General Goods,10500,30,181853.7,20%,9%,171824.2,92785.07,1305583.97,25%,1.08,0.27,326395.99
1403,shaeed rajaii,China,28461000,26700,857080,General Goods,10500,30,4005,20%,9%,171416,92564.64,1125065.64,25%,42.14,10.54,281266.41
1403,shaeed rajaii,China,84264900,191952,856118,Industrial Machinery,10500,30,28792.8,15%,9%,128417.7,88608.21,1101936.71,25%,5.74,1.44,275484.18
1403,shaeed rajaii,China,39204320,284000,849652,Plastics & Polymers,10500,30,42600,20%,9%,169930.4,91762.42,1153944.82,25%,4.06,1.01,288486.2
1403,shaeed rajaii,China,29021900,310410,848167,Organic Chemicals,10500,30,46561.5,15%,9%,127225.05,87785.28,1109738.83,25%,3.58,0.9,277434.71
1403,shaeed rajaii,China,83014090,168877,846808,General Goods,10500,30,25331.55,20%,9%,169361.6,91455.26,1132956.41,25%,6.71,1.68,283239.1
1403,shaeed rajaii,China,84212930,62953,844240,Industrial Machinery,10500,30,9442.95,15%,9%,126636,87378.84,1067697.79,25%,16.96,4.24,266924.45
1403,shaeed rajaii,China,54075200,177479,843085,General Goods,10500,30,26621.85,20%,9%,168617,91053.18,1129377.03,25%,6.36,1.59,282344.26
1403,shaeed rajaii,China,83051000,394113,842920,General Goods,10500,30,59116.95,20%,9%,168584,91035.36,1161656.31,25%,2.95,0.74,290414.08
1403,shaeed rajaii,China,72164090,1122650,842562,Iron & Steel Products,10500,30,168397.5,10%,9%,84256.2,83413.64,1178629.34,25%,1.05,0.26,294657.34
1403,shaeed rajaii,China,84514000,161206,841793,Industrial Machinery,10500,30,24180.9,15%,9%,126268.95,87125.58,1079368.43,25%,6.7,1.68,269842.11
1403,shaeed rajaii,China,84238100,26376,841644,Industrial Machinery,10500,30,3956.4,15%,9%,126246.6,87110.15,1058957.15,25%,40.15,10.04,264739.29
1403,shaeed rajaii,China,84362900,343285,841170,Industrial Machinery,10500,30,51492.75,15%,9%,126175.5,87061.1,1105899.35,25%,3.22,0.8,276474.84
1403,shaeed rajaii,China,84589190,75730,838581,Industrial Machinery,10500,30,11359.5,15%,9%,125787.15,86793.13,1062520.78,25%,14.03,3.51,265630.2
1403,shaeed rajaii,China,39089020,800000,834626,Plastics & Polymers,10500,30,120000,20%,9%,166925.2,90139.61,1211690.81,25%,1.51,0.38,302922.7
1403,shaeed rajaii,China,73072200,255338,834507,Articles of Iron & Steel,10500,30,38300.7,10%,9%,83450.7,82616.19,1038874.59,25%,4.07,1.02,259718.65
1403,shaeed rajaii,China,38237090,283500,833295,Chemical Products,10500,30,42525,15%,9%,124994.25,86246.03,1087060.28,25%,3.83,0.96,271765.07
1403,shaeed rajaii,China,39094030,374825,831400,Plastics & Polymers,10500,30,56223.75,20%,9%,166280,89791.2,1143694.95,25%,3.05,0.76,285923.74
1403,shaeed rajaii,China,85299050,14514,831357,Electrical Equipment,10500,30,2177.1,15%,9%,124703.55,86045.45,1044283.1,25%,71.95,17.99,261070.78
1403,shaeed rajaii,China,29038900,82112,828818,Organic Chemicals,10500,30,12316.8,15%,9%,124322.7,85782.66,1051240.16,25%,12.8,3.2,262810.04
1403,shaeed rajaii,China,85309000,3400,828232,Electrical Equipment,10500,30,510,15%,9%,124234.8,85722.01,1038698.81,25%,305.5,76.38,259674.7
1403,shaeed rajaii,China,72091500,946334,828145,Iron & Steel Products,10500,30,141950.1,10%,9%,82814.5,81986.36,1134895.96,25%,1.2,0.3,283723.99
1403,shaeed rajaii,China,85044020,26216,827532,Electrical Equipment,10500,30,3932.4,15%,9%,124129.8,85649.56,1041243.76,25%,39.72,9.93,260310.94
1403,shaeed rajaii,China,87085033,169984,827290,Vehicle Parts & Accessories,10500,30,25497.6,25%,9%,206822.5,93070.12,1152680.22,25%,6.78,1.7,288170.06
1403,shaeed rajaii,China,68141000,157816,825388,General Goods,10500,30,23672.4,20%,9%,165077.6,89141.9,1103279.9,25%,6.99,1.75,275819.97
1403,shaeed rajaii,China,48099090,521159,823735,Paper & Paperboard,10500,30,78173.85,15%,9%,123560.25,85256.57,1110725.67,25%,2.13,0.53,277681.42
1403,shaeed rajaii,China,29224210,635200,823525,Organic Chemicals,10500,30,95280,15%,9%,123528.75,85234.84,1127568.59,25%,1.78,0.44,281892.15
1403,shaeed rajaii,China,95067000,107676,819159,General Goods,10500,30,16151.4,20%,9%,163831.8,88469.17,1087611.37,25%,10.1,2.52,271902.84
1403,shaeed rajaii,China,85129010,99561,818315,Electrical Equipment,10500,30,14934.15,15%,9%,122747.25,84695.6,1040692,25%,10.45,2.61,260173
1403,shaeed rajaii,China,90058090,6242,817787,General Goods,10500,30,936.3,20%,9%,163557.4,88321,1070601.7,25%,171.52,42.88,267650.42
1403,shaeed rajaii,China,39219091,211231,812751,Plastics & Polymers,10500,30,31684.65,20%,9%,162550.2,87777.11,1094762.96,25%,5.18,1.3,273690.74
1403,shaeed rajaii,China,28334000,754850,811685,General Goods,10500,30,113227.5,20%,9%,162337,87661.98,1174911.48,25%,1.56,0.39,293727.87
1403,shaeed rajaii,China,76072000,161019,808814,General Goods,10500,30,24152.85,20%,9%,161762.8,87351.91,1082081.56,25%,6.72,1.68,270520.39
1403,shaeed rajaii,China,85459030,20729,808497,Electrical Equipment,10500,30,3109.35,15%,9%,121274.55,83679.44,1016560.34,25%,49.04,12.26,254140.08
1403,shaeed rajaii,China,82089000,260573,807309,General Goods,10500,30,39085.95,20%,9%,161461.8,87189.37,1095046.12,25%,4.2,1.05,273761.53
1403,shaeed rajaii,China,29171100,1241000,806973,Organic Chemicals,10500,30,186150,15%,9%,121045.95,83521.71,1197690.66,25%,0.97,0.24,299422.66
1403,shaeed rajaii,China,85258990,16479,806272,Electrical Equipment,10500,30,2471.85,15%,9%,120940.8,83449.15,1013133.8,25%,61.48,15.37,253283.45
1403,shaeed rajaii,China,29161300,321300,805950,Organic Chemicals,10500,30,48195,15%,9%,120892.5,83415.82,1058453.32,25%,3.29,0.82,264613.33
1403,shaeed rajaii,China,83016090,85172,804104,General Goods,10500,30,12775.8,20%,9%,160820.8,86843.23,1064543.83,25%,12.5,3.12,266135.96
1403,shaeed rajaii,China,39232190,135713,803674,Plastics & Polymers,10500,30,20356.95,20%,9%,160734.8,86796.79,1071562.54,25%,7.9,1.98,267890.64
1403,shaeed rajaii,China,81130000,11122,802491,General Goods,10500,30,1668.3,20%,9%,160498.2,86669.03,1051326.53,25%,94.53,23.63,262831.63
1403,shaeed rajaii,China,73209020,90009,802390,Articles of Iron & Steel,10500,30,13501.35,10%,9%,80239,79436.61,975566.96,25%,10.84,2.71,243891.74
1403,shaeed rajaii,China,68159990,426975,801598,General Goods,10500,30,64046.25,20%,9%,160319.6,86572.58,1112536.43,25%,2.61,0.65,278134.11
1403,shaeed rajaii,China,84672920,115481,801344,Industrial Machinery,10500,30,17322.15,15%,9%,120201.6,82939.1,1021806.85,25%,8.85,2.21,255451.71
1403,shaeed rajaii,China,39211990,178320,799554,Plastics & Polymers,10500,30,26748,20%,9%,159910.8,86351.83,1072564.63,25%,6.01,1.5,268141.16
1403,shaeed rajaii,China,84818025,170426,797658,Industrial Machinery,10500,30,25563.9,15%,9%,119648.7,82557.6,1025428.2,25%,6.02,1.5,256357.05
1403,shaeed rajaii,China,84596100,128600,796065,Industrial Machinery,10500,30,19290,15%,9%,119409.75,82392.73,1017157.48,25%,7.91,1.98,254289.37
1403,shaeed rajaii,China,39219010,194494,792485,Plastics & Polymers,10500,30,29174.1,20%,9%,158497,85588.38,1065744.48,25%,5.48,1.37,266436.12
1403,shaeed rajaii,China,32049010,204100,791553,General Goods,10500,30,30615,20%,9%,158310.6,85487.72,1065966.32,25%,5.22,1.3,266491.58
1403,shaeed rajaii,China,85286200,8015,788865,Telecom & Display Equipment,10500,30,1202.25,15%,9%,118329.75,81647.53,990044.53,25%,123.52,30.88,247511.13
1403,shaeed rajaii,China,32041490,330000,785287,General Goods,10500,30,49500,20%,9%,157057.4,84811,1076655.4,25%,3.26,0.82,269163.85
1403,shaeed rajaii,China,84122100,41032,784448,Industrial Machinery,10500,30,6154.8,15%,9%,117667.2,81190.37,989460.37,25%,24.11,6.03,247365.09
1403,shaeed rajaii,China,84433100,31214,783981,Industrial Machinery,10500,30,4682.1,15%,9%,117597.15,81142.03,987402.28,25%,31.63,7.91,246850.57
1403,shaeed rajaii,China,35051090,373375,782767,General Goods,10500,30,56006.25,20%,9%,156553.4,84538.84,1079865.49,25%,2.89,0.72,269966.37
1403,shaeed rajaii,China,32082090,94115,781831,General Goods,10500,30,14117.25,20%,9%,156366.2,84437.75,1036752.2,25%,11.02,2.76,259188.05
1403,shaeed rajaii,China,84717090,17187,777239,Industrial Machinery,10500,30,2578.05,15%,9%,116585.85,80444.24,976847.14,25%,56.84,14.21,244211.78
1403,shaeed rajaii,China,84592100,83380,776386,Industrial Machinery,10500,30,12507,15%,9%,116457.9,80355.95,985706.85,25%,11.82,2.96,246426.71
1403,shaeed rajaii,China,82079000,50199,775675,General Goods,10500,30,7529.85,20%,9%,155135,83772.9,1022112.75,25%,20.36,5.09,255528.19
1403,shaeed rajaii,China,84385000,93184,774973,Industrial Machinery,10500,30,13977.6,15%,9%,116245.95,80209.71,985406.26,25%,10.57,2.64,246351.56
1403,shaeed rajaii,China,98870424,98152,773835,Vehicle/Chassis/Tractor Parts,10500,30,14722.8,40%,9%,309534,97503.21,1195595.01,25%,12.18,3.04,298898.75
1403,shaeed rajaii,China,73061190,155950,772098,Articles of Iron & Steel,10500,30,23392.5,10%,9%,77209.8,76437.7,949138,25%,6.09,1.52,237284.5
1403,shaeed rajaii,China,84833000,68286,768027,Industrial Machinery,10500,30,10242.9,15%,9%,115204.05,79490.79,972964.74,25%,14.25,3.56,243241.18
1403,shaeed rajaii,China,39204330,424749,766564,Plastics & Polymers,10500,30,63712.35,20%,9%,153312.8,82788.91,1066378.06,25%,2.51,0.63,266594.52
1403,shaeed rajaii,China,85287210,20422,762821,Telecom & Display Equipment,10500,30,3063.3,15%,9%,114423.15,78951.97,959259.42,25%,46.97,11.74,239814.86
1403,shaeed rajaii,China,84431100,114940,759666,Industrial Machinery,10500,30,17241,15%,9%,113949.9,78625.43,969482.33,25%,8.43,2.11,242370.58
1403,shaeed rajaii,China,85043290,34518,756896,Electrical Equipment,10500,30,5177.7,15%,9%,113534.4,78338.74,953946.84,25%,27.64,6.91,238486.71
1403,shaeed rajaii,China,39076920,660000,756539,Plastics & Polymers,10500,30,99000,20%,9%,151307.8,81706.21,1088553.01,25%,1.65,0.41,272138.25
1403,shaeed rajaii,China,29372990,1460,755950,Organic Chemicals,10500,30,219,15%,9%,113392.5,78240.82,947802.32,25%,649.18,162.29,236950.58
1403,shaeed rajaii,China,70196490,276626,755676,General Goods,10500,30,41493.9,20%,9%,151135.2,81613.01,1029918.11,25%,3.72,0.93,257479.53
1403,shaeed rajaii,China,29314990,555400,755424,Organic Chemicals,10500,30,83310,15%,9%,113313.6,78186.38,1030233.98,25%,1.85,0.46,257558.5
1403,shaeed rajaii,China,72159000,169261,755259,Iron & Steel Products,10500,30,25389.15,10%,9%,75525.9,74770.64,930944.69,25%,5.5,1.38,232736.17
1403,shaeed rajaii,China,15159090,41065,754770,General Goods,10500,30,6159.75,20%,9%,150954,81515.16,993398.91,25%,24.19,6.05,248349.73
1403,shaeed rajaii,China,39199020,220925,754346,Plastics & Polymers,10500,30,33138.75,20%,9%,150869.2,81469.37,1019823.32,25%,4.62,1.16,254955.83
1403,shaeed rajaii,China,85444210,44435,752004,Electrical Equipment,10500,30,6665.25,15%,9%,112800.6,77832.41,949302.26,25%,21.36,5.34,237325.56
1403,shaeed rajaii,China,48119090,372131,751805,Paper & Paperboard,10500,30,55819.65,15%,9%,112770.75,77811.82,998207.22,25%,2.68,0.67,249551.8
1403,shaeed rajaii,China,39201020,311990,750289,Plastics & Polymers,10500,30,46798.5,20%,9%,150057.8,81031.21,1028176.51,25%,3.3,0.82,257044.13
1403,shaeed rajaii,China,48043190,548924,749562,Paper & Paperboard,10500,30,82338.6,15%,9%,112434.3,77579.67,1021914.57,25%,1.86,0.46,255478.64
1403,shaeed rajaii,China,70023200,744969,745989,General Goods,10500,30,111745.35,20%,9%,149197.8,80566.81,1087498.96,25%,1.46,0.36,271874.74
1403,shaeed rajaii,China,96092090,264908,743200,General Goods,10500,30,39736.2,20%,9%,148640,80265.6,1011841.8,25%,3.82,0.96,252960.45
1403,shaeed rajaii,China,84128000,107915,742297,Industrial Machinery,10500,30,16187.25,15%,9%,111344.55,76827.74,946656.54,25%,8.77,2.19,236664.14
1403,shaeed rajaii,China,82130000,133750,741975,General Goods,10500,30,20062.5,20%,9%,148395,80133.3,990565.8,25%,7.41,1.85,247641.45
1403,shaeed rajaii,China,28419000,887016,740556,General Goods,10500,30,133052.4,20%,9%,148111.2,79980.05,1101699.65,25%,1.24,0.31,275424.91
1403,shaeed rajaii,China,87041020,166940,739532,General Goods,10500,30,25041,20%,9%,147906.4,79869.46,992348.86,25%,5.94,1.48,248087.22
1403,shaeed rajaii,China,87051010,217600,738989,General Goods,10500,30,32640,20%,9%,147797.8,79810.81,999237.61,25%,4.59,1.15,249809.4
1403,shaeed rajaii,China,72191100,261129,738849,Iron & Steel Products,10500,30,39169.35,10%,9%,73884.9,73146.05,925049.3,25%,3.54,0.88,231262.32
1403,shaeed rajaii,China,73158900,287531,738190,Articles of Iron & Steel,10500,30,43129.65,10%,9%,73819,73080.81,928219.46,25%,3.23,0.81,232054.86
1403,shaeed rajaii,China,85189010,125357,737214,Electrical Equipment,10500,30,18803.55,15%,9%,110582.1,76301.65,942901.3,25%,7.52,1.88,235725.32
1403,shaeed rajaii,China,90311010,76540,736587,General Goods,10500,30,11481,20%,9%,147317.4,79551.4,974936.8,25%,12.74,3.18,243734.2
1403,shaeed rajaii,China,84639000,30841,736574,Industrial Machinery,10500,30,4626.15,15%,9%,110486.1,76235.41,927921.66,25%,30.09,7.52,231980.42
1403,shaeed rajaii,China,32091050,167016,735885,General Goods,10500,30,25052.4,20%,9%,147177,79475.58,987589.98,25%,5.91,1.48,246897.5
1403,shaeed rajaii,China,73041910,640013,735760,Articles of Iron & Steel,10500,30,96001.95,10%,9%,73576,72840.24,978178.19,25%,1.53,0.38,244544.55
1403,shaeed rajaii,China,84209100,151946,734310,Industrial Machinery,10500,30,22791.9,15%,9%,110146.5,76001.08,943249.48,25%,6.21,1.55,235812.37
1403,shaeed rajaii,China,83099090,209085,733018,General Goods,10500,30,31362.75,20%,9%,146603.6,79165.94,990150.29,25%,4.74,1.18,247537.57
1403,shaeed rajaii,China,74112100,66736,732246,General Goods,10500,30,10010.4,20%,9%,146449.2,79082.57,967788.17,25%,14.5,3.62,241947.04
1403,shaeed rajaii,China,85022010,34950,732224,Electrical Equipment,10500,30,5242.5,15%,9%,109833.6,75785.18,923085.28,25%,26.41,6.6,230771.32
1403,shaeed rajaii,China,29094900,211520,730623,Organic Chemicals,10500,30,31728,15%,9%,109593.45,75619.48,947563.93,25%,4.48,1.12,236890.98
1403,shaeed rajaii,China,85177190,19498,730591,Telecom & Display Equipment,10500,30,2924.7,15%,9%,109588.65,75616.17,918720.52,25%,47.12,11.78,229680.13
1403,shaeed rajaii,China,29153900,298229,728829,Organic Chemicals,10500,30,44734.35,15%,9%,109324.35,75433.8,958321.5,25%,3.21,0.8,239580.38
1403,shaeed rajaii,China,29362910,86575,728493,Organic Chemicals,10500,30,12986.25,15%,9%,109273.95,75399.03,926152.23,25%,10.7,2.68,231538.06
1403,shaeed rajaii,China,85272100,74474,727005,Electrical Equipment,10500,30,11171.1,15%,9%,109050.75,75245.02,922471.87,25%,12.39,3.1,230617.97
1403,shaeed rajaii,China,29362100,13880,724371,Organic Chemicals,10500,30,2082,15%,9%,108655.65,74972.4,910081.05,25%,65.57,16.39,227520.26
1403,shaeed rajaii,China,40101100,152562,719633,Rubber & Tires,10500,30,22884.3,20%,9%,143926.6,77720.36,964164.26,25%,6.32,1.58,241041.06
1403,shaeed rajaii,China,74072900,48254,719117,General Goods,10500,30,7238.1,20%,9%,143823.4,77664.64,947843.14,25%,19.64,4.91,236960.78
1403,shaeed rajaii,China,29335910,30000,718883,Organic Chemicals,10500,30,4500,15%,9%,107832.45,74404.39,905619.84,25%,30.19,7.55,226404.96
1403,shaeed rajaii,China,39201040,238979,717345,Plastics & Polymers,10500,30,35846.85,20%,9%,143469,77473.26,974134.11,25%,4.08,1.02,243533.53
1403,shaeed rajaii,China,32081040,162200,715791,General Goods,10500,30,24330,20%,9%,143158.2,77305.43,960584.63,25%,5.92,1.48,240146.16
1403,shaeed rajaii,China,39131000,74250,715474,Plastics & Polymers,10500,30,11137.5,20%,9%,143094.8,77271.19,946977.49,25%,12.75,3.19,236744.37
1403,shaeed rajaii,China,85364920,28600,714297,Electrical Equipment,10500,30,4290,15%,9%,107144.55,73929.74,899661.29,25%,31.46,7.86,224915.32
1403,shaeed rajaii,China,29121900,426470,713783,Organic Chemicals,10500,30,63970.5,15%,9%,107067.45,73876.54,958697.49,25%,2.25,0.56,239674.37
1403,shaeed rajaii,China,85176940,2095,712949,Telecom & Display Equipment,10500,30,314.25,15%,9%,106942.35,73790.22,893995.82,25%,426.73,106.68,223498.96
1403,shaeed rajaii,China,29400010,135970,711790,Organic Chemicals,10500,30,20395.5,15%,9%,106768.5,73670.26,912624.26,25%,6.71,1.68,228156.06
1403,shaeed rajaii,China,90248000,53961,711336,General Goods,10500,30,8094.15,20%,9%,142267.2,76824.29,938521.64,25%,17.39,4.35,234630.41
1403,shaeed rajaii,China,38160020,260320,710326,Chemical Products,10500,30,39048,15%,9%,106548.9,73518.74,929441.64,25%,3.57,0.89,232360.41
1403,shaeed rajaii,China,29241290,189700,709303,Organic Chemicals,10500,30,28455,15%,9%,106395.45,73412.86,917566.31,25%,4.84,1.21,229391.58
1403,shaeed rajaii,China,84159020,98492,707019,Industrial Machinery,10500,30,14773.8,15%,9%,106052.85,73176.47,901022.12,25%,9.15,2.29,225255.53
1403,shaeed rajaii,China,39052900,381100,706704,Plastics & Polymers,10500,30,57165,20%,9%,141340.8,76324.03,981533.83,25%,2.58,0.64,245383.46
1403,shaeed rajaii,China,85399010,142927,705051,Electrical Equipment,10500,30,21439.05,15%,9%,105757.65,72972.78,905220.48,25%,6.33,1.58,226305.12
1403,shaeed rajaii,China,40119090,162295,704672,Rubber & Tires,10500,30,24344.25,20%,9%,140934.4,76104.58,946055.23,25%,5.83,1.46,236513.81
1403,shaeed rajaii,China,84459000,169211,702883,Industrial Machinery,10500,30,25381.65,15%,9%,105432.45,72748.39,906445.49,25%,5.36,1.34,226611.37
1403,shaeed rajaii,China,87089429,78097,698294,Vehicle Parts & Accessories,10500,30,11714.55,25%,9%,174573.5,78558.08,963140.13,25%,12.33,3.08,240785.03
1403,shaeed rajaii,China,84669200,53635,697483,Industrial Machinery,10500,30,8045.25,15%,9%,104622.45,72189.49,882340.19,25%,16.45,4.11,220585.05
1403,shaeed rajaii,China,70171010,331642,696481,General Goods,10500,30,49746.3,20%,9%,139296.2,75219.95,960743.45,25%,2.9,0.72,240185.86
1403,shaeed rajaii,China,59090000,145494,696438,General Goods,10500,30,21824.1,20%,9%,139287.6,75215.3,932765,25%,6.41,1.6,233191.25
1403,shaeed rajaii,China,39202050,70927,695277,Plastics & Polymers,10500,30,10639.05,20%,9%,139055.4,75089.92,920061.37,25%,12.97,3.24,230015.34
1403,shaeed rajaii,China,73182900,87308,693070,Articles of Iron & Steel,10500,30,13096.2,10%,9%,69307,68613.93,844087.13,25%,9.67,2.42,211021.78
1403,shaeed rajaii,China,84137010,120418,691504,Industrial Machinery,10500,30,18062.7,15%,9%,103725.6,71570.66,884862.96,25%,7.35,1.84,221215.74
1403,shaeed rajaii,China,72272000,1000000,691381,Iron & Steel Products,10500,30,150000,10%,9%,69138.1,68446.72,978965.82,25%,0.98,0.24,244741.46
1403,shaeed rajaii,China,30064090,10452,690065,General Goods,10500,30,1567.8,20%,9%,138013,74527.02,904172.82,25%,86.51,21.63,226043.2
1403,shaeed rajaii,China,28352900,411500,688453,General Goods,10500,30,61725,20%,9%,137690.6,74352.92,962221.52,25%,2.34,0.58,240555.38
1403,shaeed rajaii,China,76129090,31761,688181,General Goods,10500,30,4764.15,20%,9%,137636.2,74323.55,904904.9,25%,28.49,7.12,226226.22
1403,shaeed rajaii,China,90318030,59856,687687,General Goods,10500,30,8978.4,20%,9%,137537.4,74270.2,908473,25%,15.18,3.8,227118.25
1403,shaeed rajaii,China,70196310,428106,685806,General Goods,10500,30,64215.9,20%,9%,137161.2,74067.05,961250.15,25%,2.25,0.56,240312.54
1403,shaeed rajaii,China,85334030,76484,683499,Electrical Equipment,10500,30,11472.6,15%,9%,102524.85,70742.15,868238.6,25%,11.35,2.84,217059.65
1403,shaeed rajaii,China,84159030,108526,683116,Industrial Machinery,10500,30,16278.9,15%,9%,102467.4,70702.51,872564.81,25%,8.04,2.01,218141.2
1403,shaeed rajaii,China,28251090,116000,681680,General Goods,10500,30,17400,20%,9%,136336,73621.44,909037.44,25%,7.84,1.96,227259.36
1403,shaeed rajaii,China,25120000,1030580,680337,General Goods,10500,30,154587,20%,9%,136067.4,73476.4,1044467.8,25%,1.01,0.25,261116.95
1403,shaeed rajaii,China,60054200,137237,677620,General Goods,10500,30,20585.55,20%,9%,135524,73182.96,906912.51,25%,6.61,1.65,226728.13
1403,shaeed rajaii,China,39204930,268153,676551,Plastics & Polymers,10500,30,40222.95,20%,9%,135310.2,73067.51,925151.66,25%,3.45,0.86,231287.92
1403,shaeed rajaii,China,38273100,152873,676310,Chemical Products,10500,30,22930.95,15%,9%,101446.5,69998.08,870685.53,25%,5.7,1.42,217671.38
1403,shaeed rajaii,China,39122000,204000,676272,Plastics & Polymers,10500,30,30600,20%,9%,135254.4,73037.38,915163.78,25%,4.49,1.12,228790.94
1403,shaeed rajaii,China,85219010,22209,675793,Electrical Equipment,10500,30,3331.35,15%,9%,101368.95,69944.58,850437.88,25%,38.29,9.57,212609.47
1403,shaeed rajaii,China,98871220,196755,673173,Vehicle/Chassis/Tractor Parts,10500,30,29513.25,40%,9%,269269.2,84819.8,1056775.25,25%,5.37,1.34,264193.81
1403,shaeed rajaii,China,96062200,299127,672361,General Goods,10500,30,44869.05,20%,9%,134472.2,72614.99,924317.24,25%,3.09,0.77,231079.31
1403,shaeed rajaii,China,84132000,121716,669205,Industrial Machinery,10500,30,18257.4,15%,9%,100380.75,69262.72,857105.87,25%,7.04,1.76,214276.47
1403,shaeed rajaii,China,83023090,142300,668260,General Goods,10500,30,21345,20%,9%,133652,72172.08,895429.08,25%,6.29,1.57,223857.27
1403,shaeed rajaii,China,39209200,163829,667059,Plastics & Polymers,10500,30,24574.35,20%,9%,133411.8,72042.37,897087.52,25%,5.48,1.37,224271.88
1403,shaeed rajaii,China,59119010,92748,665327,General Goods,10500,30,13912.2,20%,9%,133065.4,71855.32,884159.92,25%,9.53,2.38,221039.98
1403,shaeed rajaii,China,85016300,137645,664075,Electrical Equipment,10500,30,20646.75,15%,9%,99611.25,68731.76,853064.76,25%,6.2,1.55,213266.19
1403,shaeed rajaii,China,29142900,197840,663208,Organic Chemicals,10500,30,29676,15%,9%,99481.2,68642.03,861007.23,25%,4.35,1.09,215251.81
1403,shaeed rajaii,China,85363090,25739,662395,Electrical Equipment,10500,30,3860.85,15%,9%,99359.25,68557.88,834172.98,25%,32.41,8.1,208543.24
1403,shaeed rajaii,China,84818021,158190,662325,Industrial Machinery,10500,30,23728.5,15%,9%,99348.75,68550.64,853952.89,25%,5.4,1.35,213488.22
1403,shaeed rajaii,China,70052120,626720,661291,General Goods,10500,30,94008,20%,9%,132258.2,71419.43,958976.63,25%,1.53,0.38,239744.16
1403,shaeed rajaii,China,90184911,23401,657530,General Goods,10500,30,3510.15,20%,9%,131506,71013.24,863559.39,25%,36.9,9.22,215889.85
1403,shaeed rajaii,China,29334920,5600,656925,Organic Chemicals,10500,30,840,15%,9%,98538.75,67991.74,824295.49,25%,147.2,36.8,206073.87
1403,shaeed rajaii,China,39204370,148000,656352,Plastics & Polymers,10500,30,22200,20%,9%,131270.4,70886.02,880708.42,25%,5.95,1.49,220177.1
1403,shaeed rajaii,China,39211200,332316,654351,Plastics & Polymers,10500,30,49847.4,20%,9%,130870.2,70669.91,905738.51,25%,2.73,0.68,226434.63
1403,shaeed rajaii,China,29362500,25750,653947,Organic Chemicals,10500,30,3862.5,15%,9%,98092.05,67683.51,823585.06,25%,31.98,8,205896.26
1403,shaeed rajaii,China,72288000,258322,653753,Iron & Steel Products,10500,30,38748.3,10%,9%,65375.3,64721.55,822598.15,25%,3.18,0.8,205649.54
1403,shaeed rajaii,China,28332980,651000,653465,General Goods,10500,30,97650,20%,9%,130693,70574.22,952382.22,25%,1.46,0.36,238095.56
1403,shaeed rajaii,China,29209090,576000,652141,Organic Chemicals,10500,30,86400,15%,9%,97821.15,67496.59,903858.74,25%,1.57,0.39,225964.68
1403,shaeed rajaii,China,70199040,215563,651139,General Goods,10500,30,32334.45,20%,9%,130227.8,70323.01,884024.26,25%,4.1,1.02,221006.06
1403,shaeed rajaii,China,34023910,316300,650869,General Goods,10500,30,47445,20%,9%,130173.8,70293.85,898781.65,25%,2.84,0.71,224695.41
1403,shaeed rajaii,China,84409000,126896,650281,Industrial Machinery,10500,30,19034.4,15%,9%,97542.15,67304.08,834161.63,25%,6.57,1.64,208540.41
1403,shaeed rajaii,China,29072200,75100,649625,Organic Chemicals,10500,30,11265,15%,9%,97443.75,67236.19,825569.94,25%,10.99,2.75,206392.48
1403,shaeed rajaii,China,84519000,70164,649139,Industrial Machinery,10500,30,10524.6,15%,9%,97370.85,67185.89,824220.34,25%,11.75,2.94,206055.08
1403,shaeed rajaii,China,84148010,25792,649022,Compressors & Pumps,10500,30,3868.8,15%,9%,97353.3,67173.78,817417.88,25%,31.69,7.92,204354.47
1403,shaeed rajaii,China,76041000,133604,648483,General Goods,10500,30,20040.6,20%,9%,129696.6,70036.16,868256.36,25%,6.5,1.62,217064.09
1403,shaeed rajaii,China,84135010,61861,647344,Industrial Machinery,10500,30,9279.15,15%,9%,97101.6,67000.1,820724.85,25%,13.27,3.32,205181.21
1403,shaeed rajaii,China,34031990,162760,647284,General Goods,10500,30,24414,20%,9%,129456.8,69906.67,871061.47,25%,5.35,1.34,217765.37
1403,shaeed rajaii,China,76042100,133224,646542,General Goods,10500,30,19983.6,20%,9%,129308.4,69826.54,865660.54,25%,6.5,1.62,216415.14
1403,shaeed rajaii,China,82077000,84292,646146,General Goods,10500,30,12643.8,20%,9%,129229.2,69783.77,857802.77,25%,10.18,2.54,214450.69
1403,shaeed rajaii,China,84573000,51715,645739,Industrial Machinery,10500,30,7757.25,15%,9%,96860.85,66833.99,817191.09,25%,15.8,3.95,204297.77
1403,shaeed rajaii,China,85171420,1997,645498,Telecom & Display Equipment,10500,30,299.55,15%,9%,96824.7,66809.04,809431.29,25%,405.32,101.33,202357.82
1403,shaeed rajaii,China,76081000,177428,644657,General Goods,10500,30,26614.2,20%,9%,128931.4,69622.96,869825.56,25%,4.9,1.23,217456.39
1403,shaeed rajaii,China,52079000,16911,644534,General Goods,10500,30,2536.65,20%,9%,128906.8,69609.67,845587.12,25%,50,12.5,211396.78
1403,shaeed rajaii,China,39199030,381848,643789,Plastics & Polymers,10500,30,57277.2,20%,9%,128757.8,69529.21,899353.21,25%,2.36,0.59,224838.3
1403,shaeed rajaii,China,84289090,77400,639487,Industrial Machinery,10500,30,11610,15%,9%,95923.05,66186.9,813206.95,25%,10.51,2.63,203301.74
1403,shaeed rajaii,China,60053700,106776,638839,General Goods,10500,30,16016.4,20%,9%,127767.8,68994.61,851617.81,25%,7.98,2,212904.45
1403,shaeed rajaii,China,90292022,6581,638672,General Goods,10500,30,987.15,20%,9%,127734.4,68976.58,836370.13,25%,127.09,31.77,209092.53
1403,shaeed rajaii,China,25081000,301750,636465,General Goods,10500,30,45262.5,20%,9%,127293,68738.22,877758.72,25%,2.91,0.73,219439.68
1403,shaeed rajaii,China,74091100,60615,635464,General Goods,10500,30,9092.25,20%,9%,127092.8,68630.11,840279.16,25%,13.86,3.46,210069.79
1403,shaeed rajaii,China,90183220,20545,635106,General Goods,10500,30,3081.75,20%,9%,127021.2,68591.45,833800.4,25%,40.58,10.14,208450.1
1403,shaeed rajaii,China,87141025,178151,634318,General Goods,10500,30,26722.65,20%,9%,126863.6,68506.34,856410.59,25%,4.81,1.2,214102.65
1403,shaeed rajaii,China,87012100,76610,633903,General Goods,10500,30,11491.5,20%,9%,126780.6,68461.52,840636.62,25%,10.97,2.74,210159.16
1403,shaeed rajaii,China,40027000,191550,633761,Rubber & Tires,10500,30,28732.5,20%,9%,126752.2,68446.19,857691.89,25%,4.48,1.12,214422.97
1403,shaeed rajaii,China,54025100,207377,633221,General Goods,10500,30,31106.55,20%,9%,126644.2,68387.87,859359.62,25%,4.14,1.03,214839.9
1403,shaeed rajaii,China,84198970,56335,631713,Industrial Machinery,10500,30,8450.25,15%,9%,94756.95,65382.3,800302.5,25%,14.21,3.55,200075.62
1403,shaeed rajaii,China,29362300,22700,630659,Organic Chemicals,10500,30,3405,15%,9%,94598.85,65273.21,793936.06,25%,34.98,8.74,198484.02
1403,shaeed rajaii,China,84715010,6373,629265,Industrial Machinery,10500,30,955.95,15%,9%,94389.75,65128.93,789739.63,25%,123.92,30.98,197434.91
1403,shaeed rajaii,China,39219070,80574,628450,Plastics & Polymers,10500,30,12086.1,20%,9%,125690,67872.6,834098.7,25%,10.35,2.59,208524.68
1403,shaeed rajaii,China,84262000,521980,628133,Industrial Machinery,10500,30,78297,15%,9%,94219.95,65011.77,865661.72,25%,1.66,0.42,216415.43
1403,shaeed rajaii,China,84292021,104000,628064,Industrial Machinery,10500,30,15600,15%,9%,94209.6,65004.62,802878.22,25%,7.72,1.93,200719.56
1403,shaeed rajaii,China,84485900,88350,626560,Industrial Machinery,10500,30,13252.5,15%,9%,93984,64848.96,798645.46,25%,9.04,2.26,199661.36
1403,shaeed rajaii,China,59021020,178146,626111,General Goods,10500,30,26721.9,20%,9%,125222.2,67619.99,845675.09,25%,4.75,1.19,211418.77
1403,shaeed rajaii,China,83015000,143987,625056,General Goods,10500,30,21598.05,20%,9%,125011.2,67506.05,839171.3,25%,5.83,1.46,209792.82
1403,shaeed rajaii,China,60059000,131237,623614,General Goods,10500,30,19685.55,20%,9%,124722.8,67350.31,835372.66,25%,6.37,1.59,208843.16
1403,shaeed rajaii,China,90309000,5022,622903,General Goods,10500,30,753.3,20%,9%,124580.6,67273.52,815510.42,25%,162.39,40.6,203877.6
1403,shaeed rajaii,China,87084010,35511,620954,Vehicle Parts & Accessories,10500,30,5326.65,25%,9%,155238.5,69857.32,851376.47,25%,23.98,6,212844.12
1403,shaeed rajaii,China,39021099,270536,620413,Plastics & Polymers,10500,30,40580.4,20%,9%,124082.6,67004.6,852080.6,25%,3.15,0.79,213020.15
1403,shaeed rajaii,China,29321300,479000,619395,Organic Chemicals,10500,30,71850,15%,9%,92909.25,64107.38,848261.63,25%,1.77,0.44,212065.41
1403,shaeed rajaii,China,48139000,155764,618597,Paper & Paperboard,10500,30,23364.6,15%,9%,92789.55,64024.79,798775.94,25%,5.13,1.28,199693.98
1403,shaeed rajaii,China,37019910,25273,617458,General Goods,10500,30,3790.95,20%,9%,123491.6,66685.46,811426.01,25%,32.11,8.03,202856.5
1403,shaeed rajaii,China,84733090,10249,615053,Industrial Machinery,10500,30,1537.35,15%,9%,92257.95,63657.99,772506.29,25%,75.37,18.84,193126.57
1403,shaeed rajaii,China,85016490,57217,613535,Electrical Equipment,10500,30,8582.55,15%,9%,92030.25,63500.87,777648.67,25%,13.59,3.4,194412.17
1403,shaeed rajaii,China,69091990,57598,613337,General Goods,10500,30,8639.7,20%,9%,122667.4,66240.4,810884.5,25%,14.08,3.52,202721.12
1403,shaeed rajaii,China,32073090,554400,612891,General Goods,10500,30,83160,20%,9%,122578.2,66192.23,884821.43,25%,1.6,0.4,221205.36
1403,shaeed rajaii,China,28211000,421400,611441,General Goods,10500,30,63210,20%,9%,122288.2,66035.63,862974.83,25%,2.05,0.51,215743.71
1403,shaeed rajaii,China,32072010,282775,610019,General Goods,10500,30,42416.25,20%,9%,122003.8,65882.05,840321.1,25%,2.97,0.74,210080.28
1403,shaeed rajaii,China,32089020,96000,609853,General Goods,10500,30,14400,20%,9%,121970.6,65864.12,812087.72,25%,8.46,2.12,203021.93
1403,shaeed rajaii,China,84261190,137573,609293,Industrial Machinery,10500,30,20635.95,15%,9%,91393.95,63061.83,784384.73,25%,5.7,1.42,196096.18
1403,shaeed rajaii,China,32061110,280500,606990,General Goods,10500,30,42075,20%,9%,121398,65554.92,836017.92,25%,2.98,0.74,209004.48
1403,shaeed rajaii,China,28352500,468000,603517,General Goods,10500,30,70200,20%,9%,120703.4,65179.84,859600.24,25%,1.84,0.46,214900.06
1403,shaeed rajaii,China,29054990,307860,602385,Organic Chemicals,10500,30,46179,15%,9%,90357.75,62346.85,801268.6,25%,2.6,0.65,200317.15
1403,shaeed rajaii,China,83024900,110737,600759,General Goods,10500,30,16610.55,20%,9%,120151.8,64881.97,802403.32,25%,7.25,1.81,200600.83
1403,shaeed rajaii,China,98843310,140170,598548,Vehicle/Chassis/Tractor Parts,10500,30,21025.5,40%,9%,239419.2,75417.05,934409.75,25%,6.67,1.67,233602.44
1403,shaeed rajaii,China,85114020,54208,598351,Electrical Equipment,10500,30,8131.2,15%,9%,89752.65,61929.33,758164.18,25%,13.99,3.5,189541.04
1403,shaeed rajaii,China,39204910,223580,598158,Plastics & Polymers,10500,30,33537,20%,9%,119631.6,64601.06,815927.66,25%,3.65,0.91,203981.92
1403,shaeed rajaii,China,73181690,215287,598100,Articles of Iron & Steel,10500,30,32293.05,10%,9%,59810,59211.9,749414.95,25%,3.48,0.87,187353.74
1403,shaeed rajaii,China,98870112,111434,598038,Vehicle/Chassis/Tractor Parts,10500,30,16715.1,40%,9%,239215.2,75352.79,929321.09,25%,8.34,2.08,232330.27
1403,shaeed rajaii,China,39043000,161000,598004,Plastics & Polymers,10500,30,24150,20%,9%,119600.8,64584.43,806339.23,25%,5.01,1.25,201584.81
1403,shaeed rajaii,China,85065030,7034,596289,Electrical Equipment,10500,30,1055.1,15%,9%,89443.35,61715.91,748503.36,25%,106.41,26.6,187125.84
1403,shaeed rajaii,China,40169990,172213,595683,Rubber & Tires,10500,30,25831.95,20%,9%,119136.6,64333.76,804985.31,25%,4.67,1.17,201246.33
1403,shaeed rajaii,China,85362020,50946,595027,Electrical Equipment,10500,30,7641.9,15%,9%,89254.05,61585.29,753508.24,25%,14.79,3.7,188377.06
1403,shaeed rajaii,China,76069290,197873,595019,General Goods,10500,30,29680.95,20%,9%,119003.8,64262.05,807965.8,25%,4.08,1.02,201991.45
1403,shaeed rajaii,China,39094010,249410,594466,Plastics & Polymers,10500,30,37411.5,20%,9%,118893.2,64202.33,814973.03,25%,3.27,0.82,203743.26
1403,shaeed rajaii,China,84425090,80794,591090,Industrial Machinery,10500,30,12119.1,15%,9%,88663.5,61177.81,753050.41,25%,9.32,2.33,188262.6
1403,shaeed rajaii,China,28030000,155539,589928,General Goods,10500,30,23330.85,20%,9%,117985.6,63712.22,794956.67,25%,5.11,1.28,198739.17
1403,shaeed rajaii,China,79050000,121894,589509,General Goods,10500,30,18284.1,20%,9%,117901.8,63666.97,789361.87,25%,6.48,1.62,197340.47
1403,shaeed rajaii,China,48109210,802552,589412,Paper & Paperboard,10500,30,120382.8,15%,9%,88411.8,61004.14,859210.74,25%,1.07,0.27,214802.68
1403,shaeed rajaii,China,32071090,69260,589282,General Goods,10500,30,10389,20%,9%,117856.4,63642.46,781169.86,25%,11.28,2.82,195292.46
1403,shaeed rajaii,China,72024990,140000,588040,Iron & Steel Products,10500,30,21000,10%,9%,58804,58215.96,726059.96,25%,5.19,1.3,181514.99
1403,shaeed rajaii,China,29339930,8275,587364,Organic Chemicals,10500,30,1241.25,15%,9%,88104.6,60792.17,737502.02,25%,89.12,22.28,184375.5
1403,shaeed rajaii,China,85176950,4859,586715,Telecom & Display Equipment,10500,30,728.85,15%,9%,88007.25,60725,736176.1,25%,151.51,37.88,184044.02
1403,shaeed rajaii,China,84819040,70354,586356,Industrial Machinery,10500,30,10553.1,15%,9%,87953.4,60687.85,745550.35,25%,10.6,2.65,186387.59
1403,shaeed rajaii,China,84433900,38845,584263,Industrial Machinery,10500,30,5826.75,15%,9%,87639.45,60471.22,738200.42,25%,19,4.75,184550.1
1403,shaeed rajaii,China,29109000,221500,584003,Organic Chemicals,10500,30,33225,15%,9%,87600.45,60444.31,765272.76,25%,3.45,0.86,191318.19
1403,shaeed rajaii,China,40103400,219342,583292,Rubber & Tires,10500,30,32901.3,20%,9%,116658.4,62995.54,795847.24,25%,3.63,0.91,198961.81
1403,shaeed rajaii,China,84192090,42403,583008,Industrial Machinery,10500,30,6360.45,15%,9%,87451.2,60341.33,737160.98,25%,17.38,4.34,184290.24
1403,shaeed rajaii,China,29034990,117580,581731,Organic Chemicals,10500,30,17637,15%,9%,87259.65,60209.16,746836.81,25%,6.35,1.59,186709.2
1403,shaeed rajaii,China,87141040,185023,578335,General Goods,10500,30,27753.45,20%,9%,115667,62460.18,784215.63,25%,4.24,1.06,196053.91
1403,shaeed rajaii,China,34023990,185360,576804,General Goods,10500,30,27804,20%,9%,115360.8,62294.83,782263.63,25%,4.22,1.06,195565.91
1403,shaeed rajaii,China,29029000,137700,574575,Organic Chemicals,10500,30,20655,15%,9%,86186.25,59468.51,740884.76,25%,5.38,1.34,185221.19
1403,shaeed rajaii,China,39012090,304410,574474,Plastics & Polymers,10500,30,45661.5,20%,9%,114894.8,62043.19,797073.49,25%,2.62,0.66,199268.37
1403,shaeed rajaii,China,38151100,36500,573984,Chemical Products,10500,30,5475,15%,9%,86097.6,59407.34,724963.94,25%,19.86,4.96,181240.98
1403,shaeed rajaii,China,84131100,3100,573589,Industrial Machinery,10500,30,465,15%,9%,86038.35,59366.46,719458.81,25%,232.08,58.02,179864.7
1403,shaeed rajaii,China,85322900,80823,573438,Electrical Equipment,10500,30,12123.45,15%,9%,86015.7,59350.83,730927.98,25%,9.04,2.26,182732
1403,shaeed rajaii,China,73181510,70902,571131,Articles of Iron & Steel,10500,30,10635.3,10%,9%,57113.1,56541.97,695421.37,25%,9.81,2.45,173855.34
1403,shaeed rajaii,China,39076990,207000,570005,Plastics & Polymers,10500,30,31050,20%,9%,114001,61560.54,776616.54,25%,3.75,0.94,194154.14
1403,shaeed rajaii,China,83111000,609712,568059,General Goods,10500,30,91456.8,20%,9%,113611.8,61350.37,834477.97,25%,1.37,0.34,208619.49
1403,shaeed rajaii,China,87087029,91488,567567,Vehicle Parts & Accessories,10500,30,13723.2,25%,9%,141891.75,63851.29,787033.24,25%,8.6,2.15,196758.31
1403,shaeed rajaii,China,73182400,36235,565781,Articles of Iron & Steel,10500,30,5435.25,10%,9%,56578.1,56012.32,683806.67,25%,18.87,4.72,170951.67
1403,shaeed rajaii,China,90148000,2384,565468,General Goods,10500,30,357.6,20%,9%,113093.6,61070.54,739989.74,25%,310.4,77.6,184997.44
1403,shaeed rajaii,China,72123020,719685,562354,Iron & Steel Products,10500,30,107952.75,10%,9%,56235.4,55673.05,782215.2,25%,1.09,0.27,195553.8
1403,shaeed rajaii,China,84322990,222470,562324,Industrial Machinery,10500,30,33370.5,15%,9%,84348.6,58200.53,738243.63,25%,3.32,0.83,184560.91
1403,shaeed rajaii,China,85479000,85595,562255,Electrical Equipment,10500,30,12839.25,15%,9%,84338.25,58193.39,717625.89,25%,8.38,2.1,179406.47
1403,shaeed rajaii,China,84079000,132989,561411,Industrial Machinery,10500,30,19948.35,15%,9%,84211.65,58106.04,723677.04,25%,5.44,1.36,180919.26
1403,shaeed rajaii,China,28332920,72500,558972,General Goods,10500,30,10875,20%,9%,111794.4,60368.98,742010.38,25%,10.23,2.56,185502.6
1403,shaeed rajaii,China,84243000,36998,558423,Industrial Machinery,10500,30,5549.7,15%,9%,83763.45,57796.78,705532.93,25%,19.07,4.77,176383.23
1403,shaeed rajaii,China,84842020,107363,557713,Industrial Machinery,10500,30,16104.45,15%,9%,83656.95,57723.3,715197.7,25%,6.66,1.66,178799.42
1403,shaeed rajaii,China,40012200,240160,557266,Rubber & Tires,10500,30,36024,20%,9%,111453.2,60184.73,764927.93,25%,3.19,0.8,191231.98
1403,shaeed rajaii,China,83026000,192817,556501,General Goods,10500,30,28922.55,20%,9%,111300.2,60102.11,756825.86,25%,3.93,0.98,189206.46
1403,shaeed rajaii,China,87089311,13951,555633,Vehicle Parts & Accessories,10500,30,2092.65,25%,9%,138908.25,62508.71,759142.61,25%,54.41,13.6,189785.65
1403,shaeed rajaii,China,39029000,230740,554815,Plastics & Polymers,10500,30,34611,20%,9%,110963,59920.02,760309.02,25%,3.3,0.82,190077.26
1403,shaeed rajaii,China,38063000,133020,554479,Chemical Products,10500,30,19953,15%,9%,83171.85,57388.58,714992.43,25%,5.38,1.34,178748.11
1403,shaeed rajaii,China,85182100,95834,553899,Electrical Equipment,10500,30,14375.1,15%,9%,83084.85,57328.55,708687.5,25%,7.39,1.85,177171.88
1403,shaeed rajaii,China,72083790,852744,551305,Iron & Steel Products,10500,30,127911.6,10%,9%,55130.5,54579.2,788926.3,25%,0.93,0.23,197231.58
1403,shaeed rajaii,China,81019900,7729,549906,General Goods,10500,30,1159.35,20%,9%,109981.2,59389.85,720436.4,25%,93.21,23.3,180109.1
1403,shaeed rajaii,China,29143990,126315,549458,Organic Chemicals,10500,30,18947.25,15%,9%,82418.7,56868.9,707692.85,25%,5.6,1.4,176923.21
1403,shaeed rajaii,China,84688000,42189,549143,Industrial Machinery,10500,30,6328.35,15%,9%,82371.45,56836.3,694679.1,25%,16.47,4.12,173669.78
1403,shaeed rajaii,China,81110090,211100,548930,General Goods,10500,30,31665,20%,9%,109786,59284.44,749665.44,25%,3.55,0.89,187416.36
1403,shaeed rajaii,China,39041090,373334,548566,Plastics & Polymers,10500,30,56000.1,20%,9%,109713.2,59245.13,773524.43,25%,2.07,0.52,193381.11
1403,shaeed rajaii,China,85065090,10754,548405,Electrical Equipment,10500,30,1613.1,15%,9%,82260.75,56759.92,689038.77,25%,64.07,16.02,172259.69
1403,shaeed rajaii,China,84581910,4515,548365,Industrial Machinery,10500,30,677.25,15%,9%,82254.75,56755.78,688052.78,25%,152.39,38.1,172013.2
1403,shaeed rajaii,China,85364120,33473,546554,Electrical Equipment,10500,30,5020.95,15%,9%,81983.1,56568.34,690126.39,25%,20.62,5.16,172531.6
1403,shaeed rajaii,China,39069050,65586,546171,Plastics & Polymers,10500,30,9837.9,20%,9%,109234.2,58986.47,724229.57,25%,11.04,2.76,181057.39
1403,shaeed rajaii,China,84602900,119911,545472,Industrial Machinery,10500,30,17986.65,15%,9%,81820.8,56456.35,701735.8,25%,5.85,1.46,175433.95
1403,shaeed rajaii,China,84538000,78639,544118,Industrial Machinery,10500,30,11795.85,15%,9%,81617.7,56316.21,693847.76,25%,8.82,2.2,173461.94
1403,shaeed rajaii,China,44089010,156052,542998,General Goods,10500,30,23407.8,20%,9%,108599.6,58643.78,733649.18,25%,4.7,1.18,183412.3
1403,shaeed rajaii,China,85311000,9854,542995,Electrical Equipment,10500,30,1478.1,15%,9%,81449.25,56199.98,682122.33,25%,69.22,17.3,170530.58
1403,shaeed rajaii,China,98870111,76090,542869,Vehicle/Chassis/Tractor Parts,10500,30,11413.5,40%,9%,217147.6,68401.49,839831.59,25%,11.04,2.76,209957.9
1403,shaeed rajaii,China,84835010,66565,542821,Industrial Machinery,10500,30,9984.75,15%,9%,81423.15,56181.97,690410.87,25%,10.37,2.59,172602.72
1403,shaeed rajaii,China,85371020,5870,539782,Electrical Equipment,10500,30,880.5,15%,9%,80967.3,55867.44,677497.24,25%,115.42,28.86,169374.31
1403,shaeed rajaii,China,84671100,67191,539494,Industrial Machinery,10500,30,10078.65,15%,9%,80924.1,55837.63,686334.38,25%,10.21,2.55,171583.6
1403,shaeed rajaii,China,84841090,88432,538130,Industrial Machinery,10500,30,13264.8,15%,9%,80719.5,55696.45,687810.75,25%,7.78,1.94,171952.69
1403,shaeed rajaii,China,82083000,46217,538088,General Goods,10500,30,6932.55,20%,9%,107617.6,58113.5,710751.65,25%,15.38,3.84,177687.91
1403,shaeed rajaii,China,85232970,49941,537789,Electrical Equipment,10500,30,7491.15,15%,9%,80668.35,55661.16,681609.66,25%,13.65,3.41,170402.42
1403,shaeed rajaii,China,84412000,73140,537530,Industrial Machinery,10500,30,10971,15%,9%,80629.5,55634.36,684764.86,25%,9.36,2.34,171191.22
1403,shaeed rajaii,China,28261900,243200,534470,General Goods,10500,30,36480,20%,9%,106894,57722.76,735566.76,25%,3.02,0.76,183891.69
1403,shaeed rajaii,China,28291990,200800,534000,General Goods,10500,30,30120,20%,9%,106800,57672,728592,25%,3.63,0.91,182148
1403,shaeed rajaii,China,76061230,96814,533654,General Goods,10500,30,14522.1,20%,9%,106730.8,57634.63,712541.53,25%,7.36,1.84,178135.38
1403,shaeed rajaii,China,73141990,256701,533247,Articles of Iron & Steel,10500,30,38505.15,10%,9%,53324.7,52791.45,677868.3,25%,2.64,0.66,169467.08
1403,shaeed rajaii,China,29152920,638000,532697,Organic Chemicals,10500,30,95700,15%,9%,79904.55,55134.14,763435.69,25%,1.2,0.3,190858.92
1403,shaeed rajaii,China,96072000,188128,531982,General Goods,10500,30,28219.2,20%,9%,106396.4,57454.06,724051.66,25%,3.85,0.96,181012.92
1403,shaeed rajaii,China,39079100,194006,530430,Plastics & Polymers,10500,30,29100.9,20%,9%,106086,57286.44,722903.34,25%,3.73,0.93,180725.84
1403,shaeed rajaii,China,82084000,136914,528800,General Goods,10500,30,20537.1,20%,9%,105760,57110.4,712207.5,25%,5.2,1.3,178051.88
1403,shaeed rajaii,China,29211100,186060,528119,Organic Chemicals,10500,30,27909,15%,9%,79217.85,54660.32,689906.17,25%,3.71,0.93,172476.54
1403,shaeed rajaii,China,32151190,135931,526897,General Goods,10500,30,20389.65,20%,9%,105379.4,56904.88,709570.93,25%,5.22,1.3,177392.73
1403,shaeed rajaii,China,29054300,158725,520484,Organic Chemicals,10500,30,23808.75,15%,9%,78072.6,53870.09,676235.44,25%,4.26,1.06,169058.86
1403,shaeed rajaii,China,40161010,131794,518565,Rubber & Tires,10500,30,19769.1,20%,9%,103713,56005.02,698052.12,25%,5.3,1.32,174513.03
1403,shaeed rajaii,China,34070010,21225,518016,General Goods,10500,30,3183.75,20%,9%,103603.2,55945.73,680748.68,25%,32.07,8.02,170187.17
1403,shaeed rajaii,China,30069100,9208,516645,General Goods,10500,30,1381.2,20%,9%,103329,55797.66,677152.86,25%,73.54,18.39,169288.22
1403,shaeed rajaii,China,68052090,125621,516530,General Goods,10500,30,18843.15,20%,9%,103306,55785.24,694464.39,25%,5.53,1.38,173616.1
1403,shaeed rajaii,China,34039910,117715,515018,General Goods,10500,30,17657.25,20%,9%,103003.6,55621.94,691300.79,25%,5.87,1.47,172825.2
1403,shaeed rajaii,China,84254100,244420,514933,Industrial Machinery,10500,30,36663,15%,9%,77239.95,53295.57,682131.52,25%,2.79,0.7,170532.88
1403,shaeed rajaii,China,84593900,113801,514913,Industrial Machinery,10500,30,17070.15,15%,9%,77236.95,53293.5,662513.6,25%,5.82,1.46,165628.4
1403,shaeed rajaii,China,98871192,52698,514256,Vehicle/Chassis/Tractor Parts,10500,30,7904.7,40%,9%,205702.4,64796.26,792659.36,25%,15.04,3.76,198164.84
1403,shaeed rajaii,China,69029090,299815,513419,General Goods,10500,30,44972.25,20%,9%,102683.8,55449.25,716524.3,25%,2.39,0.6,179131.08
1403,shaeed rajaii,China,84213100,28700,513337,Industrial Machinery,10500,30,4305,15%,9%,77000.55,53130.38,647772.93,25%,22.57,5.64,161943.23
1403,shaeed rajaii,China,90303900,29785,512430,General Goods,10500,30,4467.75,20%,9%,102486,55342.44,674726.19,25%,22.65,5.66,168681.55
1403,shaeed rajaii,China,28352400,322000,511059,General Goods,10500,30,48300,20%,9%,102211.8,55194.37,716765.17,25%,2.23,0.56,179191.29
1403,shaeed rajaii,China,84714990,12384,509948,Industrial Machinery,10500,30,1857.6,15%,9%,76492.2,52779.62,641077.42,25%,51.77,12.94,160269.36
1403,shaeed rajaii,China,85014020,171700,509511,Electrical Equipment,10500,30,25755,15%,9%,76426.65,52734.39,664427.04,25%,3.87,0.97,166106.76
1403,shaeed rajaii,China,9042290,279000,508703,General Goods,10500,30,41850,20%,9%,101740.6,54939.92,707233.52,25%,2.53,0.63,176808.38
1403,shaeed rajaii,China,90181991,9577,507890,General Goods,10500,30,1436.55,20%,9%,101578,54852.12,665756.67,25%,69.52,17.38,166439.17
1403,shaeed rajaii,China,73151210,244499,507437,Articles of Iron & Steel,10500,30,36674.85,10%,9%,50743.7,50236.26,645091.81,25%,2.64,0.66,161272.95
1403,shaeed rajaii,China,85144000,34356,507132,Electrical Equipment,10500,30,5153.4,15%,9%,76069.8,52488.16,640843.36,25%,18.65,4.66,160210.84
1403,shaeed rajaii,China,72103000,468510,506257,Iron & Steel Products,10500,30,70276.5,10%,9%,50625.7,50119.44,677278.64,25%,1.45,0.36,169319.66
1403,shaeed rajaii,China,84136010,58334,505521,Industrial Machinery,10500,30,8750.1,15%,9%,75828.15,52321.42,642420.67,25%,11.01,2.75,160605.17
1403,shaeed rajaii,China,90314900,20312,502461,General Goods,10500,30,3046.8,20%,9%,100492.2,54265.79,660265.79,25%,32.51,8.13,165066.45
1403,shaeed rajaii,China,85152900,30778,501258,Electrical Equipment,10500,30,4616.7,15%,9%,75188.7,51880.2,632943.6,25%,20.56,5.14,158235.9
1403,shaeed rajaii,China,69091200,155079,500645,General Goods,10500,30,23261.85,20%,9%,100129,54069.66,678105.51,25%,4.37,1.09,169526.38
1403,shaeed rajaii,China,72083690,594920,497429,Iron & Steel Products,10500,30,89238,10%,9%,49742.9,49245.47,685655.37,25%,1.15,0.29,171413.84
1403,shaeed rajaii,China,90192070,18311,497420,General Goods,10500,30,2746.65,20%,9%,99484,53721.36,653372.01,25%,35.68,8.92,163343
1403,shaeed rajaii,China,38151940,62400,496554,Chemical Products,10500,30,9360,15%,9%,74483.1,51393.34,631790.44,25%,10.12,2.53,157947.61
1403,shaeed rajaii,China,73158200,380865,495640,Articles of Iron & Steel,10500,30,57129.75,10%,9%,49564,49068.36,651402.11,25%,1.71,0.43,162850.53
1403,shaeed rajaii,China,39173990,65427,495345,Plastics & Polymers,10500,30,9814.05,20%,9%,99069,53497.26,657725.31,25%,10.05,2.51,164431.33
1403,shaeed rajaii,China,29062100,214770,494055,Organic Chemicals,10500,30,32215.5,15%,9%,74108.25,51134.69,651513.44,25%,3.03,0.76,162878.36
1403,shaeed rajaii,China,39123190,111725,493052,Plastics & Polymers,10500,30,16758.75,20%,9%,98610.4,53249.62,661670.77,25%,5.92,1.48,165417.69
1403,shaeed rajaii,China,84135040,106289,492697,Industrial Machinery,10500,30,15943.35,15%,9%,73904.55,50994.14,633539.04,25%,5.96,1.49,158384.76
1403,shaeed rajaii,China,76052100,138031,492481,General Goods,10500,30,20704.65,20%,9%,98496.2,53187.95,664869.8,25%,4.82,1.2,166217.45
1403,shaeed rajaii,China,84335120,91306,489048,Industrial Machinery,10500,30,13695.9,15%,9%,73357.2,50616.47,626717.57,25%,6.86,1.72,156679.39
1403,shaeed rajaii,China,40092100,235682,488953,Rubber & Tires,10500,30,35352.3,20%,9%,97790.6,52806.92,674902.82,25%,2.86,0.72,168725.7
1403,shaeed rajaii,China,34024990,135465,488930,General Goods,10500,30,20319.75,20%,9%,97786,52804.44,659840.19,25%,4.87,1.22,164960.05
1403,shaeed rajaii,China,84379010,26370,488395,Industrial Machinery,10500,30,3955.5,15%,9%,73259.25,50548.88,616158.63,25%,23.37,5.84,154039.66
1403,shaeed rajaii,China,76052900,99933,487429,General Goods,10500,30,14989.95,20%,9%,97485.8,52642.33,652547.08,25%,6.53,1.63,163136.77
1403,shaeed rajaii,China,87081090,86418,486707,Vehicle Parts & Accessories,10500,30,12962.7,25%,9%,121676.75,54754.54,676100.99,25%,7.82,1.96,169025.25
1403,shaeed rajaii,China,72163200,579950,484555,Iron & Steel Products,10500,30,86992.5,10%,9%,48455.5,47970.94,667973.94,25%,1.15,0.29,166993.48
1403,shaeed rajaii,China,90181919,4753,483672,General Goods,10500,30,712.95,20%,9%,96734.4,52236.58,633355.93,25%,133.25,33.31,158338.98
1403,shaeed rajaii,China,70197210,135637,482724,General Goods,10500,30,20345.55,20%,9%,96544.8,52134.19,651748.54,25%,4.81,1.2,162937.14
1403,shaeed rajaii,China,39079930,58000,482060,Plastics & Polymers,10500,30,8700,20%,9%,96412,52062.48,639234.48,25%,11.02,2.76,159808.62
1403,shaeed rajaii,China,84133010,12013,481683,Industrial Machinery,10500,30,1801.95,15%,9%,72252.45,49854.19,605591.59,25%,50.41,12.6,151397.9
1403,shaeed rajaii,China,38244010,415865,480164,Chemical Products,10500,30,62379.75,15%,9%,72024.6,49696.97,664265.32,25%,1.6,0.4,166066.33
1403,shaeed rajaii,China,84759000,16851,479467,Industrial Machinery,10500,30,2527.65,15%,9%,71920.05,49624.83,603539.53,25%,35.82,8.96,150884.88
1403,shaeed rajaii,China,73090000,52599,479437,Articles of Iron & Steel,10500,30,7889.85,10%,9%,47943.7,47464.26,582734.81,25%,11.08,2.77,145683.7
1403,shaeed rajaii,China,29231010,565400,479385,Organic Chemicals,10500,30,84810,15%,9%,71907.75,49616.35,685719.1,25%,1.21,0.3,171429.78
1403,shaeed rajaii,China,76090000,62283,479105,General Goods,10500,30,9342.45,20%,9%,95821,51743.34,636011.79,25%,10.21,2.55,159002.95
1403,shaeed rajaii,China,72261100,168411,478999,Iron & Steel Products,10500,30,25261.65,10%,9%,47899.9,47420.9,599581.45,25%,3.56,0.89,149895.36
1403,shaeed rajaii,China,90269000,93767,478862,General Goods,10500,30,14065.05,20%,9%,95772.4,51717.1,640416.55,25%,6.83,1.71,160104.14
1403,shaeed rajaii,China,58089000,160145,478764,General Goods,10500,30,24021.75,20%,9%,95752.8,51706.51,650245.06,25%,4.06,1.01,162561.27
1403,shaeed rajaii,China,55143000,72944,478736,General Goods,10500,30,10941.6,20%,9%,95747.2,51703.49,637128.29,25%,8.73,2.18,159282.07
1403,shaeed rajaii,China,95079000,12179,478083,General Goods,10500,30,1826.85,20%,9%,95616.6,51632.96,627159.41,25%,51.5,12.88,156789.85
1403,shaeed rajaii,China,84129000,74056,476261,Industrial Machinery,10500,30,11108.4,15%,9%,71439.15,49293.01,608101.56,25%,8.21,2.05,152025.39
1403,shaeed rajaii,China,28273910,257415,476132,General Goods,10500,30,38612.25,20%,9%,95226.4,51422.26,661392.91,25%,2.57,0.64,165348.23
1403,shaeed rajaii,China,72191400,167443,474959,Iron & Steel Products,10500,30,25116.45,10%,9%,47495.9,47020.94,594592.29,25%,3.55,0.89,148648.07
1403,shaeed rajaii,China,96082000,76743,474485,General Goods,10500,30,11511.45,20%,9%,94897,51244.38,632137.83,25%,8.24,2.06,158034.46
1403,shaeed rajaii,China,84213910,55452,474314,Industrial Machinery,10500,30,8317.8,15%,9%,71147.1,49091.5,602870.4,25%,10.87,2.72,150717.6
1403,shaeed rajaii,China,96020020,27143,473747,General Goods,10500,30,4071.45,20%,9%,94749.4,51164.68,623732.53,25%,22.98,5.74,155933.13
1403,shaeed rajaii,China,48054000,112974,473615,Paper & Paperboard,10500,30,16946.1,15%,9%,71042.25,49019.15,610622.5,25%,5.4,1.35,152655.62
1403,shaeed rajaii,China,85043400,25400,471694,Electrical Equipment,10500,30,3810,15%,9%,70754.1,48820.33,595078.43,25%,23.43,5.86,148769.61
1403,shaeed rajaii,China,29152400,144000,471130,Organic Chemicals,10500,30,21600,15%,9%,70669.5,48761.96,612161.46,25%,4.25,1.06,153040.36
1403,shaeed rajaii,China,90184921,11291,470974,General Goods,10500,30,1693.65,20%,9%,94194.8,50865.19,617727.64,25%,54.71,13.68,154431.91
1403,shaeed rajaii,China,90015090,13673,470919,General Goods,10500,30,2050.95,20%,9%,94183.8,50859.25,618013,25%,45.2,11.3,154503.25
1403,shaeed rajaii,China,82023100,62883,470410,General Goods,10500,30,9432.45,20%,9%,94082,50804.28,624728.73,25%,9.93,2.48,156182.18
1403,shaeed rajaii,China,28258000,33000,470084,General Goods,10500,30,4950,20%,9%,94016.8,50769.07,619819.87,25%,18.78,4.7,154954.97
1403,shaeed rajaii,China,28170019,163700,470002,General Goods,10500,30,24555,20%,9%,94000.4,50760.22,639317.62,25%,3.91,0.98,159829.4
1403,shaeed rajaii,China,85269110,6056,466828,Electrical Equipment,10500,30,908.4,15%,9%,70024.2,48316.7,586077.3,25%,96.78,24.2,146519.33
1403,shaeed rajaii,China,84431390,130000,466734,Industrial Machinery,10500,30,19500,15%,9%,70010.1,48306.97,604551.07,25%,4.65,1.16,151137.77
1403,shaeed rajaii,China,21069070,255750,465393,General Goods,10500,30,38362.5,20%,9%,93078.6,50262.44,647096.54,25%,2.53,0.63,161774.14
1403,shaeed rajaii,China,84823000,91805,465005,Industrial Machinery,10500,30,13770.75,15%,9%,69750.75,48128.02,596654.52,25%,6.5,1.62,149163.63
1403,shaeed rajaii,China,70196900,153293,464773,General Goods,10500,30,22993.95,20%,9%,92954.6,50195.48,630917.03,25%,4.12,1.03,157729.26
1403,shaeed rajaii,China,48115110,303934,464348,Paper & Paperboard,10500,30,45590.1,15%,9%,69652.2,48060.02,627650.32,25%,2.07,0.52,156912.58
1403,shaeed rajaii,China,48059390,397150,462476,Paper & Paperboard,10500,30,59572.5,15%,9%,69371.4,47866.27,639286.17,25%,1.61,0.4,159821.54
1403,shaeed rajaii,China,29342000,106894,461228,Organic Chemicals,10500,30,16034.1,15%,9%,69184.2,47737.1,594183.4,25%,5.56,1.39,148545.85
1403,shaeed rajaii,China,39206990,179918,461216,Plastics & Polymers,10500,30,26987.7,20%,9%,92243.2,49811.33,630258.23,25%,3.5,0.88,157564.56
1403,shaeed rajaii,China,98870110,88500,460915,Vehicle/Chassis/Tractor Parts,10500,30,13275,40%,9%,184366,58075.29,716631.29,25%,8.1,2.02,179157.82
1403,shaeed rajaii,China,29096090,110500,460856,Organic Chemicals,10500,30,16575,15%,9%,69128.4,47698.6,594258,25%,5.38,1.34,148564.5
1403,shaeed rajaii,China,85439000,12397,460692,Electrical Equipment,10500,30,1859.55,15%,9%,69103.8,47681.62,579336.97,25%,46.73,11.68,144834.24
1403,shaeed rajaii,China,74121000,29202,460074,General Goods,10500,30,4380.3,20%,9%,92014.8,49687.99,606157.09,25%,20.76,5.19,151539.27
1403,shaeed rajaii,China,84219100,45324,459519,Industrial Machinery,10500,30,6798.6,15%,9%,68927.85,47560.22,582805.67,25%,12.86,3.22,145701.42
1403,shaeed rajaii,China,84513020,59422,459333,Industrial Machinery,10500,30,8913.3,15%,9%,68899.95,47540.97,584687.22,25%,9.84,2.46,146171.8
1403,shaeed rajaii,China,85045010,6259,458053,Electrical Equipment,10500,30,938.85,15%,9%,68707.95,47408.49,575108.29,25%,91.89,22.97,143777.07
1403,shaeed rajaii,China,85419000,16338,457133,Semiconductors & Solar Cells,10500,30,2450.7,15%,9%,68569.95,47313.27,575466.92,25%,35.22,8.8,143866.73
1403,shaeed rajaii,China,87169090,280485,456597,General Goods,10500,30,42072.75,20%,9%,91319.4,49312.48,639301.63,25%,2.28,0.57,159825.41
1403,shaeed rajaii,China,82122000,41006,456285,General Goods,10500,30,6150.9,20%,9%,91257,49278.78,602971.68,25%,14.7,3.68,150742.92
1403,shaeed rajaii,China,86071990,45477,453238,General Goods,10500,30,6821.55,20%,9%,90647.6,48949.7,599656.85,25%,13.19,3.3,149914.21
1403,shaeed rajaii,China,32129000,95795,452923,General Goods,10500,30,14369.25,20%,9%,90584.6,48915.68,606792.53,25%,6.33,1.58,151698.13
1403,shaeed rajaii,China,85122030,68306,452918,Electrical Equipment,10500,30,10245.9,15%,9%,67937.7,46877.01,577978.61,25%,8.46,2.12,144494.65
1403,shaeed rajaii,China,84382000,20610,451598,Industrial Machinery,10500,30,3091.5,15%,9%,67739.7,46740.39,569169.59,25%,27.62,6.9,142292.4
1403,shaeed rajaii,China,84798950,163634,451376,Machines & Mechanical Appliances,10500,30,24545.1,15%,9%,67706.4,46717.42,590344.92,25%,3.61,0.9,147586.23
1403,shaeed rajaii,China,84484900,86102,451354,Industrial Machinery,10500,30,12915.3,15%,9%,67703.1,46715.14,578687.54,25%,6.72,1.68,144671.88
1403,shaeed rajaii,China,84136090,45304,450216,Industrial Machinery,10500,30,6795.6,15%,9%,67532.4,46597.36,571141.36,25%,12.61,3.15,142785.34
1403,shaeed rajaii,China,84122900,62475,450193,Industrial Machinery,10500,30,9371.25,15%,9%,67528.95,46594.98,573688.18,25%,9.18,2.3,143422.05
1403,shaeed rajaii,China,54071000,91742,448202,General Goods,10500,30,13761.3,20%,9%,89640.4,48405.82,600009.52,25%,6.54,1.64,150002.38
1403,shaeed rajaii,China,94054290,47684,447547,General Goods,10500,30,7152.6,20%,9%,89509.4,48335.08,592544.08,25%,12.43,3.11,148136.02
1403,shaeed rajaii,China,38029010,924000,445148,Chemical Products,10500,30,138600,15%,9%,66772.2,46072.82,696593.02,25%,0.75,0.19,174148.26
1403,shaeed rajaii,China,69099010,480528,444301,General Goods,10500,30,72079.2,20%,9%,88860.2,47984.51,653224.91,25%,1.36,0.34,163306.23
1403,shaeed rajaii,China,84149030,86662,442061,Compressors & Pumps,10500,30,12999.3,15%,9%,66309.15,45753.31,567122.76,25%,6.54,1.64,141780.69
1403,shaeed rajaii,China,28256000,73300,441721,General Goods,10500,30,10995,20%,9%,88344.2,47705.87,588766.07,25%,8.03,2.01,147191.52
1403,shaeed rajaii,China,40169930,154791,440909,Rubber & Tires,10500,30,23218.65,20%,9%,88181.8,47618.17,599927.62,25%,3.88,0.97,149981.9
1403,shaeed rajaii,China,29145000,102300,440397,Organic Chemicals,10500,30,15345,15%,9%,66059.55,45581.09,567382.64,25%,5.55,1.39,141845.66
1403,shaeed rajaii,China,83021020,99300,439264,General Goods,10500,30,14895,20%,9%,87852.8,47440.51,589452.31,25%,5.94,1.48,147363.08
1403,shaeed rajaii,China,85414900,86710,439038,Semiconductors & Solar Cells,10500,30,13006.5,15%,9%,65855.7,45440.43,563340.63,25%,6.5,1.62,140835.16
1403,shaeed rajaii,China,85021100,134488,438989,Electrical Equipment,10500,30,20173.2,15%,9%,65848.35,45435.36,570445.91,25%,4.24,1.06,142611.48
1403,shaeed rajaii,China,84294021,104120,438839,Industrial Machinery,10500,30,15618,15%,9%,65825.85,45419.84,565702.69,25%,5.43,1.36,141425.67
1403,shaeed rajaii,China,72292000,397440,438668,Iron & Steel Products,10500,30,59616,10%,9%,43866.8,43428.13,585578.93,25%,1.47,0.37,146394.73
1403,shaeed rajaii,China,40103990,33879,437912,Rubber & Tires,10500,30,5081.85,20%,9%,87582.4,47294.5,577870.75,25%,17.06,4.26,144467.69
1403,shaeed rajaii,China,90308900,34305,436561,General Goods,10500,30,5145.75,20%,9%,87312.2,47148.59,576167.54,25%,16.8,4.2,144041.88
1403,shaeed rajaii,China,85322520,13275,434704,Electrical Equipment,10500,30,1991.25,15%,9%,65205.6,44991.86,546892.71,25%,41.2,10.3,136723.18
1403,shaeed rajaii,China,40081190,106914,433862,Rubber & Tires,10500,30,16037.1,20%,9%,86772.4,46857.1,583528.6,25%,5.46,1.36,145882.15
1403,shaeed rajaii,China,83024190,97647,433749,General Goods,10500,30,14647.05,20%,9%,86749.8,46844.89,581990.74,25%,5.96,1.49,145497.68
1403,shaeed rajaii,China,54011000,176703,432606,General Goods,10500,30,26505.45,20%,9%,86521.2,46721.45,592354.1,25%,3.35,0.84,148088.52
1403,shaeed rajaii,China,84624200,61917,431730,Industrial Machinery,10500,30,9287.55,15%,9%,64759.5,44684.06,550461.11,25%,8.89,2.22,137615.28
1403,shaeed rajaii,China,82121000,32656,431186,General Goods,10500,30,4898.4,20%,9%,86237.2,46568.09,568889.69,25%,17.42,4.36,142222.42
1403,shaeed rajaii,China,87091100,33300,430450,General Goods,10500,30,4995,20%,9%,86090,46488.6,568023.6,25%,17.06,4.26,142005.9
1403,shaeed rajaii,China,76061220,102522,430319,General Goods,10500,30,15378.3,20%,9%,86063.8,46474.45,578235.55,25%,5.64,1.41,144558.89
1403,shaeed rajaii,China,29333100,53850,430264,Organic Chemicals,10500,30,8077.5,15%,9%,64539.6,44532.32,547413.42,25%,10.17,2.54,136853.36
1403,shaeed rajaii,China,28191000,112047,429935,General Goods,10500,30,16807.05,20%,9%,85987,46432.98,579162.03,25%,5.17,1.29,144790.51
1403,shaeed rajaii,China,39204990,217436,428057,Plastics & Polymers,10500,30,32615.4,20%,9%,85611.4,46230.16,592513.96,25%,2.73,0.68,148128.49
1403,shaeed rajaii,China,39089090,185900,427170,Plastics & Polymers,10500,30,27885,20%,9%,85434,46134.36,586623.36,25%,3.16,0.79,146655.84
1403,shaeed rajaii,China,84211990,43302,426459,Industrial Machinery,10500,30,6495.3,15%,9%,63968.85,44138.51,541061.66,25%,12.5,3.12,135265.42
1403,shaeed rajaii,China,90183120,11138,426286,General Goods,10500,30,1670.7,20%,9%,85257.2,46038.89,559252.79,25%,50.21,12.55,139813.2
1403,shaeed rajaii,China,84123900,24419,425996,Industrial Machinery,10500,30,3662.85,15%,9%,63899.4,44090.59,537648.84,25%,22.02,5.5,134412.21
1403,shaeed rajaii,China,90183190,9891,425811,General Goods,10500,30,1483.65,20%,9%,85162.2,45987.59,558444.44,25%,56.46,14.12,139611.11
1403,shaeed rajaii,China,29335935,46000,425619,Organic Chemicals,10500,30,6900,15%,9%,63842.85,44051.57,540413.42,25%,11.75,2.94,135103.36
1403,shaeed rajaii,China,90328100,62628,425379,General Goods,10500,30,9394.2,20%,9%,85075.8,45940.93,565789.93,25%,9.03,2.26,141447.48
1403,shaeed rajaii,China,40029100,280000,424415,Rubber & Tires,10500,30,42000,20%,9%,84883,45836.82,597134.82,25%,2.13,0.53,149283.7
1403,shaeed rajaii,China,73079900,174055,423677,Articles of Iron & Steel,10500,30,26108.25,10%,9%,42367.7,41944.02,534096.97,25%,3.07,0.77,133524.24
1403,shaeed rajaii,China,52114200,113020,423545,General Goods,10500,30,16953,20%,9%,84709,45742.86,570949.86,25%,5.05,1.26,142737.46
1403,shaeed rajaii,China,38019090,57789,422545,Chemical Products,10500,30,8668.35,15%,9%,63381.75,43733.41,538328.51,25%,9.32,2.33,134582.13
1403,shaeed rajaii,China,72241010,100658,421011,Iron & Steel Products,10500,30,15098.7,10%,9%,42101.1,41680.09,519890.89,25%,5.16,1.29,129972.72
1403,shaeed rajaii,China,84143040,42580,420991,Compressors & Pumps,10500,30,6387,15%,9%,63148.65,43572.57,534099.22,25%,12.54,3.14,133524.8
1403,shaeed rajaii,China,13023200,77000,420960,General Goods,10500,30,11550,20%,9%,84192,45463.68,562165.68,25%,7.3,1.82,140541.42
1403,shaeed rajaii,China,83081000,173521,420940,General Goods,10500,30,26028.15,20%,9%,84188,45461.52,576617.67,25%,3.32,0.83,144154.42
1403,shaeed rajaii,China,32149000,104713,419767,General Goods,10500,30,15706.95,20%,9%,83953.4,45334.84,564762.19,25%,5.39,1.35,141190.55
1403,shaeed rajaii,China,85044030,16125,419123,Electrical Equipment,10500,30,2418.75,15%,9%,62868.45,43379.23,527789.43,25%,32.73,8.18,131947.36
1403,shaeed rajaii,China,72051000,456000,418962,Iron & Steel Products,10500,30,68400,10%,9%,41896.2,41477.24,570735.44,25%,1.25,0.31,142683.86
1403,shaeed rajaii,China,72092500,575409,418796,Iron & Steel Products,10500,30,86311.35,10%,9%,41879.6,41460.8,588447.75,25%,1.02,0.26,147111.94
1403,shaeed rajaii,China,84791021,30000,418564,Machines & Mechanical Appliances,10500,30,4500,15%,9%,62784.6,43321.37,529169.97,25%,17.64,4.41,132292.49
1403,shaeed rajaii,China,84158200,48808,418285,Industrial Machinery,10500,30,7321.2,15%,9%,62742.75,43292.5,531641.45,25%,10.89,2.72,132910.36
1403,shaeed rajaii,China,29096086,117900,418059,Organic Chemicals,10500,30,17685,15%,9%,62708.85,43269.11,541721.96,25%,4.59,1.15,135430.49
1403,shaeed rajaii,China,38089411,17500,417514,Chemical Products,10500,30,2625,15%,9%,62627.1,43212.7,525978.8,25%,30.06,7.52,131494.7
1403,shaeed rajaii,China,39012030,201500,412054,Plastics & Polymers,10500,30,30225,20%,9%,82410.8,44501.83,569191.63,25%,2.82,0.7,142297.91
1403,shaeed rajaii,China,85181090,37773,411976,Electrical Equipment,10500,30,5665.95,15%,9%,61796.4,42639.52,522077.87,25%,13.82,3.46,130519.47
1403,shaeed rajaii,China,72253000,238974,411587,Iron & Steel Products,10500,30,35846.1,10%,9%,41158.7,40747.11,529338.91,25%,2.22,0.56,132334.73
1403,shaeed rajaii,China,12099190,3450,411512,General Goods,10500,30,517.5,20%,9%,82302.4,44443.3,538775.2,25%,156.17,39.04,134693.8
1403,shaeed rajaii,China,29372310,3250,410587,Organic Chemicals,10500,30,487.5,15%,9%,61588.05,42495.75,515158.3,25%,158.51,39.63,128789.58
1403,shaeed rajaii,China,84801000,45096,410156,Industrial Machinery,10500,30,6764.4,15%,9%,61523.4,42451.15,520894.95,25%,11.55,2.89,130223.74
1403,shaeed rajaii,China,84743200,45100,409939,Industrial Machinery,10500,30,6765,15%,9%,61490.85,42428.69,520623.54,25%,11.54,2.88,130155.88
1403,shaeed rajaii,China,32082040,118000,408620,General Goods,10500,30,17700,20%,9%,81724,44130.96,552174.96,25%,4.68,1.17,138043.74
1403,shaeed rajaii,China,29362920,72925,408344,Organic Chemicals,10500,30,10938.75,15%,9%,61251.6,42263.6,522797.95,25%,7.17,1.79,130699.49
1403,shaeed rajaii,China,84729090,62180,407746,Industrial Machinery,10500,30,9327,15%,9%,61161.9,42201.71,520436.61,25%,8.37,2.09,130109.15
1403,shaeed rajaii,China,84209900,111304,407295,Industrial Machinery,10500,30,16695.6,15%,9%,61094.25,42155.03,527239.88,25%,4.74,1.18,131809.97
1403,shaeed rajaii,China,85152110,25485,406854,Electrical Equipment,10500,30,3822.75,15%,9%,61028.1,42109.39,513814.24,25%,20.16,5.04,128453.56
1403,shaeed rajaii,China,39045000,76800,405287,Plastics & Polymers,10500,30,11520,20%,9%,81057.4,43771,541635.4,25%,7.05,1.76,135408.85
1403,shaeed rajaii,China,84671990,42796,404957,Industrial Machinery,10500,30,6419.4,15%,9%,60743.55,41913.05,514033,25%,12.01,3,128508.25
1403,shaeed rajaii,China,31051090,185413,404799,General Goods,10500,30,27811.95,20%,9%,80959.8,43718.29,557289.04,25%,3.01,0.75,139322.26
1403,shaeed rajaii,China,48239090,122164,403510,Paper & Paperboard,10500,30,18324.6,15%,9%,60526.5,41763.28,524124.38,25%,4.29,1.07,131031.1
1403,shaeed rajaii,China,85061020,56570,402978,Electrical Equipment,10500,30,8485.5,15%,9%,60446.7,41708.22,513618.42,25%,9.08,2.27,128404.6
1403,shaeed rajaii,China,85271310,59149,400834,Electrical Equipment,10500,30,8872.35,15%,9%,60125.1,41486.32,511317.77,25%,8.64,2.16,127829.44
1403,shaeed rajaii,China,48101400,203653,400138,Paper & Paperboard,10500,30,30547.95,15%,9%,60020.7,41414.28,532120.93,25%,2.61,0.65,133030.23
1403,shaeed rajaii,China,70199091,50952,399903,General Goods,10500,30,7642.8,20%,9%,79980.6,43189.52,530715.92,25%,10.42,2.6,132678.98
1403,shaeed rajaii,China,21011110,52980,399533,General Goods,10500,30,7947,20%,9%,79906.6,43149.56,530536.16,25%,10.01,2.5,132634.04
1403,shaeed rajaii,China,85312000,13344,399152,Electrical Equipment,10500,30,2001.6,15%,9%,59872.8,41312.23,502338.63,25%,37.65,9.41,125584.66
1403,shaeed rajaii,China,73182300,106910,398522,Articles of Iron & Steel,10500,30,16036.5,10%,9%,39852.2,39453.68,493864.38,25%,4.62,1.16,123466.1
1403,shaeed rajaii,China,70191500,292078,396852,General Goods,10500,30,43811.7,20%,9%,79370.4,42860.02,562894.12,25%,1.93,0.48,140723.53
1403,shaeed rajaii,China,84615090,61261,396486,Industrial Machinery,10500,30,9189.15,15%,9%,59472.9,41036.3,506184.35,25%,8.26,2.06,126546.09
1403,shaeed rajaii,China,32049090,34200,396081,General Goods,10500,30,5130,20%,9%,79216.2,42776.75,523203.95,25%,15.3,3.82,130800.99
1403,shaeed rajaii,China,32064100,64250,395552,General Goods,10500,30,9637.5,20%,9%,79110.4,42719.62,527019.52,25%,8.2,2.05,131754.88
1403,shaeed rajaii,China,87089412,16214,394373,Vehicle Parts & Accessories,10500,30,2432.1,25%,9%,98593.25,44366.96,539765.31,25%,33.29,8.32,134941.33
1403,shaeed rajaii,China,85016410,38923,393516,Electrical Equipment,10500,30,5838.45,15%,9%,59027.4,40728.91,499110.76,25%,12.82,3.2,124777.69
1403,shaeed rajaii,China,70199099,106411,391795,General Goods,10500,30,15961.65,20%,9%,78359,42313.86,528429.51,25%,4.97,1.24,132107.38
1403,shaeed rajaii,China,48025800,352315,390878,Paper & Paperboard,10500,30,52847.25,15%,9%,58631.7,40455.87,542812.82,25%,1.54,0.38,135703.2
1403,shaeed rajaii,China,29189910,10250,389630,Organic Chemicals,10500,30,1537.5,15%,9%,58444.5,40326.7,489938.7,25%,47.8,11.95,122484.68
1403,shaeed rajaii,China,28111100,222100,389367,General Goods,10500,30,33315,20%,9%,77873.4,42051.64,542607.04,25%,2.44,0.61,135651.76
1403,shaeed rajaii,China,90183250,3464,389327,General Goods,10500,30,519.6,20%,9%,77865.4,42047.32,509759.32,25%,147.16,36.79,127439.83
1403,shaeed rajaii,China,84539000,153761,389069,Industrial Machinery,10500,30,23064.15,15%,9%,58360.35,40268.64,510762.14,25%,3.32,0.83,127690.54
1403,shaeed rajaii,China,29163190,101000,388976,Organic Chemicals,10500,30,15150,15%,9%,58346.4,40259.02,502731.42,25%,4.98,1.25,125682.86
1403,shaeed rajaii,China,39051200,134400,387767,Plastics & Polymers,10500,30,20160,20%,9%,77553.4,41878.84,527359.24,25%,3.92,0.98,131839.81
1403,shaeed rajaii,China,54041990,132605,385592,General Goods,10500,30,19890.75,20%,9%,77118.4,41643.94,524245.09,25%,3.95,0.99,131061.27
1403,shaeed rajaii,China,84716090,8994,385441,Industrial Machinery,10500,30,1349.1,15%,9%,57816.15,39893.14,484499.39,25%,53.87,13.47,121124.85
1403,shaeed rajaii,China,32082060,108020,385264,General Goods,10500,30,16203,20%,9%,77052.8,41608.51,520128.31,25%,4.82,1.2,130032.08
1403,shaeed rajaii,China,74153900,28287,384652,General Goods,10500,30,4243.05,20%,9%,76930.4,41542.42,507367.87,25%,17.94,4.49,126841.97
1403,shaeed rajaii,China,74112900,42429,384120,General Goods,10500,30,6364.35,20%,9%,76824,41484.96,508793.31,25%,11.99,3,127198.33
1403,shaeed rajaii,China,29172000,169600,382448,Organic Chemicals,10500,30,25440,15%,9%,57367.2,39583.37,504838.57,25%,2.98,0.74,126209.64
1403,shaeed rajaii,China,28053000,91800,381173,General Goods,10500,30,13770,20%,9%,76234.6,41166.68,512344.28,25%,5.58,1.4,128086.07
1403,shaeed rajaii,China,84301000,7969,380641,Industrial Machinery,10500,30,1195.35,15%,9%,57096.15,39396.34,478328.84,25%,60.02,15,119582.21
1403,shaeed rajaii,China,84071090,32400,380000,Industrial Machinery,10500,30,4860,15%,9%,57000,39330,481190,25%,14.85,3.71,120297.5
1403,shaeed rajaii,China,90181920,2605,379847,General Goods,10500,30,390.75,20%,9%,75969.4,41023.48,497230.63,25%,190.88,47.72,124307.66
1403,shaeed rajaii,China,29251100,57100,379681,Organic Chemicals,10500,30,8565,15%,9%,56952.15,39296.98,484495.13,25%,8.49,2.12,121123.78
1403,shaeed rajaii,China,39229000,30504,379673,Plastics & Polymers,10500,30,4575.6,20%,9%,75934.6,41004.68,501187.88,25%,16.43,4.11,125296.97
1403,shaeed rajaii,China,29173910,220000,379509,Organic Chemicals,10500,30,33000,15%,9%,56926.35,39279.18,508714.53,25%,2.31,0.58,127178.63
1403,shaeed rajaii,China,29072300,282000,379175,Organic Chemicals,10500,30,42300,15%,9%,56876.25,39244.61,517595.86,25%,1.84,0.46,129398.96
1403,shaeed rajaii,China,40094100,46927,377320,Rubber & Tires,10500,30,7039.05,20%,9%,75464,40750.56,500573.61,25%,10.67,2.67,125143.4
1403,shaeed rajaii,China,28351090,93000,376618,General Goods,10500,30,13950,20%,9%,75323.6,40674.74,506566.34,25%,5.45,1.36,126641.58
1403,shaeed rajaii,China,54031000,151500,375927,General Goods,10500,30,22725,20%,9%,75185.4,40600.12,514437.52,25%,3.4,0.85,128609.38
1403,shaeed rajaii,China,85072010,149625,374443,Electrical Equipment,10500,30,22443.75,15%,9%,56166.45,38754.85,491808.05,25%,3.29,0.82,122952.01
1403,shaeed rajaii,China,85013290,70272,373997,Electrical Equipment,10500,30,10540.8,15%,9%,56099.55,38708.69,479346.04,25%,6.82,1.7,119836.51
1403,shaeed rajaii,China,25030090,386100,372758,General Goods,10500,30,57915,20%,9%,74551.6,40257.86,545482.46,25%,1.41,0.35,136370.62
1403,shaeed rajaii,China,44170000,192584,372695,General Goods,10500,30,28887.6,20%,9%,74539,40251.06,516372.66,25%,2.68,0.67,129093.16
1403,shaeed rajaii,China,85015190,16306,372569,Electrical Equipment,10500,30,2445.9,15%,9%,55885.35,38560.89,469461.14,25%,28.79,7.2,117365.28
1403,shaeed rajaii,China,21022000,72150,372435,General Goods,10500,30,10822.5,20%,9%,74487,40222.98,497967.48,25%,6.9,1.72,124491.87
1403,shaeed rajaii,China,29393000,28000,369796,Organic Chemicals,10500,30,4200,15%,9%,55469.4,38273.89,467739.29,25%,16.7,4.18,116934.82
1403,shaeed rajaii,China,28401900,385158,368968,General Goods,10500,30,57773.7,20%,9%,73793.6,39848.54,540383.84,25%,1.4,0.35,135095.96
1403,shaeed rajaii,China,74153300,24949,366839,General Goods,10500,30,3742.35,20%,9%,73367.8,39618.61,483567.76,25%,19.38,4.84,120891.94
1403,shaeed rajaii,China,29094300,179860,366698,Organic Chemicals,10500,30,26979,15%,9%,55004.7,37953.24,486634.94,25%,2.71,0.68,121658.74
1403,shaeed rajaii,China,84389000,21393,365284,Industrial Machinery,10500,30,3208.95,15%,9%,54792.6,37806.89,461092.44,25%,21.55,5.39,115273.11
1403,shaeed rajaii,China,72029990,137000,365283,Iron & Steel Products,10500,30,20550,10%,9%,36528.3,36163.02,458524.32,25%,3.35,0.84,114631.08
1403,shaeed rajaii,China,85471090,113210,364772,Electrical Equipment,10500,30,16981.5,15%,9%,54715.8,37753.9,474223.2,25%,4.19,1.05,118555.8
1403,shaeed rajaii,China,29173200,215000,363542,Organic Chemicals,10500,30,32250,15%,9%,54531.3,37626.6,487949.9,25%,2.27,0.57,121987.48
1403,shaeed rajaii,China,84661000,68351,363299,Industrial Machinery,10500,30,10252.65,15%,9%,54494.85,37601.45,465647.95,25%,6.81,1.7,116411.99
1403,shaeed rajaii,China,72124090,284492,360366,Iron & Steel Products,10500,30,42673.8,10%,9%,36036.6,35676.23,474752.63,25%,1.67,0.42,118688.16
1403,shaeed rajaii,China,69031090,84448,359720,General Goods,10500,30,12667.2,20%,9%,71944,38849.76,483180.96,25%,5.72,1.43,120795.24
1403,shaeed rajaii,China,38089940,40000,358921,Chemical Products,10500,30,6000,15%,9%,53838.15,37148.32,455907.47,25%,11.4,2.85,113976.87
1403,shaeed rajaii,China,84099970,14849,358091,Industrial Machinery,10500,30,2227.35,15%,9%,53713.65,37062.42,451094.42,25%,30.38,7.6,112773.6
1403,shaeed rajaii,China,54033100,83012,357984,General Goods,10500,30,12451.8,20%,9%,71596.8,38662.27,480694.87,25%,5.79,1.45,120173.72
1403,shaeed rajaii,China,70196390,132001,357415,General Goods,10500,30,19800.15,20%,9%,71483,38600.82,487298.97,25%,3.69,0.92,121824.74
1403,shaeed rajaii,China,85269190,1642,356775,Electrical Equipment,10500,30,246.3,15%,9%,53516.25,36926.21,447463.76,25%,272.51,68.13,111865.94
1403,shaeed rajaii,China,87089229,50674,356480,Vehicle Parts & Accessories,10500,30,7601.1,25%,9%,89120,40104,493305.1,25%,9.73,2.43,123326.28
1403,shaeed rajaii,China,70197300,146387,356003,General Goods,10500,30,21958.05,20%,9%,71200.6,38448.32,487609.97,25%,3.33,0.83,121902.49
1403,shaeed rajaii,China,83021030,155640,355974,General Goods,10500,30,23346,20%,9%,71194.8,38445.19,488959.99,25%,3.14,0.78,122240
1403,shaeed rajaii,China,85061010,82576,355899,Electrical Equipment,10500,30,12386.4,15%,9%,53384.85,36835.55,458505.8,25%,5.55,1.39,114626.45
1403,shaeed rajaii,China,59112000,15858,354895,General Goods,10500,30,2378.7,20%,9%,70979,38328.66,466581.36,25%,29.42,7.36,116645.34
1403,shaeed rajaii,China,84719090,5490,354404,Industrial Machinery,10500,30,823.5,15%,9%,53160.6,36680.81,445068.91,25%,81.07,20.27,111267.23
1403,shaeed rajaii,China,85177900,14937,354207,Telecom & Display Equipment,10500,30,2240.55,15%,9%,53131.05,36660.42,446239.02,25%,29.87,7.47,111559.76
1403,shaeed rajaii,China,85131000,90653,354003,Electrical Equipment,10500,30,13597.95,15%,9%,53100.45,36639.31,457340.71,25%,5.04,1.26,114335.18
1403,shaeed rajaii,China,85043120,4434,353496,Electrical Equipment,10500,30,665.1,15%,9%,53024.4,36586.84,443772.34,25%,100.08,25.02,110943.08
1403,shaeed rajaii,China,90251110,7249,352664,General Goods,10500,30,1087.35,20%,9%,70532.8,38087.71,462371.86,25%,63.78,15.94,115592.96
1403,shaeed rajaii,China,84295111,39925,352331,Industrial Machinery,10500,30,5988.75,15%,9%,52849.65,36466.26,447635.66,25%,11.21,2.8,111908.92
1403,shaeed rajaii,China,38140000,190931,351970,Chemical Products,10500,30,28639.65,15%,9%,52795.5,36428.89,469834.04,25%,2.46,0.62,117458.51
1403,shaeed rajaii,China,87085029,114675,351952,Vehicle Parts & Accessories,10500,30,17201.25,25%,9%,87988,39594.6,496735.85,25%,4.33,1.08,124183.96
1403,shaeed rajaii,China,40169970,17000,350375,Rubber & Tires,10500,30,2550,20%,9%,70075,37840.5,460840.5,25%,27.11,6.78,115210.12
1403,shaeed rajaii,China,84594900,52270,349985,Industrial Machinery,10500,30,7840.5,15%,9%,52497.75,36223.45,446546.7,25%,8.54,2.13,111636.68
1403,shaeed rajaii,China,29102000,195000,348990,Organic Chemicals,10500,30,29250,15%,9%,52348.5,36120.46,466708.96,25%,2.39,0.6,116677.24
1403,shaeed rajaii,China,85361090,5365,348981,Electrical Equipment,10500,30,804.75,15%,9%,52347.15,36119.53,438252.43,25%,81.69,20.42,109563.11
1403,shaeed rajaii,China,84641000,64340,348805,Industrial Machinery,10500,30,9651,15%,9%,52320.75,36101.32,446878.07,25%,6.95,1.74,111719.52
1403,shaeed rajaii,China,96089920,43427,348581,General Goods,10500,30,6514.05,20%,9%,69716.2,37646.75,462458,25%,10.65,2.66,115614.5
1403,shaeed rajaii,China,29400090,72100,347721,Organic Chemicals,10500,30,10815,15%,9%,52158.15,35989.12,446683.27,25%,6.2,1.55,111670.82
1403,shaeed rajaii,China,84213950,27559,346113,Industrial Machinery,10500,30,4133.85,15%,9%,51916.95,35822.7,437986.5,25%,15.89,3.97,109496.62
1403,shaeed rajaii,China,82022010,47809,345695,General Goods,10500,30,7171.35,20%,9%,69139,37335.06,459340.41,25%,9.61,2.4,114835.1
1403,shaeed rajaii,China,90152090,1644,345377,General Goods,10500,30,246.6,20%,9%,69075.4,37300.72,451999.72,25%,274.94,68.74,112999.93
1403,shaeed rajaii,China,38244020,342250,345180,Chemical Products,10500,30,51337.5,15%,9%,51777,35726.13,484020.63,25%,1.41,0.35,121005.16
1403,shaeed rajaii,China,75081090,14935,344453,General Goods,10500,30,2240.25,20%,9%,68890.6,37200.92,452784.77,25%,30.32,7.58,113196.19
1403,shaeed rajaii,China,39172900,59072,343627,Plastics & Polymers,10500,30,8860.8,20%,9%,68725.4,37111.72,458324.92,25%,7.76,1.94,114581.23
1403,shaeed rajaii,China,84272021,71232,339950,Industrial Machinery,10500,30,10684.8,15%,9%,50992.5,35184.82,436812.12,25%,6.13,1.53,109203.03
1403,shaeed rajaii,China,84193500,139180,339897,Industrial Machinery,10500,30,20877,15%,9%,50984.55,35179.34,446937.89,25%,3.21,0.8,111734.47
1403,shaeed rajaii,China,39204340,122327,339427,Plastics & Polymers,10500,30,18349.05,20%,9%,67885.4,36658.12,462319.57,25%,3.78,0.94,115579.89
1403,shaeed rajaii,China,85332910,16159,339038,Electrical Equipment,10500,30,2423.85,15%,9%,50855.7,35090.43,427407.98,25%,26.45,6.61,106852
1403,shaeed rajaii,China,84231000,58862,337690,Industrial Machinery,10500,30,8829.3,15%,9%,50653.5,34950.92,432123.72,25%,7.34,1.84,108030.93
1403,shaeed rajaii,China,73141200,94270,336774,Articles of Iron & Steel,10500,30,14140.5,10%,9%,33677.4,33340.63,417932.53,25%,4.43,1.11,104483.13
1403,shaeed rajaii,China,83059000,118789,336182,General Goods,10500,30,17818.35,20%,9%,67236.4,36307.66,457544.41,25%,3.85,0.96,114386.1
1403,shaeed rajaii,China,29332920,30000,336110,Organic Chemicals,10500,30,4500,15%,9%,50416.5,34787.38,425813.88,25%,14.19,3.55,106453.47
1403,shaeed rajaii,China,38249930,62999,334763,Chemical Products,10500,30,9449.85,15%,9%,50214.45,34647.97,429075.27,25%,6.81,1.7,107268.82
1403,shaeed rajaii,China,25049000,280400,334761,General Goods,10500,30,42060,20%,9%,66952.2,36154.19,479927.39,25%,1.71,0.43,119981.85
1403,shaeed rajaii,China,48189010,150000,333561,Paper & Paperboard,10500,30,22500,15%,9%,50034.15,34523.56,440618.71,25%,2.94,0.74,110154.68
1403,shaeed rajaii,China,38160010,323500,333499,Chemical Products,10500,30,48525,15%,9%,50024.85,34517.15,466566,25%,1.44,0.36,116641.5
1403,shaeed rajaii,China,84799010,40524,331848,Machines & Mechanical Appliances,10500,30,6078.6,15%,9%,49777.2,34346.27,422050.07,25%,10.41,2.6,105512.52
1403,shaeed rajaii,China,54025200,204900,330983,General Goods,10500,30,30735,20%,9%,66196.6,35746.16,463660.76,25%,2.26,0.56,115915.19
1403,shaeed rajaii,China,29181200,178500,330586,Organic Chemicals,10500,30,26775,15%,9%,49587.9,34215.65,441164.55,25%,2.47,0.62,110291.14
1403,shaeed rajaii,China,68062090,494910,330408,General Goods,10500,30,74236.5,20%,9%,66081.6,35684.06,506410.16,25%,1.02,0.26,126602.54
1403,shaeed rajaii,China,72210000,120710,329996,Iron & Steel Products,10500,30,18106.5,10%,9%,32999.6,32669.6,413771.7,25%,3.43,0.86,103442.92
1403,shaeed rajaii,China,34024110,154000,329931,General Goods,10500,30,23100,20%,9%,65986.2,35632.55,454649.75,25%,2.95,0.74,113662.44
1403,shaeed rajaii,China,85395290,52980,329792,Electrical Equipment,10500,30,7947,15%,9%,49468.8,34133.47,421341.27,25%,7.95,1.99,105335.32
1403,shaeed rajaii,China,12060030,189380,329615,General Goods,10500,30,28407,20%,9%,65923,35598.42,459543.42,25%,2.43,0.61,114885.86
1403,shaeed rajaii,China,84271011,46949,329226,Industrial Machinery,10500,30,7042.35,15%,9%,49383.9,34074.89,419727.14,25%,8.94,2.24,104931.78
1403,shaeed rajaii,China,87169030,233705,327918,General Goods,10500,30,35055.75,20%,9%,65583.6,35415.14,463972.49,25%,1.99,0.5,115993.12
1403,shaeed rajaii,China,73181900,107756,326887,Articles of Iron & Steel,10500,30,16163.4,10%,9%,32688.7,32361.81,408100.91,25%,3.79,0.95,102025.23
1403,shaeed rajaii,China,29041000,134985,325218,Organic Chemicals,10500,30,20247.75,15%,9%,48782.7,33660.06,427908.51,25%,3.17,0.79,106977.13
1403,shaeed rajaii,China,84251110,87915,323843,Industrial Machinery,10500,30,13187.25,15%,9%,48576.45,33517.75,419124.45,25%,4.77,1.19,104781.11
1403,shaeed rajaii,China,73151190,154969,323333,Articles of Iron & Steel,10500,30,23245.35,10%,9%,32333.3,32009.97,410921.62,25%,2.65,0.66,102730.4
1403,shaeed rajaii,China,85042300,70270,322260,Electrical Equipment,10500,30,10540.5,15%,9%,48339,33353.91,414493.41,25%,5.9,1.48,103623.35
1403,shaeed rajaii,China,72024920,74000,322093,Iron & Steel Products,10500,30,11100,10%,9%,32209.3,31887.21,397289.51,25%,5.37,1.34,99322.38
1403,shaeed rajaii,China,85059010,92943,320812,Electrical Equipment,10500,30,13941.45,15%,9%,48121.8,33204.04,416079.29,25%,4.48,1.12,104019.82
1403,shaeed rajaii,China,39023020,152750,320767,Plastics & Polymers,10500,30,22912.5,20%,9%,64153.4,34642.84,442475.74,25%,2.9,0.72,110618.94
1403,shaeed rajaii,China,40082190,136365,320130,Rubber & Tires,10500,30,20454.75,20%,9%,64026,34574.04,439184.79,25%,3.22,0.8,109796.2
1403,shaeed rajaii,China,59111090,13802,320100,General Goods,10500,30,2070.3,20%,9%,64020,34570.8,420761.1,25%,30.49,7.62,105190.28
1403,shaeed rajaii,China,38244090,137300,319969,Chemical Products,10500,30,20595,15%,9%,47995.35,33116.79,421676.14,25%,3.07,0.77,105419.04
1403,shaeed rajaii,China,48221000,200266,319675,Paper & Paperboard,10500,30,30039.9,15%,9%,47951.25,33086.36,430752.51,25%,2.15,0.54,107688.13
1403,shaeed rajaii,China,54049010,131129,319491,General Goods,10500,30,19669.35,20%,9%,63898.2,34505.03,437563.58,25%,3.34,0.84,109390.9
1403,shaeed rajaii,China,29163130,54400,317535,Organic Chemicals,10500,30,8160,15%,9%,47630.25,32864.87,406190.12,25%,7.47,1.87,101547.53
1403,shaeed rajaii,China,73062900,308226,341044,Articles of Iron & Steel,10500,30,46233.9,10%,9%,34104.4,33763.36,455145.66,25%,1.48,0.37,113786.42
1403,shaeed rajaii,China,85372090,20327,316273,Electrical Equipment,10500,30,3049.05,15%,9%,47440.95,32734.26,399497.26,25%,19.65,4.91,99874.32
1403,shaeed rajaii,China,29189990,12900,316177,Organic Chemicals,10500,30,1935,15%,9%,47426.55,32724.32,398262.87,25%,30.87,7.72,99565.72
1403,shaeed rajaii,China,90178090,85064,315845,General Goods,10500,30,12759.6,20%,9%,63169,34111.26,425884.86,25%,5.01,1.25,106471.22
1403,shaeed rajaii,China,12024100,300721,315478,General Goods,10500,30,45108.15,20%,9%,63095.6,34071.62,457753.37,25%,1.52,0.38,114438.34
1403,shaeed rajaii,China,48116000,234813,314907,Paper & Paperboard,10500,30,35221.95,15%,9%,47236.05,32592.87,429957.87,25%,1.83,0.46,107489.47
1403,shaeed rajaii,China,32072090,14300,314373,General Goods,10500,30,2145,20%,9%,62874.6,33952.28,413344.88,25%,28.91,7.23,103336.22
1403,shaeed rajaii,China,84768100,26520,314328,Industrial Machinery,10500,30,3978,15%,9%,47149.2,32532.95,397988.15,25%,15.01,3.75,99497.04
1403,shaeed rajaii,China,28369190,16075,313464,General Goods,10500,30,2411.25,20%,9%,62692.8,33854.11,412422.16,25%,25.66,6.42,103105.54
1403,shaeed rajaii,China,85365010,27168,313200,Electrical Equipment,10500,30,4075.2,15%,9%,46980,32416.2,396671.4,25%,14.6,3.65,99167.85
1403,shaeed rajaii,China,94039900,104806,312830,General Goods,10500,30,15720.9,20%,9%,62566,33785.64,424902.54,25%,4.05,1.01,106225.64
1403,shaeed rajaii,China,87083021,95171,311722,Vehicle Parts & Accessories,10500,30,14275.65,25%,9%,77930.5,35068.72,438996.87,25%,4.61,1.15,109749.22
1403,shaeed rajaii,China,84425010,35533,311305,Industrial Machinery,10500,30,5329.95,15%,9%,46695.75,32220.07,395550.77,25%,11.13,2.78,98887.69
1403,shaeed rajaii,China,47032900,371359,310739,General Goods,10500,30,55703.85,20%,9%,62147.8,33559.81,462150.46,25%,1.24,0.31,115537.62
1403,shaeed rajaii,China,60063200,53568,310030,General Goods,10500,30,8035.2,20%,9%,62006,33483.24,413554.44,25%,7.72,1.93,103388.61
1403,shaeed rajaii,China,76011000,32111,309500,General Goods,10500,30,4816.65,20%,9%,61900,33426,409642.65,25%,12.76,3.19,102410.66
1403,shaeed rajaii,China,73170000,234431,308624,Articles of Iron & Steel,10500,30,35164.65,10%,9%,30862.4,30553.78,405204.83,25%,1.73,0.43,101301.21
1403,shaeed rajaii,China,13023100,21000,308473,General Goods,10500,30,3150,20%,9%,61694.6,33315.08,406632.68,25%,19.36,4.84,101658.17
1403,shaeed rajaii,China,39262090,140270,307727,Plastics & Polymers,10500,30,21040.5,20%,9%,61545.4,33234.52,423547.42,25%,3.02,0.76,105886.86
1403,shaeed rajaii,China,84663000,69381,307025,Industrial Machinery,10500,30,10407.15,15%,9%,46053.75,31777.09,395262.99,25%,5.7,1.42,98815.75
1403,shaeed rajaii,China,54041100,46870,305713,General Goods,10500,30,7030.5,20%,9%,61142.6,33017,406903.1,25%,8.68,2.17,101725.78
1403,shaeed rajaii,China,90184992,27096,304706,General Goods,10500,30,4064.4,20%,9%,60941.2,32908.25,402619.85,25%,14.86,3.72,100654.96
1403,shaeed rajaii,China,84716050,4534,304677,Industrial Machinery,10500,30,680.1,15%,9%,45701.55,31534.07,382592.72,25%,84.38,21.1,95648.18
1403,shaeed rajaii,China,48041100,331796,304151,Paper & Paperboard,10500,30,49769.4,15%,9%,45622.65,31479.63,431022.68,25%,1.3,0.32,107755.67
1403,shaeed rajaii,China,48043110,233499,304094,Paper & Paperboard,10500,30,35024.85,15%,9%,45614.1,31473.73,416206.68,25%,1.78,0.44,104051.67
1403,shaeed rajaii,China,85043190,22291,303412,Electrical Equipment,10500,30,3343.65,15%,9%,45511.8,31403.14,383670.59,25%,17.21,4.3,95917.65
1403,shaeed rajaii,China,85322300,7303,302453,Electrical Equipment,10500,30,1095.45,15%,9%,45367.95,31303.89,380220.29,25%,52.06,13.02,95055.07
1403,shaeed rajaii,China,84239010,10984,302254,Industrial Machinery,10500,30,1647.6,15%,9%,45338.1,31283.29,380522.99,25%,34.64,8.66,95130.75
1403,shaeed rajaii,China,85163100,32867,301961,Electrical Equipment,10500,30,4930.05,15%,9%,45294.15,31252.96,383438.16,25%,11.67,2.92,95859.54
1403,shaeed rajaii,China,48022000,120310,301933,Paper & Paperboard,10500,30,18046.5,15%,9%,45289.95,31250.07,396519.52,25%,3.3,0.82,99129.88
1403,shaeed rajaii,China,85365050,2855,301829,Electrical Equipment,10500,30,428.25,15%,9%,45274.35,31239.3,378770.9,25%,132.67,33.17,94692.72
1403,shaeed rajaii,China,29051690,209620,301441,Organic Chemicals,10500,30,31443,15%,9%,45216.15,31199.14,409299.29,25%,1.95,0.49,102324.82
1403,shaeed rajaii,China,70023100,160515,301438,General Goods,10500,30,24077.25,20%,9%,60287.6,32555.3,418358.15,25%,2.61,0.65,104589.54
1403,shaeed rajaii,China,72149900,247519,301083,Iron & Steel Products,10500,30,37127.85,10%,9%,30108.3,29807.22,398126.37,25%,1.61,0.4,99531.59
1403,shaeed rajaii,China,29223990,46930,300522,Organic Chemicals,10500,30,7039.5,15%,9%,45078.3,31104.03,383743.83,25%,8.18,2.04,95935.96
1403,shaeed rajaii,China,29215990,67750,299557,Organic Chemicals,10500,30,10162.5,15%,9%,44933.55,31004.15,385657.2,25%,5.69,1.42,96414.3
1403,shaeed rajaii,China,90183918,27160,299224,General Goods,10500,30,4074,20%,9%,59844.8,32316.19,395458.99,25%,14.56,3.64,98864.75
1403,shaeed rajaii,China,96089100,6323,298936,General Goods,10500,30,948.45,20%,9%,59787.2,32285.09,391956.74,25%,61.99,15.5,97989.18
1403,shaeed rajaii,China,70060090,25748,298687,General Goods,10500,30,3862.2,20%,9%,59737.4,32258.2,394544.8,25%,15.32,3.83,98636.2
1403,shaeed rajaii,China,85359010,15340,297972,Electrical Equipment,10500,30,2301,15%,9%,44695.8,30840.1,375808.9,25%,24.5,6.12,93952.22
1403,shaeed rajaii,China,90189080,22496,297193,General Goods,10500,30,3374.4,20%,9%,59438.6,32096.84,392102.84,25%,17.43,4.36,98025.71
1403,shaeed rajaii,China,84749010,85443,296691,Industrial Machinery,10500,30,12816.45,15%,9%,44503.65,30707.52,384718.62,25%,4.5,1.12,96179.66
1403,shaeed rajaii,China,58062000,84914,296432,General Goods,10500,30,12737.1,20%,9%,59286.4,32014.66,400470.16,25%,4.72,1.18,100117.54
1403,shaeed rajaii,China,83052000,112686,295852,General Goods,10500,30,16902.9,20%,9%,59170.4,31952.02,403877.32,25%,3.58,0.9,100969.33
1403,shaeed rajaii,China,29071310,125400,295851,Organic Chemicals,10500,30,18810,15%,9%,44377.65,30620.58,389659.23,25%,3.11,0.78,97414.81
1403,shaeed rajaii,China,72222000,129053,295700,Iron & Steel Products,10500,30,19357.95,10%,9%,29570,29274.3,373902.25,25%,2.9,0.72,93475.56
1403,shaeed rajaii,China,87041010,44200,295404,General Goods,10500,30,6630,20%,9%,59080.8,31903.63,393018.43,25%,8.89,2.22,98254.61
1403,shaeed rajaii,China,85367090,7510,295295,Electrical Equipment,10500,30,1126.5,15%,9%,44294.25,30563.03,371278.78,25%,49.44,12.36,92819.7
1403,shaeed rajaii,China,83071010,35662,294921,General Goods,10500,30,5349.3,20%,9%,58984.2,31851.47,391105.97,25%,10.97,2.74,97776.49
1403,shaeed rajaii,China,48044110,253733,294873,Paper & Paperboard,10500,30,38059.95,15%,9%,44230.95,30519.36,407683.26,25%,1.61,0.4,101920.82
1403,shaeed rajaii,China,39059920,64005,294749,Plastics & Polymers,10500,30,9600.75,20%,9%,58949.8,31832.89,395132.44,25%,6.17,1.54,98783.11
1403,shaeed rajaii,China,29163930,19800,294636,Organic Chemicals,10500,30,2970,15%,9%,44195.4,30494.83,372296.23,25%,18.8,4.7,93074.06
1403,shaeed rajaii,China,87083022,44761,293165,Vehicle Parts & Accessories,10500,30,6714.15,25%,9%,73291.25,32981.06,406151.46,25%,9.07,2.27,101537.86
1403,shaeed rajaii,China,29161500,8760,292630,Organic Chemicals,10500,30,1314,15%,9%,43894.5,30287.2,368125.7,25%,42.02,10.5,92031.42
1403,shaeed rajaii,China,39069091,62800,292339,Plastics & Polymers,10500,30,9420,20%,9%,58467.8,31572.61,391799.41,25%,6.24,1.56,97949.85
1403,shaeed rajaii,China,29322000,38900,292181,Organic Chemicals,10500,30,5835,15%,9%,43827.15,30240.73,372083.88,25%,9.57,2.39,93020.97
1403,shaeed rajaii,China,90181390,6011,292056,General Goods,10500,30,901.65,20%,9%,58411.2,31542.05,382910.9,25%,63.7,15.92,95727.72
1403,shaeed rajaii,China,84424000,10786,291880,Industrial Machinery,10500,30,1617.9,15%,9%,43782,30209.58,367489.48,25%,34.07,8.52,91872.37
1403,shaeed rajaii,China,28182010,287000,291745,General Goods,10500,30,43050,20%,9%,58349,31508.46,424652.46,25%,1.48,0.37,106163.12
1403,shaeed rajaii,China,39189090,173043,291726,Plastics & Polymers,10500,30,25956.45,20%,9%,58345.2,31506.41,407534.06,25%,2.36,0.59,101883.52
1403,shaeed rajaii,China,90261090,14963,291374,General Goods,10500,30,2244.45,20%,9%,58274.8,31468.39,383361.64,25%,25.62,6.4,95840.41
1403,shaeed rajaii,China,81049000,74360,291096,General Goods,10500,30,11154,20%,9%,58219.2,31438.37,391907.57,25%,5.27,1.32,97976.89
1403,shaeed rajaii,China,75051200,9903,291006,General Goods,10500,30,1485.45,20%,9%,58201.2,31428.65,382121.3,25%,38.59,9.65,95530.32
1403,shaeed rajaii,China,40161090,107611,290953,Rubber & Tires,10500,30,16141.65,20%,9%,58190.6,31422.92,396708.17,25%,3.69,0.92,99177.04
1403,shaeed rajaii,China,85362010,12298,290407,Electrical Equipment,10500,30,1844.7,15%,9%,43561.05,30057.12,365869.87,25%,29.75,7.44,91467.47
1403,shaeed rajaii,China,84842090,33684,289782,Industrial Machinery,10500,30,5052.6,15%,9%,43467.3,29992.44,368294.34,25%,10.93,2.73,92073.58
1403,shaeed rajaii,China,29146200,975,289422,Organic Chemicals,10500,30,146.25,15%,9%,43413.3,29955.18,362936.73,25%,372.24,93.06,90734.18
1403,shaeed rajaii,China,73145000,100142,289016,Articles of Iron & Steel,10500,30,15021.3,10%,9%,28901.6,28612.58,361551.48,25%,3.61,0.9,90387.87
1403,shaeed rajaii,China,85158020,24592,288857,Electrical Equipment,10500,30,3688.8,15%,9%,43328.55,29896.7,365771.05,25%,14.87,3.72,91442.76
1403,shaeed rajaii,China,85416000,2413,288272,Semiconductors & Solar Cells,10500,30,361.95,15%,9%,43240.8,29836.15,361710.9,25%,149.9,37.48,90427.72
1403,shaeed rajaii,China,49081000,31320,285254,General Goods,10500,30,4698,20%,9%,57050.8,30807.43,377810.23,25%,12.06,3.02,94452.56
1403,shaeed rajaii,China,28151190,373000,284852,General Goods,10500,30,55950,20%,9%,56970.4,30764.02,428536.42,25%,1.15,0.29,107134.1
1403,shaeed rajaii,China,34039990,117565,284344,General Goods,10500,30,17634.75,20%,9%,56868.8,30709.15,389556.7,25%,3.31,0.83,97389.18
1403,shaeed rajaii,China,28111990,127450,284235,General Goods,10500,30,19117.5,20%,9%,56847,30697.38,390896.88,25%,3.07,0.77,97724.22
1403,shaeed rajaii,China,72299020,50500,283844,Iron & Steel Products,10500,30,7575,10%,9%,28384.4,28100.56,347903.96,25%,6.89,1.72,86975.99
1403,shaeed rajaii,China,80030000,13955,283761,General Goods,10500,30,2093.25,20%,9%,56752.2,30646.19,373252.64,25%,26.75,6.69,93313.16
1403,shaeed rajaii,China,76061190,54120,283494,General Goods,10500,30,8118,20%,9%,56698.8,30617.35,378928.15,25%,7,1.75,94732.04
1403,shaeed rajaii,China,94054990,59893,282620,General Goods,10500,30,8983.95,20%,9%,56524,30522.96,378650.91,25%,6.32,1.58,94662.73
1403,shaeed rajaii,China,90221320,120,282408,General Goods,10500,30,18,20%,9%,56481.6,30500.06,369407.66,25%,3078.4,769.6,92351.92
1403,shaeed rajaii,China,55109000,72481,281968,General Goods,10500,30,10872.15,20%,9%,56393.6,30452.54,379686.29,25%,5.24,1.31,94921.57
1403,shaeed rajaii,China,84099950,44304,281435,Industrial Machinery,10500,30,6645.6,15%,9%,42215.25,29128.52,359424.37,25%,8.11,2.03,89856.09
1403,shaeed rajaii,China,17029010,329000,281299,General Goods,10500,30,49350,20%,9%,56259.8,30380.29,417289.09,25%,1.27,0.32,104322.27
1403,shaeed rajaii,China,28275990,27000,281104,General Goods,10500,30,4050,20%,9%,56220.8,30359.23,371734.03,25%,13.77,3.44,92933.51
1403,shaeed rajaii,China,72082500,402260,281082,Iron & Steel Products,10500,30,60339,10%,9%,28108.2,27827.12,397356.32,25%,0.99,0.25,99339.08
1403,shaeed rajaii,China,28492010,28000,281031,General Goods,10500,30,4200,20%,9%,56206.2,30351.35,371788.55,25%,13.28,3.32,92947.14
1403,shaeed rajaii,China,84597000,44020,280492,Industrial Machinery,10500,30,6603,15%,9%,42073.8,29030.92,358199.72,25%,8.14,2.04,89549.93
1403,shaeed rajaii,China,84295921,51000,280471,Industrial Machinery,10500,30,7650,15%,9%,42070.65,29028.75,359220.4,25%,7.04,1.76,89805.1
1403,shaeed rajaii,China,90275090,3423,280344,General Goods,10500,30,513.45,20%,9%,56068.8,30277.15,367203.4,25%,107.28,26.82,91800.85
1403,shaeed rajaii,China,85153190,14328,279251,Electrical Equipment,10500,30,2149.2,15%,9%,41887.65,28902.48,352190.33,25%,24.58,6.14,88047.58
1403,shaeed rajaii,China,73159000,127205,279030,Articles of Iron & Steel,10500,30,19080.75,10%,9%,27903,27623.97,353637.72,25%,2.78,0.7,88409.43
1403,shaeed rajaii,China,84602300,11369,278885,Industrial Machinery,10500,30,1705.35,15%,9%,41832.75,28864.6,351287.7,25%,30.9,7.72,87821.92
1403,shaeed rajaii,China,87089929,19143,278461,Vehicle Parts & Accessories,10500,30,2871.45,25%,9%,69615.25,31326.86,382274.56,25%,19.97,4.99,95568.64
1403,shaeed rajaii,China,84841020,24760,278189,Industrial Machinery,10500,30,3714,15%,9%,41728.35,28792.56,352423.91,25%,14.23,3.56,88105.98
1403,shaeed rajaii,China,84099180,4754,277564,Industrial Machinery,10500,30,713.1,15%,9%,41634.6,28727.87,348639.57,25%,73.34,18.34,87159.89
1403,shaeed rajaii,China,40059100,45062,277558,Rubber & Tires,10500,30,6759.3,20%,9%,55511.6,29976.26,369805.16,25%,8.21,2.05,92451.29
1403,shaeed rajaii,China,15200000,300000,276219,General Goods,10500,30,45000,20%,9%,55243.8,29831.65,406294.45,25%,1.35,0.34,101573.61
1403,shaeed rajaii,China,84303900,35205,276151,Industrial Machinery,10500,30,5280.75,15%,9%,41422.65,28581.63,351436.03,25%,9.98,2.5,87859.01
1403,shaeed rajaii,China,84241010,8582,275026,Industrial Machinery,10500,30,1287.3,15%,9%,41253.9,28465.19,346032.39,25%,40.32,10.08,86508.1
1403,shaeed rajaii,China,76110000,7700,274182,General Goods,10500,30,1155,20%,9%,54836.4,29611.66,359785.06,25%,46.73,11.68,89946.26
1403,shaeed rajaii,China,83119000,25309,274041,General Goods,10500,30,3796.35,20%,9%,54808.2,29596.43,362241.98,25%,14.31,3.58,90560.5
1403,shaeed rajaii,China,84119990,8744,273633,Industrial Machinery,10500,30,1311.6,15%,9%,41044.95,28321.02,344310.57,25%,39.38,9.85,86077.64
1403,shaeed rajaii,China,54024500,69606,269102,General Goods,10500,30,10440.9,20%,9%,53820.4,29063.02,362426.32,25%,5.21,1.3,90606.58
1403,shaeed rajaii,China,40114000,26584,268375,Rubber & Tires,10500,30,3987.6,20%,9%,53675,28984.5,355022.1,25%,13.35,3.34,88755.52
1403,shaeed rajaii,China,85443010,12532,267847,Electrical Equipment,10500,30,1879.8,15%,9%,40177.05,27722.16,337626.01,25%,26.94,6.74,84406.5
1403,shaeed rajaii,China,39259000,150459,267628,Plastics & Polymers,10500,30,22568.85,20%,9%,53525.6,28903.82,372626.27,25%,2.48,0.62,93156.57
1403,shaeed rajaii,China,94069090,36475,266710,General Goods,10500,30,5471.25,20%,9%,53342,28804.68,354327.93,25%,9.71,2.43,88581.98
1403,shaeed rajaii,China,90183240,1792,265924,General Goods,10500,30,268.8,20%,9%,53184.8,28719.79,348097.39,25%,194.25,48.56,87024.35
1403,shaeed rajaii,China,40092200,20342,265072,Rubber & Tires,10500,30,3051.3,20%,9%,53014.4,28627.78,349765.48,25%,17.19,4.3,87441.37
1403,shaeed rajaii,China,38276100,64665,265046,Chemical Products,10500,30,9699.75,15%,9%,39756.9,27432.26,341934.91,25%,5.29,1.32,85483.73
1403,shaeed rajaii,China,90251910,6346,265022,General Goods,10500,30,951.9,20%,9%,53004.4,28622.38,347600.68,25%,54.77,13.69,86900.17
1403,shaeed rajaii,China,90031900,6569,263894,General Goods,10500,30,985.35,20%,9%,52778.8,28500.55,346158.7,25%,52.7,13.18,86539.68
1403,shaeed rajaii,China,72172010,136132,263740,Iron & Steel Products,10500,30,20419.8,10%,9%,26374,26110.26,336644.06,25%,2.47,0.62,84161.02
1403,shaeed rajaii,China,84212310,15725,262711,Industrial Machinery,10500,30,2358.75,15%,9%,39406.65,27190.59,331666.99,25%,21.09,5.27,82916.75
1403,shaeed rajaii,China,85078000,44733,262497,Electrical Equipment,10500,30,6709.95,15%,9%,39374.55,27168.44,335749.94,25%,7.51,1.88,83937.48
1403,shaeed rajaii,China,87079090,113251,262233,General Goods,10500,30,16987.65,20%,9%,52446.6,28321.16,359988.41,25%,3.18,0.8,89997.1
1403,shaeed rajaii,China,84123100,19723,261710,Industrial Machinery,10500,30,2958.45,15%,9%,39256.5,27086.98,331011.93,25%,16.78,4.2,82752.98
1403,shaeed rajaii,China,40025100,140000,261578,Rubber & Tires,10500,30,21000,20%,9%,52315.6,28250.42,363144.02,25%,2.59,0.65,90786
1403,shaeed rajaii,China,28201000,164000,260538,General Goods,10500,30,24600,20%,9%,52107.6,28138.1,365383.7,25%,2.23,0.56,91345.92
1403,shaeed rajaii,China,38040090,146140,260033,Chemical Products,10500,30,21921,15%,9%,39004.95,26913.42,347872.37,25%,2.38,0.6,86968.09
1403,shaeed rajaii,China,28352200,137350,259472,General Goods,10500,30,20602.5,20%,9%,51894.4,28022.98,359991.88,25%,2.62,0.66,89997.97
1403,shaeed rajaii,China,73219090,34770,259282,Articles of Iron & Steel,10500,30,5215.5,10%,9%,25928.2,25668.92,316094.62,25%,9.09,2.27,79023.66
1403,shaeed rajaii,China,29146990,54450,259060,Organic Chemicals,10500,30,8167.5,15%,9%,38859,26812.71,332899.21,25%,6.11,1.53,83224.8
1403,shaeed rajaii,China,82029900,27838,258800,General Goods,10500,30,4175.7,20%,9%,51760,27950.4,342686.1,25%,12.31,3.08,85671.52
1403,shaeed rajaii,China,90189019,19747,258628,General Goods,10500,30,2962.05,20%,9%,51725.6,27931.82,341247.47,25%,17.28,4.32,85311.87
1403,shaeed rajaii,China,73061110,62750,257865,Articles of Iron & Steel,10500,30,9412.5,10%,9%,25786.5,25528.64,318592.64,25%,5.08,1.27,79648.16
1403,shaeed rajaii,China,85044010,35172,257827,Electrical Equipment,10500,30,5275.8,15%,9%,38674.05,26685.09,328461.94,25%,9.34,2.34,82115.48
1403,shaeed rajaii,China,29182190,135000,257552,Organic Chemicals,10500,30,20250,15%,9%,38632.8,26656.63,343091.43,25%,2.54,0.64,85772.86
1403,shaeed rajaii,China,32110000,18000,257365,General Goods,10500,30,2700,20%,9%,51473,27795.42,339333.42,25%,18.85,4.71,84833.36
1403,shaeed rajaii,China,84099930,37142,257025,Industrial Machinery,10500,30,5571.3,15%,9%,38553.75,26602.09,327752.14,25%,8.82,2.2,81938.04
1403,shaeed rajaii,China,87149990,75148,256863,General Goods,10500,30,11272.2,20%,9%,51372.6,27741.2,347249,25%,4.62,1.16,86812.25
1403,shaeed rajaii,China,91099000,30572,256360,General Goods,10500,30,4585.8,20%,9%,51272,27686.88,339904.68,25%,11.12,2.78,84976.17
1403,shaeed rajaii,China,75052200,8853,254233,General Goods,10500,30,1327.95,20%,9%,50846.6,27457.16,333864.71,25%,37.71,9.43,83466.18
1403,shaeed rajaii,China,84609090,35241,254173,Industrial Machinery,10500,30,5286.15,15%,9%,38125.95,26306.91,323892.01,25%,9.19,2.3,80973
1403,shaeed rajaii,China,87149400,70589,253495,General Goods,10500,30,10588.35,20%,9%,50699,27377.46,342159.81,25%,4.85,1.21,85539.95
1403,shaeed rajaii,China,26209910,5400,253290,General Goods,10500,30,810,20%,9%,50658,27355.32,332113.32,25%,61.5,15.38,83028.33
1403,shaeed rajaii,China,33012990,21420,252824,General Goods,10500,30,3213,20%,9%,50564.8,27304.99,333906.79,25%,15.59,3.9,83476.7
1403,shaeed rajaii,China,84331900,43245,252498,Industrial Machinery,10500,30,6486.75,15%,9%,37874.7,26133.54,322992.99,25%,7.47,1.87,80748.25
1403,shaeed rajaii,China,90172010,61485,252145,General Goods,10500,30,9222.75,20%,9%,50429,27231.66,339028.41,25%,5.51,1.38,84757.1
1403,shaeed rajaii,China,84295121,22161,252018,Industrial Machinery,10500,30,3324.15,15%,9%,37802.7,26083.86,319228.71,25%,14.4,3.6,79807.18
1403,shaeed rajaii,China,73144100,127310,251967,Articles of Iron & Steel,10500,30,19096.5,10%,9%,25196.7,24944.73,321204.93,25%,2.52,0.63,80301.23
1403,shaeed rajaii,China,85339000,4437,251573,Electrical Equipment,10500,30,665.55,15%,9%,37735.95,26037.81,316012.31,25%,71.22,17.8,79003.08
1403,shaeed rajaii,China,76012000,87065,251301,General Goods,10500,30,13059.75,20%,9%,50260.2,27140.51,341761.46,25%,3.93,0.98,85440.36
1403,shaeed rajaii,China,76121090,41115,250706,General Goods,10500,30,6167.25,20%,9%,50141.2,27076.25,334090.7,25%,8.13,2.03,83522.68
1403,shaeed rajaii,China,32041110,23500,249396,General Goods,10500,30,3525,20%,9%,49879.2,26934.77,329734.97,25%,14.03,3.51,82433.74
1403,shaeed rajaii,China,84253130,86400,249390,Industrial Machinery,10500,30,12960,15%,9%,37408.5,25811.86,325570.36,25%,3.77,0.94,81392.59
1403,shaeed rajaii,China,29025000,206980,249158,Organic Chemicals,10500,30,31047,15%,9%,37373.7,25787.85,343366.55,25%,1.66,0.42,85841.64
1403,shaeed rajaii,China,83099010,4400,248270,General Goods,10500,30,660,20%,9%,49654,26813.16,325397.16,25%,73.95,18.49,81349.29
1403,shaeed rajaii,China,74101190,20394,248171,General Goods,10500,30,3059.1,20%,9%,49634.2,26802.47,327666.77,25%,16.07,4.02,81916.69
1403,shaeed rajaii,China,84734000,2216,248088,Industrial Machinery,10500,30,332.4,15%,9%,37213.2,25677.11,311310.71,25%,140.48,35.12,77827.68
1403,shaeed rajaii,China,38123980,159300,247629,Chemical Products,10500,30,23895,15%,9%,37144.35,25629.6,334297.95,25%,2.1,0.52,83574.49
1403,shaeed rajaii,China,29308090,69000,247290,Organic Chemicals,10500,30,10350,15%,9%,37093.5,25594.52,320328.02,25%,4.64,1.16,80082
1403,shaeed rajaii,China,39031920,159050,247163,Plastics & Polymers,10500,30,23857.5,20%,9%,49432.6,26693.6,347146.7,25%,2.18,0.55,86786.68
1403,shaeed rajaii,China,82119400,74981,245555,General Goods,10500,30,11247.15,20%,9%,49111,26519.94,332433.09,25%,4.43,1.11,83108.27
1403,shaeed rajaii,China,56039300,50833,245493,General Goods,10500,30,7624.95,20%,9%,49098.6,26513.24,328729.79,25%,6.47,1.62,82182.45
1403,shaeed rajaii,China,21061019,161000,245456,General Goods,10500,30,24150,20%,9%,49091.2,26509.25,345206.45,25%,2.14,0.54,86301.61
1403,shaeed rajaii,China,29335915,8200,244954,Organic Chemicals,10500,30,1230,15%,9%,36743.1,25352.74,308279.84,25%,37.6,9.4,77069.96
1403,shaeed rajaii,China,39012010,88000,244927,Plastics & Polymers,10500,30,13200,20%,9%,48985.4,26452.12,333564.52,25%,3.79,0.95,83391.13
1403,shaeed rajaii,China,84451100,37700,244872,Industrial Machinery,10500,30,5655,15%,9%,36730.8,25344.25,312602.05,25%,8.29,2.07,78150.51
1403,shaeed rajaii,China,87087040,111285,244854,Vehicle Parts & Accessories,10500,30,16692.75,25%,9%,61213.5,27546.08,350306.33,25%,3.15,0.79,87576.58
1403,shaeed rajaii,China,40169400,61319,244671,Rubber & Tires,10500,30,9197.85,20%,9%,48934.2,26424.47,329227.52,25%,5.37,1.34,82306.88
1403,shaeed rajaii,China,39206190,47954,244230,Plastics & Polymers,10500,30,7193.1,20%,9%,48846,26376.84,326645.94,25%,6.81,1.7,81661.48
1403,shaeed rajaii,China,85075000,8379,244097,Electrical Equipment,10500,30,1256.85,15%,9%,36614.55,25264.04,307232.44,25%,36.67,9.17,76808.11
1403,shaeed rajaii,China,48237000,46785,243853,Paper & Paperboard,10500,30,7017.75,15%,9%,36577.95,25238.79,312687.49,25%,6.68,1.67,78171.87
1403,shaeed rajaii,China,72029950,123000,243850,Iron & Steel Products,10500,30,18450,10%,9%,24385,24141.15,310826.15,25%,2.53,0.63,77706.54
1403,shaeed rajaii,China,90251990,6513,243217,General Goods,10500,30,976.95,20%,9%,48643.4,26267.44,319104.79,25%,49,12.25,79776.2
1403,shaeed rajaii,China,39204940,140883,242857,Plastics & Polymers,10500,30,21132.45,20%,9%,48571.4,26228.56,338789.41,25%,2.4,0.6,84697.35
1403,shaeed rajaii,China,87083023,112277,242753,Vehicle Parts & Accessories,10500,30,16841.55,25%,9%,60688.25,27309.71,347592.51,25%,3.1,0.78,86898.13
1403,shaeed rajaii,China,84591000,107800,241761,Industrial Machinery,10500,30,16170,15%,9%,36264.15,25022.26,319217.41,25%,2.96,0.74,79804.35
1403,shaeed rajaii,China,29163120,200000,240876,Organic Chemicals,10500,30,30000,15%,9%,36131.4,24930.67,331938.07,25%,1.66,0.42,82984.52
1403,shaeed rajaii,China,72201200,72905,240640,Iron & Steel Products,10500,30,10935.75,10%,9%,24064,23823.36,299463.11,25%,4.11,1.03,74865.78
1403,shaeed rajaii,China,55082000,127938,240523,General Goods,10500,30,19190.7,20%,9%,48104.6,25976.48,333794.78,25%,2.61,0.65,83448.7
1403,shaeed rajaii,China,90273010,11788,240304,General Goods,10500,30,1768.2,20%,9%,48060.8,25952.83,316085.83,25%,26.81,6.7,79021.46
1403,shaeed rajaii,China,84678910,13193,239566,Industrial Machinery,10500,30,1978.95,15%,9%,35934.9,24795.08,302274.93,25%,22.91,5.73,75568.73
1403,shaeed rajaii,China,85152190,15855,239516,Electrical Equipment,10500,30,2378.25,15%,9%,35927.4,24789.91,302611.56,25%,19.09,4.77,75652.89
1403,shaeed rajaii,China,69039020,9000,238842,General Goods,10500,30,1350,20%,9%,47768.4,25794.94,313755.34,25%,34.86,8.72,78438.84
1403,shaeed rajaii,China,72189900,54725,238715,Iron & Steel Products,10500,30,8208.75,10%,9%,23871.5,23632.78,294428.03,25%,5.38,1.34,73607.01
1403,shaeed rajaii,China,90189097,4000,238684,General Goods,10500,30,600,20%,9%,47736.8,25777.87,312798.67,25%,78.2,19.55,78199.67
1403,shaeed rajaii,China,39042100,99060,238454,Plastics & Polymers,10500,30,14859,20%,9%,47690.8,25753.03,326756.83,25%,3.3,0.82,81689.21
1403,shaeed rajaii,China,72029940,128000,237223,Iron & Steel Products,10500,30,19200,10%,9%,23722.3,23485.08,303630.38,25%,2.37,0.59,75907.6
1403,shaeed rajaii,China,85151100,7538,236207,Electrical Equipment,10500,30,1130.7,15%,9%,35431.05,24447.42,297216.17,25%,39.43,9.86,74304.04
1403,shaeed rajaii,China,84281020,96235,235947,Industrial Machinery,10500,30,14435.25,15%,9%,35392.05,24420.51,310194.81,25%,3.22,0.8,77548.7
1403,shaeed rajaii,China,29072900,24005,235893,Organic Chemicals,10500,30,3600.75,15%,9%,35383.95,24414.93,299292.63,25%,12.47,3.12,74823.16
1403,shaeed rajaii,China,84485100,4119,234109,Industrial Machinery,10500,30,617.85,15%,9%,35116.35,24230.28,294073.48,25%,71.39,17.85,73518.37
1403,shaeed rajaii,China,85235210,21114,233904,Electrical Equipment,10500,30,3167.1,15%,9%,35085.6,24209.06,296365.76,25%,14.04,3.51,74091.44
1403,shaeed rajaii,China,38101029,140000,232918,Chemical Products,10500,30,21000,15%,9%,34937.7,24107.01,312962.71,25%,2.24,0.56,78240.68
1403,shaeed rajaii,China,68069000,138272,232438,General Goods,10500,30,20740.8,20%,9%,46487.6,25103.3,324769.7,25%,2.35,0.59,81192.42
1403,shaeed rajaii,China,29124200,12000,232181,Organic Chemicals,10500,30,1800,15%,9%,34827.15,24030.73,292838.88,25%,24.4,6.1,73209.72
1403,shaeed rajaii,China,81019600,3050,231597,General Goods,10500,30,457.5,20%,9%,46319.4,25012.48,303386.38,25%,99.47,24.87,75846.6
1403,shaeed rajaii,China,31059010,67913,230584,General Goods,10500,30,10186.95,20%,9%,46116.8,24903.07,311790.82,25%,4.59,1.15,77947.7
1403,shaeed rajaii,China,72285000,114889,230520,Iron & Steel Products,10500,30,17233.35,10%,9%,23052,22821.48,293626.83,25%,2.56,0.64,73406.71
1403,shaeed rajaii,China,85261090,1670,230352,Electrical Equipment,10500,30,250.5,15%,9%,34552.8,23841.43,288996.73,25%,173.05,43.26,72249.18
1403,shaeed rajaii,China,87082940,13414,230055,Vehicle Parts & Accessories,10500,30,2012.1,25%,9%,57513.75,25881.19,315462.04,25%,23.52,5.88,78865.51
1403,shaeed rajaii,China,84669100,43232,229783,Industrial Machinery,10500,30,6484.8,15%,9%,34467.45,23782.54,294517.79,25%,6.81,1.7,73629.45
1403,shaeed rajaii,China,84595900,62015,229408,Industrial Machinery,10500,30,9302.25,15%,9%,34411.2,23743.73,296865.18,25%,4.79,1.2,74216.3
1403,shaeed rajaii,China,90289010,23200,227855,General Goods,10500,30,3480,20%,9%,45571,24608.34,301514.34,25%,13,3.25,75378.59
1403,shaeed rajaii,China,85437020,22700,227685,Electrical Equipment,10500,30,3405,15%,9%,34152.75,23565.4,288808.15,25%,12.72,3.18,72202.04
1403,shaeed rajaii,China,69099090,67000,226935,General Goods,10500,30,10050,20%,9%,45387,24508.98,306880.98,25%,4.58,1.14,76720.24
1403,shaeed rajaii,China,40070000,51380,226914,Rubber & Tires,10500,30,7707,20%,9%,45382.8,24506.71,304510.51,25%,5.93,1.48,76127.63
1403,shaeed rajaii,China,87089319,54355,225432,Vehicle Parts & Accessories,10500,30,8153.25,25%,9%,56358,25361.1,315304.35,25%,5.8,1.45,78826.09
1403,shaeed rajaii,China,84148020,22108,225151,Compressors & Pumps,10500,30,3316.2,15%,9%,33772.65,23303.13,285542.98,25%,12.92,3.23,71385.74
1403,shaeed rajaii,China,39173200,52158,225022,Plastics & Polymers,10500,30,7823.7,20%,9%,45004.4,24302.38,302152.48,25%,5.79,1.45,75538.12
1403,shaeed rajaii,China,84619000,54375,224805,Industrial Machinery,10500,30,8156.25,15%,9%,33720.75,23267.32,289949.32,25%,5.33,1.33,72487.33
1403,shaeed rajaii,China,84248930,53919,224165,Industrial Machinery,10500,30,8087.85,15%,9%,33624.75,23201.08,289078.68,25%,5.36,1.34,72269.67
1403,shaeed rajaii,China,85016100,71946,223934,Electrical Equipment,10500,30,10791.9,15%,9%,33590.1,23177.17,291493.17,25%,4.05,1.01,72873.29
1403,shaeed rajaii,China,82074000,22394,223034,General Goods,10500,30,3359.1,20%,9%,44606.8,24087.67,295087.57,25%,13.18,3.3,73771.89
1403,shaeed rajaii,China,84283390,26352,222912,Industrial Machinery,10500,30,3952.8,15%,9%,33436.8,23071.39,283372.99,25%,10.75,2.69,70843.25
1403,shaeed rajaii,China,29213030,32400,222570,Organic Chemicals,10500,30,4860,15%,9%,33385.5,23036,283851.5,25%,8.76,2.19,70962.88
1403,shaeed rajaii,China,28319000,154000,222270,General Goods,10500,30,23100,20%,9%,44454,24005.16,313829.16,25%,2.04,0.51,78457.29
1403,shaeed rajaii,China,76069110,60000,221713,General Goods,10500,30,9000,20%,9%,44342.6,23945,299000.6,25%,4.98,1.25,74750.15
1403,shaeed rajaii,China,29182390,9700,220205,Organic Chemicals,10500,30,1455,15%,9%,33030.75,22791.22,277481.97,25%,28.61,7.15,69370.49
1403,shaeed rajaii,China,84423000,16899,219681,Industrial Machinery,10500,30,2534.85,15%,9%,32952.15,22736.98,277904.98,25%,16.45,4.11,69476.24
1403,shaeed rajaii,China,87042320,45566,219289,General Goods,10500,30,6834.9,20%,9%,43857.8,23683.21,293664.91,25%,6.44,1.61,73416.23
1403,shaeed rajaii,China,29051490,98270,219191,Organic Chemicals,10500,30,14740.5,15%,9%,32878.65,22686.27,289496.42,25%,2.95,0.74,72374.1
1403,shaeed rajaii,China,55095300,142660,219174,General Goods,10500,30,21399,20%,9%,43834.8,23670.79,308078.59,25%,2.16,0.54,77019.65
1403,shaeed rajaii,China,73069090,94666,219107,Articles of Iron & Steel,10500,30,14199.9,10%,9%,21910.7,21691.59,276909.19,25%,2.93,0.73,69227.3
1403,shaeed rajaii,China,84601900,34730,218805,Industrial Machinery,10500,30,5209.5,15%,9%,32820.75,22646.32,279481.57,25%,8.05,2.01,69870.39
1403,shaeed rajaii,China,29231090,110275,218616,Organic Chemicals,10500,30,16541.25,15%,9%,32792.4,22626.76,290576.41,25%,2.64,0.66,72644.1
1403,shaeed rajaii,China,84651000,44242,218614,Industrial Machinery,10500,30,6636.3,15%,9%,32792.1,22626.55,280668.95,25%,6.34,1.58,70167.24
1403,shaeed rajaii,China,29183090,15600,218321,Organic Chemicals,10500,30,2340,15%,9%,32748.15,22596.22,276005.37,25%,17.69,4.42,69001.34
1403,shaeed rajaii,China,87085011,29414,218190,Vehicle Parts & Accessories,10500,30,4412.1,25%,9%,54547.5,24546.38,301695.98,25%,10.26,2.56,75424
1403,shaeed rajaii,China,84295190,20055,217961,Industrial Machinery,10500,30,3008.25,15%,9%,32694.15,22558.96,276222.36,25%,13.77,3.44,69055.59
1403,shaeed rajaii,China,29144000,56300,217919,Organic Chemicals,10500,30,8445,15%,9%,32687.85,22554.62,281606.47,25%,5,1.25,70401.62
1403,shaeed rajaii,China,84483100,25640,217890,Industrial Machinery,10500,30,3846,15%,9%,32683.5,22551.62,276971.12,25%,10.8,2.7,69242.78
1403,shaeed rajaii,China,84729060,2950,217689,Industrial Machinery,10500,30,442.5,15%,9%,32653.35,22530.81,273315.66,25%,92.65,23.16,68328.91
1403,shaeed rajaii,China,84136030,8045,217065,Industrial Machinery,10500,30,1206.75,15%,9%,32559.75,22466.23,273297.73,25%,33.97,8.49,68324.43
1403,shaeed rajaii,China,70191400,152660,215872,General Goods,10500,30,22899,20%,9%,43174.4,23314.18,305259.58,25%,2,0.5,76314.9
1403,shaeed rajaii,China,29032900,60000,215331,Organic Chemicals,10500,30,9000,15%,9%,32299.65,22286.76,278917.41,25%,4.65,1.16,69729.35
1403,shaeed rajaii,China,81122900,22550,214964,General Goods,10500,30,3382.5,20%,9%,42992.8,23216.11,284555.41,25%,12.62,3.16,71138.85
1403,shaeed rajaii,China,87099000,52136,214761,General Goods,10500,30,7820.4,20%,9%,42952.2,23194.19,288727.79,25%,5.54,1.38,72181.95
1403,shaeed rajaii,China,96035090,28292,214662,General Goods,10500,30,4243.8,20%,9%,42932.4,23183.5,285021.7,25%,10.07,2.52,71255.42
1403,shaeed rajaii,China,60053600,49472,214563,General Goods,10500,30,7420.8,20%,9%,42912.6,23172.8,288069.2,25%,5.82,1.46,72017.3
1403,shaeed rajaii,China,40101900,21028,214095,Rubber & Tires,10500,30,3154.2,20%,9%,42819,23122.26,283190.46,25%,13.47,3.37,70797.62
1403,shaeed rajaii,China,15050010,25450,213122,General Goods,10500,30,3817.5,20%,9%,42624.4,23017.18,282581.08,25%,11.1,2.78,70645.27
1403,shaeed rajaii,China,70179090,72200,213043,General Goods,10500,30,10830,20%,9%,42608.6,23008.64,289490.24,25%,4.01,1,72372.56
1403,shaeed rajaii,China,84639090,15940,211263,Industrial Machinery,10500,30,2391,15%,9%,31689.45,21865.72,267209.17,25%,16.76,4.19,66802.29
1403,shaeed rajaii,China,90181961,2342,210319,General Goods,10500,30,351.3,20%,9%,42063.8,22714.45,275448.55,25%,117.61,29.4,68862.14
1403,shaeed rajaii,China,29039900,103890,210098,Organic Chemicals,10500,30,15583.5,15%,9%,31514.7,21745.14,278941.34,25%,2.68,0.67,69735.34
1403,shaeed rajaii,China,84483900,22342,208935,Industrial Machinery,10500,30,3351.3,15%,9%,31340.25,21624.77,265251.32,25%,11.87,2.97,66312.83
1403,shaeed rajaii,China,73151290,79757,208833,Articles of Iron & Steel,10500,30,11963.55,10%,9%,20883.3,20674.47,262354.32,25%,3.29,0.82,65588.58
1403,shaeed rajaii,China,13022000,12500,207352,General Goods,10500,30,1875,20%,9%,41470.4,22394.02,273091.42,25%,21.85,5.46,68272.86
1403,shaeed rajaii,China,84831030,49195,207167,Industrial Machinery,10500,30,7379.25,15%,9%,31075.05,21441.78,267063.08,25%,5.43,1.36,66765.77
1403,shaeed rajaii,China,28391100,343050,206016,General Goods,10500,30,51457.5,20%,9%,41203.2,22249.73,320926.43,25%,0.94,0.24,80231.61
1403,shaeed rajaii,China,90181130,32869,205080,General Goods,10500,30,4930.35,20%,9%,41016,22148.64,273174.99,25%,8.31,2.08,68293.75
1403,shaeed rajaii,China,95083090,45910,204702,General Goods,10500,30,6886.5,20%,9%,40940.4,22107.82,274636.72,25%,5.98,1.5,68659.18
1403,shaeed rajaii,China,40059900,82500,204439,Rubber & Tires,10500,30,12375,20%,9%,40887.8,22079.41,279781.21,25%,3.39,0.85,69945.3
1403,shaeed rajaii,China,70102000,150161,204024,General Goods,10500,30,22524.15,20%,9%,40804.8,22034.59,289387.54,25%,1.93,0.48,72346.88
1403,shaeed rajaii,China,73143100,88660,203978,Articles of Iron & Steel,10500,30,13299,10%,9%,20397.8,20193.82,257868.62,25%,2.91,0.73,64467.16
1403,shaeed rajaii,China,32089010,32000,203676,General Goods,10500,30,4800,20%,9%,40735.2,21997.01,271208.21,25%,8.48,2.12,67802.05
1403,shaeed rajaii,China,12119099,68000,203315,General Goods,10500,30,10200,20%,9%,40663,21958.02,276136.02,25%,4.06,1.01,69034
1403,shaeed rajaii,China,85372010,6000,202650,Electrical Equipment,10500,30,900,15%,9%,30397.5,20974.28,254921.78,25%,42.49,10.62,63730.44
1403,shaeed rajaii,China,29214300,46720,201862,Organic Chemicals,10500,30,7008,15%,9%,30279.3,20892.72,260042.02,25%,5.57,1.39,65010.5
1403,shaeed rajaii,China,56031312,21946,201742,General Goods,10500,30,3291.9,20%,9%,40348.4,21788.14,267170.44,25%,12.17,3.04,66792.61
1403,shaeed rajaii,China,73021000,173533,201473,Articles of Iron & Steel,10500,30,26029.95,10%,9%,20147.3,19945.83,267596.08,25%,1.54,0.38,66899.02
1403,shaeed rajaii,China,59021030,33100,201295,General Goods,10500,30,4965,20%,9%,40259,21739.86,268258.86,25%,8.1,2.02,67064.72
1403,shaeed rajaii,China,72039000,240000,200957,Iron & Steel Products,10500,30,36000,10%,9%,20095.7,19894.74,276947.44,25%,1.15,0.29,69236.86
1403,shaeed rajaii,China,30067090,17861,200826,General Goods,10500,30,2679.15,20%,9%,40165.2,21689.21,265359.56,25%,14.86,3.72,66339.89
1403,shaeed rajaii,China,40093100,19611,200372,Rubber & Tires,10500,30,2941.65,20%,9%,40074.4,21640.18,265028.23,25%,13.51,3.38,66257.06
1403,shaeed rajaii,China,39041010,147550,200366,Plastics & Polymers,10500,30,22132.5,20%,9%,40073.2,21639.53,284211.23,25%,1.93,0.48,71052.81
1403,shaeed rajaii,China,39069030,82900,199802,Plastics & Polymers,10500,30,12435,20%,9%,39960.4,21578.62,273776.02,25%,3.3,0.82,68444
1403,shaeed rajaii,China,84679100,27687,199610,Industrial Machinery,10500,30,4153.05,15%,9%,29941.5,20659.63,254364.18,25%,9.19,2.3,63591.04
1403,shaeed rajaii,China,73151100,55624,199482,Articles of Iron & Steel,10500,30,8343.6,10%,9%,19948.2,19748.72,247522.52,25%,4.45,1.11,61880.63
1403,shaeed rajaii,China,83024230,120835,199061,General Goods,10500,30,18125.25,20%,9%,39812.2,21498.59,278497.04,25%,2.3,0.57,69624.26
1403,shaeed rajaii,China,32061910,80000,198735,General Goods,10500,30,12000,20%,9%,39747,21463.38,271945.38,25%,3.4,0.85,67986.34
1403,shaeed rajaii,China,82073000,25735,197964,General Goods,10500,30,3860.25,20%,9%,39592.8,21380.11,262797.16,25%,10.21,2.55,65699.29
1403,shaeed rajaii,China,29051990,41800,197463,Organic Chemicals,10500,30,6270,15%,9%,29619.45,20437.42,253789.87,25%,6.07,1.52,63447.47
1403,shaeed rajaii,China,87141050,24857,197235,General Goods,10500,30,3728.55,20%,9%,39447,21301.38,261711.93,25%,10.53,2.63,65427.98
1403,shaeed rajaii,China,38029090,87450,197204,Chemical Products,10500,30,13117.5,15%,9%,29580.6,20410.61,260312.71,25%,2.98,0.74,65078.18
1403,shaeed rajaii,China,28263000,132000,197188,General Goods,10500,30,19800,20%,9%,39437.6,21296.3,277721.9,25%,2.1,0.52,69430.48
1403,shaeed rajaii,China,73102990,23086,197006,Articles of Iron & Steel,10500,30,3462.9,10%,9%,19700.6,19503.59,239673.09,25%,10.38,2.6,59918.27
1403,shaeed rajaii,China,47061000,93380,196031,General Goods,10500,30,14007,20%,9%,39206.2,21171.35,270415.55,25%,2.9,0.72,67603.89
1403,shaeed rajaii,China,32099010,10580,195770,General Goods,10500,30,1587,20%,9%,39154,21143.16,257654.16,25%,24.35,6.09,64413.54
1403,shaeed rajaii,China,3048900,49000,195648,General Goods,10500,30,7350,20%,9%,39129.6,21129.98,263257.58,25%,5.37,1.34,65814.4
1403,shaeed rajaii,China,85412100,4059,195119,Semiconductors & Solar Cells,10500,30,608.85,15%,9%,29267.85,20194.82,245190.52,25%,60.41,15.1,61297.63
1403,shaeed rajaii,China,84381000,15630,195032,Industrial Machinery,10500,30,2344.5,15%,9%,29254.8,20185.81,246817.11,25%,15.79,3.95,61704.28
1403,shaeed rajaii,China,28161090,44550,194519,General Goods,10500,30,6682.5,20%,9%,38903.8,21008.05,261113.35,25%,5.86,1.46,65278.34
1403,shaeed rajaii,China,79040090,1200,194153,General Goods,10500,30,180,20%,9%,38830.6,20968.52,254132.12,25%,211.78,52.94,63533.03
1403,shaeed rajaii,China,35030020,6574,193323,General Goods,10500,30,986.1,20%,9%,38664.6,20878.88,253852.58,25%,38.61,9.65,63463.14
1403,shaeed rajaii,China,34031100,48800,193264,General Goods,10500,30,7320,20%,9%,38652.8,20872.51,260109.31,25%,5.33,1.33,65027.33
1403,shaeed rajaii,China,39206910,101192,193197,Plastics & Polymers,10500,30,15178.8,20%,9%,38639.4,20865.28,267880.48,25%,2.65,0.66,66970.12
1403,shaeed rajaii,China,73121020,119530,192965,Articles of Iron & Steel,10500,30,17929.5,10%,9%,19296.5,19103.54,249294.54,25%,2.09,0.52,62323.64
1403,shaeed rajaii,China,70196200,129876,191593,General Goods,10500,30,19481.4,20%,9%,38318.6,20692.04,270085.04,25%,2.08,0.52,67521.26
1403,shaeed rajaii,China,32089090,37223,191320,General Goods,10500,30,5583.45,20%,9%,38264,20662.56,255830.01,25%,6.87,1.72,63957.5
1403,shaeed rajaii,China,84622200,40223,190907,Industrial Machinery,10500,30,6033.45,15%,9%,28636.05,19758.87,245335.37,25%,6.1,1.52,61333.84
1403,shaeed rajaii,China,53089000,43220,190007,General Goods,10500,30,6483,20%,9%,38001.4,20520.76,255012.16,25%,5.9,1.48,63753.04
1403,shaeed rajaii,China,84251900,65467,189772,Industrial Machinery,10500,30,9820.05,15%,9%,28465.8,19641.4,247699.25,25%,3.78,0.94,61924.81
1403,shaeed rajaii,China,84287000,14272,189428,Industrial Machinery,10500,30,2140.8,15%,9%,28414.2,19605.8,239588.8,25%,16.79,4.2,59897.2
1403,shaeed rajaii,China,90279090,4083,188654,General Goods,10500,30,612.45,20%,9%,37730.8,20374.63,247371.88,25%,60.59,15.15,61842.97
1403,shaeed rajaii,China,90330020,6514,188469,General Goods,10500,30,977.1,20%,9%,37693.8,20354.65,247494.55,25%,37.99,9.5,61873.64
1403,shaeed rajaii,China,48119040,60097,188208,Paper & Paperboard,10500,30,9014.55,15%,9%,28231.2,19479.53,244933.28,25%,4.08,1.02,61233.32
1403,shaeed rajaii,China,87042290,32855,188083,General Goods,10500,30,4928.25,20%,9%,37616.6,20312.96,250940.81,25%,7.64,1.91,62735.2
1403,shaeed rajaii,China,73181110,2814,187628,Articles of Iron & Steel,10500,30,422.1,10%,9%,18762.8,18575.17,225388.07,25%,80.1,20.02,56347.02
1403,shaeed rajaii,China,70071110,37268,187300,General Goods,10500,30,5590.2,20%,9%,37460,20228.4,250578.6,25%,6.72,1.68,62644.65
1403,shaeed rajaii,China,29141900,146200,186785,Organic Chemicals,10500,30,21930,15%,9%,28017.75,19332.25,256065,25%,1.75,0.44,64016.25
1403,shaeed rajaii,China,84792000,26354,186764,Machines & Mechanical Appliances,10500,30,3953.1,15%,9%,28014.6,19330.07,238061.77,25%,9.03,2.26,59515.44
1403,shaeed rajaii,China,55095100,43929,185332,General Goods,10500,30,6589.35,20%,9%,37066.4,20015.86,249003.61,25%,5.67,1.42,62250.9
1403,shaeed rajaii,China,90191090,27256,184822,General Goods,10500,30,4088.4,20%,9%,36964.4,19960.78,245835.58,25%,9.02,2.26,61458.9
1403,shaeed rajaii,China,84212320,10871,184354,Industrial Machinery,10500,30,1630.65,15%,9%,27653.1,19080.64,232718.39,25%,21.41,5.35,58179.6
1403,shaeed rajaii,China,27122000,21475,183877,Mineral Fuels & Oils,10500,30,3221.25,5%,9%,9193.85,17376.38,213668.48,25%,9.95,2.49,53417.12
1403,shaeed rajaii,China,29182310,52000,183873,Organic Chemicals,10500,30,7800,15%,9%,27580.95,19030.86,238284.81,25%,4.58,1.14,59571.2
1403,shaeed rajaii,China,55131300,30027,183600,General Goods,10500,30,4504.05,20%,9%,36720,19828.8,244652.85,25%,8.15,2.04,61163.21
1403,shaeed rajaii,China,48195000,53830,183537,Paper & Paperboard,10500,30,8074.5,15%,9%,27530.55,18996.08,238138.13,25%,4.42,1.1,59534.53
1403,shaeed rajaii,China,85362030,10372,183481,Electrical Equipment,10500,30,1555.8,15%,9%,27522.15,18990.28,231549.23,25%,22.32,5.58,57887.31
1403,shaeed rajaii,China,9011190,39000,182410,General Goods,10500,30,5850,20%,9%,36482,19700.28,244442.28,25%,6.27,1.57,61110.57
1403,shaeed rajaii,China,7104090,177080,182131,General Goods,10500,30,26562,20%,9%,36426.2,19670.15,264789.35,25%,1.5,0.38,66197.34
1403,shaeed rajaii,China,87141055,83859,180455,General Goods,10500,30,12578.85,20%,9%,36091,19489.14,248613.99,25%,2.96,0.74,62153.5
1403,shaeed rajaii,China,29302000,82000,180303,Organic Chemicals,10500,30,12300,15%,9%,27045.45,18661.36,238309.81,25%,2.91,0.73,59577.45
1403,shaeed rajaii,China,76169100,35225,180236,General Goods,10500,30,5283.75,20%,9%,36047.2,19465.49,241032.44,25%,6.84,1.71,60258.11
1403,shaeed rajaii,China,29339940,5000,180209,Organic Chemicals,10500,30,750,15%,9%,27031.35,18651.63,226641.98,25%,45.33,11.33,56660.5
1403,shaeed rajaii,China,39011040,49500,180171,Plastics & Polymers,10500,30,7425,20%,9%,36034.2,19458.47,243088.67,25%,4.91,1.23,60772.17
1403,shaeed rajaii,China,85068090,22954,179563,Electrical Equipment,10500,30,3443.1,15%,9%,26934.45,18584.77,228525.32,25%,9.96,2.49,57131.33
1403,shaeed rajaii,China,83079000,51750,178773,General Goods,10500,30,7762.5,20%,9%,35754.6,19307.48,241597.58,25%,4.67,1.17,60399.4
1403,shaeed rajaii,China,83113000,8786,178070,General Goods,10500,30,1317.9,20%,9%,35614,19231.56,234233.46,25%,26.66,6.66,58558.36
1403,shaeed rajaii,China,84137030,4360,177779,Industrial Machinery,10500,30,654,15%,9%,26666.85,18400.13,223499.98,25%,51.26,12.82,55875
1403,shaeed rajaii,China,85065010,6957,177608,Electrical Equipment,10500,30,1043.55,15%,9%,26641.2,18382.43,223675.18,25%,32.15,8.04,55918.8
1403,shaeed rajaii,China,87082950,13618,177566,Vehicle Parts & Accessories,10500,30,2042.7,25%,9%,44391.5,19976.18,243976.38,25%,17.92,4.48,60994.1
1403,shaeed rajaii,China,29334990,8500,177327,Organic Chemicals,10500,30,1275,15%,9%,26599.05,18353.34,223554.39,25%,26.3,6.58,55888.6
1403,shaeed rajaii,China,84604000,16082,176904,Industrial Machinery,10500,30,2412.3,15%,9%,26535.6,18309.56,224161.46,25%,13.94,3.48,56040.36
1403,shaeed rajaii,China,83024110,27236,176834,General Goods,10500,30,4085.4,20%,9%,35366.8,19098.07,235384.27,25%,8.64,2.16,58846.07
1403,shaeed rajaii,China,84295211,47400,176726,Industrial Machinery,10500,30,7110,15%,9%,26508.9,18291.14,228636.04,25%,4.82,1.2,57159.01
1403,shaeed rajaii,China,39173100,43233,176617,Plastics & Polymers,10500,30,6484.95,20%,9%,35323.4,19074.64,237499.99,25%,5.49,1.37,59375
1403,shaeed rajaii,China,87149200,67216,176591,General Goods,10500,30,10082.4,20%,9%,35318.2,19071.83,241063.43,25%,3.59,0.9,60265.86
1403,shaeed rajaii,China,84281010,59600,176364,Industrial Machinery,10500,30,8940,15%,9%,26454.6,18253.67,230012.27,25%,3.86,0.96,57503.07
1403,shaeed rajaii,China,85101000,10346,175974,Electrical Equipment,10500,30,1551.9,15%,9%,26396.1,18213.31,222135.31,25%,21.47,5.37,55533.83
1403,shaeed rajaii,China,21061010,55000,175546,General Goods,10500,30,8250,20%,9%,35109.2,18958.97,237864.17,25%,4.32,1.08,59466.04
1403,shaeed rajaii,China,70109090,87684,174943,General Goods,10500,30,13152.6,20%,9%,34988.6,18893.84,241978.04,25%,2.76,0.69,60494.51
1403,shaeed rajaii,China,73181490,87155,174747,Articles of Iron & Steel,10500,30,13073.25,10%,9%,17474.7,17299.95,222594.9,25%,2.55,0.64,55648.72
1403,shaeed rajaii,China,29122900,24175,174727,Organic Chemicals,10500,30,3626.25,15%,9%,26209.05,18084.24,222646.54,25%,9.21,2.3,55661.64
1403,shaeed rajaii,China,96089910,40992,174607,General Goods,10500,30,6148.8,20%,9%,34921.4,18857.56,234534.76,25%,5.72,1.43,58633.69
1403,shaeed rajaii,China,12112000,16400,174209,General Goods,10500,30,2460,20%,9%,34841.8,18814.57,230325.37,25%,14.04,3.51,57581.34
1403,shaeed rajaii,China,40011000,101350,173847,Rubber & Tires,10500,30,15202.5,20%,9%,34769.4,18775.48,242594.38,25%,2.39,0.6,60648.6
1403,shaeed rajaii,China,29042090,20000,173242,Organic Chemicals,10500,30,3000,15%,9%,25986.3,17930.55,220158.85,25%,11.01,2.75,55039.71
1403,shaeed rajaii,China,29251900,76100,267100,Organic Chemicals,10500,30,11415,15%,9%,40065,27644.85,346224.85,25%,4.55,1.14,86556.21
1403,shaeed rajaii,China,39231090,49871,172623,Plastics & Polymers,10500,30,7480.65,20%,9%,34524.6,18643.28,233271.53,25%,4.68,1.17,58317.88
1403,shaeed rajaii,China,85024000,48947,172429,Electrical Equipment,10500,30,7342.05,15%,9%,25864.35,17846.4,223481.8,25%,4.57,1.14,55870.45
1403,shaeed rajaii,China,86079100,4800,171963,General Goods,10500,30,720,20%,9%,34392.6,18572,225647.6,25%,47.01,11.75,56411.9
1403,shaeed rajaii,China,39023099,76210,171659,Plastics & Polymers,10500,30,11431.5,20%,9%,34331.8,18539.17,235961.47,25%,3.1,0.78,58990.37
1403,shaeed rajaii,China,28100010,114700,171253,General Goods,10500,30,17205,20%,9%,34250.6,18495.32,241203.92,25%,2.1,0.52,60300.98
1403,shaeed rajaii,China,29152990,59000,171050,Organic Chemicals,10500,30,8850,15%,9%,25657.5,17703.68,223261.18,25%,3.78,0.94,55815.3
1403,shaeed rajaii,China,85443090,18333,170970,Electrical Equipment,10500,30,2749.95,15%,9%,25645.5,17695.4,217060.85,25%,11.84,2.96,54265.21
1403,shaeed rajaii,China,84714110,2168,170932,Industrial Machinery,10500,30,325.2,15%,9%,25639.8,17691.46,214588.46,25%,98.98,24.74,53647.12
1403,shaeed rajaii,China,84462900,29433,170867,Industrial Machinery,10500,30,4414.95,15%,9%,25630.05,17684.73,218596.73,25%,7.43,1.86,54649.18
1403,shaeed rajaii,China,84279090,14046,170820,Industrial Machinery,10500,30,2106.9,15%,9%,25623,17679.87,216229.77,25%,15.39,3.85,54057.44
1403,shaeed rajaii,China,87142000,46822,170070,General Goods,10500,30,7023.3,20%,9%,34014,18367.56,229474.86,25%,4.9,1.23,57368.72
1403,shaeed rajaii,China,30012000,5000,169723,General Goods,10500,30,750,20%,9%,33944.6,18330.08,222747.68,25%,44.55,11.14,55686.92
1403,shaeed rajaii,China,40012100,50788,169452,Rubber & Tires,10500,30,7618.2,20%,9%,33890.4,18300.82,229261.42,25%,4.51,1.13,57315.36
1403,shaeed rajaii,China,73051100,151512,168769,Articles of Iron & Steel,10500,30,22726.8,10%,9%,16876.9,16708.13,225080.83,25%,1.49,0.37,56270.21
1403,shaeed rajaii,China,72209000,101822,168439,Iron & Steel Products,10500,30,15273.3,10%,9%,16843.9,16675.46,217231.66,25%,2.13,0.53,54307.92
1403,shaeed rajaii,China,82119390,39633,168349,General Goods,10500,30,5944.95,20%,9%,33669.8,18181.69,226145.44,25%,5.71,1.43,56536.36
1403,shaeed rajaii,China,72241090,194612,168321,Iron & Steel Products,10500,30,29191.8,10%,9%,16832.1,16663.78,231008.68,25%,1.19,0.3,57752.17
1403,shaeed rajaii,China,29052900,16920,168293,Organic Chemicals,10500,30,2538,15%,9%,25243.95,17418.33,213493.28,25%,12.62,3.16,53373.32
1403,shaeed rajaii,China,29011090,55277,167786,Organic Chemicals,10500,30,8291.55,15%,9%,25167.9,17365.85,218611.3,25%,3.95,0.99,54652.82
1403,shaeed rajaii,China,85013300,25613,167069,Electrical Equipment,10500,30,3841.95,15%,9%,25060.35,17291.64,213262.94,25%,8.33,2.08,53315.74
1403,shaeed rajaii,China,84099140,29728,165802,Industrial Machinery,10500,30,4459.2,15%,9%,24870.3,17160.51,212292.01,25%,7.14,1.78,53073
1403,shaeed rajaii,China,84622600,27915,165158,Industrial Machinery,10500,30,4187.25,15%,9%,24773.7,17093.85,211212.8,25%,7.57,1.89,52803.2
1403,shaeed rajaii,China,38101010,60670,165000,Chemical Products,10500,30,9100.5,15%,9%,24750,17077.5,215928,25%,3.56,0.89,53982
1403,shaeed rajaii,China,75089000,3631,164980,General Goods,10500,30,544.65,20%,9%,32996,17817.84,216338.49,25%,59.58,14.9,54084.62
1403,shaeed rajaii,China,29071900,36700,164791,Organic Chemicals,10500,30,5505,15%,9%,24718.65,17055.87,212070.52,25%,5.78,1.44,53017.63
1403,shaeed rajaii,China,84198100,30650,164750,Industrial Machinery,10500,30,4597.5,15%,9%,24712.5,17051.62,211111.62,25%,6.89,1.72,52777.9
1403,shaeed rajaii,China,25084090,165000,164728,General Goods,10500,30,24750,20%,9%,32945.6,17790.62,240214.22,25%,1.46,0.36,60053.56
1403,shaeed rajaii,China,28363090,111821,164228,General Goods,10500,30,16773.15,20%,9%,32845.6,17736.62,231583.37,25%,2.07,0.52,57895.84
1403,shaeed rajaii,China,40051000,92000,163505,Rubber & Tires,10500,30,13800,20%,9%,32701,17658.54,227664.54,25%,2.47,0.62,56916.14
1403,shaeed rajaii,China,84099130,29865,163453,Industrial Machinery,10500,30,4479.75,15%,9%,24517.95,16917.39,209368.09,25%,7.01,1.75,52342.02
1403,shaeed rajaii,China,59061000,20138,163211,General Goods,10500,30,3020.7,20%,9%,32642.2,17626.79,216500.69,25%,10.75,2.69,54125.17
1403,shaeed rajaii,China,70179010,67844,162768,General Goods,10500,30,10176.6,20%,9%,32553.6,17578.94,223077.14,25%,3.29,0.82,55769.28
1403,shaeed rajaii,China,84283290,36130,162507,Industrial Machinery,10500,30,5419.5,15%,9%,24376.05,16819.47,209122.02,25%,5.79,1.45,52280.5
1403,shaeed rajaii,China,39093990,28000,162364,Plastics & Polymers,10500,30,4200,20%,9%,32472.8,17535.31,216572.11,25%,7.73,1.93,54143.03
1403,shaeed rajaii,China,72123090,237888,161987,Iron & Steel Products,10500,30,35683.2,10%,9%,16198.7,16036.71,229905.61,25%,0.97,0.24,57476.4
1403,shaeed rajaii,China,29242940,22500,161490,Organic Chemicals,10500,30,3375,15%,9%,24223.5,16714.22,205802.72,25%,9.15,2.29,51450.68
1403,shaeed rajaii,China,74081900,8351,161355,General Goods,10500,30,1252.65,20%,9%,32271,17426.34,212304.99,25%,25.42,6.36,53076.25
1403,shaeed rajaii,China,49089000,64120,161037,General Goods,10500,30,9618,20%,9%,32207.4,17392,220254.4,25%,3.44,0.86,55063.6
1403,shaeed rajaii,China,74094000,5814,161010,General Goods,10500,30,872.1,20%,9%,32202,17389.08,211473.18,25%,36.37,9.09,52868.3
1403,shaeed rajaii,China,40094200,8125,160791,Rubber & Tires,10500,30,1218.75,20%,9%,32158.2,17365.43,211533.38,25%,26.03,6.51,52883.34
1403,shaeed rajaii,China,39191090,34956,160550,Plastics & Polymers,10500,30,5243.4,20%,9%,32110,17339.4,215242.8,25%,6.16,1.54,53810.7
1403,shaeed rajaii,China,83014010,50120,160389,General Goods,10500,30,7518,20%,9%,32077.8,17322.01,217306.81,25%,4.34,1.08,54326.7
1403,shaeed rajaii,China,85369020,20011,160217,Electrical Equipment,10500,30,3001.65,15%,9%,24032.55,16582.46,203833.66,25%,10.19,2.55,50958.42
1403,shaeed rajaii,China,90308400,1644,160000,General Goods,10500,30,246.6,20%,9%,32000,17280,209526.6,25%,127.45,31.86,52381.65
1403,shaeed rajaii,China,90330010,31023,159996,General Goods,10500,30,4653.45,20%,9%,31999.2,17279.57,213928.22,25%,6.9,1.72,53482.06
1403,shaeed rajaii,China,85123010,24023,159087,Electrical Equipment,10500,30,3603.45,15%,9%,23863.05,16465.5,203019,25%,8.45,2.11,50754.75
1403,shaeed rajaii,China,96033090,86557,159076,General Goods,10500,30,12983.55,20%,9%,31815.2,17180.21,221054.96,25%,2.55,0.64,55263.74
1403,shaeed rajaii,China,84073290,31856,159069,Industrial Machinery,10500,30,4778.4,15%,9%,23860.35,16463.64,204171.39,25%,6.41,1.6,51042.85
1403,shaeed rajaii,China,70072900,8267,158869,General Goods,10500,30,1240.05,20%,9%,31773.8,17157.85,209040.7,25%,25.29,6.32,52260.18
1403,shaeed rajaii,China,85359090,497,158822,Electrical Equipment,10500,30,74.55,15%,9%,23823.3,16438.08,199157.93,25%,400.72,100.18,49789.48
1403,shaeed rajaii,China,31026090,405000,158803,General Goods,10500,30,60750,20%,9%,31760.6,17150.72,268464.32,25%,0.66,0.16,67116.08
1403,shaeed rajaii,China,85331010,7563,158606,Electrical Equipment,10500,30,1134.45,15%,9%,23790.9,16415.72,199947.07,25%,26.44,6.61,49986.77
1403,shaeed rajaii,China,54075400,17650,157989,General Goods,10500,30,2647.5,20%,9%,31597.8,17062.81,209297.11,25%,11.86,2.96,52324.28
1403,shaeed rajaii,China,84401000,44807,157945,Industrial Machinery,10500,30,6721.05,15%,9%,23691.75,16347.31,204705.11,25%,4.57,1.14,51176.28
1403,shaeed rajaii,China,28164000,12800,157555,General Goods,10500,30,1920,20%,9%,31511,17015.94,208001.94,25%,16.25,4.06,52000.48
1403,shaeed rajaii,China,32041390,19400,157252,General Goods,10500,30,2910,20%,9%,31450.4,16983.22,208595.62,25%,10.75,2.69,52148.9
1403,shaeed rajaii,China,85163200,23684,157083,Electrical Equipment,10500,30,3552.6,15%,9%,23562.45,16258.09,200456.14,25%,8.46,2.12,50114.04
1403,shaeed rajaii,China,84681000,15436,157058,Industrial Machinery,10500,30,2315.4,15%,9%,23558.7,16255.5,199187.6,25%,12.9,3.22,49796.9
1403,shaeed rajaii,China,73144990,20077,156986,Articles of Iron & Steel,10500,30,3011.55,10%,9%,15698.6,15541.61,191237.76,25%,9.53,2.38,47809.44
1403,shaeed rajaii,China,95071000,7457,156850,General Goods,10500,30,1118.55,20%,9%,31370,16939.8,206278.35,25%,27.66,6.92,51569.59
1403,shaeed rajaii,China,85141910,5512,156616,Electrical Equipment,10500,30,826.8,15%,9%,23492.4,16209.76,197144.96,25%,35.77,8.94,49286.24
1403,shaeed rajaii,China,32062090,31000,156596,General Goods,10500,30,4650,20%,9%,31319.2,16912.37,209477.57,25%,6.76,1.69,52369.39
1403,shaeed rajaii,China,85043110,6790,156591,Electrical Equipment,10500,30,1018.5,15%,9%,23488.65,16207.17,197305.32,25%,29.06,7.26,49326.33
1403,shaeed rajaii,China,85121000,7878,156497,Electrical Equipment,10500,30,1181.7,15%,9%,23474.55,16197.44,197350.69,25%,25.05,6.26,49337.67
1403,shaeed rajaii,China,32081010,45900,156325,General Goods,10500,30,6885,20%,9%,31265,16883.1,211358.1,25%,4.6,1.15,52839.52
1403,shaeed rajaii,China,39209910,11386,155991,Plastics & Polymers,10500,30,1707.9,20%,9%,31198.2,16847.03,205744.13,25%,18.07,4.52,51436.03
1403,shaeed rajaii,China,70052990,180760,155497,General Goods,10500,30,27114,20%,9%,31099.4,16793.68,230504.08,25%,1.28,0.32,57626.02
1403,shaeed rajaii,China,72119000,104038,155421,Iron & Steel Products,10500,30,15605.7,10%,9%,15542.1,15386.68,201955.48,25%,1.94,0.48,50488.87
1403,shaeed rajaii,China,60019200,36986,155387,General Goods,10500,30,5547.9,20%,9%,31077.4,16781.8,208794.1,25%,5.65,1.41,52198.52
1403,shaeed rajaii,China,84622500,26325,155316,Industrial Machinery,10500,30,3948.75,15%,9%,23297.4,16075.21,198637.36,25%,7.55,1.89,49659.34
1403,shaeed rajaii,China,84803000,6136,155057,Industrial Machinery,10500,30,920.4,15%,9%,23258.55,16048.4,195284.35,25%,31.83,7.96,48821.09
1403,shaeed rajaii,China,28323090,212300,153965,General Goods,10500,30,31845,20%,9%,30793,16628.22,233231.22,25%,1.1,0.28,58307.8
1403,shaeed rajaii,China,23099020,17250,153937,General Goods,10500,30,2587.5,20%,9%,30787.4,16625.2,203937.1,25%,11.82,2.96,50984.28
1403,shaeed rajaii,China,81011000,2985,153091,General Goods,10500,30,447.75,20%,9%,30618.2,16533.83,200690.78,25%,67.23,16.81,50172.7
1403,shaeed rajaii,China,29224930,5000,153014,Organic Chemicals,10500,30,750,15%,9%,22952.1,15836.95,192553.05,25%,38.51,9.63,48138.26
1403,shaeed rajaii,China,34023190,25180,152664,General Goods,10500,30,3777,20%,9%,30532.8,16487.71,203461.51,25%,8.08,2.02,50865.38
1403,shaeed rajaii,China,64062000,54189,151386,General Goods,10500,30,8128.35,20%,9%,30277.2,16349.69,206141.24,25%,3.8,0.95,51535.31
1403,shaeed rajaii,China,72201100,87105,149923,Iron & Steel Products,10500,30,13065.75,10%,9%,14992.3,14842.38,192823.43,25%,2.21,0.55,48205.86
1403,shaeed rajaii,China,85392930,11020,149288,Electrical Equipment,10500,30,1653,15%,9%,22393.2,15451.31,188785.51,25%,17.13,4.28,47196.38
1403,shaeed rajaii,China,29329920,1000,149101,Organic Chemicals,10500,30,150,15%,9%,22365.15,15431.95,187048.1,25%,187.05,46.76,46762.02
1403,shaeed rajaii,China,28391990,55000,148839,General Goods,10500,30,8250,20%,9%,29767.8,16074.61,202931.41,25%,3.69,0.92,50732.85
1403,shaeed rajaii,China,29182900,28150,148807,Organic Chemicals,10500,30,4222.5,15%,9%,22321.05,15401.52,190752.07,25%,6.78,1.7,47688.02
1403,shaeed rajaii,China,84119100,4000,148803,Industrial Machinery,10500,30,600,15%,9%,22320.45,15401.11,187124.56,25%,46.78,11.7,46781.14
1403,shaeed rajaii,China,48089000,69389,148768,Paper & Paperboard,10500,30,10408.35,15%,9%,22315.2,15397.49,196889.04,25%,2.84,0.71,49222.26
1403,shaeed rajaii,China,29214990,15400,148592,Organic Chemicals,10500,30,2310,15%,9%,22288.8,15379.27,188570.07,25%,12.24,3.06,47142.52
1403,shaeed rajaii,China,82129010,12418,148425,General Goods,10500,30,1862.7,20%,9%,29685,16029.9,196002.6,25%,15.78,3.94,49000.65
1403,shaeed rajaii,China,84614000,61820,147903,Industrial Machinery,10500,30,9273,15%,9%,22185.45,15307.96,194669.41,25%,3.15,0.79,48667.35
1403,shaeed rajaii,China,48234000,39096,147701,Paper & Paperboard,10500,30,5864.4,15%,9%,22155.15,15287.05,191007.6,25%,4.89,1.22,47751.9
1403,shaeed rajaii,China,84623300,27150,146940,Industrial Machinery,10500,30,4072.5,15%,9%,22041,15208.29,188261.79,25%,6.93,1.73,47065.45
1403,shaeed rajaii,China,25030010,160000,146614,General Goods,10500,30,24000,20%,9%,29322.8,15834.31,215771.11,25%,1.35,0.34,53942.78
1403,shaeed rajaii,China,29362600,3855,145869,Organic Chemicals,10500,30,578.25,15%,9%,21880.35,15097.44,183425.04,25%,47.58,11.9,45856.26
1403,shaeed rajaii,China,73239310,19462,145674,Articles of Iron & Steel,10500,30,2919.3,10%,9%,14567.4,14421.73,177582.43,25%,9.12,2.28,44395.61
1403,shaeed rajaii,China,39119010,75000,145355,Plastics & Polymers,10500,30,11250,20%,9%,29071,15698.34,201374.34,25%,2.68,0.67,50343.58
1403,shaeed rajaii,China,84565000,36220,145160,Industrial Machinery,10500,30,5433,15%,9%,21774,15024.06,187391.06,25%,5.17,1.29,46847.76
1403,shaeed rajaii,China,87112013,14470,145121,General Goods,10500,30,2170.5,20%,9%,29024.2,15673.07,191988.77,25%,13.27,3.32,47997.19
1403,shaeed rajaii,China,29071200,35000,144900,Organic Chemicals,10500,30,5250,15%,9%,21735,14997.15,186882.15,25%,5.34,1.34,46720.54
1403,shaeed rajaii,China,84137040,8084,144862,Industrial Machinery,10500,30,1212.6,15%,9%,21729.3,14993.22,182797.12,25%,22.61,5.65,45699.28
1403,shaeed rajaii,China,65061020,17640,144709,General Goods,10500,30,2646,20%,9%,28941.8,15628.57,191925.37,25%,10.88,2.72,47981.34
1403,shaeed rajaii,China,58110000,32721,143865,General Goods,10500,30,4908.15,20%,9%,28773,15537.42,193083.57,25%,5.9,1.48,48270.89
1403,shaeed rajaii,China,21061011,110000,142959,General Goods,10500,30,16500,20%,9%,28591.8,15439.57,203490.37,25%,1.85,0.46,50872.59
1403,shaeed rajaii,China,84189940,13935,142695,Industrial Machinery,10500,30,2090.25,15%,9%,21404.25,14768.93,180958.43,25%,12.99,3.25,45239.61
1403,shaeed rajaii,China,90330090,10895,142371,General Goods,10500,30,1634.25,20%,9%,28474.2,15376.07,187855.52,25%,17.24,4.31,46963.88
1403,shaeed rajaii,China,40101290,67510,142032,Rubber & Tires,10500,30,10126.5,20%,9%,28406.4,15339.46,195904.36,25%,2.9,0.72,48976.09
1403,shaeed rajaii,China,72261900,50052,141751,Iron & Steel Products,10500,30,7507.8,10%,9%,14175.1,14033.35,177467.25,25%,3.55,0.89,44366.81
1403,shaeed rajaii,China,28112990,34840,141709,General Goods,10500,30,5226,20%,9%,28341.8,15304.57,190581.37,25%,5.47,1.37,47645.34
1403,shaeed rajaii,China,34029040,108700,140998,General Goods,10500,30,16305,20%,9%,28199.6,15227.78,200730.38,25%,1.85,0.46,50182.6
1403,shaeed rajaii,China,58023000,70790,140617,General Goods,10500,30,10618.5,20%,9%,28123.4,15186.64,194545.54,25%,2.75,0.69,48636.38
1403,shaeed rajaii,China,85153900,20115,140521,Electrical Equipment,10500,30,3017.25,15%,9%,21078.15,14543.92,179160.32,25%,8.91,2.23,44790.08
1403,shaeed rajaii,China,90211090,7001,140315,General Goods,10500,30,1050.15,20%,9%,28063,15154.02,184582.17,25%,26.37,6.59,46145.54
1403,shaeed rajaii,China,87085031,46695,139573,Vehicle Parts & Accessories,10500,30,7004.25,25%,9%,34893.25,15701.96,197172.46,25%,4.22,1.06,49293.12
1403,shaeed rajaii,China,59113100,9553,139271,General Goods,10500,30,1432.95,20%,9%,27854.2,15041.27,183599.42,25%,19.22,4.8,45899.86
1403,shaeed rajaii,China,90271000,4738,138836,General Goods,10500,30,710.7,20%,9%,27767.2,14994.29,182308.19,25%,38.48,9.62,45577.05
1403,shaeed rajaii,China,29359030,11000,138647,Organic Chemicals,10500,30,1650,15%,9%,20797.05,14349.96,175444.01,25%,15.95,3.99,43861
1403,shaeed rajaii,China,90172090,35856,138639,General Goods,10500,30,5378.4,20%,9%,27727.8,14973.01,186718.21,25%,5.21,1.3,46679.55
1403,shaeed rajaii,China,87043110,18075,137516,General Goods,10500,30,2711.25,20%,9%,27503.2,14851.73,182582.18,25%,10.1,2.52,45645.54
1403,shaeed rajaii,China,90259000,13915,137138,General Goods,10500,30,2087.25,20%,9%,27427.6,14810.9,181463.75,25%,13.04,3.26,45365.94
1403,shaeed rajaii,China,29261000,72960,137080,Organic Chemicals,10500,30,10944,15%,9%,20562,14187.78,182773.78,25%,2.51,0.63,45693.44
1403,shaeed rajaii,China,85331090,2887,136937,Electrical Equipment,10500,30,433.05,15%,9%,20540.55,14172.98,172083.58,25%,59.61,14.9,43020.9
1403,shaeed rajaii,China,84659500,20023,136636,Industrial Machinery,10500,30,3003.45,15%,9%,20495.4,14141.83,174276.68,25%,8.7,2.17,43569.17
1403,shaeed rajaii,China,29335940,3000,136561,Organic Chemicals,10500,30,450,15%,9%,20484.15,14134.06,171629.21,25%,57.21,14.3,42907.3
1403,shaeed rajaii,China,28499000,11180,135886,General Goods,10500,30,1677,20%,9%,27177.2,14675.69,179415.89,25%,16.05,4.01,44853.97
1403,shaeed rajaii,China,39052100,94000,135076,Plastics & Polymers,10500,30,14100,20%,9%,27015.2,14588.21,190779.41,25%,2.03,0.51,47694.85
1403,shaeed rajaii,China,85043130,7326,134818,Electrical Equipment,10500,30,1098.9,15%,9%,20222.7,13953.66,170093.26,25%,23.22,5.8,42523.32
1403,shaeed rajaii,China,74099000,7969,134724,General Goods,10500,30,1195.35,20%,9%,26944.8,14550.19,177414.34,25%,22.26,5.56,44353.58
1403,shaeed rajaii,China,84793090,11157,134627,Machines & Mechanical Appliances,10500,30,1673.55,15%,9%,20194.05,13933.89,170428.49,25%,15.28,3.82,42607.12
1403,shaeed rajaii,China,38101090,9122,134613,Chemical Products,10500,30,1368.3,15%,9%,20191.95,13932.45,170105.7,25%,18.65,4.66,42526.42
1403,shaeed rajaii,China,84142000,20291,134614,Compressors & Pumps,10500,30,3043.65,15%,9%,20192.1,13932.55,171782.3,25%,8.47,2.12,42945.58
1403,shaeed rajaii,China,33012500,8280,134503,General Goods,10500,30,1242,20%,9%,26900.6,14526.32,177171.92,25%,21.4,5.35,44292.98
1403,shaeed rajaii,China,84378030,3580,134346,Industrial Machinery,10500,30,537,15%,9%,20151.9,13904.81,168939.71,25%,47.19,11.8,42234.93
1403,shaeed rajaii,China,90184941,1112,133937,General Goods,10500,30,166.8,20%,9%,26787.4,14465.2,175356.4,25%,157.69,39.42,43839.1
1403,shaeed rajaii,China,91021200,2553,133894,General Goods,10500,30,382.95,20%,9%,26778.8,14460.55,175516.3,25%,68.75,17.19,43879.08
1403,shaeed rajaii,China,87089219,8000,133704,Vehicle Parts & Accessories,10500,30,1200,25%,9%,33426,15041.7,183371.7,25%,22.92,5.73,45842.92
1403,shaeed rajaii,China,85399020,32477,133302,Electrical Equipment,10500,30,4871.55,15%,9%,19995.3,13796.76,171965.61,25%,5.29,1.32,42991.4
1403,shaeed rajaii,China,90292021,11397,133286,General Goods,10500,30,1709.55,20%,9%,26657.2,14394.89,176047.64,25%,15.45,3.86,44011.91
1403,shaeed rajaii,China,90183919,17660,133172,General Goods,10500,30,2649,20%,9%,26634.4,14382.58,176837.98,25%,10.01,2.5,44209.5
1403,shaeed rajaii,China,29032300,67500,132725,Organic Chemicals,10500,30,10125,15%,9%,19908.75,13737.04,176495.79,25%,2.61,0.65,44123.95
1403,shaeed rajaii,China,21069010,22000,132659,General Goods,10500,30,3300,20%,9%,26531.8,14327.17,176817.97,25%,8.04,2.01,44204.49
1403,shaeed rajaii,China,72025000,81000,132259,Iron & Steel Products,10500,30,12150,10%,9%,13225.9,13093.64,170728.54,25%,2.11,0.53,42682.14
1403,shaeed rajaii,China,38276400,28138,131921,Chemical Products,10500,30,4220.7,15%,9%,19788.15,13653.82,169583.67,25%,6.03,1.51,42395.92
1403,shaeed rajaii,China,26151010,50000,131710,General Goods,10500,30,7500,20%,9%,26342,14224.68,179776.68,25%,3.6,0.9,44944.17
1403,shaeed rajaii,China,84564000,7270,130996,Industrial Machinery,10500,30,1090.5,15%,9%,19649.4,13558.09,165293.99,25%,22.74,5.68,41323.5
1403,shaeed rajaii,China,90321010,911,130994,General Goods,10500,30,136.65,20%,9%,26198.8,14147.35,171476.8,25%,188.23,47.06,42869.2
1403,shaeed rajaii,China,48192010,32200,130863,Paper & Paperboard,10500,30,4830,15%,9%,19629.45,13544.32,168866.77,25%,5.24,1.31,42216.69
1403,shaeed rajaii,China,29163210,46000,130756,Organic Chemicals,10500,30,6900,15%,9%,19613.4,13533.25,170802.65,25%,3.71,0.93,42700.66
1403,shaeed rajaii,China,72111400,97265,130086,Iron & Steel Products,10500,30,14589.75,10%,9%,13008.6,12878.51,170562.86,25%,1.75,0.44,42640.72
1403,shaeed rajaii,China,29151200,165100,129980,Organic Chemicals,10500,30,24765,15%,9%,19497,13452.93,187694.93,25%,1.14,0.28,46923.73
1403,shaeed rajaii,China,44079900,256100,129884,General Goods,10500,30,38415,20%,9%,25976.8,14027.47,208303.27,25%,0.81,0.2,52075.82
1403,shaeed rajaii,China,38249940,46509,129763,Chemical Products,10500,30,6976.35,15%,9%,19464.45,13430.47,169634.27,25%,3.65,0.91,42408.57
1403,shaeed rajaii,China,85413000,2211,129536,Semiconductors & Solar Cells,10500,30,331.65,15%,9%,19430.4,13406.98,162705.03,25%,73.59,18.4,40676.26
1403,shaeed rajaii,China,84311000,19659,128493,Industrial Machinery,10500,30,2948.85,15%,9%,19273.95,13299.03,164014.83,25%,8.34,2.08,41003.71
1403,shaeed rajaii,China,85472000,14491,128412,Electrical Equipment,10500,30,2173.65,15%,9%,19261.8,13290.64,163138.09,25%,11.26,2.82,40784.52
1403,shaeed rajaii,China,84752100,11530,128145,Industrial Machinery,10500,30,1729.5,15%,9%,19221.75,13263.01,162359.26,25%,14.08,3.52,40589.82
1403,shaeed rajaii,China,82072090,1714,128137,General Goods,10500,30,257.1,20%,9%,25627.4,13838.8,167860.3,25%,97.93,24.48,41965.08
1403,shaeed rajaii,China,28092090,41000,128054,General Goods,10500,30,6150,20%,9%,25610.8,13829.83,173644.63,25%,4.24,1.06,43411.16
1403,shaeed rajaii,China,32041320,27350,127885,General Goods,10500,30,4102.5,20%,9%,25577,13811.58,171376.08,25%,6.27,1.57,42844.02
1403,shaeed rajaii,China,55099200,12000,127749,General Goods,10500,30,1800,20%,9%,25549.8,13796.89,168895.69,25%,14.07,3.52,42223.92
1403,shaeed rajaii,China,85332990,14589,127688,Electrical Equipment,10500,30,2188.35,15%,9%,19153.2,13215.71,162245.26,25%,11.12,2.78,40561.32
1403,shaeed rajaii,China,29395900,3000,127260,Organic Chemicals,10500,30,450,15%,9%,19089,13171.41,159970.41,25%,53.32,13.33,39992.6
1403,shaeed rajaii,China,83024220,36400,127234,General Goods,10500,30,5460,20%,9%,25446.8,13741.27,171882.07,25%,4.72,1.18,42970.52
1403,shaeed rajaii,China,90261010,5131,127201,General Goods,10500,30,769.65,20%,9%,25440.2,13737.71,167148.56,25%,32.58,8.14,41787.14
1403,shaeed rajaii,China,29141200,250800,126607,Organic Chemicals,10500,30,37620,15%,9%,18991.05,13103.82,196321.87,25%,0.78,0.2,49080.47
1403,shaeed rajaii,China,84596900,18020,126200,Industrial Machinery,10500,30,2703,15%,9%,18930,13061.7,160894.7,25%,8.93,2.23,40223.68
1403,shaeed rajaii,China,74092900,8546,126136,General Goods,10500,30,1281.9,20%,9%,25227.2,13622.69,166267.79,25%,19.46,4.86,41566.95
1403,shaeed rajaii,China,73202000,30054,126043,Articles of Iron & Steel,10500,30,4508.1,10%,9%,12604.3,12478.26,155633.66,25%,5.18,1.3,38908.42
1403,shaeed rajaii,China,40103200,17821,125955,Rubber & Tires,10500,30,2673.15,20%,9%,25191,13603.14,167422.29,25%,9.39,2.35,41855.57
1403,shaeed rajaii,China,59100090,24511,125427,General Goods,10500,30,3676.65,20%,9%,25085.4,13546.12,167735.17,25%,6.84,1.71,41933.79
1403,shaeed rajaii,China,32081060,23600,124758,General Goods,10500,30,3540,20%,9%,24951.6,13473.86,166723.46,25%,7.06,1.76,41680.86
1403,shaeed rajaii,China,48063000,60289,124415,Paper & Paperboard,10500,30,9043.35,15%,9%,18662.25,12876.95,164997.55,25%,2.74,0.68,41249.39
1403,shaeed rajaii,China,87082110,6816,124415,Vehicle Parts & Accessories,10500,30,1022.4,25%,9%,31103.75,13996.69,170537.84,25%,25.02,6.26,42634.46
1403,shaeed rajaii,China,87089221,19906,124197,Vehicle Parts & Accessories,10500,30,2985.9,25%,9%,31049.25,13972.16,172204.31,25%,8.65,2.16,43051.08
1403,shaeed rajaii,China,85015110,23815,123937,Electrical Equipment,10500,30,3572.25,15%,9%,18590.55,12827.48,158927.28,25%,6.67,1.67,39731.82
1403,shaeed rajaii,China,25199010,47000,123623,General Goods,10500,30,7050,20%,9%,24724.6,13351.28,168748.88,25%,3.59,0.9,42187.22
1403,shaeed rajaii,China,56031122,39532,123356,General Goods,10500,30,5929.8,20%,9%,24671.2,13322.45,167279.45,25%,4.23,1.06,41819.86
1403,shaeed rajaii,China,90308290,7124,123118,General Goods,10500,30,1068.6,20%,9%,24623.6,13296.74,162106.94,25%,22.76,5.69,40526.74
1403,shaeed rajaii,China,73151900,61031,123115,Articles of Iron & Steel,10500,30,9154.65,10%,9%,12311.5,12188.38,156769.53,25%,2.57,0.64,39192.38
1403,shaeed rajaii,China,98870443,20732,122186,Vehicle/Chassis/Tractor Parts,10500,30,3109.8,40%,9%,48874.4,15395.44,189565.64,25%,9.14,2.28,47391.41
1403,shaeed rajaii,China,72125010,99055,122079,Iron & Steel Products,10500,30,14858.25,10%,9%,12207.9,12085.82,161230.97,25%,1.63,0.41,40307.74
1403,shaeed rajaii,China,95045010,7541,121682,General Goods,10500,30,1131.15,20%,9%,24336.4,13141.66,160291.21,25%,21.26,5.32,40072.8
1403,shaeed rajaii,China,29173300,70000,121294,Organic Chemicals,10500,30,10500,15%,9%,18194.1,12553.93,162542.03,25%,2.32,0.58,40635.51
1403,shaeed rajaii,China,70051090,182000,120696,General Goods,10500,30,27300,20%,9%,24139.2,13035.17,185170.37,25%,1.02,0.26,46292.59
1403,shaeed rajaii,China,29182110,28200,120349,Organic Chemicals,10500,30,4230,15%,9%,18052.35,12456.12,155087.47,25%,5.5,1.38,38771.87
1403,shaeed rajaii,China,3034200,56000,120204,General Goods,10500,30,8400,20%,9%,24040.8,12982.03,165626.83,25%,2.96,0.74,41406.71
1403,shaeed rajaii,China,28272000,338000,120043,General Goods,10500,30,50700,20%,9%,24008.6,12964.64,207716.24,25%,0.61,0.15,51929.06
1403,shaeed rajaii,China,54074100,18680,120000,General Goods,10500,30,2802,20%,9%,24000,12960,159762,25%,8.55,2.14,39940.5
1403,shaeed rajaii,China,29159020,56480,119981,Organic Chemicals,10500,30,8472,15%,9%,17997.15,12418.03,158868.18,25%,2.81,0.7,39717.04
1403,shaeed rajaii,China,78060090,20915,119601,General Goods,10500,30,3137.25,20%,9%,23920.2,12916.91,159575.36,25%,7.63,1.91,39893.84
1403,shaeed rajaii,China,85061090,24245,119332,Electrical Equipment,10500,30,3636.75,15%,9%,17899.8,12350.86,153219.41,25%,6.32,1.58,38304.85
1403,shaeed rajaii,China,74111090,10830,119071,General Goods,10500,30,1624.5,20%,9%,23814.2,12859.67,157369.37,25%,14.53,3.63,39342.34
1403,shaeed rajaii,China,39269020,20000,119050,Plastics & Polymers,10500,30,3000,20%,9%,23810,12857.4,158717.4,25%,7.94,1.98,39679.35
1403,shaeed rajaii,China,39091010,92000,118998,Plastics & Polymers,10500,30,13800,20%,9%,23799.6,12851.78,169449.38,25%,1.84,0.46,42362.34
1403,shaeed rajaii,China,29036990,33280,118429,Organic Chemicals,10500,30,4992,15%,9%,17764.35,12257.4,153442.75,25%,4.61,1.15,38360.69
1403,shaeed rajaii,China,76069210,24100,118395,General Goods,10500,30,3615,20%,9%,23679,12786.66,158475.66,25%,6.58,1.64,39618.92
1403,shaeed rajaii,China,73083090,26550,118103,Articles of Iron & Steel,10500,30,3982.5,10%,9%,11810.3,11692.2,145588,25%,5.48,1.37,36397
1403,shaeed rajaii,China,75072000,1988,118020,General Goods,10500,30,298.2,20%,9%,23604,12746.16,154668.36,25%,77.8,19.45,38667.09
1403,shaeed rajaii,China,85332100,2682,117983,Electrical Equipment,10500,30,402.3,15%,9%,17697.45,12211.24,148293.99,25%,55.29,13.82,37073.5
1403,shaeed rajaii,China,31052000,40000,116380,General Goods,10500,30,6000,20%,9%,23276,12569.04,158225.04,25%,3.96,0.99,39556.26
1403,shaeed rajaii,China,34029020,32694,116380,General Goods,10500,30,4904.1,20%,9%,23276,12569.04,157129.14,25%,4.81,1.2,39282.29
1403,shaeed rajaii,China,40103600,2237,116251,Rubber & Tires,10500,30,335.55,20%,9%,23250.2,12555.11,152391.86,25%,68.12,17.03,38097.96
1403,shaeed rajaii,China,54021100,5700,116087,General Goods,10500,30,855,20%,9%,23217.4,12537.4,152696.8,25%,26.79,6.7,38174.2
1403,shaeed rajaii,China,29126000,130750,115900,Organic Chemicals,10500,30,19612.5,15%,9%,17385,11995.65,164893.15,25%,1.26,0.32,41223.29
1403,shaeed rajaii,China,29222100,26002,115330,Organic Chemicals,10500,30,3900.3,15%,9%,17299.5,11936.66,148466.46,25%,5.71,1.43,37116.62
1403,shaeed rajaii,China,52094200,27200,114916,General Goods,10500,30,4080,20%,9%,22983.2,12410.93,154390.13,25%,5.68,1.42,38597.53
1403,shaeed rajaii,China,84621100,20000,114784,Industrial Machinery,10500,30,3000,15%,9%,17217.6,11880.14,146881.74,25%,7.34,1.84,36720.44
1403,shaeed rajaii,China,54026100,13714,114731,General Goods,10500,30,2057.1,20%,9%,22946.2,12390.95,152125.25,25%,11.09,2.77,38031.31
1403,shaeed rajaii,China,83024130,27420,114220,General Goods,10500,30,4113,20%,9%,22844,12335.76,153512.76,25%,5.6,1.4,38378.19
1403,shaeed rajaii,China,70172010,79738,113947,General Goods,10500,30,11960.7,20%,9%,22789.4,12306.28,161003.38,25%,2.02,0.5,40250.84
1403,shaeed rajaii,China,84439920,11391,113437,Industrial Machinery,10500,30,1708.65,15%,9%,17015.55,11740.73,143901.93,25%,12.63,3.16,35975.48
1403,shaeed rajaii,China,60011000,27236,113153,General Goods,10500,30,4085.4,20%,9%,22630.6,12220.52,152089.52,25%,5.58,1.4,38022.38
1403,shaeed rajaii,China,25161100,668960,112862,General Goods,10500,30,100344,20%,9%,22572.4,12189.1,247967.5,25%,0.37,0.09,61991.88
1403,shaeed rajaii,China,39059190,16000,112847,Plastics & Polymers,10500,30,2400,20%,9%,22569.4,12187.48,150003.88,25%,9.38,2.35,37500.97
1403,shaeed rajaii,China,90051000,3387,112362,General Goods,10500,30,508.05,20%,9%,22472.4,12135.1,147477.55,25%,43.54,10.88,36869.39
1403,shaeed rajaii,China,85329000,4662,112186,Electrical Equipment,10500,30,699.3,15%,9%,16827.9,11611.25,141324.45,25%,30.31,7.58,35331.11
1403,shaeed rajaii,China,84879000,31956,112003,Industrial Machinery,10500,30,4793.4,15%,9%,16800.45,11592.31,145189.16,25%,4.54,1.14,36297.29
1403,shaeed rajaii,China,29215100,22075,111992,Organic Chemicals,10500,30,3311.25,15%,9%,16798.8,11591.17,143693.22,25%,6.51,1.63,35923.3
1403,shaeed rajaii,China,29094400,47500,111847,Organic Chemicals,10500,30,7125,15%,9%,16777.05,11576.16,147325.21,25%,3.1,0.78,36831.3
1403,shaeed rajaii,China,87088021,10298,111842,Vehicle Parts & Accessories,10500,30,1544.7,25%,9%,27960.5,12582.22,153929.42,25%,14.95,3.74,38482.36
1403,shaeed rajaii,China,90119000,2920,111654,General Goods,10500,30,438,20%,9%,22330.8,12058.63,146481.43,25%,50.16,12.54,36620.36
1403,shaeed rajaii,China,39075010,23920,111651,Plastics & Polymers,10500,30,3588,20%,9%,22330.2,12058.31,149627.51,25%,6.26,1.56,37406.88
1403,shaeed rajaii,China,82076000,13120,111637,General Goods,10500,30,1968,20%,9%,22327.4,12056.8,147989.2,25%,11.28,2.82,36997.3
1403,shaeed rajaii,China,39121100,6000,111089,Plastics & Polymers,10500,30,900,20%,9%,22217.8,11997.61,146204.41,25%,24.37,6.09,36551.1
1403,shaeed rajaii,China,39031990,59850,110687,Plastics & Polymers,10500,30,8977.5,20%,9%,22137.4,11954.2,153756.1,25%,2.57,0.64,38439.02
1403,shaeed rajaii,China,90019000,15739,110530,General Goods,10500,30,2360.85,20%,9%,22106,11937.24,146934.09,25%,9.34,2.34,36733.52
1403,shaeed rajaii,China,38089419,20480,110500,Chemical Products,10500,30,3072,15%,9%,16575,11436.75,141583.75,25%,6.91,1.73,35395.94
1403,shaeed rajaii,China,32071010,100,110336,General Goods,10500,30,15,20%,9%,22067.2,11916.29,144334.49,25%,1443.34,360.84,36083.62
1403,shaeed rajaii,China,84021900,48309,110260,Industrial Machinery,10500,30,7246.35,15%,9%,16539,11411.91,145457.26,25%,3.01,0.75,36364.32
1403,shaeed rajaii,China,73144910,6741,110032,Articles of Iron & Steel,10500,30,1011.15,10%,9%,11003.2,10893.17,132939.52,25%,19.72,4.93,33234.88
1403,shaeed rajaii,China,40103100,26980,109697,Rubber & Tires,10500,30,4047,20%,9%,21939.4,11847.28,147530.68,25%,5.47,1.37,36882.67
1403,shaeed rajaii,China,84818045,10200,109407,Industrial Machinery,10500,30,1530,15%,9%,16411.05,11323.62,138671.67,25%,13.6,3.4,34667.92
1403,shaeed rajaii,China,85284900,7117,108985,Telecom & Display Equipment,10500,30,1067.55,15%,9%,16347.75,11279.95,137680.25,25%,19.35,4.84,34420.06
1403,shaeed rajaii,China,59022010,39500,108839,General Goods,10500,30,5925,20%,9%,21767.8,11754.61,148286.41,25%,3.75,0.94,37071.6
1403,shaeed rajaii,China,31053000,96000,108725,General Goods,10500,30,14400,20%,9%,21745,11742.3,156612.3,25%,1.63,0.41,39153.07
1403,shaeed rajaii,China,90278960,615,107889,General Goods,10500,30,92.25,20%,9%,21577.8,11652.01,141211.06,25%,229.61,57.4,35302.76
1403,shaeed rajaii,China,54024800,73708,107633,General Goods,10500,30,11056.2,20%,9%,21526.6,11624.36,151840.16,25%,2.06,0.52,37960.04
1403,shaeed rajaii,China,84189920,41510,107576,Industrial Machinery,10500,30,6226.5,15%,9%,16136.4,11134.12,141073.02,25%,3.4,0.85,35268.25
1403,shaeed rajaii,China,73129000,23125,107330,Articles of Iron & Steel,10500,30,3468.75,10%,9%,10733,10625.67,132157.42,25%,5.71,1.43,33039.36
1403,shaeed rajaii,China,39199010,10986,107094,Plastics & Polymers,10500,30,1647.9,20%,9%,21418.8,11566.15,141726.85,25%,12.9,3.22,35431.71
1403,shaeed rajaii,China,59111010,12063,107052,General Goods,10500,30,1809.45,20%,9%,21410.4,11561.62,141833.47,25%,11.76,2.94,35458.37
1403,shaeed rajaii,China,85291010,7160,107000,Electrical Equipment,10500,30,1074,15%,9%,16050,11074.5,135198.5,25%,18.88,4.72,33799.62
1403,shaeed rajaii,China,91022900,1623,106901,General Goods,10500,30,243.45,20%,9%,21380.2,11545.31,140069.96,25%,86.3,21.58,35017.49
1403,shaeed rajaii,China,40129020,45530,106803,Rubber & Tires,10500,30,6829.5,20%,9%,21360.6,11534.72,146527.82,25%,3.22,0.8,36631.96
1403,shaeed rajaii,China,84798989,29138,106748,Machines & Mechanical Appliances,10500,30,4370.7,15%,9%,16012.2,11048.42,138179.32,25%,4.74,1.18,34544.83
1403,shaeed rajaii,China,69010090,124500,106552,General Goods,10500,30,18675,20%,9%,21310.4,11507.62,158045.02,25%,1.27,0.32,39511.25
1403,shaeed rajaii,China,39219093,26390,106494,Plastics & Polymers,10500,30,3958.5,20%,9%,21298.8,11501.35,143252.65,25%,5.43,1.36,35813.16
1403,shaeed rajaii,China,70021000,103590,106441,General Goods,10500,30,15538.5,20%,9%,21288.2,11495.63,154763.33,25%,1.49,0.37,38690.83
1403,shaeed rajaii,China,90221920,8255,106268,General Goods,10500,30,1238.25,20%,9%,21253.6,11476.94,140236.79,25%,16.99,4.25,35059.2
1403,shaeed rajaii,China,48169010,75272,106118,Paper & Paperboard,10500,30,11290.8,15%,9%,15917.7,10983.21,144309.71,25%,1.92,0.48,36077.43
1403,shaeed rajaii,China,28273100,40000,106030,General Goods,10500,30,6000,20%,9%,21206,11451.24,144687.24,25%,3.62,0.9,36171.81
1403,shaeed rajaii,China,87149910,30808,105958,General Goods,10500,30,4621.2,20%,9%,21191.6,11443.46,143214.26,25%,4.65,1.16,35803.56
1403,shaeed rajaii,China,84306990,20300,105868,Industrial Machinery,10500,30,3045,15%,9%,15880.2,10957.34,135750.54,25%,6.69,1.67,33937.64
1403,shaeed rajaii,China,85361050,477,105723,Electrical Equipment,10500,30,71.55,15%,9%,15858.45,10942.33,132595.33,25%,277.98,69.5,33148.83
1403,shaeed rajaii,China,73072910,2367,105697,Articles of Iron & Steel,10500,30,355.05,10%,9%,10569.7,10464,127085.75,25%,53.69,13.42,31771.44
1403,shaeed rajaii,China,39204350,49830,105640,Plastics & Polymers,10500,30,7474.5,20%,9%,21128,11409.12,145651.62,25%,2.92,0.73,36412.9
1403,shaeed rajaii,China,84621900,30955,105372,Industrial Machinery,10500,30,4643.25,15%,9%,15805.8,10906,136727.05,25%,4.42,1.1,34181.76
1403,shaeed rajaii,China,29375000,15,105349,Organic Chemicals,10500,30,2.25,15%,9%,15802.35,10903.62,132057.22,25%,8803.81,2200.95,33014.3
1403,shaeed rajaii,China,44121000,28171,104971,General Goods,10500,30,4225.65,20%,9%,20994.2,11336.87,141527.72,25%,5.02,1.25,35381.93
1403,shaeed rajaii,China,28048000,96000,104893,General Goods,10500,30,14400,20%,9%,20978.6,11328.44,151600.04,25%,1.58,0.4,37900.01
1403,shaeed rajaii,China,29081990,15000,104823,Organic Chemicals,10500,30,2250,15%,9%,15723.45,10849.18,133645.63,25%,8.91,2.23,33411.41
1403,shaeed rajaii,China,3047500,47250,104744,General Goods,10500,30,7087.5,20%,9%,20948.8,11312.35,144092.65,25%,3.05,0.76,36023.16
1403,shaeed rajaii,China,53101000,91837,104515,General Goods,10500,30,13775.55,20%,9%,20903,11287.62,150481.17,25%,1.64,0.41,37620.29
1403,shaeed rajaii,China,82090000,12800,104300,General Goods,10500,30,1920,20%,9%,20860,11264.4,138344.4,25%,10.81,2.7,34586.1
1403,shaeed rajaii,China,90066100,7650,103977,General Goods,10500,30,1147.5,20%,9%,20795.4,11229.52,137149.42,25%,17.93,4.48,34287.36
1403,shaeed rajaii,China,29031300,27150,103571,Organic Chemicals,10500,30,4072.5,15%,9%,15535.65,10719.6,133898.75,25%,4.93,1.23,33474.69
1403,shaeed rajaii,China,82022090,31783,103530,General Goods,10500,30,4767.45,20%,9%,20706,11181.24,140184.69,25%,4.41,1.1,35046.17
1403,shaeed rajaii,China,55131900,15380,103500,General Goods,10500,30,2307,20%,9%,20700,11178,137685,25%,8.95,2.24,34421.25
1403,shaeed rajaii,China,84849090,6544,103328,Industrial Machinery,10500,30,981.6,15%,9%,15499.2,10694.45,130503.25,25%,19.94,4.99,32625.81
1403,shaeed rajaii,China,84562000,3824,103263,Industrial Machinery,10500,30,573.6,15%,9%,15489.45,10687.72,130013.77,25%,34,8.5,32503.44
1403,shaeed rajaii,China,85158010,5000,103171,Electrical Equipment,10500,30,750,15%,9%,15475.65,10678.2,130074.85,25%,26.01,6.5,32518.71
1403,shaeed rajaii,China,56081100,50113,102879,General Goods,10500,30,7516.95,20%,9%,20575.8,11110.93,142082.68,25%,2.84,0.71,35520.67
1403,shaeed rajaii,China,18050090,50000,102458,General Goods,10500,30,7500,20%,9%,20491.6,11065.46,141515.06,25%,2.83,0.71,35378.76
1403,shaeed rajaii,China,72171000,85372,102400,Iron & Steel Products,10500,30,12805.8,10%,9%,10240,10137.6,135583.4,25%,1.59,0.4,33895.85
1403,shaeed rajaii,China,85423200,379,102183,Semiconductors & Solar Cells,10500,30,56.85,15%,9%,15327.45,10575.94,128143.24,25%,338.11,84.53,32035.81
1403,shaeed rajaii,China,29153100,90000,101845,Organic Chemicals,10500,30,13500,15%,9%,15276.75,10540.96,141162.71,25%,1.57,0.39,35290.68
1403,shaeed rajaii,China,72021920,52000,101800,Iron & Steel Products,10500,30,7800,10%,9%,10180,10078.2,129858.2,25%,2.5,0.62,32464.55
1403,shaeed rajaii,China,87082210,3798,101775,Vehicle Parts & Accessories,10500,30,569.7,25%,9%,25443.75,11449.69,139238.14,25%,36.66,9.16,34809.54
1403,shaeed rajaii,China,85143200,16370,101156,Electrical Equipment,10500,30,2455.5,15%,9%,15173.4,10469.65,129254.55,25%,7.9,1.98,32313.64
1403,shaeed rajaii,China,39079993,18000,100800,Plastics & Polymers,10500,30,2700,20%,9%,20160,10886.4,134546.4,25%,7.47,1.87,33636.6
1403,shaeed rajaii,China,87149620,40191,100708,General Goods,10500,30,6028.65,20%,9%,20141.6,10876.46,137754.71,25%,3.43,0.86,34438.68
1403,shaeed rajaii,China,90183917,7300,100496,General Goods,10500,30,1095,20%,9%,20099.2,10853.57,132543.77,25%,18.16,4.54,33135.94
1403,shaeed rajaii,China,28199010,24500,100437,General Goods,10500,30,3675,20%,9%,20087.4,10847.2,135046.6,25%,5.51,1.38,33761.65
1403,shaeed rajaii,China,85361020,1798,100069,Electrical Equipment,10500,30,269.7,15%,9%,15010.35,10357.14,125706.19,25%,69.91,17.48,31426.55
1403,shaeed rajaii,China,29034600,17000,100296,Organic Chemicals,10500,30,2550,15%,9%,15044.4,10380.64,128271.04,25%,7.55,1.89,32067.76
1403,shaeed rajaii,China,85322400,883,99754,Electrical Equipment,10500,30,132.45,15%,9%,14963.1,10324.54,125174.09,25%,141.76,35.44,31293.52
1403,shaeed rajaii,China,56074990,77000,99662,General Goods,10500,30,11550,20%,9%,19932.4,10763.5,141907.9,25%,1.84,0.46,35476.98
1403,shaeed rajaii,China,84199040,6934,99183,Industrial Machinery,10500,30,1040.1,15%,9%,14877.45,10265.44,125365.99,25%,18.08,4.52,31341.5
1403,shaeed rajaii,China,70134290,76732,99057,General Goods,10500,30,11509.8,20%,9%,19811.4,10698.16,141076.36,25%,1.84,0.46,35269.09
1403,shaeed rajaii,China,84378020,21894,98695,Industrial Machinery,10500,30,3284.1,15%,9%,14804.25,10214.93,126998.28,25%,5.8,1.45,31749.57
1403,shaeed rajaii,China,48102900,97485,98318,Paper & Paperboard,10500,30,14622.75,15%,9%,14747.7,10175.91,137864.36,25%,1.41,0.35,34466.09
1403,shaeed rajaii,China,74061000,6185,98264,General Goods,10500,30,927.75,20%,9%,19652.8,10612.51,129457.06,25%,20.93,5.23,32364.26
1403,shaeed rajaii,China,74072100,6985,98249,General Goods,10500,30,1047.75,20%,9%,19649.8,10610.89,129557.44,25%,18.55,4.64,32389.36
1403,shaeed rajaii,China,72163100,115264,98207,Iron & Steel Products,10500,30,17289.6,10%,9%,9820.7,9722.49,135039.79,25%,1.17,0.29,33759.95
1403,shaeed rajaii,China,74101210,10000,98126,General Goods,10500,30,1500,20%,9%,19625.2,10597.61,129848.81,25%,12.98,3.24,32462.2
1403,shaeed rajaii,China,32159010,22300,97912,General Goods,10500,30,3345,20%,9%,19582.4,10574.5,131413.9,25%,5.89,1.47,32853.48
1403,shaeed rajaii,China,84603910,15919,97624,Industrial Machinery,10500,30,2387.85,15%,9%,14643.6,10104.08,124759.53,25%,7.84,1.96,31189.88
1403,shaeed rajaii,China,40117010,27780,97401,Rubber & Tires,10500,30,4167,20%,9%,19480.2,10519.31,131567.51,25%,4.74,1.18,32891.88
1403,shaeed rajaii,China,84689000,7682,97261,Industrial Machinery,10500,30,1152.3,15%,9%,14589.15,10066.51,123068.96,25%,16.02,4,30767.24
1403,shaeed rajaii,China,29054410,147960,97152,Organic Chemicals,10500,30,22194,15%,9%,14572.8,10055.23,143974.03,25%,0.97,0.24,35993.51
1403,shaeed rajaii,China,47050000,84000,97117,General Goods,10500,30,12600,20%,9%,19423.4,10488.64,139629.04,25%,1.66,0.42,34907.26
1403,shaeed rajaii,China,39077000,23670,96845,Plastics & Polymers,10500,30,3550.5,20%,9%,19369,10459.26,130223.76,25%,5.5,1.38,32555.94
1403,shaeed rajaii,China,48084000,68331,96719,Paper & Paperboard,10500,30,10249.65,15%,9%,14507.85,10010.42,131486.92,25%,1.92,0.48,32871.73
1403,shaeed rajaii,China,84713090,1488,96571,Industrial Machinery,10500,30,223.2,15%,9%,14485.65,9995.1,121274.95,25%,81.5,20.38,30318.74
1403,shaeed rajaii,China,37021000,1394,96050,General Goods,10500,30,209.1,20%,9%,19210,10373.4,125842.5,25%,90.27,22.57,31460.62
1403,shaeed rajaii,China,72021930,40000,95809,Iron & Steel Products,10500,30,6000,10%,9%,9580.9,9485.09,120874.99,25%,3.02,0.76,30218.75
1403,shaeed rajaii,China,11081210,36000,95740,General Goods,10500,30,5400,20%,9%,19148,10339.92,130627.92,25%,3.63,0.91,32656.98
1403,shaeed rajaii,China,29071500,14400,95560,Organic Chemicals,10500,30,2160,15%,9%,14334,9890.46,121944.46,25%,8.47,2.12,30486.12
1403,shaeed rajaii,China,74192000,7300,95448,General Goods,10500,30,1095,20%,9%,19089.6,10308.38,125940.98,25%,17.25,4.31,31485.24
1403,shaeed rajaii,China,90181190,4190,95436,General Goods,10500,30,628.5,20%,9%,19087.2,10307.09,125458.79,25%,29.94,7.48,31364.7
1403,shaeed rajaii,China,94021000,24550,95056,General Goods,10500,30,3682.5,20%,9%,19011.2,10266.05,128015.75,25%,5.21,1.3,32003.94
1403,shaeed rajaii,China,38210040,2105,94812,Chemical Products,10500,30,315.75,15%,9%,14221.8,9813.04,119162.59,25%,56.61,14.15,29790.65
1403,shaeed rajaii,China,85444220,9084,94785,Electrical Equipment,10500,30,1362.6,15%,9%,14217.75,9810.25,120175.6,25%,13.23,3.31,30043.9
1403,shaeed rajaii,China,54026900,65200,94520,General Goods,10500,30,9780,20%,9%,18904,10208.16,133412.16,25%,2.05,0.51,33353.04
1403,shaeed rajaii,China,72172090,78797,94370,Iron & Steel Products,10500,30,11819.55,10%,9%,9437,9342.63,124969.18,25%,1.59,0.4,31242.3
1403,shaeed rajaii,China,84222000,5000,94338,Industrial Machinery,10500,30,750,15%,9%,14150.7,9763.98,119002.68,25%,23.8,5.95,29750.67
1403,shaeed rajaii,China,70119000,36600,94284,General Goods,10500,30,5490,20%,9%,18856.8,10182.67,128813.47,25%,3.52,0.88,32203.37
1403,shaeed rajaii,China,28342990,20200,93847,General Goods,10500,30,3030,20%,9%,18769.4,10135.48,125781.88,25%,6.23,1.56,31445.47
1403,shaeed rajaii,China,28332100,276000,93525,General Goods,10500,30,41400,20%,9%,18705,10100.7,163730.7,25%,0.59,0.15,40932.68
1403,shaeed rajaii,China,39172100,23073,92659,Plastics & Polymers,10500,30,3460.95,20%,9%,18531.8,10007.17,124658.92,25%,5.4,1.35,31164.73
1403,shaeed rajaii,China,84099940,19737,92636,Industrial Machinery,10500,30,2960.55,15%,9%,13895.4,9587.83,119079.78,25%,6.03,1.51,29769.94
1403,shaeed rajaii,China,81029600,1010,92541,General Goods,10500,30,151.5,20%,9%,18508.2,9994.43,121195.13,25%,120,30,30298.78
1403,shaeed rajaii,China,72255000,51919,92506,Iron & Steel Products,10500,30,7787.85,10%,9%,9250.6,9158.09,118702.54,25%,2.29,0.57,29675.64
1403,shaeed rajaii,China,29037900,20400,92446,Organic Chemicals,10500,30,3060,15%,9%,13866.9,9568.16,118941.06,25%,5.83,1.46,29735.26
1403,shaeed rajaii,China,72109000,71900,92424,Iron & Steel Products,10500,30,10785,10%,9%,9242.4,9149.98,121601.38,25%,1.69,0.42,30400.34
1403,shaeed rajaii,China,32071030,10000,92371,General Goods,10500,30,1500,20%,9%,18474.2,9976.07,122321.27,25%,12.23,3.06,30580.32
1403,shaeed rajaii,China,73259100,122135,92065,Articles of Iron & Steel,10500,30,18320.25,10%,9%,9206.5,9114.44,128706.19,25%,1.05,0.26,32176.55
1403,shaeed rajaii,China,82060000,34594,91946,General Goods,10500,30,5189.1,20%,9%,18389.2,9930.17,125454.47,25%,3.63,0.91,31363.62
1403,shaeed rajaii,China,87131090,16790,91602,General Goods,10500,30,2518.5,20%,9%,18320.4,9893.02,122333.92,25%,7.29,1.82,30583.48
1403,shaeed rajaii,China,84842030,6084,90969,Industrial Machinery,10500,30,912.6,15%,9%,13645.35,9415.29,114942.24,25%,18.89,4.72,28735.56
1403,shaeed rajaii,China,39069020,58000,90711,Plastics & Polymers,10500,30,8700,20%,9%,18142.2,9796.79,127349.99,25%,2.2,0.55,31837.5
1403,shaeed rajaii,China,29335920,3000,90467,Organic Chemicals,10500,30,450,15%,9%,13570.05,9363.33,113850.38,25%,37.95,9.49,28462.6
1403,shaeed rajaii,China,54072020,39521,90229,General Goods,10500,30,5928.15,20%,9%,18045.8,9744.73,123947.68,25%,3.14,0.78,30986.92
1403,shaeed rajaii,China,83013000,12950,90122,General Goods,10500,30,1942.5,20%,9%,18024.4,9733.18,119822.08,25%,9.25,2.31,29955.52
1403,shaeed rajaii,China,32081020,16767,89986,General Goods,10500,30,2515.05,20%,9%,17997.2,9718.49,120216.74,25%,7.17,1.79,30054.18
1403,shaeed rajaii,China,28276010,1500,89626,General Goods,10500,30,225,20%,9%,17925.2,9679.61,117455.81,25%,78.3,19.58,29363.95
1403,shaeed rajaii,China,28274900,60000,89588,General Goods,10500,30,9000,20%,9%,17917.6,9675.5,126181.1,25%,2.1,0.52,31545.28
1403,shaeed rajaii,China,90049000,2825,89305,General Goods,10500,30,423.75,20%,9%,17861,9644.94,117234.69,25%,41.5,10.38,29308.67
1403,shaeed rajaii,China,48045900,47419,88710,Paper & Paperboard,10500,30,7112.85,15%,9%,13306.5,9181.48,118310.83,25%,2.5,0.62,29577.71
1403,shaeed rajaii,China,84751000,8374,88594,Industrial Machinery,10500,30,1256.1,15%,9%,13289.1,9169.48,112308.68,25%,13.41,3.35,28077.17
1403,shaeed rajaii,China,29089990,27250,87905,Organic Chemicals,10500,30,4087.5,15%,9%,13185.75,9098.17,114276.42,25%,4.19,1.05,28569.1
1403,shaeed rajaii,China,40149000,32074,87837,Rubber & Tires,10500,30,4811.1,20%,9%,17567.4,9486.4,119701.9,25%,3.73,0.93,29925.48
1403,shaeed rajaii,China,39234000,19690,87719,Plastics & Polymers,10500,30,2953.5,20%,9%,17543.8,9473.65,117689.95,25%,5.98,1.5,29422.49
1403,shaeed rajaii,China,76109090,18953,87616,General Goods,10500,30,2842.95,20%,9%,17523.2,9462.53,117444.68,25%,6.2,1.55,29361.17
1403,shaeed rajaii,China,85369050,13004,87588,Electrical Equipment,10500,30,1950.6,15%,9%,13138.2,9065.36,111742.16,25%,8.59,2.15,27935.54
1403,shaeed rajaii,China,29051410,53648,87500,Organic Chemicals,10500,30,8047.2,15%,9%,13125,9056.25,117728.45,25%,2.19,0.55,29432.11
1403,shaeed rajaii,China,73081000,20108,87441,Articles of Iron & Steel,10500,30,3016.2,10%,9%,8744.1,8656.66,107857.96,25%,5.36,1.34,26964.49
1403,shaeed rajaii,China,90221990,1000,87236,General Goods,10500,30,150,20%,9%,17447.2,9421.49,114254.69,25%,114.25,28.56,28563.67
1403,shaeed rajaii,China,85351000,3074,86750,Electrical Equipment,10500,30,461.1,15%,9%,13012.5,8978.62,109202.22,25%,35.52,8.88,27300.56
1403,shaeed rajaii,China,90021900,2481,86632,General Goods,10500,30,372.15,20%,9%,17326.4,9356.26,113686.81,25%,45.82,11.46,28421.7
1403,shaeed rajaii,China,72052100,18050,86169,Iron & Steel Products,10500,30,2707.5,10%,9%,8616.9,8530.73,106024.13,25%,5.87,1.47,26506.03
1403,shaeed rajaii,China,92099190,9817,86100,General Goods,10500,30,1472.55,20%,9%,17220,9298.8,114091.35,25%,11.62,2.9,28522.84
1403,shaeed rajaii,China,76031000,18000,85242,General Goods,10500,30,2700,20%,9%,17048.4,9206.14,114196.54,25%,6.34,1.58,28549.14
1403,shaeed rajaii,China,68053010,6446,85045,General Goods,10500,30,966.9,20%,9%,17009,9184.86,112205.76,25%,17.41,4.35,28051.44
1403,shaeed rajaii,China,90221910,8688,85040,General Goods,10500,30,1303.2,20%,9%,17008,9184.32,112535.52,25%,12.95,3.24,28133.88
1403,shaeed rajaii,China,39202010,27281,84916,Plastics & Polymers,10500,30,4092.15,20%,9%,16983.2,9170.93,115162.28,25%,4.22,1.06,28790.57
1403,shaeed rajaii,China,27121010,38820,84886,Mineral Fuels & Oils,10500,30,5823,5%,9%,4244.3,8021.73,102975.03,25%,2.65,0.66,25743.76
1403,shaeed rajaii,China,60053900,23034,84841,General Goods,10500,30,3455.1,20%,9%,16968.2,9162.83,114427.13,25%,4.97,1.24,28606.78
1403,shaeed rajaii,China,86079900,20073,84651,General Goods,10500,30,3010.95,20%,9%,16930.2,9142.31,113734.46,25%,5.67,1.42,28433.62
1403,shaeed rajaii,China,29037300,20000,84628,Organic Chemicals,10500,30,3000,15%,9%,12694.2,8759,109081.2,25%,5.45,1.36,27270.3
1403,shaeed rajaii,China,59100010,25410,84604,General Goods,10500,30,3811.5,20%,9%,16920.8,9137.23,114473.53,25%,4.51,1.13,28618.38
1403,shaeed rajaii,China,90181115,1100,84431,General Goods,10500,30,165,20%,9%,16886.2,9118.55,110600.75,25%,100.55,25.14,27650.19
1403,shaeed rajaii,China,84212200,2284,84234,Industrial Machinery,10500,30,342.6,15%,9%,12635.1,8718.22,105929.92,25%,46.38,11.6,26482.48
1403,shaeed rajaii,China,29214210,22964,84096,Organic Chemicals,10500,30,3444.6,15%,9%,12614.4,8703.94,108858.94,25%,4.74,1.18,27214.74
1403,shaeed rajaii,China,90299000,9994,84086,General Goods,10500,30,1499.1,20%,9%,16817.2,9081.29,111483.59,25%,11.16,2.79,27870.9
1403,shaeed rajaii,China,85308000,17340,83780,Electrical Equipment,10500,30,2601,15%,9%,12567,8671.23,107619.23,25%,6.21,1.55,26904.81
1403,shaeed rajaii,China,84705090,2255,83010,Industrial Machinery,10500,30,338.25,15%,9%,12451.5,8591.54,104391.29,25%,46.29,11.57,26097.82
1403,shaeed rajaii,China,84775100,22000,82966,Industrial Machinery,10500,30,3300,15%,9%,12444.9,8586.98,107297.88,25%,4.88,1.22,26824.47
1403,shaeed rajaii,China,84159040,6887,82849,Industrial Machinery,10500,30,1033.05,15%,9%,12427.35,8574.87,104884.27,25%,15.23,3.81,26221.07
1403,shaeed rajaii,China,84313110,28702,82830,Industrial Machinery,10500,30,4305.3,15%,9%,12424.5,8572.9,108132.7,25%,3.77,0.94,27033.18
1403,shaeed rajaii,China,84671920,6414,82585,Industrial Machinery,10500,30,962.1,15%,9%,12387.75,8547.55,104482.4,25%,16.29,4.07,26120.6
1403,shaeed rajaii,China,94062000,24110,82436,General Goods,10500,30,3616.5,20%,9%,16487.2,8903.09,111442.79,25%,4.62,1.16,27860.7
1403,shaeed rajaii,China,84136040,1350,82396,Industrial Machinery,10500,30,202.5,15%,9%,12359.4,8527.99,103485.89,25%,76.66,19.16,25871.47
1403,shaeed rajaii,China,54023200,25500,82033,General Goods,10500,30,3825,20%,9%,16406.6,8859.56,111124.16,25%,4.36,1.09,27781.04
1403,shaeed rajaii,China,29337100,51200,81827,Organic Chemicals,10500,30,7680,15%,9%,12274.05,8469.09,110250.14,25%,2.15,0.54,27562.54
1403,shaeed rajaii,China,39206120,24249,81755,Plastics & Polymers,10500,30,3637.35,20%,9%,16351,8829.54,110572.89,25%,4.56,1.14,27643.22
1403,shaeed rajaii,China,58013390,31054,81738,General Goods,10500,30,4658.1,20%,9%,16347.6,8827.7,111571.4,25%,3.59,0.9,27892.85
1403,shaeed rajaii,China,86012000,10590,81711,General Goods,10500,30,1588.5,20%,9%,16342.2,8824.79,108466.49,25%,10.24,2.56,27116.62
1403,shaeed rajaii,China,30064030,3600,81503,General Goods,10500,30,540,20%,9%,16300.6,8802.32,107145.92,25%,29.76,7.44,26786.48
1403,shaeed rajaii,China,84461000,7210,81354,Industrial Machinery,10500,30,1081.5,15%,9%,12203.1,8420.14,103058.74,25%,14.29,3.57,25764.68
1403,shaeed rajaii,China,85352110,665,81285,Electrical Equipment,10500,30,99.75,15%,9%,12192.75,8413,101990.5,25%,153.37,38.34,25497.62
1403,shaeed rajaii,China,28051100,12000,81233,General Goods,10500,30,1800,20%,9%,16246.6,8773.16,108052.76,25%,9,2.25,27013.19
1403,shaeed rajaii,China,90272000,152,81019,General Goods,10500,30,22.8,20%,9%,16203.8,8750.05,105995.65,25%,697.34,174.34,26498.91
1403,shaeed rajaii,China,84835090,16485,80811,Industrial Machinery,10500,30,2472.75,15%,9%,12121.65,8363.94,103769.34,25%,6.29,1.57,25942.34
1403,shaeed rajaii,China,39076190,40580,80605,Plastics & Polymers,10500,30,6087,20%,9%,16121,8705.34,111518.34,25%,2.75,0.69,27879.58
1403,shaeed rajaii,China,85176190,547,80463,Telecom & Display Equipment,10500,30,82.05,15%,9%,12069.45,8327.92,100942.42,25%,184.54,46.14,25235.6
1403,shaeed rajaii,China,51123000,2708,80460,General Goods,10500,30,406.2,20%,9%,16092,8689.68,105647.88,25%,39.01,9.75,26411.97
1403,shaeed rajaii,China,28129090,2100,80434,General Goods,10500,30,315,20%,9%,16086.8,8686.87,105522.67,25%,50.25,12.56,26380.67
1403,shaeed rajaii,China,72162100,90757,80346,Iron & Steel Products,10500,30,13613.55,10%,9%,8034.6,7954.25,109948.4,25%,1.21,0.3,27487.1
1403,shaeed rajaii,China,23021000,110000,79648,General Goods,10500,30,16500,20%,9%,15929.6,8601.98,120679.58,25%,1.1,0.28,30169.9
1403,shaeed rajaii,China,84152010,6164,79444,Industrial Machinery,10500,30,924.6,15%,9%,11916.6,8222.45,100507.65,25%,16.31,4.08,25126.91
1403,shaeed rajaii,China,72179010,44000,79140,Iron & Steel Products,10500,30,6600,10%,9%,7914,7834.86,101488.86,25%,2.31,0.58,25372.22
1403,shaeed rajaii,China,81029900,730,78281,General Goods,10500,30,109.5,20%,9%,15656.2,8454.35,102501.05,25%,140.41,35.1,25625.26
1403,shaeed rajaii,China,87034020,5760,78176,Passenger Vehicles,10500,30,864,45%,9%,35179.2,10201.97,124421.17,25%,21.6,5.4,31105.29
1403,shaeed rajaii,China,15180000,48000,78144,General Goods,10500,30,7200,20%,9%,15628.8,8439.55,109412.35,25%,2.28,0.57,27353.09
1403,shaeed rajaii,China,56031221,20824,77819,General Goods,10500,30,3123.6,20%,9%,15563.8,8404.45,104910.85,25%,5.04,1.26,26227.71
1403,shaeed rajaii,China,39211310,15931,77678,Plastics & Polymers,10500,30,2389.65,20%,9%,15535.6,8389.22,103992.47,25%,6.53,1.63,25998.12
1403,shaeed rajaii,China,38109000,4635,77357,Chemical Products,10500,30,695.25,15%,9%,11603.55,8006.45,97662.25,25%,21.07,5.27,24415.56
1403,shaeed rajaii,China,29145090,15250,77337,Organic Chemicals,10500,30,2287.5,15%,9%,11600.55,8004.38,99229.43,25%,6.51,1.63,24807.36
1403,shaeed rajaii,China,72111990,49742,77205,Iron & Steel Products,10500,30,7461.3,10%,9%,7720.5,7643.3,100030.1,25%,2.01,0.5,25007.52
1403,shaeed rajaii,China,84138200,20255,77149,Industrial Machinery,10500,30,3038.25,15%,9%,11572.35,7984.92,99744.52,25%,4.92,1.23,24936.13
1403,shaeed rajaii,China,84733030,1536,77142,Industrial Machinery,10500,30,230.4,15%,9%,11571.3,7984.2,96927.9,25%,63.1,15.78,24231.98
1403,shaeed rajaii,China,6021030,4200,77125,General Goods,10500,30,630,20%,9%,15425,8329.5,101509.5,25%,24.17,6.04,25377.38
1403,shaeed rajaii,China,81099990,3684,76898,General Goods,10500,30,552.6,20%,9%,15379.6,8304.98,101135.18,25%,27.45,6.86,25283.8
1403,shaeed rajaii,China,84304110,12000,76863,Industrial Machinery,10500,30,1800,15%,9%,11529.45,7955.32,98147.77,25%,8.18,2.04,24536.94
1403,shaeed rajaii,China,90069900,18505,76805,General Goods,10500,30,2775.75,20%,9%,15361,8294.94,103236.69,25%,5.58,1.4,25809.17
1403,shaeed rajaii,China,84509010,22500,76515,Industrial Machinery,10500,30,3375,15%,9%,11477.25,7919.3,99286.55,25%,4.41,1.1,24821.64
1403,shaeed rajaii,China,25251010,15000,76234,General Goods,10500,30,2250,20%,9%,15246.8,8233.27,101964.07,25%,6.8,1.7,25491.02
1403,shaeed rajaii,China,29333950,1600,76129,Organic Chemicals,10500,30,240,15%,9%,11419.35,7879.35,95667.7,25%,59.79,14.95,23916.92
1403,shaeed rajaii,China,54034100,13284,75948,General Goods,10500,30,1992.6,20%,9%,15189.6,8202.38,101332.58,25%,7.63,1.91,25333.14
1403,shaeed rajaii,China,39046190,7650,75944,Plastics & Polymers,10500,30,1147.5,20%,9%,15188.8,8201.95,100482.25,25%,13.13,3.28,25120.56
1403,shaeed rajaii,China,28051900,25000,75816,General Goods,10500,30,3750,20%,9%,15163.2,8188.13,102917.33,25%,4.12,1.03,25729.33
1403,shaeed rajaii,China,84798970,3754,75710,Machines & Mechanical Appliances,10500,30,563.1,15%,9%,11356.5,7835.98,95465.58,25%,25.43,6.36,23866.4
1403,shaeed rajaii,China,28111910,108000,75403,General Goods,10500,30,16200,20%,9%,15080.6,8143.52,114827.12,25%,1.06,0.26,28706.78
1403,shaeed rajaii,China,28415000,18000,75209,General Goods,10500,30,2700,20%,9%,15041.8,8122.57,101073.37,25%,5.62,1.4,25268.34
1403,shaeed rajaii,China,87088039,16087,74984,Vehicle Parts & Accessories,10500,30,2413.05,25%,9%,18746,8435.7,104578.75,25%,6.5,1.62,26144.69
1403,shaeed rajaii,China,73182100,6691,74903,Articles of Iron & Steel,10500,30,1003.65,10%,9%,7490.3,7415.4,90812.35,25%,13.57,3.39,22703.09
1403,shaeed rajaii,China,84282000,4371,74582,Industrial Machinery,10500,30,655.65,15%,9%,11187.3,7719.24,94144.19,25%,21.54,5.38,23536.05
1403,shaeed rajaii,China,44123900,48633,74449,General Goods,10500,30,7294.95,20%,9%,14889.8,8040.49,104674.24,25%,2.15,0.54,26168.56
1403,shaeed rajaii,China,56081900,26102,74449,General Goods,10500,30,3915.3,20%,9%,14889.8,8040.49,101294.59,25%,3.88,0.97,25323.65
1403,shaeed rajaii,China,40091110,19766,74277,Rubber & Tires,10500,30,2964.9,20%,9%,14855.4,8021.92,100119.22,25%,5.07,1.27,25029.8
1403,shaeed rajaii,China,40117090,16026,74208,Rubber & Tires,10500,30,2403.9,20%,9%,14841.6,8014.46,99467.96,25%,6.21,1.55,24866.99
1403,shaeed rajaii,China,90273020,3093,74198,General Goods,10500,30,463.95,20%,9%,14839.6,8013.38,97514.93,25%,31.53,7.88,24378.73
1403,shaeed rajaii,China,85393290,1985,74142,Electrical Equipment,10500,30,297.75,15%,9%,11121.3,7673.7,93234.75,25%,46.97,11.74,23308.69
1403,shaeed rajaii,China,84099160,5591,73655,Industrial Machinery,10500,30,838.65,15%,9%,11048.25,7623.29,93165.19,25%,16.66,4.16,23291.3
1403,shaeed rajaii,China,38089429,35200,73630,Chemical Products,10500,30,5280,15%,9%,11044.5,7620.7,97575.2,25%,2.77,0.69,24393.8
1403,shaeed rajaii,China,82100000,26901,73406,General Goods,10500,30,4035.15,20%,9%,14681.2,7927.85,100050.2,25%,3.72,0.93,25012.55
1403,shaeed rajaii,China,64061000,20252,73089,General Goods,10500,30,3037.8,20%,9%,14617.8,7893.61,98638.21,25%,4.87,1.22,24659.55
1403,shaeed rajaii,China,72223000,9635,72494,Iron & Steel Products,10500,30,1445.25,10%,9%,7249.4,7176.91,88365.56,25%,9.17,2.29,22091.39
1403,shaeed rajaii,China,73181610,17922,72307,Articles of Iron & Steel,10500,30,2688.3,10%,9%,7230.7,7158.39,89384.39,25%,4.99,1.25,22346.1
1403,shaeed rajaii,China,87149120,21249,72113,General Goods,10500,30,3187.35,20%,9%,14422.6,7788.2,97511.15,25%,4.59,1.15,24377.79
1403,shaeed rajaii,China,48111000,34999,71704,Paper & Paperboard,10500,30,5249.85,15%,9%,10755.6,7421.36,95130.81,25%,2.72,0.68,23782.7
1403,shaeed rajaii,China,84841030,6319,71686,Industrial Machinery,10500,30,947.85,15%,9%,10752.9,7419.5,90806.25,25%,14.37,3.59,22701.56
1403,shaeed rajaii,China,90289040,1515,71365,General Goods,10500,30,227.25,20%,9%,14273,7707.42,93572.67,25%,61.76,15.44,23393.17
1403,shaeed rajaii,China,30064020,650,71323,General Goods,10500,30,97.5,20%,9%,14264.6,7702.88,93387.98,25%,143.67,35.92,23347
1403,shaeed rajaii,China,87046000,5205,71292,General Goods,10500,30,780.75,20%,9%,14258.4,7699.54,94030.69,25%,18.07,4.52,23507.67
1403,shaeed rajaii,China,28352690,49000,71224,General Goods,10500,30,7350,20%,9%,14244.8,7692.19,100510.99,25%,2.05,0.51,25127.75
1403,shaeed rajaii,China,32099040,24000,71038,General Goods,10500,30,3600,20%,9%,14207.6,7672.1,96517.7,25%,4.02,1,24129.42
1403,shaeed rajaii,China,28399090,23500,70992,General Goods,10500,30,3525,20%,9%,14198.4,7667.14,96382.54,25%,4.1,1.02,24095.64
1403,shaeed rajaii,China,73158100,52954,70989,Articles of Iron & Steel,10500,30,7943.1,10%,9%,7098.9,7027.91,93058.91,25%,1.76,0.44,23264.73
1403,shaeed rajaii,China,29182340,23000,70940,Organic Chemicals,10500,30,3450,15%,9%,10641,7342.29,92373.29,25%,4.02,1,23093.32
1403,shaeed rajaii,China,29061200,38000,70680,Organic Chemicals,10500,30,5700,15%,9%,10602,7315.38,94297.38,25%,2.48,0.62,23574.34
1403,shaeed rajaii,China,90251190,3785,70672,General Goods,10500,30,567.75,20%,9%,14134.4,7632.58,93006.73,25%,24.57,6.14,23251.68
1403,shaeed rajaii,China,87042190,8665,70233,General Goods,10500,30,1299.75,20%,9%,14046.6,7585.16,93164.51,25%,10.75,2.69,23291.13
1403,shaeed rajaii,China,54026300,50292,70079,General Goods,10500,30,7543.8,20%,9%,14015.8,7568.53,99207.13,25%,1.97,0.49,24801.78
1403,shaeed rajaii,China,40091190,9760,69600,Rubber & Tires,10500,30,1464,20%,9%,13920,7516.8,92500.8,25%,9.48,2.37,23125.2
1403,shaeed rajaii,China,87088019,11091,69551,Vehicle Parts & Accessories,10500,30,1663.65,25%,9%,17387.75,7824.49,96426.89,25%,8.69,2.17,24106.72
1403,shaeed rajaii,China,72083710,36560,69356,Iron & Steel Products,10500,30,5484,10%,9%,6935.6,6866.24,88641.84,25%,2.42,0.6,22160.46
1403,shaeed rajaii,China,48042900,50842,69275,Paper & Paperboard,10500,30,7626.3,15%,9%,10391.25,7169.96,94462.51,25%,1.86,0.46,23615.63
1403,shaeed rajaii,China,29331990,4000,69262,Organic Chemicals,10500,30,600,15%,9%,10389.3,7168.62,87419.92,25%,21.85,5.46,21854.98
1403,shaeed rajaii,China,90292023,937,69134,General Goods,10500,30,140.55,20%,9%,13826.8,7466.47,90567.82,25%,96.66,24.16,22641.96
1403,shaeed rajaii,China,85124000,3612,69005,Electrical Equipment,10500,30,541.8,15%,9%,10350.75,7142.02,87039.57,25%,24.1,6.02,21759.89
1403,shaeed rajaii,China,29154090,12800,68427,Organic Chemicals,10500,30,1920,15%,9%,10264.05,7082.19,87693.24,25%,6.85,1.71,21923.31
1403,shaeed rajaii,China,96071100,25746,68405,General Goods,10500,30,3861.9,20%,9%,13681,7387.74,93335.64,25%,3.63,0.91,23333.91
1403,shaeed rajaii,China,83017000,23271,68253,General Goods,10500,30,3490.65,20%,9%,13650.6,7371.32,92765.57,25%,3.99,1,23191.39
1403,shaeed rajaii,China,40082900,25272,68087,Rubber & Tires,10500,30,3790.8,20%,9%,13617.4,7353.4,92848.6,25%,3.67,0.92,23212.15
1403,shaeed rajaii,China,85469090,49117,68047,Electrical Equipment,10500,30,7367.55,15%,9%,10207.05,7042.86,92664.46,25%,1.89,0.47,23166.12
1403,shaeed rajaii,China,84386000,8146,67960,Industrial Machinery,10500,30,1221.9,15%,9%,10194,7033.86,86409.76,25%,10.61,2.65,21602.44
1403,shaeed rajaii,China,76032000,15300,67925,General Goods,10500,30,2295,20%,9%,13585,7335.9,91140.9,25%,5.96,1.49,22785.22
1403,shaeed rajaii,China,85151990,8975,67906,Electrical Equipment,10500,30,1346.25,15%,9%,10185.9,7028.27,86466.42,25%,9.63,2.41,21616.6
1403,shaeed rajaii,China,85381000,12818,67807,Electrical Equipment,10500,30,1922.7,15%,9%,10171.05,7018.02,86918.77,25%,6.78,1.7,21729.69
1403,shaeed rajaii,China,37013030,7680,67796,General Goods,10500,30,1152,20%,9%,13559.2,7321.97,89829.17,25%,11.7,2.92,22457.29
1403,shaeed rajaii,China,82082000,1254,67779,General Goods,10500,30,188.1,20%,9%,13555.8,7320.13,88843.03,25%,70.85,17.71,22210.76
1403,shaeed rajaii,China,29141100,49600,67703,Organic Chemicals,10500,30,7440,15%,9%,10155.45,7007.26,92305.71,25%,1.86,0.46,23076.43
1403,shaeed rajaii,China,27101910,3276,67634,Mineral Fuels & Oils,10500,30,491.4,5%,9%,3381.7,6391.41,77898.51,25%,23.78,5.94,19474.63
1403,shaeed rajaii,China,96161000,9325,67609,General Goods,10500,30,1398.75,20%,9%,13521.8,7301.77,89831.32,25%,9.63,2.41,22457.83
1403,shaeed rajaii,China,87149500,22493,67484,General Goods,10500,30,3373.95,20%,9%,13496.8,7288.27,91643.02,25%,4.07,1.02,22910.76
1403,shaeed rajaii,China,84189910,4880,67089,Industrial Machinery,10500,30,732,15%,9%,10063.35,6943.71,84828.06,25%,17.38,4.34,21207.02
1403,shaeed rajaii,China,37019930,7514,67088,General Goods,10500,30,1127.1,20%,9%,13417.6,7245.5,88878.2,25%,11.83,2.96,22219.55
1403,shaeed rajaii,China,44119210,133599,67018,General Goods,10500,30,20039.85,20%,9%,13403.6,7237.94,107699.39,25%,0.81,0.2,26924.85
1403,shaeed rajaii,China,28209000,15000,66946,General Goods,10500,30,2250,20%,9%,13389.2,7230.17,89815.37,25%,5.99,1.5,22453.84
1403,shaeed rajaii,China,28342970,135000,66335,General Goods,10500,30,20250,20%,9%,13267,7164.18,107016.18,25%,0.79,0.2,26754.04
1403,shaeed rajaii,China,39049000,48000,66074,Plastics & Polymers,10500,30,7200,20%,9%,13214.8,7135.99,93624.79,25%,1.95,0.49,23406.2
1403,shaeed rajaii,China,29321990,6625,66058,Organic Chemicals,10500,30,993.75,15%,9%,9908.7,6837,83797.45,25%,12.65,3.16,20949.36
1403,shaeed rajaii,China,74102200,3028,66040,General Goods,10500,30,454.2,20%,9%,13208,7132.32,86834.52,25%,28.68,7.17,21708.63
1403,shaeed rajaii,China,72085210,127704,65583,Iron & Steel Products,10500,30,19155.6,10%,9%,6558.3,6492.72,97789.62,25%,0.77,0.19,24447.4
1403,shaeed rajaii,China,39011030,30250,65317,Plastics & Polymers,10500,30,4537.5,20%,9%,13063.4,7054.24,89972.14,25%,2.97,0.74,22493.04
1403,shaeed rajaii,China,56075010,21220,65063,General Goods,10500,30,3183,20%,9%,13012.6,7026.8,88285.4,25%,4.16,1.04,22071.35
1403,shaeed rajaii,China,96122000,4000,64768,General Goods,10500,30,600,20%,9%,12953.6,6994.94,85316.54,25%,21.33,5.33,21329.14
1403,shaeed rajaii,China,28402000,20000,64609,General Goods,10500,30,3000,20%,9%,12921.8,6977.77,87508.57,25%,4.38,1.1,21877.14
1403,shaeed rajaii,China,48052590,60801,64424,Paper & Paperboard,10500,30,9120.15,15%,9%,9663.6,6667.88,89875.63,25%,1.48,0.37,22468.91
1403,shaeed rajaii,China,68151900,8549,64413,General Goods,10500,30,1282.35,20%,9%,12882.6,6956.6,85534.55,25%,10.01,2.5,21383.64
1403,shaeed rajaii,China,55019000,3710,64189,General Goods,10500,30,556.5,20%,9%,12837.8,6932.41,84515.71,25%,22.78,5.7,21128.93
1403,shaeed rajaii,China,84049000,6047,64144,Industrial Machinery,10500,30,907.05,15%,9%,9621.6,6638.9,81311.55,25%,13.45,3.36,20327.89
1403,shaeed rajaii,China,38099300,28285,64125,Chemical Products,10500,30,4242.75,15%,9%,9618.75,6636.94,84623.44,25%,2.99,0.75,21155.86
1403,shaeed rajaii,China,39089010,19430,64101,Plastics & Polymers,10500,30,2914.5,20%,9%,12820.2,6922.91,86758.61,25%,4.47,1.12,21689.65
1403,shaeed rajaii,China,70052920,119200,64053,General Goods,10500,30,17880,20%,9%,12810.6,6917.72,101661.32,25%,0.85,0.21,25415.33
1403,shaeed rajaii,China,95066930,23000,63915,General Goods,10500,30,3450,20%,9%,12783,6902.82,87050.82,25%,3.78,0.94,21762.7
1403,shaeed rajaii,China,85123090,1258,63070,Electrical Equipment,10500,30,188.7,15%,9%,9460.5,6527.74,79246.94,25%,62.99,15.75,19811.74
1403,shaeed rajaii,China,29332100,12054,62853,Organic Chemicals,10500,30,1808.1,15%,9%,9427.95,6505.29,80594.34,25%,6.69,1.67,20148.58
1403,shaeed rajaii,China,72122000,34310,62804,Iron & Steel Products,10500,30,5146.5,10%,9%,6280.4,6217.6,80448.5,25%,2.34,0.58,20112.12
1403,shaeed rajaii,China,84733050,15979,62673,Industrial Machinery,10500,30,2396.85,15%,9%,9400.95,6486.66,80957.46,25%,5.07,1.27,20239.37
1403,shaeed rajaii,China,84679200,17399,62487,Industrial Machinery,10500,30,2609.85,15%,9%,9373.05,6467.4,80937.3,25%,4.65,1.16,20234.32
1403,shaeed rajaii,China,32074010,13500,62337,General Goods,10500,30,2025,20%,9%,12467.4,6732.4,83561.8,25%,6.19,1.55,20890.45
1403,shaeed rajaii,China,98870305,6555,61693,Vehicle/Chassis/Tractor Parts,10500,30,983.25,40%,9%,24677.2,7773.32,95126.77,25%,14.51,3.63,23781.69
1403,shaeed rajaii,China,84331100,14625,61622,Industrial Machinery,10500,30,2193.75,15%,9%,9243.3,6377.88,79436.93,25%,5.43,1.36,19859.23
1403,shaeed rajaii,China,90192010,6610,61598,General Goods,10500,30,991.5,20%,9%,12319.6,6652.58,81561.68,25%,12.34,3.08,20390.42
1403,shaeed rajaii,China,58012300,11653,61508,General Goods,10500,30,1747.95,20%,9%,12301.6,6642.86,82200.41,25%,7.05,1.76,20550.1
1403,shaeed rajaii,China,38276800,12426,61475,Chemical Products,10500,30,1863.9,15%,9%,9221.25,6362.66,78922.81,25%,6.35,1.59,19730.7
1403,shaeed rajaii,China,95069990,15880,61278,General Goods,10500,30,2382,20%,9%,12255.6,6618.02,82533.62,25%,5.2,1.3,20633.4
1403,shaeed rajaii,China,74082200,3946,61136,General Goods,10500,30,591.9,20%,9%,12227.2,6602.69,80557.79,25%,20.42,5.11,20139.45
1403,shaeed rajaii,China,9103090,26000,61053,General Goods,10500,30,3900,20%,9%,12210.6,6593.72,83757.32,25%,3.22,0.8,20939.33
1403,shaeed rajaii,China,21069030,38000,61040,General Goods,10500,30,5700,20%,9%,12208,6592.32,85540.32,25%,2.25,0.56,21385.08
1403,shaeed rajaii,China,87141080,29630,60768,General Goods,10500,30,4444.5,20%,9%,12153.6,6562.94,83929.04,25%,2.83,0.71,20982.26
1403,shaeed rajaii,China,70171090,15178,60582,General Goods,10500,30,2276.7,20%,9%,12116.4,6542.86,81517.96,25%,5.37,1.34,20379.49
1403,shaeed rajaii,China,84271021,9869,60546,Industrial Machinery,10500,30,1480.35,15%,9%,9081.9,6266.51,77374.76,25%,7.84,1.96,19343.69
1403,shaeed rajaii,China,68051020,10057,60476,General Goods,10500,30,1508.55,20%,9%,12095.2,6531.41,80611.16,25%,8.02,2,20152.79
1403,shaeed rajaii,China,70200030,11146,60453,General Goods,10500,30,1671.9,20%,9%,12090.6,6528.92,80744.42,25%,7.24,1.81,20186.1
1403,shaeed rajaii,China,84072100,2865,60447,Industrial Machinery,10500,30,429.75,15%,9%,9067.05,6256.26,76200.06,25%,26.6,6.65,19050.02
1403,shaeed rajaii,China,48043900,50000,60439,Paper & Paperboard,10500,30,7500,15%,9%,9065.85,6255.44,83260.29,25%,1.67,0.42,20815.07
1403,shaeed rajaii,China,84818082,27790,60415,Industrial Machinery,10500,30,4168.5,15%,9%,9062.25,6252.95,79898.7,25%,2.88,0.72,19974.68
1403,shaeed rajaii,China,29096010,14400,60309,Organic Chemicals,10500,30,2160,15%,9%,9046.35,6241.98,77757.33,25%,5.4,1.35,19439.33
1403,shaeed rajaii,China,84483200,3265,60040,Industrial Machinery,10500,30,489.75,15%,9%,9006,6214.14,75749.89,25%,23.2,5.8,18937.47
1403,shaeed rajaii,China,84272012,22000,60014,Industrial Machinery,10500,30,3300,15%,9%,9002.1,6211.45,78527.55,25%,3.57,0.89,19631.89
1403,shaeed rajaii,China,84149020,4130,59731,Compressors & Pumps,10500,30,619.5,15%,9%,8959.65,6182.16,75492.31,25%,18.28,4.57,18873.08
1403,shaeed rajaii,China,84541000,3912,59219,Industrial Machinery,10500,30,586.8,15%,9%,8882.85,6129.17,74817.82,25%,19.13,4.78,18704.46
1403,shaeed rajaii,China,32064910,23500,58916,General Goods,10500,30,3525,20%,9%,11783.2,6362.93,80587.13,25%,3.43,0.86,20146.78
1403,shaeed rajaii,China,87141020,12308,58911,General Goods,10500,30,1846.2,20%,9%,11782.2,6362.39,78901.79,25%,6.41,1.6,19725.45
1403,shaeed rajaii,China,39121200,51000,58907,Plastics & Polymers,10500,30,7650,20%,9%,11781.4,6361.96,84700.36,25%,1.66,0.42,21175.09
1403,shaeed rajaii,China,29103000,29760,58820,Organic Chemicals,10500,30,4464,15%,9%,8823,6087.87,78194.87,25%,2.63,0.66,19548.72
1403,shaeed rajaii,China,85414200,11135,58796,Semiconductors & Solar Cells,10500,30,1670.25,15%,9%,8819.4,6085.39,75371.04,25%,6.77,1.69,18842.76
1403,shaeed rajaii,China,29096015,12480,58187,Organic Chemicals,10500,30,1872,15%,9%,8728.05,6022.35,74809.4,25%,5.99,1.5,18702.35
1403,shaeed rajaii,China,52052600,14969,58167,General Goods,10500,30,2245.35,20%,9%,11633.4,6282.04,78327.79,25%,5.23,1.31,19581.95
1403,shaeed rajaii,China,85171890,460,58162,Telecom & Display Equipment,10500,30,69,15%,9%,8724.3,6019.77,72975.07,25%,158.64,39.66,18243.77
1403,shaeed rajaii,China,84133030,5015,58016,Industrial Machinery,10500,30,752.25,15%,9%,8702.4,6004.66,73475.31,25%,14.65,3.66,18368.83
1403,shaeed rajaii,China,72286000,3402,57803,Iron & Steel Products,10500,30,510.3,10%,9%,5780.3,5722.5,69816.1,25%,20.52,5.13,17454.03
1403,shaeed rajaii,China,58061000,11160,57698,General Goods,10500,30,1674,20%,9%,11539.6,6231.38,77142.98,25%,6.91,1.73,19285.74
1403,shaeed rajaii,China,29372290,6000,57611,Organic Chemicals,10500,30,900,15%,9%,8641.65,5962.74,73115.39,25%,12.19,3.05,18278.85
1403,shaeed rajaii,China,39011061,52000,57580,Plastics & Polymers,10500,30,7800,20%,9%,11516,6218.64,83114.64,25%,1.6,0.4,20778.66
1403,shaeed rajaii,China,40081120,7038,57552,Rubber & Tires,10500,30,1055.7,20%,9%,11510.4,6215.62,76333.72,25%,10.85,2.71,19083.43
1403,shaeed rajaii,China,84131900,2344,57497,Industrial Machinery,10500,30,351.6,15%,9%,8624.55,5950.94,72424.09,25%,30.9,7.72,18106.02
1403,shaeed rajaii,China,85118040,6225,57245,Electrical Equipment,10500,30,933.75,15%,9%,8586.75,5924.86,72690.36,25%,11.68,2.92,18172.59
1403,shaeed rajaii,China,84762100,5545,57062,Industrial Machinery,10500,30,831.75,15%,9%,8559.3,5905.92,72358.97,25%,13.05,3.26,18089.74
1403,shaeed rajaii,China,84192010,2798,57049,Industrial Machinery,10500,30,419.7,15%,9%,8557.35,5904.57,71930.62,25%,25.71,6.43,17982.66
1403,shaeed rajaii,China,84295990,45550,56822,Industrial Machinery,10500,30,6832.5,15%,9%,8523.3,5881.08,78058.88,25%,1.71,0.43,19514.72
1403,shaeed rajaii,China,28470000,61200,56744,General Goods,10500,30,9180,20%,9%,11348.8,6128.35,83401.15,25%,1.36,0.34,20850.29
1403,shaeed rajaii,China,55031900,16440,56711,General Goods,10500,30,2466,20%,9%,11342.2,6124.79,76643.99,25%,4.66,1.16,19161
1403,shaeed rajaii,China,84198930,7700,56568,Industrial Machinery,10500,30,1155,15%,9%,8485.2,5854.79,72062.99,25%,9.36,2.34,18015.75
1403,shaeed rajaii,China,29171910,800,56554,Organic Chemicals,10500,30,120,15%,9%,8483.1,5853.34,71010.44,25%,88.76,22.19,17752.61
1403,shaeed rajaii,China,85391000,2365,56317,Electrical Equipment,10500,30,354.75,15%,9%,8447.55,5828.81,70948.11,25%,30,7.5,17737.03
1403,shaeed rajaii,China,84603100,3387,56240,Industrial Machinery,10500,30,508.05,15%,9%,8436,5820.84,71004.89,25%,20.96,5.24,17751.22
1403,shaeed rajaii,China,84238910,8112,56224,Industrial Machinery,10500,30,1216.8,15%,9%,8433.6,5819.18,71693.58,25%,8.84,2.21,17923.4
1403,shaeed rajaii,China,28271000,172000,56164,General Goods,10500,30,25800,20%,9%,11232.8,6065.71,99262.51,25%,0.58,0.14,24815.63
1403,shaeed rajaii,China,84849020,6172,56008,Industrial Machinery,10500,30,925.8,15%,9%,8401.2,5796.83,71131.83,25%,11.52,2.88,17782.96
1403,shaeed rajaii,China,28421090,55370,55890,General Goods,10500,30,8305.5,20%,9%,11178,6036.12,81409.62,25%,1.47,0.37,20352.4
1403,shaeed rajaii,China,44187500,25165,55851,General Goods,10500,30,3774.75,20%,9%,11170.2,6031.91,76827.86,25%,3.05,0.76,19206.96
1403,shaeed rajaii,China,84239020,3549,55648,Industrial Machinery,10500,30,532.35,15%,9%,8347.2,5759.57,70287.12,25%,19.8,4.95,17571.78
1403,shaeed rajaii,China,70071920,1841,55265,General Goods,10500,30,276.15,20%,9%,11053,5968.62,72562.77,25%,39.41,9.85,18140.69
1403,shaeed rajaii,China,39051900,19000,55109,Plastics & Polymers,10500,30,2850,20%,9%,11021.8,5951.77,74932.57,25%,3.94,0.98,18733.14
1403,shaeed rajaii,China,40170090,31744,54992,Rubber & Tires,10500,30,4761.6,20%,9%,10998.4,5939.14,76691.14,25%,2.42,0.6,19172.78
1403,shaeed rajaii,China,28249010,5000,54750,General Goods,10500,30,750,20%,9%,10950,5913,72363,25%,14.47,3.62,18090.75
1403,shaeed rajaii,China,85042100,3392,54587,Electrical Equipment,10500,30,508.8,15%,9%,8188.05,5649.75,68933.6,25%,20.32,5.08,17233.4
1403,shaeed rajaii,China,40026000,25000,54586,Rubber & Tires,10500,30,3750,20%,9%,10917.2,5895.29,75148.49,25%,3.01,0.75,18787.12
1403,shaeed rajaii,China,38276200,12995,54463,Chemical Products,10500,30,1949.25,15%,9%,8169.45,5636.92,70218.62,25%,5.4,1.35,17554.66
1403,shaeed rajaii,China,28342950,124000,54362,General Goods,10500,30,18600,20%,9%,10872.4,5871.1,89705.5,25%,0.72,0.18,22426.38
1403,shaeed rajaii,China,40103910,9515,54241,Rubber & Tires,10500,30,1427.25,20%,9%,10848.2,5858.03,72374.48,25%,7.61,1.9,18093.62
1403,shaeed rajaii,China,35052000,86000,54144,General Goods,10500,30,12900,20%,9%,10828.8,5847.55,83720.35,25%,0.97,0.24,20930.09
1403,shaeed rajaii,China,85447010,862,54108,Electrical Equipment,10500,30,129.3,15%,9%,8116.2,5600.18,67953.68,25%,78.83,19.71,16988.42
1403,shaeed rajaii,China,84639010,12279,54040,Industrial Machinery,10500,30,1841.85,15%,9%,8106,5593.14,69580.99,25%,5.67,1.42,17395.25
1403,shaeed rajaii,China,84672200,10006,53778,Industrial Machinery,10500,30,1500.9,15%,9%,8066.7,5566.02,68911.62,25%,6.89,1.72,17227.9
1403,shaeed rajaii,China,86080000,8237,53760,General Goods,10500,30,1235.55,20%,9%,10752,5806.08,71553.63,25%,8.69,2.17,17888.41
1403,shaeed rajaii,China,85389020,1258,53691,Electrical Equipment,10500,30,188.7,15%,9%,8053.65,5557.02,67490.37,25%,53.65,13.41,16872.59
1403,shaeed rajaii,China,28429040,40000,53590,General Goods,10500,30,6000,20%,9%,10718,5787.72,76095.72,25%,1.9,0.48,19023.93
1403,shaeed rajaii,China,28429090,28320,53587,General Goods,10500,30,4248,20%,9%,10717.4,5787.4,74339.8,25%,2.62,0.66,18584.95
1403,shaeed rajaii,China,40169590,8510,53551,Rubber & Tires,10500,30,1276.5,20%,9%,10710.2,5783.51,71321.21,25%,8.38,2.1,17830.3
1403,shaeed rajaii,China,95030090,15663,53447,General Goods,10500,30,2349.45,20%,9%,10689.4,5772.28,72258.13,25%,4.61,1.15,18064.53
1403,shaeed rajaii,China,32099090,13980,53232,General Goods,10500,30,2097,20%,9%,10646.4,5749.06,71724.46,25%,5.13,1.28,17931.12
1403,shaeed rajaii,China,56049000,9087,52992,General Goods,10500,30,1363.05,20%,9%,10598.4,5723.14,70676.59,25%,7.78,1.94,17669.15
1403,shaeed rajaii,China,38273200,14375,52984,Chemical Products,10500,30,2156.25,15%,9%,7947.6,5483.84,68571.69,25%,4.77,1.19,17142.92
1403,shaeed rajaii,China,30059010,7986,52762,General Goods,10500,30,1197.9,20%,9%,10552.4,5698.3,70210.6,25%,8.79,2.2,17552.65
1403,shaeed rajaii,China,74082100,5998,52623,General Goods,10500,30,899.7,20%,9%,10524.6,5683.28,69730.58,25%,11.63,2.91,17432.64
1403,shaeed rajaii,China,96082010,8955,52497,General Goods,10500,30,1343.25,20%,9%,10499.4,5669.68,70009.33,25%,7.82,1.96,17502.33
1403,shaeed rajaii,China,84144030,1770,52332,Compressors & Pumps,10500,30,265.5,15%,9%,7849.8,5416.36,65863.66,25%,37.21,9.3,16465.92
1403,shaeed rajaii,China,55049000,23547,52255,General Goods,10500,30,3532.05,20%,9%,10451,5643.54,71881.59,25%,3.05,0.76,17970.4
1403,shaeed rajaii,China,28321020,107600,52201,General Goods,10500,30,16140,20%,9%,10440.2,5637.71,84418.91,25%,0.78,0.2,21104.73
1403,shaeed rajaii,China,84328000,15478,52109,Industrial Machinery,10500,30,2321.7,15%,9%,7816.35,5393.28,67640.33,25%,4.37,1.09,16910.08
1403,shaeed rajaii,China,80012000,2500,51426,General Goods,10500,30,375,20%,9%,10285.2,5554.01,67640.21,25%,27.06,6.76,16910.05
1403,shaeed rajaii,China,73194000,15748,51394,Articles of Iron & Steel,10500,30,2362.2,10%,9%,5139.4,5088.01,63983.61,25%,4.06,1.01,15995.9
1403,shaeed rajaii,China,84659300,10130,51345,Industrial Machinery,10500,30,1519.5,15%,9%,7701.75,5314.21,65880.46,25%,6.5,1.62,16470.12
1403,shaeed rajaii,China,84682000,7232,51146,Industrial Machinery,10500,30,1084.8,15%,9%,7671.9,5293.61,65196.31,25%,9.01,2.25,16299.08
1403,shaeed rajaii,China,87087019,35591,51005,Vehicle Parts & Accessories,10500,30,5338.65,25%,9%,12751.25,5738.06,74832.96,25%,2.1,0.52,18708.24
1403,shaeed rajaii,China,28013000,10000,51000,General Goods,10500,30,1500,20%,9%,10200,5508,68208,25%,6.82,1.7,17052
1403,shaeed rajaii,China,29333200,10000,50965,Organic Chemicals,10500,30,1500,15%,9%,7644.75,5274.88,65384.63,25%,6.54,1.64,16346.16
1403,shaeed rajaii,China,27101920,4998,50957,Mineral Fuels & Oils,10500,30,749.7,5%,9%,2547.85,4815.44,59069.99,25%,11.82,2.96,14767.5
1403,shaeed rajaii,China,84059000,8394,50850,Industrial Machinery,10500,30,1259.1,15%,9%,7627.5,5262.98,64999.58,25%,7.74,1.94,16249.9
1403,shaeed rajaii,China,29241910,47500,50816,Organic Chemicals,10500,30,7125,15%,9%,7622.4,5259.46,70822.86,25%,1.49,0.37,17705.72
1403,shaeed rajaii,China,38276500,13180,50742,Chemical Products,10500,30,1977,15%,9%,7611.3,5251.8,65582.1,25%,4.98,1.25,16395.53
1403,shaeed rajaii,China,40118020,30315,50643,Rubber & Tires,10500,30,4547.25,20%,9%,10128.6,5469.44,70788.29,25%,2.34,0.58,17697.07
1403,shaeed rajaii,China,90289090,5965,50586,General Goods,10500,30,894.75,20%,9%,10117.2,5463.29,67061.24,25%,11.24,2.81,16765.31
1403,shaeed rajaii,China,96083000,4790,50424,General Goods,10500,30,718.5,20%,9%,10084.8,5445.79,66673.09,25%,13.92,3.48,16668.27
1403,shaeed rajaii,China,33043090,1170,50289,General Goods,10500,30,175.5,20%,9%,10057.8,5431.21,65953.51,25%,56.37,14.09,16488.38
1403,shaeed rajaii,China,28255000,5000,50166,General Goods,10500,30,750,20%,9%,10033.2,5417.93,66367.13,25%,13.27,3.32,16591.78
1403,shaeed rajaii,China,70189020,2000,50072,General Goods,10500,30,300,20%,9%,10014.4,5407.78,65794.18,25%,32.9,8.22,16448.54
1403,shaeed rajaii,China,70099200,19545,49990,General Goods,10500,30,2931.75,20%,9%,9998,5398.92,68318.67,25%,3.5,0.88,17079.67
1403,shaeed rajaii,China,85171810,3740,49883,Telecom & Display Equipment,10500,30,561,15%,9%,7482.45,5162.89,63089.34,25%,16.87,4.22,15772.34
1403,shaeed rajaii,China,73069010,35350,49629,Articles of Iron & Steel,10500,30,5302.5,10%,9%,4962.9,4913.27,64807.67,25%,1.83,0.46,16201.92
1403,shaeed rajaii,China,84295119,8500,49207,Industrial Machinery,10500,30,1275,15%,9%,7381.05,5092.92,62955.97,25%,7.41,1.85,15738.99
1403,shaeed rajaii,China,96032100,10648,49014,General Goods,10500,30,1597.2,20%,9%,9802.8,5293.51,65707.51,25%,6.17,1.54,16426.88
1403,shaeed rajaii,China,84211910,5660,48989,Industrial Machinery,10500,30,849,15%,9%,7348.35,5070.36,62256.71,25%,11,2.75,15564.18
1403,shaeed rajaii,China,72112910,29278,48913,Iron & Steel Products,10500,30,4391.7,10%,9%,4891.3,4842.39,63038.39,25%,2.15,0.54,15759.6
1403,shaeed rajaii,China,29095000,4710,48878,Organic Chemicals,10500,30,706.5,15%,9%,7331.7,5058.87,61975.07,25%,13.16,3.29,15493.77
1403,shaeed rajaii,China,72092800,49561,48849,Iron & Steel Products,10500,30,7434.15,10%,9%,4884.9,4836.05,66004.1,25%,1.33,0.33,16501.03
1403,shaeed rajaii,China,29224910,4050,48609,Organic Chemicals,10500,30,607.5,15%,9%,7291.35,5031.03,61538.88,25%,15.19,3.8,15384.72
1403,shaeed rajaii,China,84818055,440,48098,Industrial Machinery,10500,30,66,15%,9%,7214.7,4978.14,60356.84,25%,137.17,34.29,15089.21
1403,shaeed rajaii,China,82081000,4028,48024,General Goods,10500,30,604.2,20%,9%,9604.8,5186.59,63419.59,25%,15.74,3.94,15854.9
1403,shaeed rajaii,China,48196000,24640,47974,Paper & Paperboard,10500,30,3696,15%,9%,7196.1,4965.31,63831.41,25%,2.59,0.65,15957.85
1403,shaeed rajaii,China,73181410,11105,47955,Articles of Iron & Steel,10500,30,1665.75,10%,9%,4795.5,4747.54,59163.79,25%,5.33,1.33,14790.95
1403,shaeed rajaii,China,72026000,20000,47837,Iron & Steel Products,10500,30,3000,10%,9%,4783.7,4735.86,60356.56,25%,3.02,0.76,15089.14
1403,shaeed rajaii,China,72125090,17393,47768,Iron & Steel Products,10500,30,2608.95,10%,9%,4776.8,4729.03,59882.78,25%,3.44,0.86,14970.7
1403,shaeed rajaii,China,29055990,15000,47266,Organic Chemicals,10500,30,2250,15%,9%,7089.9,4892.03,61497.93,25%,4.1,1.02,15374.48
1403,shaeed rajaii,China,70199030,31380,47058,General Goods,10500,30,4707,20%,9%,9411.6,5082.26,66258.86,25%,2.11,0.53,16564.72
1403,shaeed rajaii,China,87141015,17742,46906,General Goods,10500,30,2661.3,20%,9%,9381.2,5065.85,64014.35,25%,3.61,0.9,16003.59
1403,shaeed rajaii,China,29339991,1000,46769,Organic Chemicals,10500,30,150,15%,9%,7015.35,4840.59,58774.94,25%,58.77,14.69,14693.74
1403,shaeed rajaii,China,54021990,16801,46746,General Goods,10500,30,2520.15,20%,9%,9349.2,5048.57,63663.92,25%,3.79,0.95,15915.98
1403,shaeed rajaii,China,84626900,2400,46696,Industrial Machinery,10500,30,360,15%,9%,7004.4,4833.04,58893.44,25%,24.54,6.14,14723.36
1403,shaeed rajaii,China,11082000,10000,46603,General Goods,10500,30,1500,20%,9%,9320.6,5033.12,62456.72,25%,6.25,1.56,15614.18
1403,shaeed rajaii,China,72089000,56000,46422,Iron & Steel Products,10500,30,8400,10%,9%,4642.2,4595.78,64059.98,25%,1.14,0.28,16015
1403,shaeed rajaii,China,32081030,13950,46227,General Goods,10500,30,2092.5,20%,9%,9245.4,4992.52,62557.42,25%,4.48,1.12,15639.36
1403,shaeed rajaii,China,56031222,13052,46185,General Goods,10500,30,1957.8,20%,9%,9237,4987.98,62367.78,25%,4.78,1.2,15591.94
1403,shaeed rajaii,China,70200099,18576,46059,General Goods,10500,30,2786.4,20%,9%,9211.8,4974.37,63031.57,25%,3.39,0.85,15757.89
1403,shaeed rajaii,China,85043210,316,45780,Electrical Equipment,10500,30,47.4,15%,9%,6867,4738.23,57432.63,25%,181.75,45.44,14358.16
1403,shaeed rajaii,China,85255090,1210,45776,Electrical Equipment,10500,30,181.5,15%,9%,6866.4,4737.82,57561.72,25%,47.57,11.89,14390.43
1403,shaeed rajaii,China,87149610,17268,45451,General Goods,10500,30,2590.2,20%,9%,9090.2,4908.71,62040.11,25%,3.59,0.9,15510.03
1403,shaeed rajaii,China,85367010,7558,45426,Electrical Equipment,10500,30,1133.7,15%,9%,6813.9,4701.59,58075.19,25%,7.68,1.92,14518.8
1403,shaeed rajaii,China,39219094,24000,45393,Plastics & Polymers,10500,30,3600,20%,9%,9078.6,4902.44,62974.04,25%,2.62,0.66,15743.51
1403,shaeed rajaii,China,84213940,21173,45164,Industrial Machinery,10500,30,3175.95,15%,9%,6774.6,4674.47,59789.02,25%,2.82,0.7,14947.26
1403,shaeed rajaii,China,84561110,10358,44991,Industrial Machinery,10500,30,1553.7,15%,9%,6748.65,4656.57,57949.92,25%,5.59,1.4,14487.48
1403,shaeed rajaii,China,85369030,2061,44966,Electrical Equipment,10500,30,309.15,15%,9%,6744.9,4653.98,56674.03,25%,27.5,6.88,14168.51
1403,shaeed rajaii,China,68151300,24757,44924,General Goods,10500,30,3713.55,20%,9%,8984.8,4851.79,62474.14,25%,2.52,0.63,15618.54
1403,shaeed rajaii,China,29232010,20120,44871,Organic Chemicals,10500,30,3018,15%,9%,6730.65,4644.15,59263.8,25%,2.95,0.74,14815.95
1403,shaeed rajaii,China,39206310,5000,44671,Plastics & Polymers,10500,30,750,20%,9%,8934.2,4824.47,59179.67,25%,11.84,2.96,14794.92
1403,shaeed rajaii,China,87149300,19502,44379,General Goods,10500,30,2925.3,20%,9%,8875.8,4792.93,60973.03,25%,3.13,0.78,15243.26
1403,shaeed rajaii,China,25132090,89134,44214,General Goods,10500,30,13370.1,20%,9%,8842.8,4775.11,71202.01,25%,0.8,0.2,17800.5
1403,shaeed rajaii,China,28241000,12000,44177,General Goods,10500,30,1800,20%,9%,8835.4,4771.12,59583.52,25%,4.97,1.24,14895.88
1403,shaeed rajaii,China,84625900,3170,44035,Industrial Machinery,10500,30,475.5,15%,9%,6605.25,4557.62,55673.37,25%,17.56,4.39,13918.34
1403,shaeed rajaii,China,73079200,20192,43734,Articles of Iron & Steel,10500,30,3028.8,10%,9%,4373.4,4329.67,55465.87,25%,2.75,0.69,13866.47
1403,shaeed rajaii,China,29252910,10000,43646,Organic Chemicals,10500,30,1500,15%,9%,6546.9,4517.36,56210.26,25%,5.62,1.4,14052.56
1403,shaeed rajaii,China,58071000,19351,43645,General Goods,10500,30,2902.65,20%,9%,8729,4713.66,59990.31,25%,3.1,0.78,14997.58
1403,shaeed rajaii,China,60012900,49051,295871,General Goods,10500,30,7357.65,20%,9%,59174.2,31954.07,394356.92,25%,8.04,2.01,98589.23
1403,shaeed rajaii,China,69022010,18386,43546,General Goods,10500,30,2757.9,20%,9%,8709.2,4702.97,59716.07,25%,3.25,0.81,14929.02
1403,shaeed rajaii,China,39012059,12300,43302,Plastics & Polymers,10500,30,1845,20%,9%,8660.4,4676.62,58484.02,25%,4.75,1.19,14621
1403,shaeed rajaii,China,84109000,3803,43219,Industrial Machinery,10500,30,570.45,15%,9%,6482.85,4473.17,54745.47,25%,14.4,3.6,13686.37
1403,shaeed rajaii,China,95066210,6799,43055,General Goods,10500,30,1019.85,20%,9%,8611,4649.94,57335.79,25%,8.43,2.11,14333.95
1403,shaeed rajaii,China,25070090,150300,43042,General Goods,10500,30,22545,20%,9%,8608.4,4648.54,78843.94,25%,0.52,0.13,19710.98
1403,shaeed rajaii,China,32081050,2400,42913,General Goods,10500,30,360,20%,9%,8582.6,4634.6,56490.2,25%,23.54,5.88,14122.55
1403,shaeed rajaii,China,14049030,108000,42772,General Goods,10500,30,16200,20%,9%,8554.4,4619.38,72145.78,25%,0.67,0.17,18036.44
1403,shaeed rajaii,China,52103100,5687,42522,General Goods,10500,30,853.05,20%,9%,8504.4,4592.38,56471.83,25%,9.93,2.48,14117.96
1403,shaeed rajaii,China,94032090,8696,42222,General Goods,10500,30,1304.4,20%,9%,8444.4,4559.98,56530.78,25%,6.5,1.62,14132.7
1403,shaeed rajaii,China,59011000,15050,42163,General Goods,10500,30,2257.5,20%,9%,8432.6,4553.6,57406.7,25%,3.81,0.95,14351.68
1403,shaeed rajaii,China,55092200,19500,42159,General Goods,10500,30,2925,20%,9%,8431.8,4553.17,58068.97,25%,2.98,0.74,14517.24
1403,shaeed rajaii,China,48052490,38417,42090,Paper & Paperboard,10500,30,5762.55,15%,9%,6313.5,4356.31,58522.36,25%,1.52,0.38,14630.59
1403,shaeed rajaii,China,73065010,11150,42050,Articles of Iron & Steel,10500,30,1672.5,10%,9%,4205,4162.95,52090.45,25%,4.67,1.17,13022.61
1403,shaeed rajaii,China,55094200,7443,42022,General Goods,10500,30,1116.45,20%,9%,8404.4,4538.38,56081.23,25%,7.53,1.88,14020.31
1403,shaeed rajaii,China,29163110,33000,42012,Organic Chemicals,10500,30,4950,15%,9%,6301.8,4348.24,57612.04,25%,1.75,0.44,14403.01
1403,shaeed rajaii,China,72269900,27500,41975,Iron & Steel Products,10500,30,4125,10%,9%,4197.5,4155.52,54453.02,25%,1.98,0.5,13613.26
1403,shaeed rajaii,China,82141090,13072,41771,General Goods,10500,30,1960.8,20%,9%,8354.2,4511.27,56597.27,25%,4.33,1.08,14149.32
1403,shaeed rajaii,China,98870361,3450,41742,Vehicle/Chassis/Tractor Parts,10500,30,517.5,40%,9%,16696.8,5259.49,64215.79,25%,18.61,4.65,16053.95
1403,shaeed rajaii,China,72061000,5000,41550,Iron & Steel Products,10500,30,750,10%,9%,4155,4113.45,50568.45,25%,10.11,2.53,12642.11
1403,shaeed rajaii,China,72221900,15500,41534,Iron & Steel Products,10500,30,2325,10%,9%,4153.4,4111.87,52124.27,25%,3.36,0.84,13031.07
1403,shaeed rajaii,China,85061030,4343,41443,Electrical Equipment,10500,30,651.45,15%,9%,6216.45,4289.35,52600.25,25%,12.11,3.03,13150.06
1403,shaeed rajaii,China,84121000,1200,41307,Industrial Machinery,10500,30,180,15%,9%,6196.05,4275.27,51958.32,25%,43.3,10.82,12989.58
1403,shaeed rajaii,China,44101210,83370,41287,General Goods,10500,30,12505.5,20%,9%,8257.4,4459,66508.9,25%,0.8,0.2,16627.22
1403,shaeed rajaii,China,35051020,58500,41026,General Goods,10500,30,8775,20%,9%,8205.2,4430.81,62437.01,25%,1.07,0.27,15609.25
1403,shaeed rajaii,China,28413000,20000,40967,General Goods,10500,30,3000,20%,9%,8193.4,4424.44,56584.84,25%,2.83,0.71,14146.21
1403,shaeed rajaii,China,90189069,6800,40959,General Goods,10500,30,1020,20%,9%,8191.8,4423.57,54594.37,25%,8.03,2.01,13648.59
1403,shaeed rajaii,China,39011020,23000,40795,Plastics & Polymers,10500,30,3450,20%,9%,8159,4405.86,56809.86,25%,2.47,0.62,14202.46
1403,shaeed rajaii,China,95073000,3452,40641,General Goods,10500,30,517.8,20%,9%,8128.2,4389.23,53676.23,25%,15.55,3.89,13419.06
1403,shaeed rajaii,China,29062990,6500,40462,Organic Chemicals,10500,30,975,15%,9%,6069.3,4187.82,51694.12,25%,7.95,1.99,12923.53
1403,shaeed rajaii,China,56039200,11200,40313,General Goods,10500,30,1680,20%,9%,8062.6,4353.8,54409.4,25%,4.86,1.22,13602.35
1403,shaeed rajaii,China,34059000,38345,40243,General Goods,10500,30,5751.75,20%,9%,8048.6,4346.24,58389.59,25%,1.52,0.38,14597.4
1403,shaeed rajaii,China,90183260,200,40200,General Goods,10500,30,30,20%,9%,8040,4341.6,52611.6,25%,263.06,65.76,13152.9
1403,shaeed rajaii,China,48051990,38997,40043,Paper & Paperboard,10500,30,5849.55,15%,9%,6006.45,4144.45,56043.45,25%,1.44,0.36,14010.86
1403,shaeed rajaii,China,39161090,3852,39763,Plastics & Polymers,10500,30,577.8,20%,9%,7952.6,4294.4,52587.8,25%,13.65,3.41,13146.95
1403,shaeed rajaii,China,95064010,1480,39541,General Goods,10500,30,222,20%,9%,7908.2,4270.43,51941.63,25%,35.1,8.78,12985.41
1403,shaeed rajaii,China,17021910,11000,39471,General Goods,10500,30,1650,20%,9%,7894.2,4262.87,53278.07,25%,4.84,1.21,13319.52
1403,shaeed rajaii,China,83112000,7500,39128,General Goods,10500,30,1125,20%,9%,7825.6,4225.82,52304.42,25%,6.97,1.74,13076.1
1403,shaeed rajaii,China,87141030,7405,38897,General Goods,10500,30,1110.75,20%,9%,7779.4,4200.88,51988.03,25%,7.02,1.76,12997.01
1403,shaeed rajaii,China,85181010,440,38628,Electrical Equipment,10500,30,66,15%,9%,5794.2,3998,48486.2,25%,110.2,27.55,12121.55
1403,shaeed rajaii,China,84279010,6765,38436,Industrial Machinery,10500,30,1014.75,15%,9%,5765.4,3978.13,49194.28,25%,7.27,1.82,12298.57
1403,shaeed rajaii,China,98870314,9114,38349,Vehicle/Chassis/Tractor Parts,10500,30,1367.1,40%,9%,15339.6,4831.97,59887.67,25%,6.57,1.64,14971.92
1403,shaeed rajaii,China,87141060,5344,38224,General Goods,10500,30,801.6,20%,9%,7644.8,4128.19,50798.59,25%,9.51,2.38,12699.65
1403,shaeed rajaii,China,81043000,5500,37837,General Goods,10500,30,825,20%,9%,7567.4,4086.4,50315.8,25%,9.15,2.29,12578.95
1403,shaeed rajaii,China,70111090,12339,37815,General Goods,10500,30,1850.85,20%,9%,7563,4084.02,51312.87,25%,4.16,1.04,12828.22
1403,shaeed rajaii,China,28269090,22000,37532,General Goods,10500,30,3300,20%,9%,7506.4,4053.46,52391.86,25%,2.38,0.6,13097.96
1403,shaeed rajaii,China,70191390,25171,37525,General Goods,10500,30,3775.65,20%,9%,7505,4052.7,52858.35,25%,2.1,0.52,13214.59
1403,shaeed rajaii,China,74050000,13880,37511,General Goods,10500,30,2082,20%,9%,7502.2,4051.19,51146.39,25%,3.68,0.92,12786.6
1403,shaeed rajaii,China,39204360,16200,37509,Plastics & Polymers,10500,30,2430,20%,9%,7501.8,4050.97,51491.77,25%,3.18,0.8,12872.94
1403,shaeed rajaii,China,84609010,9272,37321,Industrial Machinery,10500,30,1390.8,15%,9%,5598.15,3862.72,48172.67,25%,5.2,1.3,12043.17
1403,shaeed rajaii,China,84193400,7617,37256,Industrial Machinery,10500,30,1142.55,15%,9%,5588.4,3856,47842.95,25%,6.28,1.57,11960.74
1403,shaeed rajaii,China,29051700,15500,37121,Organic Chemicals,10500,30,2325,15%,9%,5568.15,3842.02,48856.17,25%,3.15,0.79,12214.04
1403,shaeed rajaii,China,85249200,4163,37073,Electrical Equipment,10500,30,624.45,15%,9%,5560.95,3837.06,47095.46,25%,11.31,2.83,11773.86
1403,shaeed rajaii,China,17029090,12000,36431,General Goods,10500,30,1800,20%,9%,7286.2,3934.55,49451.75,25%,4.12,1.03,12362.94
1403,shaeed rajaii,China,28365000,65000,36402,General Goods,10500,30,9750,20%,9%,7280.4,3931.42,57363.82,25%,0.88,0.22,14340.96
1403,shaeed rajaii,China,90153000,657,36231,General Goods,10500,30,98.55,20%,9%,7246.2,3912.95,47488.7,25%,72.28,18.07,11872.18
1403,shaeed rajaii,China,73259900,3572,36142,Articles of Iron & Steel,10500,30,535.8,10%,9%,3614.2,3578.06,43870.06,25%,12.28,3.07,10967.52
1403,shaeed rajaii,China,55012000,13128,35959,General Goods,10500,30,1969.2,20%,9%,7191.8,3883.57,49003.57,25%,3.73,0.93,12250.89
1403,shaeed rajaii,China,73042200,5513,35828,Articles of Iron & Steel,10500,30,826.95,10%,9%,3582.8,3546.97,43784.72,25%,7.94,1.98,10946.18
1403,shaeed rajaii,China,84193300,1270,35600,Industrial Machinery,10500,30,190.5,15%,9%,5340,3684.6,44815.1,25%,35.29,8.82,11203.78
1403,shaeed rajaii,China,54041910,8036,35577,General Goods,10500,30,1205.4,20%,9%,7115.4,3842.32,47740.12,25%,5.94,1.48,11935.03
1403,shaeed rajaii,China,39209300,15669,35160,Plastics & Polymers,10500,30,2350.35,20%,9%,7032,3797.28,48339.63,25%,3.09,0.77,12084.91
1403,shaeed rajaii,China,79040010,10000,35066,General Goods,10500,30,1500,20%,9%,7013.2,3787.13,47366.33,25%,4.74,1.18,11841.58
1403,shaeed rajaii,China,29331100,2000,34956,Organic Chemicals,10500,30,300,15%,9%,5243.4,3617.95,44117.35,25%,22.06,5.52,11029.34
1403,shaeed rajaii,China,87089922,18278,34938,Vehicle Parts & Accessories,10500,30,2741.7,25%,9%,8734.5,3930.52,50344.72,25%,2.75,0.69,12586.18
1403,shaeed rajaii,China,85437010,1005,34886,Electrical Equipment,10500,30,150.75,15%,9%,5232.9,3610.7,43880.35,25%,43.66,10.92,10970.09
1403,shaeed rajaii,China,84652000,6000,34539,Industrial Machinery,10500,30,900,15%,9%,5180.85,3574.79,44194.64,25%,7.37,1.84,11048.66
1403,shaeed rajaii,China,72029300,1010,34447,Iron & Steel Products,10500,30,151.5,10%,9%,3444.7,3410.25,41453.45,25%,41.04,10.26,10363.36
1403,shaeed rajaii,China,84797100,1400,34266,Machines & Mechanical Appliances,10500,30,210,15%,9%,5139.9,3546.53,43162.43,25%,30.83,7.71,10790.61
1403,shaeed rajaii,China,87032120,1365,34200,Passenger Vehicles,10500,30,204.75,45%,9%,15390,4463.1,54257.85,25%,39.75,9.94,13564.46
1403,shaeed rajaii,China,84619090,10292,34052,Industrial Machinery,10500,30,1543.8,15%,9%,5107.8,3524.38,44227.98,25%,4.3,1.08,11057
1403,shaeed rajaii,China,48103200,45978,34024,Paper & Paperboard,10500,30,6896.7,15%,9%,5103.6,3521.48,49545.78,25%,1.08,0.27,12386.44
1403,shaeed rajaii,China,73269070,2060,33989,Articles of Iron & Steel,10500,30,309,10%,9%,3398.9,3364.91,41061.81,25%,19.93,4.98,10265.45
1403,shaeed rajaii,China,79070090,1055,33894,General Goods,10500,30,158.25,20%,9%,6778.8,3660.55,44491.6,25%,42.17,10.54,11122.9
1403,shaeed rajaii,China,85361030,243,33840,Electrical Equipment,10500,30,36.45,15%,9%,5076,3502.44,42454.89,25%,174.71,43.68,10613.72
1403,shaeed rajaii,China,90318010,6540,33766,General Goods,10500,30,981,20%,9%,6753.2,3646.73,45146.93,25%,6.9,1.72,11286.73
1403,shaeed rajaii,China,40115000,16357,33345,Rubber & Tires,10500,30,2453.55,20%,9%,6669,3601.26,46068.81,25%,2.82,0.7,11517.2
1403,shaeed rajaii,China,28403000,16800,33329,General Goods,10500,30,2520,20%,9%,6665.8,3599.53,46114.33,25%,2.74,0.68,11528.58
1403,shaeed rajaii,China,25309020,43000,33169,General Goods,10500,30,6450,20%,9%,6633.8,3582.25,49835.05,25%,1.16,0.29,12458.76
1403,shaeed rajaii,China,84332000,7054,32949,Industrial Machinery,10500,30,1058.1,15%,9%,4942.35,3410.22,42359.67,25%,6.01,1.5,10589.92
1403,shaeed rajaii,China,76061120,11000,32806,General Goods,10500,30,1650,20%,9%,6561.2,3543.05,44560.25,25%,4.05,1.01,11140.06
1403,shaeed rajaii,China,29299090,21000,32740,Organic Chemicals,10500,30,3150,15%,9%,4911,3388.59,44189.59,25%,2.1,0.52,11047.4
1403,shaeed rajaii,China,29091900,7920,32647,Organic Chemicals,10500,30,1188,15%,9%,4897.05,3378.96,42111.01,25%,5.32,1.33,10527.75
1403,shaeed rajaii,China,40151920,17460,32641,Rubber & Tires,10500,30,2619,20%,9%,6528.2,3525.23,45313.43,25%,2.6,0.65,11328.36
1403,shaeed rajaii,China,39075090,5971,32557,Plastics & Polymers,10500,30,895.65,20%,9%,6511.4,3516.16,43480.21,25%,7.28,1.82,10870.05
1403,shaeed rajaii,China,84581110,3010,32525,Industrial Machinery,10500,30,451.5,15%,9%,4878.75,3366.34,41221.59,25%,13.69,3.42,10305.4
1403,shaeed rajaii,China,44072900,53379,32359,General Goods,10500,30,8006.85,20%,9%,6471.8,3494.77,50332.42,25%,0.94,0.24,12583.1
1403,shaeed rajaii,China,82024000,11877,32225,General Goods,10500,30,1781.55,20%,9%,6445,3480.3,43931.85,25%,3.7,0.92,10982.96
1403,shaeed rajaii,China,85354090,6493,32106,Electrical Equipment,10500,30,973.95,15%,9%,4815.9,3322.97,41218.82,25%,6.35,1.59,10304.7
1403,shaeed rajaii,China,72162200,7000,31957,Iron & Steel Products,10500,30,1050,10%,9%,3195.7,3163.74,39366.44,25%,5.62,1.4,9841.61
1403,shaeed rajaii,China,15131990,15200,31893,General Goods,10500,30,2280,20%,9%,6378.6,3444.44,43996.04,25%,2.89,0.72,10999.01
1403,shaeed rajaii,China,85114090,7659,31829,Electrical Equipment,10500,30,1148.85,15%,9%,4774.35,3294.3,41046.5,25%,5.36,1.34,10261.62
1403,shaeed rajaii,China,84797900,5890,31611,Machines & Mechanical Appliances,10500,30,883.5,15%,9%,4741.65,3271.74,40507.89,25%,6.88,1.72,10126.97
1403,shaeed rajaii,China,72029100,6000,31491,Iron & Steel Products,10500,30,900,10%,9%,3149.1,3117.61,38657.71,25%,6.44,1.61,9664.43
1403,shaeed rajaii,China,29202900,20000,31469,Organic Chemicals,10500,30,3000,15%,9%,4720.35,3257.04,42446.39,25%,2.12,0.53,10611.6
1403,shaeed rajaii,China,76161090,7063,31323,General Goods,10500,30,1059.45,20%,9%,6264.6,3382.88,42029.93,25%,5.95,1.49,10507.48
1403,shaeed rajaii,China,89059000,123,31300,General Goods,10500,30,18.45,20%,9%,6260,3380.4,40958.85,25%,333,83.25,10239.71
1403,shaeed rajaii,China,44079590,54400,31003,General Goods,10500,30,8160,20%,9%,6200.6,3348.32,48711.92,25%,0.9,0.22,12177.98
1403,shaeed rajaii,China,87113013,1553,30927,General Goods,10500,30,232.95,20%,9%,6185.4,3340.12,40685.47,25%,26.2,6.55,10171.37
1403,shaeed rajaii,China,85462049,2662,30674,Electrical Equipment,10500,30,399.3,15%,9%,4601.1,3174.76,38849.16,25%,14.59,3.65,9712.29
1403,shaeed rajaii,China,55014000,29500,30595,General Goods,10500,30,4425,20%,9%,6119,3304.26,44443.26,25%,1.51,0.38,11110.82
1403,shaeed rajaii,China,84359000,55779,30552,Industrial Machinery,10500,30,8366.85,15%,9%,4582.8,3162.13,46663.78,25%,0.84,0.21,11665.94
1403,shaeed rajaii,China,90159000,1635,30477,General Goods,10500,30,245.25,20%,9%,6095.4,3291.52,40109.17,25%,24.53,6.13,10027.29
1403,shaeed rajaii,China,39219040,18676,30282,Plastics & Polymers,10500,30,2801.4,20%,9%,6056.4,3270.46,42410.26,25%,2.27,0.57,10602.56
1403,shaeed rajaii,China,87083011,2494,30217,Vehicle Parts & Accessories,10500,30,374.1,25%,9%,7554.25,3399.41,41544.76,25%,16.66,4.16,10386.19
1403,shaeed rajaii,China,90303300,795,30151,General Goods,10500,30,119.25,20%,9%,6030.2,3256.31,39556.76,25%,49.76,12.44,9889.19
1403,shaeed rajaii,China,90151090,82,29989,General Goods,10500,30,12.3,20%,9%,5997.8,3238.81,39237.91,25%,478.51,119.63,9809.48
1403,shaeed rajaii,China,84511000,2240,29642,Industrial Machinery,10500,30,336,15%,9%,4446.3,3067.95,37492.25,25%,16.74,4.18,9373.06
1403,shaeed rajaii,China,85323000,4463,29575,Electrical Equipment,10500,30,669.45,15%,9%,4436.25,3061.01,37741.71,25%,8.46,2.12,9435.43
1403,shaeed rajaii,China,81122100,5800,29516,General Goods,10500,30,870,20%,9%,5903.2,3187.73,39476.93,25%,6.81,1.7,9869.23
1403,shaeed rajaii,China,48045100,28604,29469,Paper & Paperboard,10500,30,4290.6,15%,9%,4420.35,3050.04,41229.99,25%,1.44,0.36,10307.5
1403,shaeed rajaii,China,90179000,6964,29359,General Goods,10500,30,1044.6,20%,9%,5871.8,3170.77,39446.17,25%,5.66,1.42,9861.54
1403,shaeed rajaii,China,73181390,228,29111,Articles of Iron & Steel,10500,30,34.2,10%,9%,2911.1,2881.99,34938.29,25%,153.24,38.31,8734.57
1403,shaeed rajaii,China,90138090,4368,29098,General Goods,10500,30,655.2,20%,9%,5819.6,3142.58,38715.38,25%,8.86,2.22,9678.84
1403,shaeed rajaii,China,98870362,4401,29067,Vehicle/Chassis/Tractor Parts,10500,30,660.15,40%,9%,11626.8,3662.44,45016.39,25%,10.23,2.56,11254.1
1403,shaeed rajaii,China,28332939,48000,29059,General Goods,10500,30,7200,20%,9%,5811.8,3138.37,45209.17,25%,0.94,0.24,11302.29
1403,shaeed rajaii,China,29201900,17600,28892,Organic Chemicals,10500,30,2640,15%,9%,4333.8,2990.32,38856.12,25%,2.21,0.55,9714.03
1403,shaeed rajaii,China,15211010,5000,28838,General Goods,10500,30,750,20%,9%,5767.6,3114.5,38470.1,25%,7.69,1.92,9617.52
1403,shaeed rajaii,China,95066290,3953,28827,General Goods,10500,30,592.95,20%,9%,5765.4,3113.32,38298.67,25%,9.69,2.42,9574.67
1403,shaeed rajaii,China,73053100,90000,28754,Articles of Iron & Steel,10500,30,13500,10%,9%,2875.4,2846.65,47976.05,25%,0.53,0.13,11994.01
1403,shaeed rajaii,China,6021010,12700,28658,General Goods,10500,30,1905,20%,9%,5731.6,3095.06,39389.66,25%,3.1,0.78,9847.42
1403,shaeed rajaii,China,84283100,8782,28563,Industrial Machinery,10500,30,1317.3,15%,9%,4284.45,2956.27,37121.02,25%,4.23,1.06,9280.25
1403,shaeed rajaii,China,90066900,3950,28468,General Goods,10500,30,592.5,20%,9%,5693.6,3074.54,37828.64,25%,9.58,2.4,9457.16
1403,shaeed rajaii,China,39059110,5850,28364,Plastics & Polymers,10500,30,877.5,20%,9%,5672.8,3063.31,37977.61,25%,6.49,1.62,9494.4
1403,shaeed rajaii,China,74152900,2133,28288,General Goods,10500,30,319.95,20%,9%,5657.6,3055.1,37320.65,25%,17.5,4.38,9330.16
1403,shaeed rajaii,China,29173500,18000,28187,Organic Chemicals,10500,30,2700,15%,9%,4228.05,2917.35,38032.4,25%,2.11,0.53,9508.1
1403,shaeed rajaii,China,33021090,1530,28185,General Goods,10500,30,229.5,20%,9%,5637,3043.98,37095.48,25%,24.25,6.06,9273.87
1403,shaeed rajaii,China,85361040,594,28053,Electrical Equipment,10500,30,89.1,15%,9%,4207.95,2903.49,35253.54,25%,59.35,14.84,8813.38
1403,shaeed rajaii,China,54026200,17425,28036,General Goods,10500,30,2613.75,20%,9%,5607.2,3027.89,39284.84,25%,2.25,0.56,9821.21
1403,shaeed rajaii,China,29012300,6300,27974,Organic Chemicals,10500,30,945,15%,9%,4196.1,2895.31,36010.41,25%,5.72,1.43,9002.6
1403,shaeed rajaii,China,84261200,17000,27561,Industrial Machinery,10500,30,2550,15%,9%,4134.15,2852.56,37097.71,25%,2.18,0.55,9274.43
1403,shaeed rajaii,China,84729040,5550,27553,Industrial Machinery,10500,30,832.5,15%,9%,4132.95,2851.74,35370.19,25%,6.37,1.59,8842.55
1403,shaeed rajaii,China,60052100,8228,27325,General Goods,10500,30,1234.2,20%,9%,5465,2951.1,36975.3,25%,4.49,1.12,9243.83
1403,shaeed rajaii,China,70052110,24500,27319,General Goods,10500,30,3675,20%,9%,5463.8,2950.45,39408.25,25%,1.61,0.4,9852.06
1403,shaeed rajaii,China,83021010,6670,27230,General Goods,10500,30,1000.5,20%,9%,5446,2940.84,36617.34,25%,5.49,1.37,9154.33
1403,shaeed rajaii,China,90111000,769,27196,General Goods,10500,30,115.35,20%,9%,5439.2,2937.17,35687.72,25%,46.41,11.6,8921.93
1403,shaeed rajaii,China,38130000,19000,27047,Chemical Products,10500,30,2850,15%,9%,4057.05,2799.36,36753.41,25%,1.93,0.48,9188.35
1403,shaeed rajaii,China,89079090,10800,26984,General Goods,10500,30,1620,20%,9%,5396.8,2914.27,36915.07,25%,3.42,0.86,9228.77
1403,shaeed rajaii,China,70072120,6535,26976,General Goods,10500,30,980.25,20%,9%,5395.2,2913.41,36264.86,25%,5.55,1.39,9066.22
1403,shaeed rajaii,China,81059000,1080,26942,General Goods,10500,30,162,20%,9%,5388.4,2909.74,35402.14,25%,32.78,8.2,8850.54
1403,shaeed rajaii,China,90230090,3950,26880,General Goods,10500,30,592.5,20%,9%,5376,2903.04,35751.54,25%,9.05,2.26,8937.88
1403,shaeed rajaii,China,85183090,1000,26877,Electrical Equipment,10500,30,150,15%,9%,4031.55,2781.77,33840.32,25%,33.84,8.46,8460.08
1403,shaeed rajaii,China,73181290,26000,26730,Articles of Iron & Steel,10500,30,3900,10%,9%,2673,2646.27,35949.27,25%,1.38,0.34,8987.32
1403,shaeed rajaii,China,87149130,15895,26582,General Goods,10500,30,2384.25,20%,9%,5316.4,2870.86,37153.51,25%,2.34,0.58,9288.38
1403,shaeed rajaii,China,85394900,175,26543,Electrical Equipment,10500,30,26.25,15%,9%,3981.45,2747.2,33297.9,25%,190.27,47.57,8324.48
1403,shaeed rajaii,China,85068030,1735,26476,Electrical Equipment,10500,30,260.25,15%,9%,3971.4,2740.27,33447.92,25%,19.28,4.82,8361.98
1403,shaeed rajaii,China,87164000,4300,26272,General Goods,10500,30,645,20%,9%,5254.4,2837.38,35008.78,25%,8.14,2.04,8752.2
1403,shaeed rajaii,China,29032200,22400,26256,Organic Chemicals,10500,30,3360,15%,9%,3938.4,2717.5,36271.9,25%,1.62,0.4,9067.98
1403,shaeed rajaii,China,72101100,39896,26153,Iron & Steel Products,10500,30,5984.4,10%,9%,2615.3,2589.15,37341.85,25%,0.94,0.24,9335.46
1403,shaeed rajaii,China,83023010,3433,26131,General Goods,10500,30,514.95,20%,9%,5226.2,2822.15,34694.3,25%,10.11,2.53,8673.58
1403,shaeed rajaii,China,87113092,7793,26128,General Goods,10500,30,1168.95,20%,9%,5225.6,2821.82,35344.37,25%,4.54,1.14,8836.09
1403,shaeed rajaii,China,29039100,16000,26105,Organic Chemicals,10500,30,2400,15%,9%,3915.75,2701.87,35122.62,25%,2.2,0.55,8780.66
1403,shaeed rajaii,China,70022090,30302,25959,General Goods,10500,30,4545.3,20%,9%,5191.8,2803.57,38499.67,25%,1.27,0.32,9624.92
1403,shaeed rajaii,China,60052200,3877,25956,General Goods,10500,30,581.55,20%,9%,5191.2,2803.25,34532,25%,8.91,2.23,8633
1403,shaeed rajaii,China,72085390,10380,25703,Iron & Steel Products,10500,30,1557,10%,9%,2570.3,2544.6,32374.9,25%,3.12,0.78,8093.72
1403,shaeed rajaii,China,74032100,1421,25670,General Goods,10500,30,213.15,20%,9%,5134,2772.36,33789.51,25%,23.78,5.94,8447.38
1403,shaeed rajaii,China,72287000,19050,25621,Iron & Steel Products,10500,30,2857.5,10%,9%,2562.1,2536.48,33577.08,25%,1.76,0.44,8394.27
1403,shaeed rajaii,China,34070090,7438,25619,General Goods,10500,30,1115.7,20%,9%,5123.8,2766.85,34625.35,25%,4.66,1.16,8656.34
1403,shaeed rajaii,China,87013010,8184,25488,General Goods,10500,30,1227.6,20%,9%,5097.6,2752.7,34565.9,25%,4.22,1.06,8641.48
1403,shaeed rajaii,China,91129000,1007,25484,General Goods,10500,30,151.05,20%,9%,5096.8,2752.27,33484.12,25%,33.25,8.31,8371.03
1403,shaeed rajaii,China,85258300,2549,25472,Electrical Equipment,10500,30,382.35,15%,9%,3820.8,2636.35,32311.5,25%,12.68,3.17,8077.88
1403,shaeed rajaii,China,90189061,1200,25325,General Goods,10500,30,180,20%,9%,5065,2735.1,33305.1,25%,27.75,6.94,8326.28
1403,shaeed rajaii,China,87045190,3693,25243,General Goods,10500,30,553.95,20%,9%,5048.6,2726.24,33571.79,25%,9.09,2.27,8392.95
1403,shaeed rajaii,China,38059000,14800,25242,Chemical Products,10500,30,2220,15%,9%,3786.3,2612.55,33860.85,25%,2.29,0.57,8465.21
1403,shaeed rajaii,China,72299090,22680,25173,Iron & Steel Products,10500,30,3402,10%,9%,2517.3,2492.13,33584.43,25%,1.48,0.37,8396.11
1403,shaeed rajaii,China,74091900,2145,24891,General Goods,10500,30,321.75,20%,9%,4978.2,2688.23,32879.18,25%,15.33,3.83,8219.8
1403,shaeed rajaii,China,48114900,6800,24728,Paper & Paperboard,10500,30,1020,15%,9%,3709.2,2559.35,32016.55,25%,4.71,1.18,8004.14
1403,shaeed rajaii,China,28539090,2400,24658,General Goods,10500,30,360,20%,9%,4931.6,2663.06,32612.66,25%,13.59,3.4,8153.16
1403,shaeed rajaii,China,85462090,809,24529,Electrical Equipment,10500,30,121.35,15%,9%,3679.35,2538.75,30868.45,25%,38.16,9.54,7717.11
1403,shaeed rajaii,China,91061000,854,24421,General Goods,10500,30,128.1,20%,9%,4884.2,2637.47,32070.77,25%,37.55,9.39,8017.69
1403,shaeed rajaii,China,87149690,7464,24367,General Goods,10500,30,1119.6,20%,9%,4873.4,2631.64,32991.64,25%,4.42,1.1,8247.91
1403,shaeed rajaii,China,96062900,6605,24269,General Goods,10500,30,990.75,20%,9%,4853.8,2621.05,32734.6,25%,4.96,1.24,8183.65
1403,shaeed rajaii,China,82059000,9891,24244,General Goods,10500,30,1483.65,20%,9%,4848.8,2618.35,33194.8,25%,3.36,0.84,8298.7
1403,shaeed rajaii,China,80070090,1000,24161,General Goods,10500,30,150,20%,9%,4832.2,2609.39,31752.59,25%,31.75,7.94,7938.15
1403,shaeed rajaii,China,76130090,2337,24104,General Goods,10500,30,350.55,20%,9%,4820.8,2603.23,31878.58,25%,13.64,3.41,7969.64
1403,shaeed rajaii,China,85151910,1270,23974,Electrical Equipment,10500,30,190.5,15%,9%,3596.1,2481.31,30241.91,25%,23.81,5.95,7560.48
1403,shaeed rajaii,China,91149000,1995,23898,General Goods,10500,30,299.25,20%,9%,4779.6,2580.98,31557.83,25%,15.82,3.96,7889.46
1403,shaeed rajaii,China,28289090,10000,23888,General Goods,10500,30,1500,20%,9%,4777.6,2579.9,32745.5,25%,3.27,0.82,8186.38
1403,shaeed rajaii,China,70049090,26480,23834,General Goods,10500,30,3972,20%,9%,4766.8,2574.07,35146.87,25%,1.33,0.33,8786.72
1403,shaeed rajaii,China,84335990,1100,23813,Industrial Machinery,10500,30,165,15%,9%,3571.95,2464.65,30014.6,25%,27.29,6.82,7503.65
1403,shaeed rajaii,China,82054090,5813,23717,General Goods,10500,30,871.95,20%,9%,4743.4,2561.44,31893.79,25%,5.49,1.37,7973.45
1403,shaeed rajaii,China,85459010,14991,23686,Electrical Equipment,10500,30,2248.65,15%,9%,3552.9,2451.5,31939.05,25%,2.13,0.53,7984.76
1403,shaeed rajaii,China,87149920,5874,23629,General Goods,10500,30,881.1,20%,9%,4725.8,2551.93,31787.83,25%,5.41,1.35,7946.96
1403,shaeed rajaii,China,68091900,22135,23550,General Goods,10500,30,3320.25,20%,9%,4710,2543.4,34123.65,25%,1.54,0.38,8530.91
1403,shaeed rajaii,China,29191000,20000,23503,Organic Chemicals,10500,30,3000,15%,9%,3525.45,2432.56,32461.01,25%,1.62,0.4,8115.25
1403,shaeed rajaii,China,87083019,6727,23466,Vehicle Parts & Accessories,10500,30,1009.05,25%,9%,5866.5,2639.92,32981.47,25%,4.9,1.23,8245.37
1403,shaeed rajaii,China,42021900,493,23340,General Goods,10500,30,73.95,20%,9%,4668,2520.72,30602.67,25%,62.07,15.52,7650.67
1403,shaeed rajaii,China,40069010,282,23217,Rubber & Tires,10500,30,42.3,20%,9%,4643.4,2507.44,30410.14,25%,107.84,26.96,7602.54
1403,shaeed rajaii,China,90160010,460,23115,General Goods,10500,30,69,20%,9%,4623,2496.42,30303.42,25%,65.88,16.47,7575.86
1403,shaeed rajaii,China,70051020,21895,23036,General Goods,10500,30,3284.25,20%,9%,4607.2,2487.89,33415.34,25%,1.53,0.38,8353.83
1403,shaeed rajaii,China,84451900,5960,23036,Industrial Machinery,10500,30,894,15%,9%,3455.4,2384.23,29769.63,25%,4.99,1.25,7442.41
1403,shaeed rajaii,China,32091010,2400,23009,General Goods,10500,30,360,20%,9%,4601.8,2484.97,30455.77,25%,12.69,3.17,7613.94
1403,shaeed rajaii,China,70179030,1339,22904,General Goods,10500,30,200.85,20%,9%,4580.8,2473.63,30159.28,25%,22.52,5.63,7539.82
1403,shaeed rajaii,China,73239910,5900,22677,Articles of Iron & Steel,10500,30,885,10%,9%,2267.7,2245.02,28074.72,25%,4.76,1.19,7018.68
1403,shaeed rajaii,China,85334020,779,22667,Electrical Equipment,10500,30,116.85,15%,9%,3400.05,2346.03,28529.93,25%,36.62,9.15,7132.48
1403,shaeed rajaii,China,25293010,48000,22411,General Goods,10500,30,7200,20%,9%,4482.2,2420.39,36513.59,25%,0.76,0.19,9128.4
1403,shaeed rajaii,China,39239010,1981,22384,Plastics & Polymers,10500,30,297.15,20%,9%,4476.8,2417.47,29575.42,25%,14.93,3.73,7393.86
1403,shaeed rajaii,China,90159090,739,22270,General Goods,10500,30,110.85,20%,9%,4454,2405.16,29240.01,25%,39.57,9.89,7310
1403,shaeed rajaii,China,38122020,12500,22236,Chemical Products,10500,30,1875,15%,9%,3335.4,2301.43,29747.83,25%,2.38,0.6,7436.96
1403,shaeed rajaii,China,75071100,2009,22235,General Goods,10500,30,301.35,20%,9%,4447,2401.38,29384.73,25%,14.63,3.66,7346.18
1403,shaeed rajaii,China,28332990,27000,22099,General Goods,10500,30,4050,20%,9%,4419.8,2386.69,32955.49,25%,1.22,0.3,8238.87
1403,shaeed rajaii,China,90278920,72,22084,General Goods,10500,30,10.8,20%,9%,4416.8,2385.07,28896.67,25%,401.34,100.34,7224.17
1403,shaeed rajaii,China,81019400,800,22045,General Goods,10500,30,120,20%,9%,4409,2380.86,28954.86,25%,36.19,9.05,7238.72
1403,shaeed rajaii,China,84238290,3048,22006,Industrial Machinery,10500,30,457.2,15%,9%,3300.9,2277.62,28041.72,25%,9.2,2.3,7010.43
1403,shaeed rajaii,China,84269100,2560,22000,Industrial Machinery,10500,30,384,15%,9%,3300,2277,27961,25%,10.92,2.73,6990.25
1403,shaeed rajaii,China,73201000,9118,21969,Articles of Iron & Steel,10500,30,1367.7,10%,9%,2196.9,2174.93,27708.53,25%,3.04,0.76,6927.13
1403,shaeed rajaii,China,90289030,1080,21896,General Goods,10500,30,162,20%,9%,4379.2,2364.77,28801.97,25%,26.67,6.67,7200.49
1403,shaeed rajaii,China,29221110,14280,21648,Organic Chemicals,10500,30,2142,15%,9%,3247.2,2240.57,29277.77,25%,2.05,0.51,7319.44
1403,shaeed rajaii,China,72254090,20936,21634,Iron & Steel Products,10500,30,3140.4,10%,9%,2163.4,2141.77,29079.57,25%,1.39,0.35,7269.89
1403,shaeed rajaii,China,82029100,216,21385,General Goods,10500,30,32.4,20%,9%,4277,2309.58,28003.98,25%,129.65,32.41,7001
1403,shaeed rajaii,China,84802000,874,21324,Industrial Machinery,10500,30,131.1,15%,9%,3198.6,2207.03,26860.73,25%,30.73,7.68,6715.18
1403,shaeed rajaii,China,90011019,800,21221,General Goods,10500,30,120,20%,9%,4244.2,2291.87,27877.07,25%,34.85,8.71,6969.27
1403,shaeed rajaii,China,29034200,5462,21155,Organic Chemicals,10500,30,819.3,15%,9%,3173.25,2189.54,27337.09,25%,5,1.25,6834.27
1403,shaeed rajaii,China,84818081,5042,20414,Industrial Machinery,10500,30,756.3,15%,9%,3062.1,2112.85,26345.25,25%,5.23,1.31,6586.31
1403,shaeed rajaii,China,85462041,3447,20411,Electrical Equipment,10500,30,517.05,15%,9%,3061.65,2112.54,26102.24,25%,7.57,1.89,6525.56
1403,shaeed rajaii,China,53071000,13000,20208,General Goods,10500,30,1950,20%,9%,4041.6,2182.46,28382.06,25%,2.18,0.55,7095.52
1403,shaeed rajaii,China,85066010,7538,20199,Electrical Equipment,10500,30,1130.7,15%,9%,3029.85,2090.6,26450.15,25%,3.51,0.88,6612.54
1403,shaeed rajaii,China,90278990,470,20030,General Goods,10500,30,70.5,20%,9%,4006,2163.24,26269.74,25%,55.89,13.97,6567.44
1403,shaeed rajaii,China,38012000,5800,20017,Chemical Products,10500,30,870,15%,9%,3002.55,2071.76,25961.31,25%,4.48,1.12,6490.33
1403,shaeed rajaii,China,25083000,19000,20000,General Goods,10500,30,2850,20%,9%,4000,2160,29010,25%,1.53,0.38,7252.5
1403,shaeed rajaii,China,87032329,2030,19815,Passenger Vehicles,10500,30,304.5,45%,9%,8916.75,2585.86,31622.11,25%,15.58,3.9,7905.53
1403,shaeed rajaii,China,84523000,243,19537,Industrial Machinery,10500,30,36.45,15%,9%,2930.55,2022.08,24526.08,25%,100.93,25.23,6131.52
1403,shaeed rajaii,China,84613000,2320,19459,Industrial Machinery,10500,30,348,15%,9%,2918.85,2014.01,24739.86,25%,10.66,2.66,6184.96
1403,shaeed rajaii,China,90160090,524,19380,General Goods,10500,30,78.6,20%,9%,3876,2093.04,25427.64,25%,48.53,12.13,6356.91
1403,shaeed rajaii,China,48026900,18000,19234,Paper & Paperboard,10500,30,2700,15%,9%,2885.1,1990.72,26809.82,25%,1.49,0.37,6702.46
1403,shaeed rajaii,China,54079100,2995,19159,General Goods,10500,30,449.25,20%,9%,3831.8,2069.17,25509.22,25%,8.52,2.13,6377.3
1403,shaeed rajaii,China,84295212,23600,19008,Industrial Machinery,10500,30,3540,15%,9%,2851.2,1967.33,27366.53,25%,1.16,0.29,6841.63
1403,shaeed rajaii,China,58079000,4862,18835,General Goods,10500,30,729.3,20%,9%,3767,2034.18,25365.48,25%,5.22,1.3,6341.37
1403,shaeed rajaii,China,74130000,567,18833,General Goods,10500,30,85.05,20%,9%,3766.6,2033.96,24718.61,25%,43.6,10.9,6179.65
1403,shaeed rajaii,China,85459090,8990,18831,Electrical Equipment,10500,30,1348.5,15%,9%,2824.65,1949.01,24953.16,25%,2.78,0.7,6238.29
1403,shaeed rajaii,China,85446030,140,18808,Electrical Equipment,10500,30,21,15%,9%,2821.2,1946.63,23596.83,25%,168.55,42.14,5899.21
1403,shaeed rajaii,China,81083000,1170,18800,General Goods,10500,30,175.5,20%,9%,3760,2030.4,24765.9,25%,21.17,5.29,6191.48
1403,shaeed rajaii,China,68138990,1737,18585,General Goods,10500,30,260.55,20%,9%,3717,2007.18,24569.73,25%,14.14,3.54,6142.43
1403,shaeed rajaii,China,39201030,11920,18557,Plastics & Polymers,10500,30,1788,20%,9%,3711.4,2004.16,26060.56,25%,2.19,0.55,6515.14
1403,shaeed rajaii,China,85407100,996,18472,Electrical Equipment,10500,30,149.4,15%,9%,2770.8,1911.85,23304.05,25%,23.4,5.85,5826.01
1403,shaeed rajaii,China,37079010,7110,18247,General Goods,10500,30,1066.5,20%,9%,3649.4,1970.68,24933.58,25%,3.51,0.88,6233.4
1403,shaeed rajaii,China,84284000,23985,18218,Industrial Machinery,10500,30,3597.75,15%,9%,2732.7,1885.56,26434.01,25%,1.1,0.28,6608.5
1403,shaeed rajaii,China,84431400,930,18090,Industrial Machinery,10500,30,139.5,15%,9%,2713.5,1872.31,22815.31,25%,24.53,6.13,5703.83
1403,shaeed rajaii,China,75022000,150,17732,General Goods,10500,30,22.5,20%,9%,3546.4,1915.06,23215.96,25%,154.77,38.69,5803.99
1403,shaeed rajaii,China,56089000,3618,17686,General Goods,10500,30,542.7,20%,9%,3537.2,1910.09,23675.99,25%,6.54,1.64,5919
1403,shaeed rajaii,China,94013900,3750,17321,General Goods,10500,30,562.5,20%,9%,3464.2,1870.67,23218.37,25%,6.19,1.55,5804.59
1403,shaeed rajaii,China,44123100,26000,17249,General Goods,10500,30,3900,20%,9%,3449.8,1862.89,26461.69,25%,1.02,0.26,6615.42
1403,shaeed rajaii,China,68042230,2527,17192,General Goods,10500,30,379.05,20%,9%,3438.4,1856.74,22866.19,25%,9.05,2.26,5716.55
1403,shaeed rajaii,China,39233010,5437,17174,Plastics & Polymers,10500,30,815.55,20%,9%,3434.8,1854.79,23279.14,25%,4.28,1.07,5819.78
1403,shaeed rajaii,China,82055100,3640,17090,General Goods,10500,30,546,20%,9%,3418,1845.72,22899.72,25%,6.29,1.57,5724.93
1403,shaeed rajaii,China,29213020,15621,16815,Organic Chemicals,10500,30,2343.15,15%,9%,2522.25,1740.35,23420.75,25%,1.5,0.38,5855.19
1403,shaeed rajaii,China,87116030,1813,16803,General Goods,10500,30,271.95,20%,9%,3360.6,1814.72,22250.27,25%,12.27,3.07,5562.57
1403,shaeed rajaii,China,39219050,2403,16723,Plastics & Polymers,10500,30,360.45,20%,9%,3344.6,1806.08,22234.13,25%,9.25,2.31,5558.53
1403,shaeed rajaii,China,85321000,1856,16681,Electrical Equipment,10500,30,278.4,15%,9%,2502.15,1726.48,21188.03,25%,11.42,2.86,5297.01
1403,shaeed rajaii,China,73110020,7639,16671,Articles of Iron & Steel,10500,30,1145.85,10%,9%,1667.1,1650.43,21134.38,25%,2.77,0.69,5283.6
1403,shaeed rajaii,China,68062010,5500,16546,General Goods,10500,30,825,20%,9%,3309.2,1786.97,22467.17,25%,4.08,1.02,5616.79
1403,shaeed rajaii,China,73151110,5030,16533,Articles of Iron & Steel,10500,30,754.5,10%,9%,1653.3,1636.77,20577.57,25%,4.09,1.02,5144.39
1403,shaeed rajaii,China,59080000,1018,16465,General Goods,10500,30,152.7,20%,9%,3293,1778.22,21688.92,25%,21.31,5.33,5422.23
1403,shaeed rajaii,China,90278910,4,16461,General Goods,10500,30,0.6,20%,9%,3292.2,1777.79,21531.59,25%,5382.9,1345.72,5382.9
1403,shaeed rajaii,China,37024300,435,16317,General Goods,10500,30,65.25,20%,9%,3263.4,1762.24,21407.89,25%,49.21,12.3,5351.97
1403,shaeed rajaii,China,85480000,331,16300,Electrical Equipment,10500,30,49.65,15%,9%,2445,1687.05,20481.7,25%,61.88,15.47,5120.42
1403,shaeed rajaii,China,39172300,3976,16212,Plastics & Polymers,10500,30,596.4,20%,9%,3242.4,1750.9,21801.7,25%,5.48,1.37,5450.42
1403,shaeed rajaii,China,28371990,5000,16061,General Goods,10500,30,750,20%,9%,3212.2,1734.59,21757.79,25%,4.35,1.09,5439.45
1403,shaeed rajaii,China,75081010,214,16033,General Goods,10500,30,32.1,20%,9%,3206.6,1731.56,21003.26,25%,98.15,24.54,5250.82
1403,shaeed rajaii,China,39093920,4000,15970,Plastics & Polymers,10500,30,600,20%,9%,3194,1724.76,21488.76,25%,5.37,1.34,5372.19
1403,shaeed rajaii,China,29093090,700,15658,Organic Chemicals,10500,30,105,15%,9%,2348.7,1620.6,19732.3,25%,28.19,7.05,4933.08
1403,shaeed rajaii,China,90278190,19,15575,General Goods,10500,30,2.85,20%,9%,3115,1682.1,20374.95,25%,1072.37,268.09,5093.74
1403,shaeed rajaii,China,33019090,2000,15548,General Goods,10500,30,300,20%,9%,3109.6,1679.18,20636.78,25%,10.32,2.58,5159.2
1403,shaeed rajaii,China,85366100,1430,15477,Electrical Equipment,10500,30,214.5,15%,9%,2321.55,1601.87,19614.92,25%,13.72,3.43,4903.73
1403,shaeed rajaii,China,85072090,1538,15471,Electrical Equipment,10500,30,230.7,15%,9%,2320.65,1601.25,19623.6,25%,12.76,3.19,4905.9
1403,shaeed rajaii,China,98870371,1400,15412,Vehicle/Chassis/Tractor Parts,10500,30,210,40%,9%,6164.8,1941.91,23728.71,25%,16.95,4.24,5932.18
1403,shaeed rajaii,China,90059000,904,15404,General Goods,10500,30,135.6,20%,9%,3080.8,1663.63,20284.03,25%,22.44,5.61,5071.01
1403,shaeed rajaii,China,70199010,9880,15387,General Goods,10500,30,1482,20%,9%,3077.4,1661.8,21608.2,25%,2.19,0.55,5402.05
1403,shaeed rajaii,China,29312000,21600,15336,Organic Chemicals,10500,30,3240,15%,9%,2300.4,1587.28,22463.68,25%,1.04,0.26,5615.92
1403,shaeed rajaii,China,85052000,3045,15239,Electrical Equipment,10500,30,456.75,15%,9%,2285.85,1577.24,19558.84,25%,6.42,1.6,4889.71
1403,shaeed rajaii,China,85235110,4,15194,Electrical Equipment,10500,30,0.6,15%,9%,2279.1,1572.58,19046.28,25%,4761.57,1190.39,4761.57
1403,shaeed rajaii,China,39211100,5207,15184,Plastics & Polymers,10500,30,781.05,20%,9%,3036.8,1639.87,20641.72,25%,3.96,0.99,5160.43
1403,shaeed rajaii,China,56012190,2550,15062,General Goods,10500,30,382.5,20%,9%,3012.4,1626.7,20083.6,25%,7.88,1.97,5020.9
1403,shaeed rajaii,China,85363020,1026,15062,Electrical Equipment,10500,30,153.9,15%,9%,2259.3,1558.92,19034.12,25%,18.55,4.64,4758.53
1403,shaeed rajaii,China,29031900,3500,15031,Organic Chemicals,10500,30,525,15%,9%,2254.65,1555.71,19366.36,25%,5.53,1.38,4841.59
1403,shaeed rajaii,China,76129030,340,14922,General Goods,10500,30,51,20%,9%,2984.4,1611.58,19568.98,25%,57.56,14.39,4892.24
1403,shaeed rajaii,China,31049090,3180,14861,General Goods,10500,30,477,20%,9%,2972.2,1604.99,19915.19,25%,6.26,1.56,4978.8
1403,shaeed rajaii,China,25020000,28000,14816,General Goods,10500,30,4200,20%,9%,2963.2,1600.13,23579.33,25%,0.84,0.21,5894.83
1403,shaeed rajaii,China,79070010,3299,14731,General Goods,10500,30,494.85,20%,9%,2946.2,1590.95,19763,25%,5.99,1.5,4940.75
1403,shaeed rajaii,China,87042110,2000,14639,General Goods,10500,30,300,20%,9%,2927.8,1581.01,19447.81,25%,9.72,2.43,4861.95
1403,shaeed rajaii,China,60033000,987,14561,General Goods,10500,30,148.05,20%,9%,2912.2,1572.59,19193.84,25%,19.45,4.86,4798.46
1403,shaeed rajaii,China,84729050,790,14262,Industrial Machinery,10500,30,118.5,15%,9%,2139.3,1476.12,17995.92,25%,22.78,5.7,4498.98
1403,shaeed rajaii,China,84718090,184,14261,Industrial Machinery,10500,30,27.6,15%,9%,2139.15,1476.01,17903.76,25%,97.3,24.32,4475.94
1403,shaeed rajaii,China,72028000,500,13938,Iron & Steel Products,10500,30,75,10%,9%,1393.8,1379.86,16786.66,25%,33.57,8.39,4196.66
1403,shaeed rajaii,China,82032000,4522,13927,General Goods,10500,30,678.3,20%,9%,2785.4,1504.12,18894.82,25%,4.18,1.04,4723.7
1403,shaeed rajaii,China,70071990,746,13651,General Goods,10500,30,111.9,20%,9%,2730.2,1474.31,17967.41,25%,24.08,6.02,4491.85
1403,shaeed rajaii,China,85364110,510,13626,Electrical Equipment,10500,30,76.5,15%,9%,2043.9,1410.29,17156.69,25%,33.64,8.41,4289.17
1403,shaeed rajaii,China,30019090,1,13597,General Goods,10500,30,0.15,20%,9%,2719.4,1468.48,17785.03,25%,17785.03,4446.26,4446.26
1403,shaeed rajaii,China,27101950,3000,13445,Mineral Fuels & Oils,10500,30,450,5%,9%,672.25,1270.55,15837.8,25%,5.28,1.32,3959.45
1403,shaeed rajaii,China,40081900,1391,13340,Rubber & Tires,10500,30,208.65,20%,9%,2668,1440.72,17657.37,25%,12.69,3.17,4414.34
1403,shaeed rajaii,China,52052700,3175,13339,General Goods,10500,30,476.25,20%,9%,2667.8,1440.61,17923.66,25%,5.65,1.41,4480.92
1403,shaeed rajaii,China,84306910,2106,13209,Industrial Machinery,10500,30,315.9,15%,9%,1981.35,1367.13,16873.38,25%,8.01,2,4218.34
1403,shaeed rajaii,China,84186920,2745,13179,Industrial Machinery,10500,30,411.75,15%,9%,1976.85,1364.03,16931.63,25%,6.17,1.54,4232.91
1403,shaeed rajaii,China,54049090,5570,13026,General Goods,10500,30,835.5,20%,9%,2605.2,1406.81,17873.51,25%,3.21,0.8,4468.38
1403,shaeed rajaii,China,87082290,594,13025,Vehicle Parts & Accessories,10500,30,89.1,25%,9%,3256.25,1465.31,17835.66,25%,30.03,7.51,4458.92
1403,shaeed rajaii,China,9022090,8000,12974,General Goods,10500,30,1200,20%,9%,2594.8,1401.19,18169.99,25%,2.27,0.57,4542.5
1403,shaeed rajaii,China,85447020,1700,12923,Electrical Equipment,10500,30,255,15%,9%,1938.45,1337.53,16453.98,25%,9.68,2.42,4113.5
1403,shaeed rajaii,China,95065910,1210,12859,General Goods,10500,30,181.5,20%,9%,2571.8,1388.77,17001.07,25%,14.05,3.51,4250.27
1403,shaeed rajaii,China,32041910,250,12503,General Goods,10500,30,37.5,20%,9%,2500.6,1350.32,16391.42,25%,65.57,16.39,4097.85
1403,shaeed rajaii,China,60062200,325,12256,General Goods,10500,30,48.75,20%,9%,2451.2,1323.65,16079.6,25%,49.48,12.37,4019.9
1403,shaeed rajaii,China,85015120,79,12230,Electrical Equipment,10500,30,11.85,15%,9%,1834.5,1265.8,15342.15,25%,194.2,48.55,3835.54
1403,shaeed rajaii,China,85153120,1274,12128,Electrical Equipment,10500,30,191.1,15%,9%,1819.2,1255.25,15393.55,25%,12.08,3.02,3848.39
1403,shaeed rajaii,China,84729030,690,12086,Industrial Machinery,10500,30,103.5,15%,9%,1812.9,1250.9,15253.3,25%,22.11,5.53,3813.32
1403,shaeed rajaii,China,34031910,150,12081,General Goods,10500,30,22.5,20%,9%,2416.2,1304.75,15824.45,25%,105.5,26.38,3956.11
1403,shaeed rajaii,China,29371990,110,12039,Organic Chemicals,10500,30,16.5,15%,9%,1805.85,1246.04,15107.39,25%,137.34,34.34,3776.85
1403,shaeed rajaii,China,84735000,984,12026,Industrial Machinery,10500,30,147.6,15%,9%,1803.9,1244.69,15222.19,25%,15.47,3.87,3805.55
1403,shaeed rajaii,China,82078000,710,11983,General Goods,10500,30,106.5,20%,9%,2396.6,1294.16,15780.26,25%,22.23,5.56,3945.06
1403,shaeed rajaii,China,87088029,1582,11854,Vehicle Parts & Accessories,10500,30,237.3,25%,9%,2963.5,1333.58,16388.38,25%,10.36,2.59,4097.1
1403,shaeed rajaii,China,28332400,1650,11828,General Goods,10500,30,247.5,20%,9%,2365.6,1277.42,15718.52,25%,9.53,2.38,3929.63
1403,shaeed rajaii,China,25262090,22100,11823,General Goods,10500,30,3315,20%,9%,2364.6,1276.88,18779.48,25%,0.85,0.21,4694.87
1403,shaeed rajaii,China,87079010,1940,11726,General Goods,10500,30,291,20%,9%,2345.2,1266.41,15628.61,25%,8.06,2.02,3907.15
1403,shaeed rajaii,China,73218200,849,11529,Articles of Iron & Steel,10500,30,127.35,10%,9%,1152.9,1141.37,13950.62,25%,16.43,4.11,3487.66
1403,shaeed rajaii,China,56031420,503,11520,General Goods,10500,30,75.45,20%,9%,2304,1244.16,15143.61,25%,30.11,7.53,3785.9
1403,shaeed rajaii,China,84729080,645,11480,Industrial Machinery,10500,30,96.75,15%,9%,1722,1188.18,14486.93,25%,22.46,5.62,3621.73
1403,shaeed rajaii,China,84119910,920,11369,Industrial Machinery,10500,30,138,15%,9%,1705.35,1176.69,14389.04,25%,15.64,3.91,3597.26
1403,shaeed rajaii,China,39169010,4142,11308,Plastics & Polymers,10500,30,621.3,20%,9%,2261.6,1221.26,15412.16,25%,3.72,0.93,3853.04
1403,shaeed rajaii,China,48045200,2830,11251,Paper & Paperboard,10500,30,424.5,15%,9%,1687.65,1164.48,14527.63,25%,5.13,1.28,3631.91
1403,shaeed rajaii,China,85168010,2706,11246,Electrical Equipment,10500,30,405.9,15%,9%,1686.9,1163.96,14502.76,25%,5.36,1.34,3625.69
1403,shaeed rajaii,China,28161020,1875,11232,General Goods,10500,30,281.25,20%,9%,2246.4,1213.06,14972.71,25%,7.99,2,3743.18
1403,shaeed rajaii,China,84304900,2000,11200,Industrial Machinery,10500,30,300,15%,9%,1680,1159.2,14339.2,25%,7.17,1.79,3584.8
1403,shaeed rajaii,China,84232000,260,11189,Industrial Machinery,10500,30,39,15%,9%,1678.35,1158.06,14064.41,25%,54.09,13.52,3516.1
1403,shaeed rajaii,China,85114030,1627,11167,Electrical Equipment,10500,30,244.05,15%,9%,1675.05,1155.78,14241.88,25%,8.75,2.19,3560.47
1403,shaeed rajaii,China,90251930,32,10851,General Goods,10500,30,4.8,20%,9%,2170.2,1171.91,14197.91,25%,443.68,110.92,3549.48
1403,shaeed rajaii,China,40121300,1138,10848,Rubber & Tires,10500,30,170.7,20%,9%,2169.6,1171.58,14359.88,25%,12.62,3.16,3589.97
1403,shaeed rajaii,China,73269010,3830,10762,Articles of Iron & Steel,10500,30,574.5,10%,9%,1076.2,1065.44,13478.14,25%,3.52,0.88,3369.54
1403,shaeed rajaii,China,90291000,18,10703,General Goods,10500,30,2.7,20%,9%,2140.6,1155.92,14002.22,25%,777.9,194.48,3500.56
1403,shaeed rajaii,China,84743100,830,10669,Industrial Machinery,10500,30,124.5,15%,9%,1600.35,1104.24,13498.09,25%,16.26,4.07,3374.52
1403,shaeed rajaii,China,85471010,2859,10603,Electrical Equipment,10500,30,428.85,15%,9%,1590.45,1097.41,13719.71,25%,4.8,1.2,3429.93
1403,shaeed rajaii,China,39269050,5623,10442,Plastics & Polymers,10500,30,843.45,20%,9%,2088.4,1127.74,14501.59,25%,2.58,0.64,3625.4
1403,shaeed rajaii,China,26100090,18000,10431,General Goods,10500,30,2700,20%,9%,2086.2,1126.55,16343.75,25%,0.91,0.23,4085.94
1403,shaeed rajaii,China,73181190,1546,10366,Articles of Iron & Steel,10500,30,231.9,10%,9%,1036.6,1026.23,12660.73,25%,8.19,2.05,3165.18
1403,shaeed rajaii,China,87091900,2000,10358,General Goods,10500,30,300,20%,9%,2071.6,1118.66,13848.26,25%,6.92,1.73,3462.06
1403,shaeed rajaii,China,31022100,25000,10282,General Goods,10500,30,3750,20%,9%,2056.4,1110.46,17198.86,25%,0.69,0.17,4299.72
1403,shaeed rajaii,China,82075010,1283,10213,General Goods,10500,30,192.45,20%,9%,2042.6,1103,13551.05,25%,10.56,2.64,3387.76
1403,shaeed rajaii,China,84733060,19,10211,Industrial Machinery,10500,30,2.85,15%,9%,1531.65,1056.84,12802.34,25%,673.81,168.45,3200.58
1403,shaeed rajaii,China,68061090,2700,10111,General Goods,10500,30,405,20%,9%,2022.2,1091.99,13630.19,25%,5.05,1.26,3407.55
1403,shaeed rajaii,China,84852000,363,10083,Industrial Machinery,10500,30,54.45,15%,9%,1512.45,1043.59,12693.49,25%,34.97,8.74,3173.37
1403,shaeed rajaii,China,48070000,1850,10073,Paper & Paperboard,10500,30,277.5,15%,9%,1510.95,1042.56,12904.01,25%,6.98,1.74,3226
1403,shaeed rajaii,China,92019000,2370,9869,General Goods,10500,30,355.5,20%,9%,1973.8,1065.85,13264.15,25%,5.6,1.4,3316.04
1403,shaeed rajaii,China,44071900,10483,9864,General Goods,10500,30,1572.45,20%,9%,1972.8,1065.31,14474.56,25%,1.38,0.34,3618.64
1403,shaeed rajaii,China,84241090,229,9726,Industrial Machinery,10500,30,34.35,15%,9%,1458.9,1006.64,12225.89,25%,53.39,13.35,3056.47
1403,shaeed rajaii,China,84199020,720,9726,Industrial Machinery,10500,30,108,15%,9%,1458.9,1006.64,12299.54,25%,17.08,4.27,3074.88
1403,shaeed rajaii,China,56031110,885,9528,General Goods,10500,30,132.75,20%,9%,1905.6,1029.02,12595.37,25%,14.23,3.56,3148.84
1403,shaeed rajaii,China,85118030,860,9485,Electrical Equipment,10500,30,129,15%,9%,1422.75,981.7,12018.45,25%,13.97,3.49,3004.61
1403,shaeed rajaii,China,85065020,1426,9393,Electrical Equipment,10500,30,213.9,15%,9%,1408.95,972.18,11988.03,25%,8.41,2.1,2997.01
1403,shaeed rajaii,China,28323020,13500,9379,General Goods,10500,30,2025,20%,9%,1875.8,1012.93,14292.73,25%,1.06,0.26,3573.18
1403,shaeed rajaii,China,87044190,2210,9326,General Goods,10500,30,331.5,20%,9%,1865.2,1007.21,12529.91,25%,5.67,1.42,3132.48
1403,shaeed rajaii,China,90249000,54,9264,General Goods,10500,30,8.1,20%,9%,1852.8,1000.51,12125.41,25%,224.54,56.14,3031.35
1403,shaeed rajaii,China,84253900,2721,9181,Industrial Machinery,10500,30,408.15,15%,9%,1377.15,950.23,11916.53,25%,4.38,1.1,2979.13
1403,shaeed rajaii,China,85043320,603,9170,Electrical Equipment,10500,30,90.45,15%,9%,1375.5,949.09,11585.04,25%,19.21,4.8,2896.26
1403,shaeed rajaii,China,56039400,2369,9091,General Goods,10500,30,355.35,20%,9%,1818.2,981.83,12246.38,25%,5.17,1.29,3061.6
1403,shaeed rajaii,China,87141010,2269,9017,General Goods,10500,30,340.35,20%,9%,1803.4,973.84,12134.59,25%,5.35,1.34,3033.65
1403,shaeed rajaii,China,29012900,1400,9006,Organic Chemicals,10500,30,210,15%,9%,1350.9,932.12,11499.02,25%,8.21,2.05,2874.76
1403,shaeed rajaii,China,32041290,1000,8995,General Goods,10500,30,150,20%,9%,1799,971.46,11915.46,25%,11.92,2.98,2978.86
1403,shaeed rajaii,China,32050000,950,8937,General Goods,10500,30,142.5,20%,9%,1787.4,965.2,11832.1,25%,12.45,3.11,2958.02
1403,shaeed rajaii,China,85122090,875,8934,Electrical Equipment,10500,30,131.25,15%,9%,1340.1,924.67,11330.02,25%,12.95,3.24,2832.5
1403,shaeed rajaii,China,29061900,1110,8795,Organic Chemicals,10500,30,166.5,15%,9%,1319.25,910.28,11191.03,25%,10.08,2.52,2797.76
1403,shaeed rajaii,China,85333900,162,8682,Electrical Equipment,10500,30,24.3,15%,9%,1302.3,898.59,10907.19,25%,67.33,16.83,2726.8
1403,shaeed rajaii,China,64069090,1020,8634,General Goods,10500,30,153,20%,9%,1726.8,932.47,11446.27,25%,11.22,2.8,2861.57
1403,shaeed rajaii,China,38245000,26486,8547,Chemical Products,10500,30,3972.9,15%,9%,1282.05,884.61,14686.56,25%,0.55,0.14,3671.64
1403,shaeed rajaii,China,85066020,2091,8492,Electrical Equipment,10500,30,313.65,15%,9%,1273.8,878.92,10958.37,25%,5.24,1.31,2739.59
1403,shaeed rajaii,China,9109990,5500,8487,General Goods,10500,30,825,20%,9%,1697.4,916.6,11926,25%,2.17,0.54,2981.5
1403,shaeed rajaii,China,85352190,87,8373,Electrical Equipment,10500,30,13.05,15%,9%,1255.95,866.61,10508.61,25%,120.79,30.2,2627.15
1403,shaeed rajaii,China,69039030,4030,8372,General Goods,10500,30,604.5,20%,9%,1674.4,904.18,11555.08,25%,2.87,0.72,2888.77
1403,shaeed rajaii,China,68043000,1610,8359,General Goods,10500,30,241.5,20%,9%,1671.8,902.77,11175.07,25%,6.94,1.74,2793.77
1403,shaeed rajaii,China,90292029,32,8326,General Goods,10500,30,4.8,20%,9%,1665.2,899.21,10895.21,25%,340.48,85.12,2723.8
1403,shaeed rajaii,China,90258090,5,8308,General Goods,10500,30,0.75,20%,9%,1661.6,897.26,10867.61,25%,2173.52,543.38,2716.9
1403,shaeed rajaii,China,84798960,1140,8214,Machines & Mechanical Appliances,10500,30,171,15%,9%,1232.1,850.15,10467.25,25%,9.18,2.3,2616.81
1403,shaeed rajaii,China,40091200,393,8113,Rubber & Tires,10500,30,58.95,20%,9%,1622.6,876.2,10670.75,25%,27.15,6.79,2667.69
1403,shaeed rajaii,China,28275100,2000,8049,General Goods,10500,30,300,20%,9%,1609.8,869.29,10828.09,25%,5.41,1.35,2707.02
1403,shaeed rajaii,China,58109200,2395,7990,General Goods,10500,30,359.25,20%,9%,1598,862.92,10810.17,25%,4.51,1.13,2702.54
1403,shaeed rajaii,China,84141010,850,7907,Compressors & Pumps,10500,30,127.5,15%,9%,1186.05,818.37,10038.92,25%,11.81,2.95,2509.73
1403,shaeed rajaii,China,28332200,5400,7868,General Goods,10500,30,810,20%,9%,1573.6,849.74,11101.34,25%,2.06,0.52,2775.34
1403,shaeed rajaii,China,85256000,343,7853,Electrical Equipment,10500,30,51.45,15%,9%,1177.95,812.79,9895.19,25%,28.85,7.21,2473.8
1403,shaeed rajaii,China,70071190,2732,7812,General Goods,10500,30,409.8,20%,9%,1562.4,843.7,10627.9,25%,3.89,0.97,2656.98
1403,shaeed rajaii,China,85334010,141,7809,Electrical Equipment,10500,30,21.15,15%,9%,1171.35,808.23,9809.73,25%,69.57,17.39,2452.43
1403,shaeed rajaii,China,38231200,7000,7780,Chemical Products,10500,30,1050,15%,9%,1167,805.23,10802.23,25%,1.54,0.38,2700.56
1403,shaeed rajaii,China,69091100,1020,7742,General Goods,10500,30,153,20%,9%,1548.4,836.14,10279.54,25%,10.08,2.52,2569.89
1403,shaeed rajaii,China,84039090,2505,7475,Industrial Machinery,10500,30,375.75,15%,9%,1121.25,773.66,9745.66,25%,3.89,0.97,2436.42
1403,shaeed rajaii,China,85353010,314,7457,Electrical Equipment,10500,30,47.1,15%,9%,1118.55,771.8,9394.45,25%,29.92,7.48,2348.61
1403,shaeed rajaii,China,28331900,2000,7424,General Goods,10500,30,300,20%,9%,1484.8,801.79,10010.59,25%,5.01,1.25,2502.65
1403,shaeed rajaii,China,68052020,870,7294,General Goods,10500,30,130.5,20%,9%,1458.8,787.75,9671.05,25%,11.12,2.78,2417.76
1403,shaeed rajaii,China,95082900,1727,7252,General Goods,10500,30,259.05,20%,9%,1450.4,783.22,9744.67,25%,5.64,1.41,2436.17
1403,shaeed rajaii,China,85015220,509,7192,Electrical Equipment,10500,30,76.35,15%,9%,1078.8,744.37,9091.52,25%,17.86,4.46,2272.88
1403,shaeed rajaii,China,84186990,880,7169,Industrial Machinery,10500,30,132,15%,9%,1075.35,741.99,9118.34,25%,10.36,2.59,2279.58
1403,shaeed rajaii,China,39162090,580,7163,Plastics & Polymers,10500,30,87,20%,9%,1432.6,773.6,9456.2,25%,16.3,4.08,2364.05
1403,shaeed rajaii,China,53110000,4150,7022,General Goods,10500,30,622.5,20%,9%,1404.4,758.38,9807.28,25%,2.36,0.59,2451.82
1403,shaeed rajaii,China,86039000,490,7011,General Goods,10500,30,73.5,20%,9%,1402.2,757.19,9243.89,25%,18.87,4.72,2310.97
1403,shaeed rajaii,China,87087011,1538,6989,Vehicle Parts & Accessories,10500,30,230.7,25%,9%,1747.25,786.26,9753.21,25%,6.34,1.58,2438.3
1403,shaeed rajaii,China,15153000,8400,6987,General Goods,10500,30,1260,20%,9%,1397.4,754.6,10399,25%,1.24,0.31,2599.75
1403,shaeed rajaii,China,15219010,3000,6965,General Goods,10500,30,450,20%,9%,1393,752.22,9560.22,25%,3.19,0.8,2390.05
1403,shaeed rajaii,China,85354010,1040,6960,Electrical Equipment,10500,30,156,15%,9%,1044,720.36,8880.36,25%,8.54,2.13,2220.09
1403,shaeed rajaii,China,28323010,11700,6954,General Goods,10500,30,1755,20%,9%,1390.8,751.03,10850.83,25%,0.93,0.23,2712.71
1403,shaeed rajaii,China,85023990,475,6944,Electrical Equipment,10500,30,71.25,15%,9%,1041.6,718.7,8775.55,25%,18.47,4.62,2193.89
1403,shaeed rajaii,China,94017900,180,6677,General Goods,10500,30,27,20%,9%,1335.4,721.12,8760.52,25%,48.67,12.17,2190.13
1403,shaeed rajaii,China,29201190,10000,6613,Organic Chemicals,10500,30,1500,15%,9%,991.95,684.45,9789.4,25%,0.98,0.24,2447.35
1403,shaeed rajaii,China,85043310,1157,6553,Electrical Equipment,10500,30,173.55,15%,9%,982.95,678.24,8387.74,25%,7.25,1.81,2096.94
1403,shaeed rajaii,China,68149090,500,6552,General Goods,10500,30,75,20%,9%,1310.4,707.62,8645.02,25%,17.29,4.32,2161.26
1403,shaeed rajaii,China,28469000,200,6519,General Goods,10500,30,30,20%,9%,1303.8,704.05,8556.85,25%,42.78,10.7,2139.21
1403,shaeed rajaii,China,85177140,330,6512,Telecom & Display Equipment,10500,30,49.5,15%,9%,976.8,673.99,8212.29,25%,24.89,6.22,2053.07
1403,shaeed rajaii,China,38062000,1000,6487,Chemical Products,10500,30,150,15%,9%,973.05,671.4,8281.45,25%,8.28,2.07,2070.36
1403,shaeed rajaii,China,95072000,410,6481,General Goods,10500,30,61.5,20%,9%,1296.2,699.95,8538.65,25%,20.83,5.21,2134.66
1403,shaeed rajaii,China,85407900,600,6444,Electrical Equipment,10500,30,90,15%,9%,966.6,666.95,8167.55,25%,13.61,3.4,2041.89
1403,shaeed rajaii,China,84625100,1600,6402,Industrial Machinery,10500,30,240,15%,9%,960.3,662.61,8264.91,25%,5.17,1.29,2066.23
1403,shaeed rajaii,China,94032020,2250,6387,General Goods,10500,30,337.5,20%,9%,1277.4,689.8,8691.7,25%,3.86,0.96,2172.93
1403,shaeed rajaii,China,84349000,1969,6249,Industrial Machinery,10500,30,295.35,15%,9%,937.35,646.77,8128.47,25%,4.13,1.03,2032.12
1403,shaeed rajaii,China,39269080,500,6088,Plastics & Polymers,10500,30,75,20%,9%,1217.6,657.5,8038.1,25%,16.08,4.02,2009.52
1403,shaeed rajaii,China,72141000,2898,6042,Iron & Steel Products,10500,30,434.7,10%,9%,604.2,598.16,7679.06,25%,2.65,0.66,1919.76
1403,shaeed rajaii,China,48229000,4474,6030,Paper & Paperboard,10500,30,671.1,15%,9%,904.5,624.1,8229.7,25%,1.84,0.46,2057.43
1403,shaeed rajaii,China,74152100,176,6001,General Goods,10500,30,26.4,20%,9%,1200.2,648.11,7875.71,25%,44.75,11.19,1968.93
1403,shaeed rajaii,China,84221900,1079,5967,Industrial Machinery,10500,30,161.85,15%,9%,895.05,617.58,7641.48,25%,7.08,1.77,1910.37
1403,shaeed rajaii,China,87149110,459,5914,General Goods,10500,30,68.85,20%,9%,1182.8,638.71,7804.36,25%,17,4.25,1951.09
1403,shaeed rajaii,China,29303000,120,5891,Organic Chemicals,10500,30,18,15%,9%,883.65,609.72,7402.37,25%,61.69,15.42,1850.59
1403,shaeed rajaii,China,25252090,1550,5862,General Goods,10500,30,232.5,20%,9%,1172.4,633.1,7900,25%,5.1,1.27,1975
1403,shaeed rajaii,China,90152010,520,5841,General Goods,10500,30,78,20%,9%,1168.2,630.83,7718.03,25%,14.84,3.71,1929.51
1403,shaeed rajaii,China,90109000,1343,5822,General Goods,10500,30,201.45,20%,9%,1164.4,628.78,7816.63,25%,5.82,1.46,1954.16
1403,shaeed rajaii,China,78019920,858,5809,General Goods,10500,30,128.7,20%,9%,1161.8,627.37,7726.87,25%,9.01,2.25,1931.72
1403,shaeed rajaii,China,48059190,3575,5626,Paper & Paperboard,10500,30,536.25,15%,9%,843.9,582.29,7588.44,25%,2.12,0.53,1897.11
1403,shaeed rajaii,China,56072900,1922,5520,General Goods,10500,30,288.3,20%,9%,1104,596.16,7508.46,25%,3.91,0.98,1877.12
1403,shaeed rajaii,China,91069010,250,5351,General Goods,10500,30,37.5,20%,9%,1070.2,577.91,7036.61,25%,28.15,7.04,1759.15
1403,shaeed rajaii,China,85363010,85,5310,Electrical Equipment,10500,30,12.75,15%,9%,796.5,549.58,6668.83,25%,78.46,19.61,1667.21
1403,shaeed rajaii,China,27101290,3000,5310,Mineral Fuels & Oils,10500,30,450,5%,9%,265.5,501.79,6527.29,25%,2.18,0.55,1631.82
1403,shaeed rajaii,China,85143100,193,5170,Electrical Equipment,10500,30,28.95,15%,9%,775.5,535.1,6509.55,25%,33.73,8.43,1627.39
1403,shaeed rajaii,China,25302020,2000,5025,General Goods,10500,30,300,20%,9%,1005,542.7,6872.7,25%,3.44,0.86,1718.18
1403,shaeed rajaii,China,37024400,1062,4995,General Goods,10500,30,159.3,20%,9%,999,539.46,6692.76,25%,6.3,1.58,1673.19
1403,shaeed rajaii,China,84335910,200,4900,Industrial Machinery,10500,30,30,15%,9%,735,507.15,6172.15,25%,30.86,7.72,1543.04
1403,shaeed rajaii,China,39207900,1950,4826,Plastics & Polymers,10500,30,292.5,20%,9%,965.2,521.21,6604.91,25%,3.39,0.85,1651.23
1403,shaeed rajaii,China,90158090,715,4809,General Goods,10500,30,107.25,20%,9%,961.8,519.37,6397.42,25%,8.95,2.24,1599.36
1403,shaeed rajaii,China,94054910,202,4799,General Goods,10500,30,30.3,20%,9%,959.8,518.29,6307.39,25%,31.22,7.8,1576.85
1403,shaeed rajaii,China,95064020,180,4796,General Goods,10500,30,27,20%,9%,959.2,517.97,6300.17,25%,35,8.75,1575.04
1403,shaeed rajaii,China,95069920,825,4632,General Goods,10500,30,123.75,20%,9%,926.4,500.26,6182.41,25%,7.49,1.87,1545.6
1403,shaeed rajaii,China,25252010,7200,4621,General Goods,10500,30,1080,20%,9%,924.2,499.07,7124.27,25%,0.99,0.25,1781.07
1403,shaeed rajaii,China,84051090,312,4598,Industrial Machinery,10500,30,46.8,15%,9%,689.7,475.89,5810.39,25%,18.62,4.66,1452.6
1403,shaeed rajaii,China,38249290,1280,4560,Chemical Products,10500,30,192,15%,9%,684,471.96,5907.96,25%,4.62,1.16,1476.99
1403,shaeed rajaii,China,90221490,150,4447,General Goods,10500,30,22.5,20%,9%,889.4,480.28,5839.18,25%,38.93,9.73,1459.8
1403,shaeed rajaii,China,84431310,950,4391,Industrial Machinery,10500,30,142.5,15%,9%,658.65,454.47,5646.62,25%,5.94,1.48,1411.66
1403,shaeed rajaii,China,27129090,1153,4093,Mineral Fuels & Oils,10500,30,172.95,5%,9%,204.65,386.79,4857.39,25%,4.21,1.05,1214.35
1403,shaeed rajaii,China,84335190,760,4053,Industrial Machinery,10500,30,114,15%,9%,607.95,419.49,5194.44,25%,6.83,1.71,1298.61
1403,shaeed rajaii,China,39172200,641,4040,Plastics & Polymers,10500,30,96.15,20%,9%,808,436.32,5380.47,25%,8.39,2.1,1345.12
1403,shaeed rajaii,China,85393190,63,4004,Electrical Equipment,10500,30,9.45,15%,9%,600.6,414.41,5028.46,25%,79.82,19.95,1257.12
1403,shaeed rajaii,China,56013000,2064,4000,General Goods,10500,30,309.6,20%,9%,800,432,5541.6,25%,2.68,0.67,1385.4
1403,shaeed rajaii,China,70182010,2000,3950,General Goods,10500,30,300,20%,9%,790,426.6,5466.6,25%,2.73,0.68,1366.65
1403,shaeed rajaii,China,76161010,700,3834,General Goods,10500,30,105,20%,9%,766.8,414.07,5119.87,25%,7.31,1.83,1279.97
1403,shaeed rajaii,China,85415900,105,3709,Semiconductors & Solar Cells,10500,30,15.75,15%,9%,556.35,383.88,4664.98,25%,44.43,11.11,1166.24
1403,shaeed rajaii,China,73144200,2070,3678,Articles of Iron & Steel,10500,30,310.5,10%,9%,367.8,364.12,4720.42,25%,2.28,0.57,1180.1
1403,shaeed rajaii,China,92071000,1350,3630,General Goods,10500,30,202.5,20%,9%,726,392.04,4950.54,25%,3.67,0.92,1237.64
1403,shaeed rajaii,China,84183010,3220,3572,Industrial Machinery,10500,30,483,15%,9%,535.8,369.7,4960.5,25%,1.54,0.38,1240.12
1403,shaeed rajaii,China,90278940,36,3569,General Goods,10500,30,5.4,20%,9%,713.8,385.45,4673.65,25%,129.82,32.46,1168.41
1403,shaeed rajaii,China,82119290,975,3552,General Goods,10500,30,146.25,20%,9%,710.4,383.62,4792.27,25%,4.92,1.23,1198.07
1403,shaeed rajaii,China,84864000,650,3532,Industrial Machinery,10500,30,97.5,15%,9%,529.8,365.56,4524.86,25%,6.96,1.74,1131.21
1403,shaeed rajaii,China,25152010,26450,3514,General Goods,10500,30,3967.5,20%,9%,702.8,379.51,8563.81,25%,0.32,0.08,2140.95
1403,shaeed rajaii,China,56041000,1186,3486,General Goods,10500,30,177.9,20%,9%,697.2,376.49,4737.59,25%,3.99,1,1184.4
1403,shaeed rajaii,China,74092100,200,3435,General Goods,10500,30,30,20%,9%,687,370.98,4522.98,25%,22.61,5.65,1130.74
1403,shaeed rajaii,China,90189086,670,3373,General Goods,10500,30,100.5,20%,9%,674.6,364.28,4512.38,25%,6.73,1.68,1128.1
1403,shaeed rajaii,China,74151000,300,3369,General Goods,10500,30,45,20%,9%,673.8,363.85,4451.65,25%,14.84,3.71,1112.91
1403,shaeed rajaii,China,75051100,102,3357,General Goods,10500,30,15.3,20%,9%,671.4,362.56,4406.26,25%,43.2,10.8,1101.56
1403,shaeed rajaii,China,29021100,1200,3337,Organic Chemicals,10500,30,180,15%,9%,500.55,345.38,4362.93,25%,3.64,0.91,1090.73
1403,shaeed rajaii,China,58081000,780,3286,General Goods,10500,30,117,20%,9%,657.2,354.89,4415.09,25%,5.66,1.42,1103.77
1403,shaeed rajaii,China,28309090,3000,3254,General Goods,10500,30,450,20%,9%,650.8,351.43,4706.23,25%,1.57,0.39,1176.56
1403,shaeed rajaii,China,39251000,665,3239,Plastics & Polymers,10500,30,99.75,20%,9%,647.8,349.81,4336.36,25%,6.52,1.63,1084.09
1403,shaeed rajaii,China,37071000,600,3207,General Goods,10500,30,90,20%,9%,641.4,346.36,4284.76,25%,7.14,1.78,1071.19
1403,shaeed rajaii,China,95065100,34,3108,General Goods,10500,30,5.1,20%,9%,621.6,335.66,4070.36,25%,119.72,29.93,1017.59
1403,shaeed rajaii,China,85446010,440,3075,Electrical Equipment,10500,30,66,15%,9%,461.25,318.26,3920.51,25%,8.91,2.23,980.13
1403,shaeed rajaii,China,84871010,448,2927,Industrial Machinery,10500,30,67.2,15%,9%,439.05,302.94,3736.19,25%,8.34,2.08,934.05
1403,shaeed rajaii,China,79031000,730,2862,General Goods,10500,30,109.5,20%,9%,572.4,309.1,3853,25%,5.28,1.32,963.25
1403,shaeed rajaii,China,34023110,1600,2821,General Goods,10500,30,240,20%,9%,564.2,304.67,3929.87,25%,2.46,0.62,982.47
1403,shaeed rajaii,China,84283210,1652,2803,Industrial Machinery,10500,30,247.8,15%,9%,420.45,290.11,3761.36,25%,2.28,0.57,940.34
1403,shaeed rajaii,China,95064090,800,2800,General Goods,10500,30,120,20%,9%,560,302.4,3782.4,25%,4.73,1.18,945.6
1403,shaeed rajaii,China,48051100,4100,2771,Paper & Paperboard,10500,30,615,15%,9%,415.65,286.8,4088.45,25%,1,0.25,1022.11
1403,shaeed rajaii,China,73084000,1647,2759,Articles of Iron & Steel,10500,30,247.05,10%,9%,275.9,273.14,3555.09,25%,2.16,0.54,888.77
1403,shaeed rajaii,China,38249910,143,2707,Chemical Products,10500,30,21.45,15%,9%,406.05,280.17,3414.67,25%,23.88,5.97,853.67
1403,shaeed rajaii,China,95066100,265,2662,General Goods,10500,30,39.75,20%,9%,532.4,287.5,3521.65,25%,13.29,3.32,880.41
1403,shaeed rajaii,China,84723000,742,2610,Industrial Machinery,10500,30,111.3,15%,9%,391.5,270.14,3382.94,25%,4.56,1.14,845.74
1403,shaeed rajaii,China,28254000,100,2611,General Goods,10500,30,15,20%,9%,522.2,281.99,3430.19,25%,34.3,8.57,857.55
1403,shaeed rajaii,China,73071100,265,2588,Articles of Iron & Steel,10500,30,39.75,10%,9%,258.8,256.21,3142.76,25%,11.86,2.96,785.69
1403,shaeed rajaii,China,82055990,495,2574,General Goods,10500,30,74.25,20%,9%,514.8,277.99,3441.04,25%,6.95,1.74,860.26
1403,shaeed rajaii,China,85113030,75,2486,Electrical Equipment,10500,30,11.25,15%,9%,372.9,257.3,3127.45,25%,41.7,10.42,781.86
1403,shaeed rajaii,China,85118010,15,2482,Electrical Equipment,10500,30,2.25,15%,9%,372.3,256.89,3113.44,25%,207.56,51.89,778.36
1403,shaeed rajaii,China,25262010,10000,2481,General Goods,10500,30,1500,20%,9%,496.2,267.95,4745.15,25%,0.47,0.12,1186.29
1403,shaeed rajaii,China,94053100,200,2477,General Goods,10500,30,30,20%,9%,495.4,267.52,3269.92,25%,16.35,4.09,817.48
1403,shaeed rajaii,China,90303100,975,2458,General Goods,10500,30,146.25,20%,9%,491.6,265.46,3361.31,25%,3.45,0.86,840.33
1403,shaeed rajaii,China,84162000,80,2382,Industrial Machinery,10500,30,12,15%,9%,357.3,246.54,2997.84,25%,37.47,9.37,749.46
1403,shaeed rajaii,China,73199090,1090,2244,Articles of Iron & Steel,10500,30,163.5,10%,9%,224.4,222.16,2854.06,25%,2.62,0.66,713.52
1403,shaeed rajaii,China,32151130,500,2233,General Goods,10500,30,75,20%,9%,446.6,241.16,2995.76,25%,5.99,1.5,748.94
1403,shaeed rajaii,China,69031010,15,2206,General Goods,10500,30,2.25,20%,9%,441.2,238.25,2887.7,25%,192.51,48.13,721.92
1403,shaeed rajaii,China,90292090,55,2174,General Goods,10500,30,8.25,20%,9%,434.8,234.79,2851.84,25%,51.85,12.96,712.96
1403,shaeed rajaii,China,84099170,510,2163,Industrial Machinery,10500,30,76.5,15%,9%,324.45,223.87,2787.82,25%,5.47,1.37,696.96
1403,shaeed rajaii,China,76130010,326,2128,General Goods,10500,30,48.9,20%,9%,425.6,229.82,2832.32,25%,8.69,2.17,708.08
1403,shaeed rajaii,China,35029000,350,2127,General Goods,10500,30,52.5,20%,9%,425.4,229.72,2834.62,25%,8.1,2.02,708.66
1403,shaeed rajaii,China,84501100,804,2093,Industrial Machinery,10500,30,120.6,15%,9%,313.95,216.63,2744.18,25%,3.41,0.85,686.04
1403,shaeed rajaii,China,85333100,28,2091,Electrical Equipment,10500,30,4.2,15%,9%,313.65,216.42,2625.27,25%,93.76,23.44,656.32
1403,shaeed rajaii,China,40169960,372,2078,Rubber & Tires,10500,30,55.8,20%,9%,415.6,224.42,2773.82,25%,7.46,1.86,693.46
1403,shaeed rajaii,China,84351090,480,2057,Industrial Machinery,10500,30,72,15%,9%,308.55,212.9,2650.45,25%,5.52,1.38,662.61
1403,shaeed rajaii,China,76149000,70,2039,General Goods,10500,30,10.5,20%,9%,407.8,220.21,2677.51,25%,38.25,9.56,669.38
1403,shaeed rajaii,China,39073010,1000,1988,Plastics & Polymers,10500,30,150,20%,9%,397.6,214.7,2750.3,25%,2.75,0.69,687.58
1403,shaeed rajaii,China,40101210,480,1986,Rubber & Tires,10500,30,72,20%,9%,397.2,214.49,2669.69,25%,5.56,1.39,667.42
1403,shaeed rajaii,China,84321090,490,1844,Industrial Machinery,10500,30,73.5,15%,9%,276.6,190.85,2384.95,25%,4.87,1.22,596.24
1403,shaeed rajaii,China,85392990,750,1813,Electrical Equipment,10500,30,112.5,15%,9%,271.95,187.65,2385.1,25%,3.18,0.8,596.28
1403,shaeed rajaii,China,56031210,1018,1800,General Goods,10500,30,152.7,20%,9%,360,194.4,2507.1,25%,2.46,0.62,626.78
1403,shaeed rajaii,China,32082010,182,1796,General Goods,10500,30,27.3,20%,9%,359.2,193.97,2376.47,25%,13.06,3.26,594.12
1403,shaeed rajaii,China,87112093,286,1700,General Goods,10500,30,42.9,20%,9%,340,183.6,2266.5,25%,7.92,1.98,566.62
1403,shaeed rajaii,China,70182090,3025,1698,General Goods,10500,30,453.75,20%,9%,339.6,183.38,2674.73,25%,0.88,0.22,668.68
1403,shaeed rajaii,China,56022900,165,1675,General Goods,10500,30,24.75,20%,9%,335,180.9,2215.65,25%,13.43,3.36,553.91
1403,shaeed rajaii,China,84769000,290,1656,Industrial Machinery,10500,30,43.5,15%,9%,248.4,171.4,2119.3,25%,7.31,1.83,529.83
1403,shaeed rajaii,China,85069000,1019,1635,Electrical Equipment,10500,30,152.85,15%,9%,245.25,169.22,2202.32,25%,2.16,0.54,550.58
1403,shaeed rajaii,China,74032900,24,1623,General Goods,10500,30,3.6,20%,9%,324.6,175.28,2126.48,25%,88.6,22.15,531.62
1403,shaeed rajaii,China,73064090,520,1547,Articles of Iron & Steel,10500,30,78,10%,9%,154.7,153.15,1932.85,25%,3.72,0.93,483.21
1403,shaeed rajaii,China,74081100,50,1504,General Goods,10500,30,7.5,20%,9%,300.8,162.43,1974.73,25%,39.49,9.87,493.68
1403,shaeed rajaii,China,84717010,47,1479,Industrial Machinery,10500,30,7.05,15%,9%,221.85,153.08,1860.98,25%,39.6,9.9,465.24
1403,shaeed rajaii,China,39069040,540,1468,Plastics & Polymers,10500,30,81,20%,9%,293.6,158.54,2001.14,25%,3.71,0.93,500.28
1403,shaeed rajaii,China,90058010,53,1468,General Goods,10500,30,7.95,20%,9%,293.6,158.54,1928.09,25%,36.38,9.1,482.02
1403,shaeed rajaii,China,87168010,853,1462,General Goods,10500,30,127.95,20%,9%,292.4,157.9,2040.25,25%,2.39,0.6,510.06
1403,shaeed rajaii,China,86072900,30,1449,General Goods,10500,30,4.5,20%,9%,289.8,156.49,1899.79,25%,63.33,15.83,474.95
1403,shaeed rajaii,China,38248900,700,1418,Chemical Products,10500,30,105,15%,9%,212.7,146.76,1882.46,25%,2.69,0.67,470.62
1403,shaeed rajaii,China,30039010,200,1410,General Goods,10500,30,30,20%,9%,282,152.28,1874.28,25%,9.37,2.34,468.57
1403,shaeed rajaii,China,29053100,55,1390,Organic Chemicals,10500,30,8.25,15%,9%,208.5,143.86,1750.61,25%,31.83,7.96,437.65
1403,shaeed rajaii,China,85392100,1,1384,Electrical Equipment,10500,30,0.15,15%,9%,207.6,143.24,1734.99,25%,1734.99,433.75,433.75
1403,shaeed rajaii,China,85362040,175,1268,Electrical Equipment,10500,30,26.25,15%,9%,190.2,131.24,1615.69,25%,9.23,2.31,403.92
1403,shaeed rajaii,China,34054000,525,1261,General Goods,10500,30,78.75,20%,9%,252.2,136.19,1728.14,25%,3.29,0.82,432.04
1403,shaeed rajaii,China,94029090,103,1115,General Goods,10500,30,15.45,20%,9%,223,120.42,1473.87,25%,14.31,3.58,368.47
1403,shaeed rajaii,China,63079090,19,1100,General Goods,10500,30,2.85,20%,9%,220,118.8,1441.65,25%,75.88,18.97,360.41
1403,shaeed rajaii,China,90275020,8,1056,General Goods,10500,30,1.2,20%,9%,211.2,114.05,1382.45,25%,172.81,43.2,345.61
1403,shaeed rajaii,China,90273090,150,1038,General Goods,10500,30,22.5,20%,9%,207.6,112.1,1380.2,25%,9.2,2.3,345.05
1403,shaeed rajaii,China,84819010,60,1004,Industrial Machinery,10500,30,9,15%,9%,150.6,103.91,1267.51,25%,21.13,5.28,316.88
1403,shaeed rajaii,China,72169990,3174,944,Iron & Steel Products,10500,30,476.1,10%,9%,94.4,93.46,1607.96,25%,0.51,0.13,401.99
1403,shaeed rajaii,China,81092900,250,862,General Goods,10500,30,37.5,20%,9%,172.4,93.1,1165,25%,4.66,1.16,291.25
1403,shaeed rajaii,China,29035100,114,858,Organic Chemicals,10500,30,17.1,15%,9%,128.7,88.8,1092.6,25%,9.58,2.4,273.15
1403,shaeed rajaii,China,76109010,750,836,General Goods,10500,30,112.5,20%,9%,167.2,90.29,1205.99,25%,1.61,0.4,301.5
1403,shaeed rajaii,China,78042000,130,772,General Goods,10500,30,19.5,20%,9%,154.4,83.38,1029.28,25%,7.92,1.98,257.32
1403,shaeed rajaii,China,32081070,640,763,General Goods,10500,30,96,20%,9%,152.6,82.4,1094,25%,1.71,0.43,273.5
1403,shaeed rajaii,China,85353090,13,738,Electrical Equipment,10500,30,1.95,15%,9%,110.7,76.38,927.03,25%,71.31,17.83,231.76
1403,shaeed rajaii,China,72069000,275,721,Iron & Steel Products,10500,30,41.25,10%,9%,72.1,71.38,905.73,25%,3.29,0.82,226.43
1403,shaeed rajaii,China,90072000,58,679,General Goods,10500,30,8.7,20%,9%,135.8,73.33,896.83,25%,15.46,3.86,224.21
1403,shaeed rajaii,China,84169000,12,579,Industrial Machinery,10500,30,1.8,15%,9%,86.85,59.93,727.58,25%,60.63,15.16,181.9
1403,shaeed rajaii,China,84869000,22,577,Industrial Machinery,10500,30,3.3,15%,9%,86.55,59.72,726.57,25%,33.03,8.26,181.64
1403,shaeed rajaii,China,85118020,42,572,Electrical Equipment,10500,30,6.3,15%,9%,85.8,59.2,723.3,25%,17.22,4.3,180.82
1403,shaeed rajaii,China,90106000,117,547,General Goods,10500,30,17.55,20%,9%,109.4,59.08,733.03,25%,6.27,1.57,183.26
1403,shaeed rajaii,China,55061000,499,542,General Goods,10500,30,74.85,20%,9%,108.4,58.54,783.79,25%,1.57,0.39,195.95
1403,shaeed rajaii,China,56022100,30,483,General Goods,10500,30,4.5,20%,9%,96.6,52.16,636.26,25%,21.21,5.3,159.06
1403,shaeed rajaii,China,38221990,60,443,Chemical Products,10500,30,9,15%,9%,66.45,45.85,564.3,25%,9.4,2.35,141.07
1403,shaeed rajaii,China,54012000,405,424,General Goods,10500,30,60.75,20%,9%,84.8,45.79,615.34,25%,1.52,0.38,153.84
1403,shaeed rajaii,China,76101000,96,400,General Goods,10500,30,14.4,20%,9%,80,43.2,537.6,25%,5.6,1.4,134.4
1403,shaeed rajaii,China,85167100,33,376,Electrical Equipment,10500,30,4.95,15%,9%,56.4,38.92,476.27,25%,14.43,3.61,119.07
1403,shaeed rajaii,China,39173910,67,368,Plastics & Polymers,10500,30,10.05,20%,9%,73.6,39.74,491.39,25%,7.33,1.83,122.85
1403,shaeed rajaii,China,29181510,40,347,Organic Chemicals,10500,30,6,15%,9%,52.05,35.91,440.96,25%,11.02,2.76,110.24
1403,shaeed rajaii,China,84145100,61,345,Compressors & Pumps,10500,30,9.15,15%,9%,51.75,35.71,441.61,25%,7.24,1.81,110.4
1403,shaeed rajaii,China,84181090,182,299,Industrial Machinery,10500,30,27.3,15%,9%,44.85,30.95,402.1,25%,2.21,0.55,100.52
1403,shaeed rajaii,China,60064200,103,207,General Goods,10500,30,15.45,20%,9%,41.4,22.36,286.21,25%,2.78,0.7,71.55
1403,shaeed rajaii,China,82041200,25,206,General Goods,10500,30,3.75,20%,9%,41.2,22.25,273.2,25%,10.93,2.73,68.3
1403,shaeed rajaii,China,84221100,115,180,Industrial Machinery,10500,30,17.25,15%,9%,27,18.63,242.88,25%,2.11,0.53,60.72
1403,shaeed rajaii,China,90258010,2,161,General Goods,10500,30,0.3,20%,9%,32.2,17.39,210.89,25%,105.44,26.36,52.72
1403,shaeed rajaii,China,28199090,3,149,General Goods,10500,30,0.45,20%,9%,29.8,16.09,195.34,25%,65.11,16.28,48.84
1403,shaeed rajaii,China,94019120,8,137,General Goods,10500,30,1.2,20%,9%,27.4,14.8,180.4,25%,22.55,5.64,45.1
1403,shaeed rajaii,China,85291020,21,135,Electrical Equipment,10500,30,3.15,15%,9%,20.25,13.97,172.37,25%,8.21,2.05,43.09
1403,shaeed rajaii,China,85361010,45,93,Electrical Equipment,10500,30,6.75,15%,9%,13.95,9.63,123.33,25%,2.74,0.68,30.83
1403,shaeed rajaii,China,68138100,1,67,General Goods,10500,30,0.15,20%,9%,13.4,7.24,87.79,25%,87.79,21.95,21.95
1403,shaeed rajaii,China,25085000,25,19,General Goods,10500,30,3.75,20%,9%,3.8,2.05,28.6,25%,1.14,0.28,7.15
1403,shaeed rajaii,China,82041190,3,8,General Goods,10500,30,0.45,20%,9%,1.6,0.86,10.91,25%,3.64,0.91,2.73
1403,shaeed rajaii,UAE,84798990,7391094,144481873,Machines & Mechanical Appliances,400,5,591287.52,15%,9%,21672280.95,14953873.86,181699315.3,25%,24.58,6.14,45424828.83
1403,shaeed rajaii,UAE,2023090,26026745,125700694,General Goods,400,5,2082139.6,20%,9%,25140138.8,13575674.95,166498647.4,25%,6.4,1.6,41624661.84
1403,shaeed rajaii,UAE,39076120,101786095,120386124,Plastics & Polymers,400,5,8142887.6,20%,9%,24077224.8,13001701.39,165607937.8,25%,1.63,0.41,41401984.45
1403,shaeed rajaii,UAE,9011190,28028967,117045180,General Goods,400,5,2242317.36,20%,9%,23409036,12640879.44,155337412.8,25%,5.54,1.38,38834353.2
1403,shaeed rajaii,UAE,10063020,101148680,106561030,General Goods,400,5,8091894.4,20%,9%,21312206,11508591.24,147473721.6,25%,1.46,0.36,36868430.41
1403,shaeed rajaii,UAE,29304000,31531800,99539887,Organic Chemicals,400,5,2522544,15%,9%,14930983.05,10302378.3,127295792.4,25%,4.04,1.01,31823948.09
1403,shaeed rajaii,UAE,38112190,19217189,81602841,Chemical Products,400,5,1537375.12,15%,9%,12240426.15,8445894.04,103826536.3,25%,5.4,1.35,25956634.08
1403,shaeed rajaii,UAE,98870305,7232160,76854119,Vehicle/Chassis/Tractor Parts,400,5,578572.8,40%,9%,30741647.6,9683618.99,117857958.4,25%,16.3,4.08,29464489.6
1403,shaeed rajaii,UAE,24012010,6072193,74975615,General Goods,400,5,485775.44,20%,9%,14995123,8097366.42,98553879.86,25%,16.23,4.06,24638469.96
1403,shaeed rajaii,UAE,48025500,76833974,74154893,Paper & Paperboard,400,5,6146717.92,15%,9%,11123233.95,7675031.43,99099876.3,25%,1.29,0.32,24774969.08
1403,shaeed rajaii,UAE,72021100,65530715,73832822,Iron & Steel Products,400,5,5242457.2,10%,9%,7383282.2,7309449.38,93768010.78,25%,1.43,0.36,23442002.7
1403,shaeed rajaii,UAE,21069090,12842014,72585168,General Goods,400,5,1027361.12,20%,9%,14517033.6,7839198.14,95968760.86,25%,7.47,1.87,23992190.22
1403,shaeed rajaii,UAE,27101940,51271538,68316871,Mineral Fuels & Oils,400,5,4101723.04,5%,9%,3415843.55,6455944.31,82290381.9,25%,1.6,0.4,20572595.48
1403,shaeed rajaii,UAE,32061190,19574665,58341382,General Goods,400,5,1565973.2,20%,9%,11668276.4,6300869.26,77876500.86,25%,3.98,1,19469125.22
1403,shaeed rajaii,UAE,55041000,27767085,58161023,General Goods,400,5,2221366.8,20%,9%,11632204.6,6281390.48,78295984.88,25%,2.82,0.7,19573996.22
1403,shaeed rajaii,UAE,48025700,54973285,57169210,Paper & Paperboard,400,5,4397862.8,15%,9%,8575381.5,5917013.24,76059467.54,25%,1.38,0.34,19014866.89
1403,shaeed rajaii,UAE,98870436,5713865,49996362,Vehicle/Chassis/Tractor Parts,400,5,457109.2,40%,9%,19998544.8,6299541.61,76751557.61,25%,13.43,3.36,19187889.4
1403,shaeed rajaii,UAE,98870315,2842675,45354400,Vehicle/Chassis/Tractor Parts,400,5,227414,40%,9%,18141760,5714654.4,69438228.4,25%,24.43,6.11,17359557.1
1403,shaeed rajaii,UAE,85414300,12769936,41859175,Semiconductors & Solar Cells,400,5,1021594.88,15%,9%,6278876.25,4332424.61,53492070.74,25%,4.19,1.05,13373017.68
1403,shaeed rajaii,UAE,56012200,1398198,41748017,General Goods,400,5,111855.84,20%,9%,8349603.4,4508785.84,54718262.08,25%,39.13,9.78,13679565.52
1403,shaeed rajaii,UAE,84069000,7210532,41540097,Industrial Machinery,400,5,576842.56,15%,9%,6231014.55,4299400.04,52647354.15,25%,7.3,1.82,13161838.54
1403,shaeed rajaii,UAE,12060090,23942920,40043565,General Goods,400,5,1915433.6,20%,9%,8008713,4324705.02,54292416.62,25%,2.27,0.57,13573104.16
1403,shaeed rajaii,UAE,39095000,19564254,38909200,Plastics & Polymers,400,5,1565140.32,20%,9%,7781840,4202193.6,52458373.92,25%,2.68,0.67,13114593.48
1403,shaeed rajaii,UAE,98870121,4465483,38879963,Vehicle/Chassis/Tractor Parts,400,5,357238.64,40%,9%,15551985.2,4898875.34,59688062.18,25%,13.37,3.34,14922015.54
1403,shaeed rajaii,UAE,40118090,5308799,37790677,Rubber & Tires,400,5,424703.92,20%,9%,7558135.4,4081393.12,49854909.44,25%,9.39,2.35,12463727.36
1403,shaeed rajaii,UAE,38237020,20085490,37244469,Chemical Products,400,5,1606839.2,15%,9%,5586670.35,3854802.54,48292781.09,25%,2.4,0.6,12073195.27
1403,shaeed rajaii,UAE,98871182,2224502,35262025,Vehicle/Chassis/Tractor Parts,400,5,177960.16,40%,9%,14104810,4443015.15,53987810.31,25%,24.27,6.07,13496952.58
1403,shaeed rajaii,UAE,39093100,13875225,34493778,Plastics & Polymers,400,5,1110018,20%,9%,6898755.6,3725328.02,46227879.62,25%,3.33,0.83,11556969.9
1403,shaeed rajaii,UAE,7134090,19081519,33095197,General Goods,400,5,1526521.52,20%,9%,6619039.4,3574281.28,44815039.2,25%,2.35,0.59,11203759.8
1403,shaeed rajaii,UAE,87034010,2378305,32797501,Passenger Vehicles,400,5,190264.4,45%,9%,14758875.45,4280073.88,52026714.73,25%,21.88,5.47,13006678.68
1403,shaeed rajaii,UAE,98870435,4779199,32754654,Vehicle/Chassis/Tractor Parts,400,5,382335.92,40%,9%,13101861.6,4127086.4,50365937.92,25%,10.54,2.64,12591484.48
1403,shaeed rajaii,UAE,48109290,31836931,30957789,Paper & Paperboard,400,5,2546954.48,15%,9%,4643668.35,3204131.16,41352542.99,25%,1.3,0.32,10338135.75
1403,shaeed rajaii,UAE,72029300,983100,30768801,Iron & Steel Products,400,5,78648,10%,9%,3076880.1,3046111.3,36970440.4,25%,37.61,9.4,9242610.1
1403,shaeed rajaii,UAE,17011300,47423600,28024823,General Goods,400,5,3793888,20%,9%,5604964.6,3026680.88,40450356.48,25%,0.85,0.21,10112589.12
1403,shaeed rajaii,UAE,55021000,1624794,27992874,General Goods,400,5,129983.52,20%,9%,5598574.8,3023230.39,36744662.71,25%,22.61,5.65,9186165.68
1403,shaeed rajaii,UAE,3034300,11909350,26347944,General Goods,400,5,952748,20%,9%,5269588.8,2845577.95,35415858.75,25%,2.97,0.74,8853964.69
1403,shaeed rajaii,UAE,40112010,7682893,26239718,Rubber & Tires,400,5,614631.44,20%,9%,5247943.6,2833889.54,34936182.58,25%,4.55,1.14,8734045.64
1403,shaeed rajaii,UAE,7132040,25308350,26172501,General Goods,400,5,2024668,20%,9%,5234500.2,2826630.11,36258299.31,25%,1.43,0.36,9064574.83
1403,shaeed rajaii,UAE,72091700,32495080,25403619,Iron & Steel Products,400,5,2599606.4,10%,9%,2540361.9,2514958.28,33058545.58,25%,1.02,0.26,8264636.4
1403,shaeed rajaii,UAE,21011110,2330663,24575288,General Goods,400,5,186453.04,20%,9%,4915057.6,2654131.1,32330929.74,25%,13.87,3.47,8082732.44
1403,shaeed rajaii,UAE,40012900,13849920,24407571,Rubber & Tires,400,5,1107993.6,20%,9%,4881514.2,2636017.67,33033096.47,25%,2.39,0.6,8258274.12
1403,shaeed rajaii,UAE,38112900,6028638,24252409,Chemical Products,400,5,482291.04,15%,9%,3637861.35,2510124.33,30882685.72,25%,5.12,1.28,7720671.43
1403,shaeed rajaii,UAE,84223000,301107,24056118,Industrial Machinery,400,5,24088.56,15%,9%,3608417.7,2489808.21,30178432.47,25%,100.22,25.06,7544608.12
1403,shaeed rajaii,UAE,29291090,6304160,21656095,Organic Chemicals,400,5,504332.8,15%,9%,3248414.25,2241405.83,27650247.88,25%,4.39,1.1,6912561.97
1403,shaeed rajaii,UAE,52010090,8999756,20693233,General Goods,400,5,719980.48,20%,9%,4138646.6,2234869.16,27786729.24,25%,3.09,0.77,6946682.31
1403,shaeed rajaii,UAE,73042300,8313422,20297220,Articles of Iron & Steel,400,5,665073.76,10%,9%,2029722,2009424.78,25001440.54,25%,3.01,0.75,6250360.14
1403,shaeed rajaii,UAE,72083900,31694070,20039037,Iron & Steel Products,400,5,2535525.6,10%,9%,2003903.7,1983864.66,26562330.96,25%,0.84,0.21,6640582.74
1403,shaeed rajaii,UAE,48115900,9490806,19314865,Paper & Paperboard,400,5,759264.48,15%,9%,2897229.75,1999088.53,24970447.76,25%,2.63,0.66,6242611.94
1403,shaeed rajaii,UAE,85272900,302562,19205748,Electrical Equipment,400,5,24204.96,15%,9%,2880862.2,1987794.92,24098610.08,25%,79.65,19.91,6024652.52
1403,shaeed rajaii,UAE,39073090,4618533,19195778,Plastics & Polymers,400,5,369482.64,20%,9%,3839155.6,2073144.02,25477560.26,25%,5.52,1.38,6369390.06
1403,shaeed rajaii,UAE,87041090,2333354,19021158,General Goods,400,5,186668.32,20%,9%,3804231.6,2054285.06,25066342.98,25%,10.74,2.68,6266585.74
1403,shaeed rajaii,UAE,72107090,22355649,18600691,Iron & Steel Products,400,5,1788451.92,10%,9%,1860069.1,1841468.41,24090680.43,25%,1.08,0.27,6022670.11
1403,shaeed rajaii,UAE,84821000,2733033,18348646,Industrial Machinery,400,5,218642.64,15%,9%,2752296.9,1899084.86,23218670.4,25%,8.5,2.12,5804667.6
1403,shaeed rajaii,UAE,27131200,22496992,18056847,Mineral Fuels & Oils,400,5,1799759.36,5%,9%,902842.35,1706372.04,22465820.75,25%,1,0.25,5616455.19
1403,shaeed rajaii,UAE,26140000,8346100,17821330,General Goods,400,5,667688,20%,9%,3564266,1924703.64,23977987.64,25%,2.87,0.72,5994496.91
1403,shaeed rajaii,UAE,40111090,3662262,17751456,Rubber & Tires,400,5,292980.96,20%,9%,3550291.2,1917157.25,23511885.41,25%,6.42,1.6,5877971.35
1403,shaeed rajaii,UAE,29161200,11145630,17581946,Organic Chemicals,400,5,891650.4,15%,9%,2637291.9,1819731.41,22930619.71,25%,2.06,0.52,5732654.93
1403,shaeed rajaii,UAE,40112090,4855472,17312835,Rubber & Tires,400,5,388437.76,20%,9%,3462567,1869786.18,23033625.94,25%,4.74,1.18,5758406.48
1403,shaeed rajaii,UAE,40112020,5074737,17089012,Rubber & Tires,400,5,405978.96,20%,9%,3417802.4,1845613.3,22758406.66,25%,4.48,1.12,5689601.66
1403,shaeed rajaii,UAE,40027000,4990498,16427351,Rubber & Tires,400,5,399239.84,20%,9%,3285470.2,1774153.91,21886214.95,25%,4.39,1.1,5471553.74
1403,shaeed rajaii,UAE,75061000,870071,16190751,General Goods,400,5,69605.68,20%,9%,3238150.2,1748601.11,21247107.99,25%,24.42,6.1,5311777
1403,shaeed rajaii,UAE,27040090,46895290,16185463,Mineral Fuels & Oils,400,5,3751623.2,5%,9%,809273.15,1529526.25,22275885.6,25%,0.48,0.12,5568971.4
1403,shaeed rajaii,UAE,47032100,12422782,15904269,General Goods,400,5,993822.56,20%,9%,3180853.8,1717661.05,21796606.41,25%,1.75,0.44,5449151.6
1403,shaeed rajaii,UAE,12129910,5930000,15861684,General Goods,400,5,474400,20%,9%,3172336.8,1713061.87,21221482.67,25%,3.58,0.9,5305370.67
1403,shaeed rajaii,UAE,29157090,9327070,15844984,Organic Chemicals,400,5,746165.6,15%,9%,2376747.6,1639955.84,20607853.04,25%,2.21,0.55,5151963.26
1403,shaeed rajaii,UAE,40011000,8847800,15820948,Rubber & Tires,400,5,707824,20%,9%,3164189.6,1708662.38,21401623.98,25%,2.42,0.6,5350406
1403,shaeed rajaii,UAE,87032319,1063778,15419320,Passenger Vehicles,400,5,85102.24,45%,9%,6938694,2012221.26,24455337.5,25%,22.99,5.75,6113834.38
1403,shaeed rajaii,UAE,84314990,3426779,15363546,Industrial Machinery,400,5,274142.32,15%,9%,2304531.9,1590127.01,19532347.23,25%,5.7,1.42,4883086.81
1403,shaeed rajaii,UAE,24011000,1221662,15330637,General Goods,400,5,97732.96,20%,9%,3066127.4,1655708.8,20150206.16,25%,16.49,4.12,5037551.54
1403,shaeed rajaii,UAE,12024200,9970965,15139993,General Goods,400,5,797677.2,20%,9%,3027998.6,1635119.24,20600788.04,25%,2.07,0.52,5150197.01
1403,shaeed rajaii,UAE,72082700,20758720,14940015,Iron & Steel Products,400,5,1660697.6,10%,9%,1494001.5,1479061.48,19573775.58,25%,0.94,0.24,4893443.89
1403,shaeed rajaii,UAE,9024010,3101480,14914322,General Goods,400,5,248118.4,20%,9%,2982864.4,1610746.78,19756051.58,25%,6.37,1.59,4939012.89
1403,shaeed rajaii,UAE,72021990,11016000,14766574,Iron & Steel Products,400,5,881280,10%,9%,1476657.4,1461890.83,18586402.23,25%,1.69,0.42,4646600.56
1403,shaeed rajaii,UAE,30049092,147077,14690173,General Goods,400,5,11766.16,20%,9%,2938034.6,1586538.68,19226512.44,25%,130.72,32.68,4806628.11
1403,shaeed rajaii,UAE,29224100,8393475,14614368,Organic Chemicals,400,5,671478,15%,9%,2192155.2,1512587.09,18990588.29,25%,2.26,0.56,4747647.07
1403,shaeed rajaii,UAE,15131990,8212530,14364585,General Goods,400,5,657002.4,20%,9%,2872917,1551375.18,19445879.58,25%,2.37,0.59,4861469.89
1403,shaeed rajaii,UAE,25199090,23857450,14312956,General Goods,400,5,1908596,20%,9%,2862591.2,1545799.25,20629942.45,25%,0.86,0.22,5157485.61
1403,shaeed rajaii,UAE,84778000,539669,14298636,Industrial Machinery,400,5,43173.52,15%,9%,2144795.4,1479908.83,17966513.75,25%,33.29,8.32,4491628.44
1403,shaeed rajaii,UAE,47032900,16007660,14112967,General Goods,400,5,1280612.8,20%,9%,2822593.4,1524200.44,19740373.64,25%,1.23,0.31,4935093.41
1403,shaeed rajaii,UAE,15162010,7202800,13881247,General Goods,400,5,576224,20%,9%,2776249.4,1499174.68,18732895.08,25%,2.6,0.65,4683223.77
1403,shaeed rajaii,UAE,80011000,430943,13827409,General Goods,400,5,34475.44,20%,9%,2765481.8,1493360.17,18120726.41,25%,42.05,10.51,4530181.6
1403,shaeed rajaii,UAE,75021000,649840,13401448,General Goods,400,5,51987.2,20%,9%,2680289.6,1447356.38,17581081.18,25%,27.05,6.76,4395270.3
1403,shaeed rajaii,UAE,9103090,8450740,13307264,General Goods,400,5,676059.2,20%,9%,2661452.8,1437184.51,18081960.51,25%,2.14,0.54,4520490.13
1403,shaeed rajaii,UAE,85241900,383932,13147305,Electrical Equipment,400,5,30714.56,15%,9%,1972095.75,1360746.07,16510861.38,25%,43,10.75,4127715.34
1403,shaeed rajaii,UAE,72023000,12659000,12942549,Iron & Steel Products,400,5,1012720,10%,9%,1294254.9,1281312.35,16530836.25,25%,1.31,0.33,4132709.06
1403,shaeed rajaii,UAE,72029200,573230,12782084,Iron & Steel Products,400,5,45858.4,10%,9%,1278208.4,1265426.32,15371577.12,25%,26.82,6.7,3842894.28
1403,shaeed rajaii,UAE,84386000,78010,12740458,Industrial Machinery,400,5,6240.8,15%,9%,1911068.7,1318637.4,15976404.9,25%,204.8,51.2,3994101.22
1403,shaeed rajaii,UAE,84295221,1693300,12689141,Industrial Machinery,400,5,135464,15%,9%,1903371.15,1313326.09,16041302.24,25%,9.47,2.37,4010325.56
1403,shaeed rajaii,UAE,3034200,4781279,12537221,General Goods,400,5,382502.32,20%,9%,2507444.2,1354019.87,16781187.39,25%,3.51,0.88,4195296.85
1403,shaeed rajaii,UAE,87084015,864497,12384710,Vehicle Parts & Accessories,400,5,69159.76,25%,9%,3096177.5,1393279.88,16943327.14,25%,19.6,4.9,4235831.78
1403,shaeed rajaii,UAE,39012030,8717500,12267542,Plastics & Polymers,400,5,697400,20%,9%,2453508.4,1324894.54,16743344.94,25%,1.92,0.48,4185836.24
1403,shaeed rajaii,UAE,38231100,9227100,11856803,Chemical Products,400,5,738168,15%,9%,1778520.45,1227179.11,15600670.56,25%,1.69,0.42,3900167.64
1403,shaeed rajaii,UAE,40111010,3189930,11753691,Rubber & Tires,400,5,255194.4,20%,9%,2350738.2,1269398.63,15629022.23,25%,4.9,1.23,3907255.56
1403,shaeed rajaii,UAE,24031910,1076750,11742447,General Goods,400,5,86140,20%,9%,2348489.4,1268184.28,15445260.68,25%,14.34,3.58,3861315.17
1403,shaeed rajaii,UAE,84071090,26489,11708713,Industrial Machinery,400,5,2119.12,15%,9%,1756306.95,1211851.8,14678990.87,25%,554.15,138.54,3669747.72
1403,shaeed rajaii,UAE,40111030,2835981,11526200,Rubber & Tires,400,5,226878.48,20%,9%,2305240,1244829.6,15303148.08,25%,5.4,1.35,3825787.02
1403,shaeed rajaii,UAE,73044100,1527254,11250048,Articles of Iron & Steel,400,5,122180.32,10%,9%,1125004.8,1113754.75,13610987.87,25%,8.91,2.23,3402746.97
1403,shaeed rajaii,UAE,84193900,459070,11149538,Industrial Machinery,400,5,36725.6,15%,9%,1672430.7,1153977.18,14012671.48,25%,30.52,7.63,3503167.87
1403,shaeed rajaii,UAE,85022010,395709,11056676,Electrical Equipment,400,5,31656.72,15%,9%,1658501.4,1144365.97,13891200.09,25%,35.1,8.78,3472800.02
1403,shaeed rajaii,UAE,40111020,2878496,11005102,Rubber & Tires,400,5,230279.68,20%,9%,2201020.4,1188551.02,14624953.1,25%,5.08,1.27,3656238.28
1403,shaeed rajaii,UAE,26151010,4102000,10926906,General Goods,400,5,328160,20%,9%,2185381.2,1180105.85,14620553.05,25%,3.56,0.89,3655138.26
1403,shaeed rajaii,UAE,9041190,2432480,10874833,General Goods,400,5,194598.4,20%,9%,2174966.6,1174481.96,14418879.96,25%,5.93,1.48,3604719.99
1403,shaeed rajaii,UAE,85021310,952109,10797152,Electrical Equipment,400,5,76168.72,15%,9%,1619572.8,1117505.23,13610398.75,25%,14.3,3.58,3402599.69
1403,shaeed rajaii,UAE,72193300,4752610,10766186,Iron & Steel Products,400,5,380208.8,10%,9%,1076618.6,1065852.41,13288865.81,25%,2.8,0.7,3322216.45
1403,shaeed rajaii,UAE,40118010,2932796,10717460,Rubber & Tires,400,5,234623.68,20%,9%,2143492,1157485.68,14253061.36,25%,4.86,1.22,3563265.34
1403,shaeed rajaii,UAE,26020000,31463276,10516708,General Goods,400,5,2517062.08,20%,9%,2103341.6,1135804.46,16272916.14,25%,0.52,0.13,4068229.04
1403,shaeed rajaii,UAE,84399900,591562,10461548,Industrial Machinery,400,5,47324.96,15%,9%,1569232.2,1082770.22,13160875.38,25%,22.25,5.56,3290218.84
1403,shaeed rajaii,UAE,84743900,272790,10106610,Industrial Machinery,400,5,21823.2,15%,9%,1515991.5,1046034.14,12690458.84,25%,46.52,11.63,3172614.71
1403,shaeed rajaii,UAE,39019000,3255757,10066813,Plastics & Polymers,400,5,260460.56,20%,9%,2013362.6,1087215.8,13427851.96,25%,4.12,1.03,3356962.99
1403,shaeed rajaii,UAE,84742000,477007,9938253,Industrial Machinery,400,5,38160.56,15%,9%,1490737.95,1028609.19,12495760.7,25%,26.2,6.55,3123940.18
1403,shaeed rajaii,UAE,84793010,101662,9905351,Machines & Mechanical Appliances,400,5,8132.96,15%,9%,1485802.65,1025203.83,12424490.44,25%,122.21,30.55,3106122.61
1403,shaeed rajaii,UAE,84295229,2132688,9893780,Industrial Machinery,400,5,170615.04,15%,9%,1484067,1024006.23,12572468.27,25%,5.9,1.48,3143117.07
1403,shaeed rajaii,UAE,40112030,3399018,9890790,Rubber & Tires,400,5,271921.44,20%,9%,1978158,1068205.32,13209074.76,25%,3.89,0.97,3302268.69
1403,shaeed rajaii,UAE,72193400,4771149,9830854,Iron & Steel Products,400,5,381691.92,10%,9%,983085.4,973254.55,12168885.87,25%,2.55,0.64,3042221.47
1403,shaeed rajaii,UAE,2044200,1434541,9669974,General Goods,400,5,114763.28,20%,9%,1933994.8,1044357.19,12763089.27,25%,8.9,2.22,3190772.32
1403,shaeed rajaii,UAE,84392000,221200,9512668,Industrial Machinery,400,5,17696,15%,9%,1426900.2,984561.14,11941825.34,25%,53.99,13.5,2985456.34
1403,shaeed rajaii,UAE,38123930,1005743,9230254,Chemical Products,400,5,80459.44,15%,9%,1384538.1,955331.29,11650582.83,25%,11.58,2.9,2912645.71
1403,shaeed rajaii,UAE,84413000,503960,8939374,Industrial Machinery,400,5,40316.8,15%,9%,1340906.1,925225.21,11245822.11,25%,22.31,5.58,2811455.53
1403,shaeed rajaii,UAE,12074090,4803130,8931843,General Goods,400,5,384250.4,20%,9%,1786368.6,964639.04,12067101.04,25%,2.51,0.63,3016775.26
1403,shaeed rajaii,UAE,38112110,3622120,8904142,Chemical Products,400,5,289769.6,15%,9%,1335621.3,921578.7,11451111.6,25%,3.16,0.79,2862777.9
1403,shaeed rajaii,UAE,72083620,12479396,8860410,Iron & Steel Products,400,5,998351.68,10%,9%,886041,877180.59,11621983.27,25%,0.93,0.23,2905495.82
1403,shaeed rajaii,UAE,29094300,4788603,8802318,Organic Chemicals,400,5,383088.24,15%,9%,1320347.7,911039.91,11416793.85,25%,2.38,0.6,2854198.46
1403,shaeed rajaii,UAE,2071200,4339370,8681392,General Goods,400,5,347149.6,20%,9%,1736278.4,937590.34,11702410.34,25%,2.7,0.68,2925602.58
1403,shaeed rajaii,UAE,87033329,87540,8437290,Passenger Vehicles,400,5,7003.2,45%,9%,3796780.5,1101066.34,13342140.04,25%,152.41,38.1,3335535.01
1403,shaeed rajaii,UAE,90183916,308128,8435680,General Goods,400,5,24650.24,20%,9%,1687136,911053.44,11058519.68,25%,35.89,8.97,2764629.92
1403,shaeed rajaii,UAE,32041790,1093100,8397191,General Goods,400,5,87448,20%,9%,1679438.2,906896.63,11070973.83,25%,10.13,2.53,2767743.46
1403,shaeed rajaii,UAE,39073020,2705500,8311118,Plastics & Polymers,400,5,216440,20%,9%,1662223.6,897600.74,11087382.34,25%,4.1,1.02,2771845.58
1403,shaeed rajaii,UAE,84143020,905059,8297794,Compressors & Pumps,400,5,72404.72,15%,9%,1244669.1,858821.68,10473689.5,25%,11.57,2.89,2618422.38
1403,shaeed rajaii,UAE,85044087,199470,8274890,Electrical Equipment,400,5,15957.6,15%,9%,1241233.5,856451.12,10388532.22,25%,52.08,13.02,2597133.06
1403,shaeed rajaii,UAE,87032290,585497,8073157,Passenger Vehicles,400,5,46839.76,45%,9%,3632920.65,1053546.99,12806464.4,25%,21.87,5.47,3201616.1
1403,shaeed rajaii,UAE,72024920,2419000,8065863,Iron & Steel Products,400,5,193520,10%,9%,806586.3,798520.44,9864489.74,25%,4.08,1.02,2466122.44
1403,shaeed rajaii,UAE,85451100,2019438,8056954,Electrical Equipment,400,5,161555.04,15%,9%,1208543.1,833894.74,10260946.88,25%,5.08,1.27,2565236.72
1403,shaeed rajaii,UAE,39204310,2345999,8040855,Plastics & Polymers,400,5,187679.92,20%,9%,1608171,868412.34,10705118.26,25%,4.56,1.14,2676279.56
1403,shaeed rajaii,UAE,38159090,302352,7937287,Chemical Products,400,5,24188.16,15%,9%,1190593.05,821509.2,9973577.41,25%,32.99,8.25,2493394.35
1403,shaeed rajaii,UAE,84119990,264001,7930831,Industrial Machinery,400,5,21120.08,15%,9%,1189624.65,820841.01,9962416.74,25%,37.74,9.44,2490604.18
1403,shaeed rajaii,UAE,28100010,7916953,7913369,General Goods,400,5,633356.24,20%,9%,1582673.8,854643.85,10984042.89,25%,1.39,0.35,2746010.72
1403,shaeed rajaii,UAE,84149090,133506,7888039,Compressors & Pumps,400,5,10680.48,15%,9%,1183205.85,816412.04,9898337.37,25%,74.14,18.54,2474584.34
1403,shaeed rajaii,UAE,84388000,363296,7841177,Industrial Machinery,400,5,29063.68,15%,9%,1176176.55,811561.82,9857979.05,25%,27.13,6.78,2464494.76
1403,shaeed rajaii,UAE,73041990,8581507,7788424,Articles of Iron & Steel,400,5,686520.56,10%,9%,778842.4,771053.98,10024840.94,25%,1.17,0.29,2506210.24
1403,shaeed rajaii,UAE,29051200,4654987,7775815,Organic Chemicals,400,5,372398.96,15%,9%,1166372.25,804796.85,10119383.06,25%,2.17,0.54,2529845.76
1403,shaeed rajaii,UAE,84143011,1324458,7755485,Compressors & Pumps,400,5,105956.64,15%,9%,1163322.75,802692.7,9827457.09,25%,7.42,1.86,2456864.27
1403,shaeed rajaii,UAE,29225090,2421768,7726305,Organic Chemicals,400,5,193741.44,15%,9%,1158945.75,799672.57,9878664.76,25%,4.08,1.02,2469666.19
1403,shaeed rajaii,UAE,29051610,4658500,7661419,Organic Chemicals,400,5,372680,15%,9%,1149212.85,792956.87,9976268.72,25%,2.14,0.54,2494067.18
1403,shaeed rajaii,UAE,87038000,479650,7618165,Passenger Vehicles,400,5,38372,45%,9%,3428174.25,994170.53,12078881.78,25%,25.18,6.3,3019720.44
1403,shaeed rajaii,UAE,84451100,222390,7569423,Industrial Machinery,400,5,17791.2,15%,9%,1135413.45,783435.28,9506062.93,25%,42.75,10.69,2376515.73
1403,shaeed rajaii,UAE,84717090,44500,7555292,Industrial Machinery,400,5,3560,15%,9%,1133293.8,781972.72,9474118.52,25%,212.9,53.22,2368529.63
1403,shaeed rajaii,UAE,72091600,9764186,7555160,Iron & Steel Products,400,5,781134.88,10%,9%,755516,747960.84,9839771.72,25%,1.01,0.25,2459942.93
1403,shaeed rajaii,UAE,73043900,7204187,7437098,Articles of Iron & Steel,400,5,576334.96,10%,9%,743709.8,736272.7,9493415.46,25%,1.32,0.33,2373353.87
1403,shaeed rajaii,UAE,98842940,1405042,7427818,Vehicle/Chassis/Tractor Parts,400,5,112403.36,40%,9%,2971127.2,935905.07,11447253.63,25%,8.15,2.04,2861813.41
1403,shaeed rajaii,UAE,84818090,1401887,7401726,Industrial Machinery,400,5,112150.96,15%,9%,1110258.9,766078.64,9390214.5,25%,6.7,1.68,2347553.62
1403,shaeed rajaii,UAE,48103900,5424539,7369127,Paper & Paperboard,400,5,433963.12,15%,9%,1105369.05,762704.64,9671163.81,25%,1.78,0.44,2417790.95
1403,shaeed rajaii,UAE,29362990,126198,7274454,Organic Chemicals,400,5,10095.84,15%,9%,1091168.1,752905.99,9128623.93,25%,72.34,18.08,2282155.98
1403,shaeed rajaii,UAE,39076110,6641250,7178184,Plastics & Polymers,400,5,531300,20%,9%,1435636.8,775243.87,9920364.67,25%,1.49,0.37,2480091.17
1403,shaeed rajaii,UAE,39029000,1588948,7170140,Plastics & Polymers,400,5,127115.84,20%,9%,1434028,774375.12,9505658.96,25%,5.98,1.5,2376414.74
1403,shaeed rajaii,UAE,84051000,762466,7138451,Industrial Machinery,400,5,60997.28,15%,9%,1070767.65,738829.68,9009045.61,25%,11.82,2.96,2252261.4
1403,shaeed rajaii,UAE,17021910,1989730,7135564,General Goods,400,5,159178.4,20%,9%,1427112.8,770640.91,9492496.11,25%,4.77,1.19,2373124.03
1403,shaeed rajaii,UAE,85176120,57445,7051866,Telecom & Display Equipment,400,5,4595.6,15%,9%,1057779.9,729868.13,8844109.63,25%,153.96,38.49,2211027.41
1403,shaeed rajaii,UAE,38249990,1089223,6707883,Chemical Products,400,5,87137.84,15%,9%,1006182.45,694265.89,8495469.18,25%,7.8,1.95,2123867.3
1403,shaeed rajaii,UAE,85044080,300800,6528867,Electrical Equipment,400,5,24064,15%,9%,979330.05,675737.73,8207998.78,25%,27.29,6.82,2051999.7
1403,shaeed rajaii,UAE,84099190,422521,6437685,Industrial Machinery,400,5,33801.68,15%,9%,965652.75,666300.4,8103439.83,25%,19.18,4.8,2025859.96
1403,shaeed rajaii,UAE,54024600,4584273,6400769,General Goods,400,5,366741.84,20%,9%,1280153.8,691283.05,8738947.69,25%,1.91,0.48,2184736.92
1403,shaeed rajaii,UAE,39069070,2051084,6387040,Plastics & Polymers,400,5,164086.72,20%,9%,1277408,689800.32,8518335.04,25%,4.15,1.04,2129583.76
1403,shaeed rajaii,UAE,84189990,623288,6352127,Industrial Machinery,400,5,49863.04,15%,9%,952819.05,657445.14,8012254.23,25%,12.85,3.21,2003063.56
1403,shaeed rajaii,UAE,18050090,1098925,6339073,General Goods,400,5,87914,20%,9%,1267814.6,684619.88,8379421.48,25%,7.63,1.91,2094855.37
1403,shaeed rajaii,UAE,84431990,185512,6297971,Industrial Machinery,400,5,14840.96,15%,9%,944695.65,651840,7909347.61,25%,42.64,10.66,1977336.9
1403,shaeed rajaii,UAE,34024210,2952190,6274094,General Goods,400,5,236175.2,20%,9%,1254818.8,677602.15,8442690.15,25%,2.86,0.72,2110672.54
1403,shaeed rajaii,UAE,15200000,12163660,6260148,General Goods,400,5,973092.8,20%,9%,1252029.6,676095.98,9161366.38,25%,0.75,0.19,2290341.6
1403,shaeed rajaii,UAE,39013000,2927600,6242255,Plastics & Polymers,400,5,234208,20%,9%,1248451,674163.54,8399077.54,25%,2.87,0.72,2099769.38
1403,shaeed rajaii,UAE,48192010,1967872,6225624,Paper & Paperboard,400,5,157429.76,15%,9%,933843.6,644352.08,7961249.44,25%,4.05,1.01,1990312.36
1403,shaeed rajaii,UAE,29419090,78012,6225354,Organic Chemicals,400,5,6240.96,15%,9%,933803.1,644324.14,7809722.2,25%,100.11,25.03,1952430.55
1403,shaeed rajaii,UAE,29291010,2520000,6173700,Organic Chemicals,400,5,201600,15%,9%,926055,638977.95,7940332.95,25%,3.15,0.79,1985083.24
1403,shaeed rajaii,UAE,39079929,2851100,6170297,Plastics & Polymers,400,5,228088,20%,9%,1234059.4,666392.08,8298836.48,25%,2.91,0.73,2074709.12
1403,shaeed rajaii,UAE,29420090,138016,6155233,Organic Chemicals,400,5,11041.28,15%,9%,923284.95,637066.62,7726625.85,25%,55.98,14,1931656.46
1403,shaeed rajaii,UAE,98842920,1200645,6143001,Vehicle/Chassis/Tractor Parts,400,5,96051.6,40%,9%,2457200.4,774018.13,9470271.13,25%,7.89,1.97,2367567.78
1403,shaeed rajaii,UAE,85285290,109556,6105737,Telecom & Display Equipment,400,5,8764.48,15%,9%,915860.55,631943.78,7662305.81,25%,69.94,17.48,1915576.45
1403,shaeed rajaii,UAE,84029000,330980,6083921,Industrial Machinery,400,5,26478.4,15%,9%,912588.15,629685.82,7652673.37,25%,23.12,5.78,1913168.34
1403,shaeed rajaii,UAE,29051300,3829850,6076729,Organic Chemicals,400,5,306388,15%,9%,911509.35,628941.45,7923567.8,25%,2.07,0.52,1980891.95
1403,shaeed rajaii,UAE,29094900,2764600,6048931,Organic Chemicals,400,5,221168,15%,9%,907339.65,626064.36,7803503.01,25%,2.82,0.7,1950875.75
1403,shaeed rajaii,UAE,18010090,714500,6029854,General Goods,400,5,57160,20%,9%,1205970.8,651224.23,7944209.03,25%,11.12,2.78,1986052.26
1403,shaeed rajaii,UAE,84151010,851883,5898058,Industrial Machinery,400,5,68150.64,15%,9%,884708.7,610449,7461366.34,25%,8.76,2.19,1865341.58
1403,shaeed rajaii,UAE,84807100,650176,5897997,Industrial Machinery,400,5,52014.08,15%,9%,884699.55,610442.69,7445153.32,25%,11.45,2.86,1861288.33
1403,shaeed rajaii,UAE,85021390,297328,5879962,Electrical Equipment,400,5,23786.24,15%,9%,881994.3,608576.07,7394318.61,25%,24.87,6.22,1848579.65
1403,shaeed rajaii,UAE,28182000,5894590,5740306,General Goods,400,5,471567.2,20%,9%,1148061.2,619953.05,7979887.45,25%,1.35,0.34,1994971.86
1403,shaeed rajaii,UAE,84082090,281720,5735954,Industrial Machinery,400,5,22537.6,15%,9%,860393.1,593671.24,7212555.94,25%,25.6,6.4,1803138.98
1403,shaeed rajaii,UAE,72101200,4927885,5735223,Iron & Steel Products,400,5,394230.8,10%,9%,573522.3,567787.08,7270763.18,25%,1.48,0.37,1817690.8
1403,shaeed rajaii,UAE,85258910,124713,5729814,Electrical Equipment,400,5,9977.04,15%,9%,859472.1,593035.75,7192298.89,25%,57.67,14.42,1798074.72
1403,shaeed rajaii,UAE,84842010,104399,5687764,Industrial Machinery,400,5,8351.92,15%,9%,853164.6,588683.57,7137964.09,25%,68.37,17.09,1784491.02
1403,shaeed rajaii,UAE,29212990,1858950,5682941,Organic Chemicals,400,5,148716,15%,9%,852441.15,588184.39,7272282.54,25%,3.91,0.98,1818070.64
1403,shaeed rajaii,UAE,29054410,7968100,5656914,Organic Chemicals,400,5,637448,15%,9%,848537.1,585490.6,7728389.7,25%,0.97,0.24,1932097.42
1403,shaeed rajaii,UAE,85395100,129794,5650151,Electrical Equipment,400,5,10383.52,15%,9%,847522.65,584790.63,7092847.8,25%,54.65,13.66,1773211.95
1403,shaeed rajaii,UAE,84304190,251800,5613130,Industrial Machinery,400,5,20144,15%,9%,841969.5,580958.95,7056202.45,25%,28.02,7,1764050.61
1403,shaeed rajaii,UAE,39012040,1495000,5554730,Plastics & Polymers,400,5,119600,20%,9%,1110946,599910.84,7385186.84,25%,4.94,1.24,1846296.71
1403,shaeed rajaii,UAE,48101900,5498082,5528805,Paper & Paperboard,400,5,439846.56,15%,9%,829320.75,572231.32,7370203.63,25%,1.34,0.34,1842550.91
1403,shaeed rajaii,UAE,29224990,697695,5502018,Organic Chemicals,400,5,55815.6,15%,9%,825302.7,569458.86,6952595.16,25%,9.97,2.49,1738148.79
1403,shaeed rajaii,UAE,76129020,322058,5492269,General Goods,400,5,25764.64,20%,9%,1098453.8,593165.05,7209652.49,25%,22.39,5.6,1802413.12
1403,shaeed rajaii,UAE,48101300,4523174,5483259,Paper & Paperboard,400,5,361853.92,15%,9%,822488.85,567517.31,7235119.08,25%,1.6,0.4,1808779.77
1403,shaeed rajaii,UAE,98870312,443252,5481224,Vehicle/Chassis/Tractor Parts,400,5,35460.16,40%,9%,2192489.6,690634.22,8399807.98,25%,18.95,4.74,2099952
1403,shaeed rajaii,UAE,73044900,545128,5445840,Articles of Iron & Steel,400,5,43610.24,10%,9%,544584,539138.16,6573172.4,25%,12.06,3.02,1643293.1
1403,shaeed rajaii,UAE,39074000,1997155,5436831,Plastics & Polymers,400,5,159772.4,20%,9%,1087366.2,587177.75,7271147.35,25%,3.64,0.91,1817786.84
1403,shaeed rajaii,UAE,87079030,213029,5374863,General Goods,400,5,17042.32,20%,9%,1074972.6,580485.2,7047363.12,25%,33.08,8.27,1761840.78
1403,shaeed rajaii,UAE,38119000,975219,5358859,Chemical Products,400,5,78017.52,15%,9%,803828.85,554641.91,6795347.28,25%,6.97,1.74,1698836.82
1403,shaeed rajaii,UAE,84792000,413264,5355159,Machines & Mechanical Appliances,400,5,33061.12,15%,9%,803273.85,554258.96,6745752.93,25%,16.32,4.08,1686438.23
1403,shaeed rajaii,UAE,29031200,7083961,5335017,Organic Chemicals,400,5,566716.88,15%,9%,800252.55,552174.26,7254160.69,25%,1.02,0.26,1813540.17
1403,shaeed rajaii,UAE,72193200,1853801,5324797,Iron & Steel Products,400,5,148304.08,10%,9%,532479.7,527154.9,6532735.68,25%,3.52,0.88,1633183.92
1403,shaeed rajaii,UAE,29270090,1499729,5323901,Organic Chemicals,400,5,119978.32,15%,9%,798585.15,551023.75,6793488.22,25%,4.53,1.13,1698372.06
1403,shaeed rajaii,UAE,29053200,2626300,5294912,Organic Chemicals,400,5,210104,15%,9%,794236.8,548023.39,6847276.19,25%,2.61,0.65,1711819.05
1403,shaeed rajaii,UAE,84158100,785528,5291754,Industrial Machinery,400,5,62842.24,15%,9%,793763.1,547696.54,6696055.88,25%,8.52,2.13,1674013.97
1403,shaeed rajaii,UAE,84224000,65236,5169797,Industrial Machinery,400,5,5218.88,15%,9%,775469.55,535073.99,6485559.42,25%,99.42,24.86,1621389.86
1403,shaeed rajaii,UAE,39100090,1297684,5168690,Plastics & Polymers,400,5,103814.72,20%,9%,1033738,558218.52,6864461.24,25%,5.29,1.32,1716115.31
1403,shaeed rajaii,UAE,72254010,2618442,5135077,Iron & Steel Products,400,5,209475.36,10%,9%,513507.7,508372.62,6366432.68,25%,2.43,0.61,1591608.17
1403,shaeed rajaii,UAE,95045090,56806,5132550,General Goods,400,5,4544.48,20%,9%,1026510,554315.4,6717919.88,25%,118.26,29.56,1679479.97
1403,shaeed rajaii,UAE,84099990,388073,5082627,Industrial Machinery,400,5,31045.84,15%,9%,762394.05,526051.89,6402118.78,25%,16.5,4.12,1600529.7
1403,shaeed rajaii,UAE,39071000,1877000,5055488,Plastics & Polymers,400,5,150160,20%,9%,1011097.6,545992.7,6762738.3,25%,3.6,0.9,1690684.58
1403,shaeed rajaii,UAE,84431600,34823,5003525,Industrial Machinery,400,5,2785.84,15%,9%,750528.75,517864.84,6274704.43,25%,180.19,45.05,1568676.11
1403,shaeed rajaii,UAE,39123900,877875,4935957,Plastics & Polymers,400,5,70230,20%,9%,987191.4,533083.36,6526461.76,25%,7.43,1.86,1631615.44
1403,shaeed rajaii,UAE,73269090,627103,4854558,Articles of Iron & Steel,400,5,50168.24,10%,9%,485455.8,480601.24,5870783.28,25%,9.36,2.34,1467695.82
1403,shaeed rajaii,UAE,8011100,2170500,4854543,General Goods,400,5,173640,20%,9%,970908.6,524290.64,6523382.24,25%,3.01,0.75,1630845.56
1403,shaeed rajaii,UAE,84148070,143596,4794000,Compressors & Pumps,400,5,11487.68,15%,9%,719100,496179,6020766.68,25%,41.93,10.48,1505191.67
1403,shaeed rajaii,UAE,84137090,413308,4792998,Industrial Machinery,400,5,33064.64,15%,9%,718949.7,496075.29,6041087.63,25%,14.62,3.66,1510271.91
1403,shaeed rajaii,UAE,10059090,5676350,4773988,General Goods,400,5,454108,20%,9%,954797.6,515590.7,6698484.3,25%,1.18,0.3,1674621.08
1403,shaeed rajaii,UAE,29141100,3040654,4773578,Organic Chemicals,400,5,243252.32,15%,9%,716036.7,494065.32,6226932.34,25%,2.05,0.51,1556733.08
1403,shaeed rajaii,UAE,85182910,701877,4756744,Electrical Equipment,400,5,56150.16,15%,9%,713511.6,492323,6018728.76,25%,8.58,2.14,1504682.19
1403,shaeed rajaii,UAE,85198900,283169,4743204,Electrical Equipment,400,5,22653.52,15%,9%,711480.6,490921.61,5968259.73,25%,21.08,5.27,1492064.93
1403,shaeed rajaii,UAE,38231900,3103070,4719498,Chemical Products,400,5,248245.6,15%,9%,707924.7,488468.04,6164136.34,25%,1.99,0.5,1541034.08
1403,shaeed rajaii,UAE,26060000,9359500,4689299,General Goods,400,5,748760,20%,9%,937859.8,506444.29,6882363.09,25%,0.74,0.18,1720590.77
1403,shaeed rajaii,UAE,84171000,418742,4604512,Industrial Machinery,400,5,33499.36,15%,9%,690676.8,476566.99,5805255.15,25%,13.86,3.46,1451313.79
1403,shaeed rajaii,UAE,26151090,1805774,4513909,General Goods,400,5,144461.92,20%,9%,902781.8,487502.17,6048654.89,25%,3.35,0.84,1512163.72
1403,shaeed rajaii,UAE,39023010,2814000,4506976,Plastics & Polymers,400,5,225120,20%,9%,901395.2,486753.41,6120244.61,25%,2.17,0.54,1530061.15
1403,shaeed rajaii,UAE,90181260,16167,4505738,General Goods,400,5,1293.36,20%,9%,901147.6,486619.7,5894798.66,25%,364.62,91.16,1473699.66
1403,shaeed rajaii,UAE,87085019,1372717,4475464,Vehicle Parts & Accessories,400,5,109817.36,25%,9%,1118866,503489.7,6207637.06,25%,4.52,1.13,1551909.26
1403,shaeed rajaii,UAE,84295222,1068500,4456934,Industrial Machinery,400,5,85480,15%,9%,668540.1,461292.67,5672246.77,25%,5.31,1.33,1418061.69
1403,shaeed rajaii,UAE,48192090,588856,4430356,Paper & Paperboard,400,5,47108.48,15%,9%,664553.4,458541.85,5600559.73,25%,9.51,2.38,1400139.93
1403,shaeed rajaii,UAE,86021000,643230,4389442,General Goods,400,5,51458.4,20%,9%,877888.4,474059.74,5792848.54,25%,9.01,2.25,1448212.14
1403,shaeed rajaii,UAE,24012030,2097600,4368461,General Goods,400,5,167808,20%,9%,873692.2,471793.79,5881754.99,25%,2.8,0.7,1470438.75
1403,shaeed rajaii,UAE,84771000,1079976,4357415,Industrial Machinery,400,5,86398.08,15%,9%,653612.25,450992.45,5548417.78,25%,5.14,1.28,1387104.44
1403,shaeed rajaii,UAE,90015090,136289,4339483,General Goods,400,5,10903.12,20%,9%,867896.6,468664.16,5686946.88,25%,41.73,10.43,1421736.72
1403,shaeed rajaii,UAE,55033000,2122671,4320009,General Goods,400,5,169813.68,20%,9%,864001.8,466560.97,5820385.45,25%,2.74,0.68,1455096.36
1403,shaeed rajaii,UAE,85045090,181885,4304317,Electrical Equipment,400,5,14550.8,15%,9%,645647.55,445496.81,5410012.16,25%,29.74,7.44,1352503.04
1403,shaeed rajaii,UAE,85111000,227037,4253838,Electrical Equipment,400,5,18162.96,15%,9%,638075.7,440272.23,5350348.89,25%,23.57,5.89,1337587.22
1403,shaeed rajaii,UAE,85249900,139875,4239659,Electrical Equipment,400,5,11190,15%,9%,635948.85,438804.71,5325602.56,25%,38.07,9.52,1331400.64
1403,shaeed rajaii,UAE,39174000,27256,4216909,Plastics & Polymers,400,5,2180.48,20%,9%,843381.8,455426.17,5517897.45,25%,202.45,50.61,1379474.36
1403,shaeed rajaii,UAE,15119010,3985380,4206402,General Goods,400,5,318830.4,20%,9%,841280.4,454291.42,5820804.22,25%,1.46,0.36,1455201.06
1403,shaeed rajaii,UAE,84212120,144959,4203163,Industrial Machinery,400,5,11596.72,15%,9%,630474.45,435027.37,5280261.54,25%,36.43,9.11,1320065.38
1403,shaeed rajaii,UAE,87085032,960828,4194246,Vehicle Parts & Accessories,400,5,76866.24,25%,9%,1048561.5,471852.68,5791526.42,25%,6.03,1.51,1447881.6
1403,shaeed rajaii,UAE,72192100,1311182,4189529,Iron & Steel Products,400,5,104894.56,10%,9%,418952.9,414763.37,5128139.83,25%,3.91,0.98,1282034.96
1403,shaeed rajaii,UAE,72193500,2948371,4182691,Iron & Steel Products,400,5,235869.68,10%,9%,418269.1,414086.41,5250916.19,25%,1.78,0.44,1312729.05
1403,shaeed rajaii,UAE,29332990,93080,4178162,Organic Chemicals,400,5,7446.4,15%,9%,626724.3,432439.77,5244772.47,25%,56.35,14.09,1311193.12
1403,shaeed rajaii,UAE,85076090,212835,4173043,Electrical Equipment,400,5,17026.8,15%,9%,625956.45,431909.95,5247936.2,25%,24.66,6.16,1311984.05
1403,shaeed rajaii,UAE,90181240,1616,4144895,General Goods,400,5,129.28,20%,9%,828979,447648.66,5421651.94,25%,3354.98,838.74,1355412.98
1403,shaeed rajaii,UAE,39081090,1458155,4142778,Plastics & Polymers,400,5,116652.4,20%,9%,828555.6,447420.02,5535406.02,25%,3.8,0.95,1383851.5
1403,shaeed rajaii,UAE,90318040,20870,4138959,General Goods,400,5,1669.6,20%,9%,827791.8,447007.57,5415427.97,25%,259.48,64.87,1353856.99
1403,shaeed rajaii,UAE,87089429,536717,4134713,Vehicle Parts & Accessories,400,5,42937.36,25%,9%,1033678.25,465155.21,5676483.82,25%,10.58,2.64,1419120.96
1403,shaeed rajaii,UAE,72105000,2880351,4128337,Iron & Steel Products,400,5,230428.08,10%,9%,412833.7,408705.36,5180304.14,25%,1.8,0.45,1295076.03
1403,shaeed rajaii,UAE,84152090,409976,4119918,Industrial Machinery,400,5,32798.08,15%,9%,617987.7,426411.51,5197115.29,25%,12.68,3.17,1299278.82
1403,shaeed rajaii,UAE,39059920,1081900,4119864,Plastics & Polymers,400,5,86552,20%,9%,823972.8,444945.31,5475334.11,25%,5.06,1.26,1368833.53
1403,shaeed rajaii,UAE,13023900,325438,4087269,General Goods,400,5,26035.04,20%,9%,817453.8,441425.05,5372182.89,25%,16.51,4.13,1343045.72
1403,shaeed rajaii,UAE,38123910,982900,4048916,Chemical Products,400,5,78632,15%,9%,607337.4,419062.81,5153948.21,25%,5.24,1.31,1288487.05
1403,shaeed rajaii,UAE,30044990,74216,4043158,General Goods,400,5,5937.28,20%,9%,808631.6,436661.06,5294387.94,25%,71.34,17.84,1323596.99
1403,shaeed rajaii,UAE,85030090,137717,3992125,Electrical Equipment,400,5,11017.36,15%,9%,598818.75,413184.94,5015146.05,25%,36.42,9.1,1253786.51
1403,shaeed rajaii,UAE,48139000,768843,3989055,Paper & Paperboard,400,5,61507.44,15%,9%,598358.25,412867.19,5061787.88,25%,6.58,1.64,1265446.97
1403,shaeed rajaii,UAE,98842930,649409,3952923,Vehicle/Chassis/Tractor Parts,400,5,51952.72,40%,9%,1581169.2,498068.3,6084113.22,25%,9.37,2.34,1521028.3
1403,shaeed rajaii,UAE,31059090,947615,3828090,General Goods,400,5,75809.2,20%,9%,765618,413433.72,5082950.92,25%,5.36,1.34,1270737.73
1403,shaeed rajaii,UAE,84401000,180466,3821655,Industrial Machinery,400,5,14437.28,15%,9%,573248.25,395541.29,4804881.82,25%,26.62,6.66,1201220.46
1403,shaeed rajaii,UAE,29071100,2667200,3801834,Organic Chemicals,400,5,213376,15%,9%,570275.1,393489.82,4978974.92,25%,1.87,0.47,1244743.73
1403,shaeed rajaii,UAE,85258990,5412,3800430,Electrical Equipment,400,5,432.96,15%,9%,570064.5,393344.5,4764271.96,25%,880.32,220.08,1191067.99
1403,shaeed rajaii,UAE,17021100,1048110,3791523,General Goods,400,5,83848.8,20%,9%,758304.6,409484.48,5043160.88,25%,4.81,1.2,1260790.22
1403,shaeed rajaii,UAE,12079900,1039700,3783363,General Goods,400,5,83176,20%,9%,756672.6,408603.2,5031814.8,25%,4.84,1.21,1257953.7
1403,shaeed rajaii,UAE,29142200,1997420,3774584,Organic Chemicals,400,5,159793.6,15%,9%,566187.6,390669.44,4891234.64,25%,2.45,0.61,1222808.66
1403,shaeed rajaii,UAE,85169000,367372,3752707,Electrical Equipment,400,5,29389.76,15%,9%,562906.05,388405.17,4733407.98,25%,12.88,3.22,1183352
1403,shaeed rajaii,UAE,29319090,879674,3750957,Organic Chemicals,400,5,70373.92,15%,9%,562643.55,388224.05,4772198.52,25%,5.42,1.36,1193049.63
1403,shaeed rajaii,UAE,29419030,21000,3736152,Organic Chemicals,400,5,1680,15%,9%,560422.8,386691.73,4684946.53,25%,223.09,55.77,1171236.63
1403,shaeed rajaii,UAE,76071190,801222,3733969,General Goods,400,5,64097.76,20%,9%,746793.8,403268.65,4948129.21,25%,6.18,1.54,1237032.3
1403,shaeed rajaii,UAE,72091890,4997465,3729592,Iron & Steel Products,400,5,399797.2,10%,9%,372959.2,369229.61,4871578.01,25%,0.97,0.24,1217894.5
1403,shaeed rajaii,UAE,39041010,3202200,3712709,Plastics & Polymers,400,5,256176,20%,9%,742541.8,400972.57,5112399.37,25%,1.6,0.4,1278099.84
1403,shaeed rajaii,UAE,39059990,219575,3682770,Plastics & Polymers,400,5,17566,20%,9%,736554,397739.16,4834629.16,25%,22.02,5.5,1208657.29
1403,shaeed rajaii,UAE,32062090,868950,3676490,General Goods,400,5,69516,20%,9%,735298,397060.92,4878364.92,25%,5.61,1.4,1219591.23
1403,shaeed rajaii,UAE,39014000,1279825,3664075,Plastics & Polymers,400,5,102386,20%,9%,732815,395720.1,4894996.1,25%,3.82,0.96,1223749.02
1403,shaeed rajaii,UAE,9061190,1712670,3661595,General Goods,400,5,137013.6,20%,9%,732319,395452.26,4926379.86,25%,2.88,0.72,1231594.97
1403,shaeed rajaii,UAE,85149000,305703,3650322,Electrical Equipment,400,5,24456.24,15%,9%,547548.3,377808.33,4600134.87,25%,15.05,3.76,1150033.72
1403,shaeed rajaii,UAE,87036010,278526,3640864,Passenger Vehicles,400,5,22282.08,45%,9%,1638388.8,475132.75,5776667.63,25%,20.74,5.18,1444166.91
1403,shaeed rajaii,UAE,7133320,2744600,3582641,General Goods,400,5,219568,20%,9%,716528.2,386925.23,4905662.43,25%,1.79,0.45,1226415.61
1403,shaeed rajaii,UAE,39053000,1162600,3582532,Plastics & Polymers,400,5,93008,20%,9%,716506.4,386913.46,4778959.86,25%,4.11,1.03,1194739.97
1403,shaeed rajaii,UAE,84143090,318366,3571417,Compressors & Pumps,400,5,25469.28,15%,9%,535712.55,369641.66,4502240.49,25%,14.14,3.54,1125560.12
1403,shaeed rajaii,UAE,85249100,176683,3570264,Electrical Equipment,400,5,14134.64,15%,9%,535539.6,369522.32,4489460.56,25%,25.41,6.35,1122365.14
1403,shaeed rajaii,UAE,85013190,159546,3570122,Electrical Equipment,400,5,12763.68,15%,9%,535518.3,369507.63,4487911.61,25%,28.13,7.03,1121977.9
1403,shaeed rajaii,UAE,85022090,139303,3559846,Electrical Equipment,400,5,11144.24,15%,9%,533976.9,368444.06,4473411.2,25%,32.11,8.03,1118352.8
1403,shaeed rajaii,UAE,29181400,4023050,3558536,Organic Chemicals,400,5,321844,15%,9%,533780.4,368308.48,4782468.88,25%,1.19,0.3,1195617.22
1403,shaeed rajaii,UAE,84229010,650463,3548910,Industrial Machinery,400,5,52037.04,15%,9%,532336.5,367312.18,4500595.72,25%,6.92,1.73,1125148.93
1403,shaeed rajaii,UAE,29181590,444477,3544897,Organic Chemicals,400,5,35558.16,15%,9%,531734.55,366896.84,4479086.55,25%,10.08,2.52,1119771.64
1403,shaeed rajaii,UAE,28182090,3493520,3544511,General Goods,400,5,279481.6,20%,9%,708902.2,382807.19,4915701.99,25%,1.41,0.35,1228925.5
1403,shaeed rajaii,UAE,28371100,929000,3537684,General Goods,400,5,74320,20%,9%,707536.8,382069.87,4701610.67,25%,5.06,1.26,1175402.67
1403,shaeed rajaii,UAE,29124100,111500,3523344,Organic Chemicals,400,5,8920,15%,9%,528501.6,364666.1,4425431.7,25%,39.69,9.92,1106357.92
1403,shaeed rajaii,UAE,84139100,432389,3519520,Industrial Machinery,400,5,34591.12,15%,9%,527928,364270.32,4446309.44,25%,10.28,2.57,1111577.36
1403,shaeed rajaii,UAE,29213090,782193,3500991,Organic Chemicals,400,5,62575.44,15%,9%,525148.65,362352.57,4451067.66,25%,5.69,1.42,1112766.92
1403,shaeed rajaii,UAE,84551090,290607,3470553,Industrial Machinery,400,5,23248.56,15%,9%,520582.95,359202.24,4373586.75,25%,15.05,3.76,1093396.69
1403,shaeed rajaii,UAE,98842910,669397,3466247,Vehicle/Chassis/Tractor Parts,400,5,53551.76,40%,9%,1386498.8,436747.12,5343044.68,25%,7.98,2,1335761.17
1403,shaeed rajaii,UAE,73110090,2084166,3422521,Articles of Iron & Steel,400,5,166733.28,10%,9%,342252.1,338829.58,4270335.96,25%,2.05,0.51,1067583.99
1403,shaeed rajaii,UAE,48043190,3133336,3415808,Paper & Paperboard,400,5,250666.88,15%,9%,512371.2,353536.13,4532382.21,25%,1.45,0.36,1133095.55
1403,shaeed rajaii,UAE,73121010,2494080,3388744,Articles of Iron & Steel,400,5,199526.4,10%,9%,338874.4,335485.66,4262630.46,25%,1.71,0.43,1065657.62
1403,shaeed rajaii,UAE,30043190,35780,3373821,General Goods,400,5,2862.4,20%,9%,674764.2,364372.67,4415820.27,25%,123.42,30.86,1103955.07
1403,shaeed rajaii,UAE,72191200,1271147,3372721,Iron & Steel Products,400,5,101691.76,10%,9%,337272.1,333899.38,4145584.24,25%,3.26,0.82,1036396.06
1403,shaeed rajaii,UAE,90011090,50034,3365355,General Goods,400,5,4002.72,20%,9%,673071,363458.34,4405887.06,25%,88.06,22.02,1101471.76
1403,shaeed rajaii,UAE,73042900,1418640,3335701,Articles of Iron & Steel,400,5,113491.2,10%,9%,333570.1,330234.4,4112996.7,25%,2.9,0.72,1028249.18
1403,shaeed rajaii,UAE,84248990,169832,3328457,Industrial Machinery,400,5,13586.56,15%,9%,499268.55,344495.3,4185807.41,25%,24.65,6.16,1046451.85
1403,shaeed rajaii,UAE,84552100,207507,3314431,Industrial Machinery,400,5,16600.56,15%,9%,497164.65,343043.61,4171239.82,25%,20.1,5.03,1042809.96
1403,shaeed rajaii,UAE,32151990,418460,3300484,General Goods,400,5,33476.8,20%,9%,660096.8,356452.27,4350509.87,25%,10.4,2.6,1087627.47
1403,shaeed rajaii,UAE,23099030,941330,3281381,General Goods,400,5,75306.4,20%,9%,656276.2,354389.15,4367352.75,25%,4.64,1.16,1091838.19
1403,shaeed rajaii,UAE,84212190,150073,3262953,Industrial Machinery,400,5,12005.84,15%,9%,489442.95,337715.64,4102117.43,25%,27.33,6.83,1025529.36
1403,shaeed rajaii,UAE,90183914,641823,3251511,General Goods,400,5,51345.84,20%,9%,650302.2,351163.19,4304322.23,25%,6.71,1.68,1076080.56
1403,shaeed rajaii,UAE,84772000,354008,3250206,Industrial Machinery,400,5,28320.64,15%,9%,487530.9,336396.32,4102453.86,25%,11.59,2.9,1025613.46
1403,shaeed rajaii,UAE,39021020,2666100,3249476,Plastics & Polymers,400,5,213288,20%,9%,649895.2,350943.41,4463602.61,25%,1.67,0.42,1115900.65
1403,shaeed rajaii,UAE,84831090,49616,3234722,Industrial Machinery,400,5,3969.28,15%,9%,485208.3,334793.73,4058693.31,25%,81.8,20.45,1014673.33
1403,shaeed rajaii,UAE,28112200,1590880,3217220,General Goods,400,5,127270.4,20%,9%,643444,347459.76,4335394.16,25%,2.73,0.68,1083848.54
1403,shaeed rajaii,UAE,39204910,460948,3207556,Plastics & Polymers,400,5,36875.84,20%,9%,641511.2,346416.05,4232359.09,25%,9.18,2.3,1058089.77
1403,shaeed rajaii,UAE,90183190,51181,3204807,General Goods,400,5,4094.48,20%,9%,640961.4,346119.16,4195982.04,25%,81.98,20.5,1048995.51
1403,shaeed rajaii,UAE,84264100,690887,3180786,Industrial Machinery,400,5,55270.96,15%,9%,477117.9,329211.35,4042386.21,25%,5.85,1.46,1010596.55
1403,shaeed rajaii,UAE,85142010,258638,3162166,Electrical Equipment,400,5,20691.04,15%,9%,474324.9,327284.18,3984466.12,25%,15.41,3.85,996116.53
1403,shaeed rajaii,UAE,85176220,60119,3159958,Telecom & Display Equipment,400,5,4809.52,15%,9%,473993.7,327055.65,3965816.87,25%,65.97,16.49,991454.22
1403,shaeed rajaii,UAE,84752900,222370,3143984,Industrial Machinery,400,5,17789.6,15%,9%,471597.6,325402.34,3958773.54,25%,17.8,4.45,989693.38
1403,shaeed rajaii,UAE,84148020,69385,3140224,Compressors & Pumps,400,5,5550.8,15%,9%,471033.6,325013.18,3941821.58,25%,56.81,14.2,985455.4
1403,shaeed rajaii,UAE,28252000,185000,3127088,General Goods,400,5,14800,20%,9%,625417.6,337725.5,4105031.1,25%,22.19,5.55,1026257.78
1403,shaeed rajaii,UAE,25233000,2579550,3100579,General Goods,400,5,206364,20%,9%,620115.8,334862.53,4261921.33,25%,1.65,0.41,1065480.33
1403,shaeed rajaii,UAE,29211100,1202600,3088155,Organic Chemicals,400,5,96208,15%,9%,463223.25,319624.04,3967210.29,25%,3.3,0.82,991802.57
1403,shaeed rajaii,UAE,7132030,2315375,3087169,General Goods,400,5,185230,20%,9%,617433.8,333414.25,4223247.05,25%,1.82,0.46,1055811.76
1403,shaeed rajaii,UAE,54021910,1047556,3062171,General Goods,400,5,83804.48,20%,9%,612434.2,330714.47,4089124.15,25%,3.9,0.98,1022281.04
1403,shaeed rajaii,UAE,29094400,1259220,3042289,Organic Chemicals,400,5,100737.6,15%,9%,456343.35,314876.91,3914246.86,25%,3.11,0.78,978561.72
1403,shaeed rajaii,UAE,28230000,1104040,3039973,General Goods,400,5,88323.2,20%,9%,607994.6,328317.08,4064607.88,25%,3.68,0.92,1016151.97
1403,shaeed rajaii,UAE,27101930,1964534,3015209,Mineral Fuels & Oils,400,5,157162.72,5%,9%,150760.45,284937.25,3608069.42,25%,1.84,0.46,902017.36
1403,shaeed rajaii,UAE,84198990,183564,3013612,Industrial Machinery,400,5,14685.12,15%,9%,452041.8,311908.84,3792247.76,25%,20.66,5.16,948061.94
1403,shaeed rajaii,UAE,84543000,448071,3012288,Industrial Machinery,400,5,35845.68,15%,9%,451843.2,311771.81,3811748.69,25%,8.51,2.13,952937.17
1403,shaeed rajaii,UAE,72169910,3773768,2996543,Iron & Steel Products,400,5,301901.44,10%,9%,299654.3,296657.76,3894756.5,25%,1.03,0.26,973689.12
1403,shaeed rajaii,UAE,39129000,618258,2986062,Plastics & Polymers,400,5,49460.64,20%,9%,597212.4,322494.7,3955229.74,25%,6.4,1.6,988807.44
1403,shaeed rajaii,UAE,39079999,913665,2968968,Plastics & Polymers,400,5,73093.2,20%,9%,593793.6,320648.54,3956503.34,25%,4.33,1.08,989125.84
1403,shaeed rajaii,UAE,28201000,3565500,2962209,General Goods,400,5,285240,20%,9%,592441.8,319918.57,4159809.37,25%,1.17,0.29,1039952.34
1403,shaeed rajaii,UAE,39205100,1094120,2956656,Plastics & Polymers,400,5,87529.6,20%,9%,591331.2,319318.85,3954835.65,25%,3.61,0.9,988708.91
1403,shaeed rajaii,UAE,85049000,75914,2954611,Electrical Equipment,400,5,6073.12,15%,9%,443191.65,305802.24,3709678.01,25%,48.87,12.22,927419.5
1403,shaeed rajaii,UAE,25070010,7316900,2942635,General Goods,400,5,585352,20%,9%,588527,317804.58,4434318.58,25%,0.61,0.15,1108579.64
1403,shaeed rajaii,UAE,28364000,1705000,2940291,General Goods,400,5,136400,20%,9%,588058.2,317551.43,3982300.63,25%,2.34,0.58,995575.16
1403,shaeed rajaii,UAE,90189099,82778,2938588,General Goods,400,5,6622.24,20%,9%,587717.6,317367.5,3850295.34,25%,46.51,11.63,962573.84
1403,shaeed rajaii,UAE,72029100,613500,2870888,Iron & Steel Products,400,5,49080,10%,9%,287088.8,284217.91,3491274.71,25%,5.69,1.42,872818.68
1403,shaeed rajaii,UAE,84295111,284500,2836626,Industrial Machinery,400,5,22760,15%,9%,425493.9,293590.79,3578470.69,25%,12.58,3.14,894617.67
1403,shaeed rajaii,UAE,21069010,219875,2817371,General Goods,400,5,17590,20%,9%,563474.2,304276.07,3702711.27,25%,16.84,4.21,925677.82
1403,shaeed rajaii,UAE,31052000,1323416,2788820,General Goods,400,5,105873.28,20%,9%,557764,301192.56,3753649.84,25%,2.84,0.71,938412.46
1403,shaeed rajaii,UAE,84439910,471722,2776089,Industrial Machinery,400,5,37737.76,15%,9%,416413.35,287325.21,3517565.32,25%,7.46,1.86,879391.33
1403,shaeed rajaii,UAE,84798200,38011,2773259,Machines & Mechanical Appliances,400,5,3040.88,15%,9%,415988.85,287032.31,3479321.04,25%,91.53,22.88,869830.26
1403,shaeed rajaii,UAE,84159010,285700,2770506,Industrial Machinery,400,5,22856,15%,9%,415575.9,286747.37,3495685.27,25%,12.24,3.06,873921.32
1403,shaeed rajaii,UAE,73079300,1440162,2761870,Articles of Iron & Steel,400,5,115212.96,10%,9%,276187,273425.13,3426695.09,25%,2.38,0.6,856673.77
1403,shaeed rajaii,UAE,85219090,80007,2752486,Electrical Equipment,400,5,6400.56,15%,9%,412872.9,284882.3,3456641.76,25%,43.2,10.8,864160.44
1403,shaeed rajaii,UAE,39022000,1161750,2740160,Plastics & Polymers,400,5,92940,20%,9%,548032,295937.28,3677069.28,25%,3.17,0.79,919267.32
1403,shaeed rajaii,UAE,73053100,2089162,2730869,Articles of Iron & Steel,400,5,167132.96,10%,9%,273086.9,270356.03,3441444.89,25%,1.65,0.41,860361.22
1403,shaeed rajaii,UAE,90181250,9854,2715080,General Goods,400,5,788.32,20%,9%,543016,293228.64,3552112.96,25%,360.47,90.12,888028.24
1403,shaeed rajaii,UAE,40025900,1057440,2714417,Rubber & Tires,400,5,84595.2,20%,9%,542883.4,293157.04,3635052.64,25%,3.44,0.86,908763.16
1403,shaeed rajaii,UAE,29173990,1482490,2710118,Organic Chemicals,400,5,118599.2,15%,9%,406517.7,280497.21,3515732.11,25%,2.37,0.59,878933.03
1403,shaeed rajaii,UAE,39111000,1473105,2686492,Plastics & Polymers,400,5,117848.4,20%,9%,537298.4,290141.14,3631779.94,25%,2.47,0.62,907944.98
1403,shaeed rajaii,UAE,38231200,1791430,2685825,Chemical Products,400,5,143314.4,15%,9%,402873.75,277982.89,3509996.04,25%,1.96,0.49,877499.01
1403,shaeed rajaii,UAE,34029090,584451,2682503,General Goods,400,5,46756.08,20%,9%,536500.6,289710.32,3555470,25%,6.08,1.52,888867.5
1403,shaeed rajaii,UAE,28369900,2990000,2681530,General Goods,400,5,239200,20%,9%,536306,289605.24,3746641.24,25%,1.25,0.31,936660.31
1403,shaeed rajaii,UAE,31051010,1150994,2680758,General Goods,400,5,92079.52,20%,9%,536151.6,289521.86,3598510.98,25%,3.13,0.78,899627.74
1403,shaeed rajaii,UAE,54024700,1337033,2676922,General Goods,400,5,106962.64,20%,9%,535384.4,289107.58,3608376.62,25%,2.7,0.68,902094.16
1403,shaeed rajaii,UAE,38021000,423000,2664605,Chemical Products,400,5,33840,15%,9%,399690.75,275786.62,3373922.37,25%,7.98,2,843480.59
1403,shaeed rajaii,UAE,72104900,2869000,2650142,Iron & Steel Products,400,5,229520,10%,9%,265014.2,262364.06,3407040.26,25%,1.19,0.3,851760.06
1403,shaeed rajaii,UAE,84715020,9422,2632206,Industrial Machinery,400,5,753.76,15%,9%,394830.9,272433.32,3300223.98,25%,350.27,87.57,825056
1403,shaeed rajaii,UAE,85291030,36500,2627644,Electrical Equipment,400,5,2920,15%,9%,394146.6,271961.15,3296671.75,25%,90.32,22.58,824167.94
1403,shaeed rajaii,UAE,29222910,348000,2618768,Organic Chemicals,400,5,27840,15%,9%,392815.2,271042.49,3310465.69,25%,9.51,2.38,827616.42
1403,shaeed rajaii,UAE,84439990,503659,2615979,Industrial Machinery,400,5,40292.72,15%,9%,392396.85,270753.83,3319422.4,25%,6.59,1.65,829855.6
1403,shaeed rajaii,UAE,84433290,91519,2615759,Industrial Machinery,400,5,7321.52,15%,9%,392363.85,270731.06,3286175.43,25%,35.91,8.98,821543.86
1403,shaeed rajaii,UAE,28181000,3364000,2613875,General Goods,400,5,269120,20%,9%,522775,282298.5,3688068.5,25%,1.1,0.28,922017.12
1403,shaeed rajaii,UAE,32041690,488650,2613293,General Goods,400,5,39092,20%,9%,522658.6,282235.64,3457279.24,25%,7.08,1.77,864319.81
1403,shaeed rajaii,UAE,73121015,1988027,2610329,Articles of Iron & Steel,400,5,159042.16,10%,9%,261032.9,258422.57,3288826.63,25%,1.65,0.41,822206.66
1403,shaeed rajaii,UAE,54024400,484756,2606071,General Goods,400,5,38780.48,20%,9%,521214.2,281455.67,3447521.35,25%,7.11,1.78,861880.34
1403,shaeed rajaii,UAE,85389010,139509,2580105,Electrical Equipment,400,5,11160.72,15%,9%,387015.75,267040.87,3245322.34,25%,23.26,5.82,811330.58
1403,shaeed rajaii,UAE,87087021,558073,2576820,Vehicle Parts & Accessories,400,5,44645.84,25%,9%,644205,289892.25,3555563.09,25%,6.37,1.59,888890.77
1403,shaeed rajaii,UAE,90328990,18502,2574669,General Goods,400,5,1480.16,20%,9%,514933.8,278064.25,3369147.21,25%,182.1,45.52,842286.8
1403,shaeed rajaii,UAE,48109210,3685431,2565299,Paper & Paperboard,400,5,294834.48,15%,9%,384794.85,265508.45,3510436.78,25%,0.95,0.24,877609.2
1403,shaeed rajaii,UAE,29153900,1110320,2564786,Organic Chemicals,400,5,88825.6,15%,9%,384717.9,265455.35,3303784.85,25%,2.98,0.74,825946.21
1403,shaeed rajaii,UAE,28352610,3150000,2555343,General Goods,400,5,252000,20%,9%,511068.6,275977.04,3594388.64,25%,1.14,0.28,898597.16
1403,shaeed rajaii,UAE,72029990,1486060,2551898,Iron & Steel Products,400,5,118884.8,10%,9%,255189.8,252637.9,3178610.5,25%,2.14,0.54,794652.62
1403,shaeed rajaii,UAE,87089211,78966,2546806,Vehicle Parts & Accessories,400,5,6317.28,25%,9%,636701.5,286515.68,3476340.46,25%,44.02,11,869085.12
1403,shaeed rajaii,UAE,84141090,436295,2541033,Compressors & Pumps,400,5,34903.6,15%,9%,381154.95,262996.92,3220088.47,25%,7.38,1.84,805022.12
1403,shaeed rajaii,UAE,37019920,569126,2513869,General Goods,400,5,45530.08,20%,9%,502773.8,271497.85,3333670.73,25%,5.86,1.46,833417.68
1403,shaeed rajaii,UAE,33029010,156645,2513698,General Goods,400,5,12531.6,20%,9%,502739.6,271479.38,3300448.58,25%,21.07,5.27,825112.14
1403,shaeed rajaii,UAE,84433900,79639,2506338,Industrial Machinery,400,5,6371.12,15%,9%,375950.7,259405.98,3148065.8,25%,39.53,9.88,787016.45
1403,shaeed rajaii,UAE,29032300,1215660,2498752,Organic Chemicals,400,5,97252.8,15%,9%,374812.8,258620.83,3229438.43,25%,2.66,0.66,807359.61
1403,shaeed rajaii,UAE,84134000,685890,2484978,Industrial Machinery,400,5,54871.2,15%,9%,372746.7,257195.22,3169791.12,25%,4.62,1.16,792447.78
1403,shaeed rajaii,UAE,39139000,404075,2483562,Plastics & Polymers,400,5,32326,20%,9%,496712.4,268224.7,3280825.1,25%,8.12,2.03,820206.28
1403,shaeed rajaii,UAE,85447020,199332,2438137,Electrical Equipment,400,5,15946.56,15%,9%,365720.55,252347.18,3072151.29,25%,15.41,3.85,768037.82
1403,shaeed rajaii,UAE,48025800,2092653,2435907,Paper & Paperboard,400,5,167412.24,15%,9%,365386.05,252116.37,3220821.66,25%,1.54,0.38,805205.42
1403,shaeed rajaii,UAE,40029900,589050,2433022,Rubber & Tires,400,5,47124,20%,9%,486604.4,262766.38,3229516.78,25%,5.48,1.37,807379.2
1403,shaeed rajaii,UAE,84081000,17472,2428068,Industrial Machinery,400,5,1397.76,15%,9%,364210.2,251305.04,3044981,25%,174.28,43.57,761245.25
1403,shaeed rajaii,UAE,29411020,64700,2414258,Organic Chemicals,400,5,5176,15%,9%,362138.7,249875.7,3031448.4,25%,46.85,11.71,757862.1
1403,shaeed rajaii,UAE,25041010,2273000,2410470,General Goods,400,5,181840,20%,9%,482094,260330.76,3334734.76,25%,1.47,0.37,833683.69
1403,shaeed rajaii,UAE,85011010,153469,2385974,Electrical Equipment,400,5,12277.52,15%,9%,357896.1,246948.31,3003095.93,25%,19.57,4.89,750773.98
1403,shaeed rajaii,UAE,84199090,139302,2384083,Industrial Machinery,400,5,11144.16,15%,9%,357612.45,246752.59,2999592.2,25%,21.53,5.38,749898.05
1403,shaeed rajaii,UAE,9083190,188624,2378415,General Goods,400,5,15089.92,20%,9%,475683,256868.82,3126056.74,25%,16.57,4.14,781514.18
1403,shaeed rajaii,UAE,84303900,203975,2377586,Industrial Machinery,400,5,16318,15%,9%,356637.9,246080.15,2996622.05,25%,14.69,3.67,749155.51
1403,shaeed rajaii,UAE,84213210,49726,2373198,Industrial Machinery,400,5,3978.08,15%,9%,355979.7,245625.99,2978781.77,25%,59.9,14.98,744695.44
1403,shaeed rajaii,UAE,86090000,1081880,2353626,General Goods,400,5,86550.4,20%,9%,470725.2,254191.61,3165093.21,25%,2.93,0.73,791273.3
1403,shaeed rajaii,UAE,87088019,126833,2346366,Vehicle Parts & Accessories,400,5,10146.64,25%,9%,586591.5,263966.18,3207070.32,25%,25.29,6.32,801767.58
1403,shaeed rajaii,UAE,84411000,292090,2344437,Industrial Machinery,400,5,23367.2,15%,9%,351665.55,242649.23,2962118.98,25%,10.14,2.54,740529.74
1403,shaeed rajaii,UAE,84291121,213606,2325221,Industrial Machinery,400,5,17088.48,15%,9%,348783.15,240660.37,2931753,25%,13.73,3.43,732938.25
1403,shaeed rajaii,UAE,35069900,477889,2307301,General Goods,400,5,38231.12,20%,9%,461460.2,249188.51,3056180.83,25%,6.4,1.6,764045.21
1403,shaeed rajaii,UAE,7134020,2417000,2295304,General Goods,400,5,193360,20%,9%,459060.8,247892.83,3195617.63,25%,1.32,0.33,798904.41
1403,shaeed rajaii,UAE,29159090,501690,2291775,Organic Chemicals,400,5,40135.2,15%,9%,343766.25,237198.71,2912875.16,25%,5.81,1.45,728218.79
1403,shaeed rajaii,UAE,34049000,674780,2288660,General Goods,400,5,53982.4,20%,9%,457732,247175.28,3047549.68,25%,4.52,1.13,761887.42
1403,shaeed rajaii,UAE,29321100,971280,2285270,Organic Chemicals,400,5,77702.4,15%,9%,342790.5,236525.44,2942288.34,25%,3.03,0.76,735572.08
1403,shaeed rajaii,UAE,48132000,573222,2282564,Paper & Paperboard,400,5,45857.76,15%,9%,342384.6,236245.37,2907051.73,25%,5.07,1.27,726762.93
1403,shaeed rajaii,UAE,39201040,999283,2277646,Plastics & Polymers,400,5,79942.64,20%,9%,455529.2,245985.77,3059103.61,25%,3.06,0.76,764775.9
1403,shaeed rajaii,UAE,84122900,306667,2277264,Industrial Machinery,400,5,24533.36,15%,9%,341589.6,235696.82,2879083.78,25%,9.39,2.35,719770.94
1403,shaeed rajaii,UAE,39081010,805300,2276881,Plastics & Polymers,400,5,64424,20%,9%,455376.2,245903.15,3042584.35,25%,3.78,0.94,760646.09
1403,shaeed rajaii,UAE,29413000,20500,2270542,Organic Chemicals,400,5,1640,15%,9%,340581.3,235001.1,2847764.4,25%,138.92,34.73,711941.1
1403,shaeed rajaii,UAE,48043900,1349377,2267894,Paper & Paperboard,400,5,107950.16,15%,9%,340184.1,234727.03,2950755.29,25%,2.19,0.55,737688.82
1403,shaeed rajaii,UAE,84716010,188718,2253484,Industrial Machinery,400,5,15097.44,15%,9%,338022.6,233235.59,2839839.63,25%,15.05,3.76,709959.91
1403,shaeed rajaii,UAE,84262000,1926940,2249687,Industrial Machinery,400,5,154155.2,15%,9%,337453.05,232842.6,2974137.85,25%,1.54,0.38,743534.46
1403,shaeed rajaii,UAE,38123990,390544,2242406,Chemical Products,400,5,31243.52,15%,9%,336360.9,232089.02,2842099.44,25%,7.28,1.82,710524.86
1403,shaeed rajaii,UAE,84389000,36085,2236391,Industrial Machinery,400,5,2886.8,15%,9%,335458.65,231466.47,2806202.92,25%,77.77,19.44,701550.73
1403,shaeed rajaii,UAE,30051090,64422,2216199,General Goods,400,5,5153.76,20%,9%,443239.8,239349.49,2903942.05,25%,45.08,11.27,725985.51
1403,shaeed rajaii,UAE,76072000,369989,2214981,General Goods,400,5,29599.12,20%,9%,442996.2,239217.95,2926794.27,25%,7.91,1.98,731698.57
1403,shaeed rajaii,UAE,90058090,8462,2213697,General Goods,400,5,676.96,20%,9%,442739.4,239079.28,2896192.64,25%,342.26,85.56,724048.16
1403,shaeed rajaii,UAE,90183925,15992,2204745,General Goods,400,5,1279.36,20%,9%,440949,238112.46,2885085.82,25%,180.41,45.1,721271.46
1403,shaeed rajaii,UAE,48142000,624736,2200935,Paper & Paperboard,400,5,49978.88,15%,9%,330140.25,227796.77,2808850.9,25%,4.5,1.12,702212.72
1403,shaeed rajaii,UAE,84552200,141617,2197176,Industrial Machinery,400,5,11329.36,15%,9%,329576.4,227407.72,2765489.48,25%,19.53,4.88,691372.37
1403,shaeed rajaii,UAE,40023100,955560,2194024,Rubber & Tires,400,5,76444.8,20%,9%,438804.8,236954.59,2946228.19,25%,3.08,0.77,736557.05
1403,shaeed rajaii,UAE,29054500,2007617,2193086,Organic Chemicals,400,5,160609.36,15%,9%,328962.9,226984.4,2909642.66,25%,1.45,0.36,727410.66
1403,shaeed rajaii,UAE,32042090,142230,2186338,General Goods,400,5,11378.4,20%,9%,437267.6,236124.5,2871108.5,25%,20.19,5.05,717777.12
1403,shaeed rajaii,UAE,84179000,170655,2185044,Industrial Machinery,400,5,13652.4,15%,9%,327756.6,226152.05,2752605.05,25%,16.13,4.03,688151.26
1403,shaeed rajaii,UAE,84199040,14870,2183551,Industrial Machinery,400,5,1189.6,15%,9%,327532.65,225997.53,2738270.78,25%,184.15,46.04,684567.7
1403,shaeed rajaii,UAE,40024900,339000,2168287,Rubber & Tires,400,5,27120,20%,9%,433657.4,234175,2863239.4,25%,8.45,2.11,715809.85
1403,shaeed rajaii,UAE,54023300,1523940,2164779,General Goods,400,5,121915.2,20%,9%,432955.8,233796.13,2953446.13,25%,1.94,0.48,738361.53
1403,shaeed rajaii,UAE,39205900,795389,2158393,Plastics & Polymers,400,5,63631.12,20%,9%,431678.6,233106.44,2886809.16,25%,3.63,0.91,721702.29
1403,shaeed rajaii,UAE,83099030,557944,2149288,General Goods,400,5,44635.52,20%,9%,429857.6,232123.1,2855904.22,25%,5.12,1.28,713976.06
1403,shaeed rajaii,UAE,84453000,198439,2140463,Industrial Machinery,400,5,15875.12,15%,9%,321069.45,221537.92,2698945.49,25%,13.6,3.4,674736.37
1403,shaeed rajaii,UAE,28161090,250354,2139469,General Goods,400,5,20028.32,20%,9%,427893.8,231062.65,2818453.77,25%,11.26,2.82,704613.44
1403,shaeed rajaii,UAE,34023990,849191,2124744,General Goods,400,5,67935.28,20%,9%,424948.8,229472.35,2847100.43,25%,3.35,0.84,711775.11
1403,shaeed rajaii,UAE,84194090,135998,2122111,Industrial Machinery,400,5,10879.84,15%,9%,318316.65,219638.49,2670945.98,25%,19.64,4.91,667736.5
1403,shaeed rajaii,UAE,21069070,755385,2098923,General Goods,400,5,60430.8,20%,9%,419784.6,226683.68,2805822.08,25%,3.71,0.93,701455.52
1403,shaeed rajaii,UAE,84089090,163635,2098013,Industrial Machinery,400,5,13090.8,15%,9%,314701.95,217144.35,2642950.1,25%,16.15,4.04,660737.52
1403,shaeed rajaii,UAE,86071910,663477,2089048,General Goods,400,5,53078.16,20%,9%,417809.6,225617.18,2785552.94,25%,4.2,1.05,696388.24
1403,shaeed rajaii,UAE,8013200,461600,2086339,General Goods,400,5,36928,20%,9%,417267.8,225324.61,2765859.41,25%,5.99,1.5,691464.85
1403,shaeed rajaii,UAE,32081040,406200,2085556,General Goods,400,5,32496,20%,9%,417111.2,225240.05,2760403.25,25%,6.8,1.7,690100.81
1403,shaeed rajaii,UAE,29400090,210688,2082423,Organic Chemicals,400,5,16855.04,15%,9%,312363.45,215530.78,2627172.27,25%,12.47,3.12,656793.07
1403,shaeed rajaii,UAE,29053900,714946,2074216,Organic Chemicals,400,5,57195.68,15%,9%,311132.4,214681.36,2657225.44,25%,3.72,0.93,664306.36
1403,shaeed rajaii,UAE,70191100,1630857,2072320,General Goods,400,5,130468.56,20%,9%,414464,223810.56,2841063.12,25%,1.74,0.44,710265.78
1403,shaeed rajaii,UAE,29359090,67965,2068822,Organic Chemicals,400,5,5437.2,15%,9%,310323.3,214123.08,2598705.58,25%,38.24,9.56,649676.4
1403,shaeed rajaii,UAE,84659900,354931,2066848,Industrial Machinery,400,5,28394.48,15%,9%,310027.2,213918.77,2619188.45,25%,7.38,1.84,654797.11
1403,shaeed rajaii,UAE,24039100,349470,2062662,General Goods,400,5,27957.6,20%,9%,412532.4,222767.5,2725919.5,25%,7.8,1.95,681479.88
1403,shaeed rajaii,UAE,38123960,420670,2057820,Chemical Products,400,5,33653.6,15%,9%,308673,212984.37,2613130.97,25%,6.21,1.55,653282.74
1403,shaeed rajaii,UAE,90221460,23089,2044939,General Goods,400,5,1847.12,20%,9%,408987.8,220853.41,2676627.33,25%,115.93,28.98,669156.83
1403,shaeed rajaii,UAE,84718010,13718,2035048,Industrial Machinery,400,5,1097.44,15%,9%,305257.2,210627.47,2552030.11,25%,186.04,46.51,638007.53
1403,shaeed rajaii,UAE,29362700,370275,2028723,Organic Chemicals,400,5,29622,15%,9%,304308.45,209972.83,2572626.28,25%,6.95,1.74,643156.57
1403,shaeed rajaii,UAE,84716050,24059,2023639,Industrial Machinery,400,5,1924.72,15%,9%,303545.85,209446.64,2538556.21,25%,105.51,26.38,634639.05
1403,shaeed rajaii,UAE,85429000,34924,2019109,Semiconductors & Solar Cells,400,5,2793.92,15%,9%,302866.35,208977.78,2533747.05,25%,72.55,18.14,633436.76
1403,shaeed rajaii,UAE,72193100,733284,2004408,Iron & Steel Products,400,5,58662.72,10%,9%,200440.8,198436.39,2461947.91,25%,3.36,0.84,615486.98
1403,shaeed rajaii,UAE,29415020,13000,1999165,Organic Chemicals,400,5,1040,15%,9%,299874.75,206913.58,2506993.33,25%,192.85,48.21,626748.33
1403,shaeed rajaii,UAE,84440000,307191,1996111,Industrial Machinery,400,5,24575.28,15%,9%,299416.65,206597.49,2526700.42,25%,8.23,2.06,631675.1
1403,shaeed rajaii,UAE,84291129,208680,1989794,Industrial Machinery,400,5,16694.4,15%,9%,298469.1,205943.68,2510901.18,25%,12.03,3.01,627725.3
1403,shaeed rajaii,UAE,39069099,737893,1979980,Plastics & Polymers,400,5,59031.44,20%,9%,395996,213837.84,2648845.28,25%,3.59,0.9,662211.32
1403,shaeed rajaii,UAE,48059210,1500388,1979043,Paper & Paperboard,400,5,120031.04,15%,9%,296856.45,204830.95,2600761.44,25%,1.73,0.43,650190.36
1403,shaeed rajaii,UAE,29252990,108130,1969025,Organic Chemicals,400,5,8650.4,15%,9%,295353.75,203794.09,2476823.24,25%,22.91,5.73,619205.81
1403,shaeed rajaii,UAE,34012030,1699000,1961777,General Goods,400,5,135920,20%,9%,392355.4,211871.92,2701924.32,25%,1.59,0.4,675481.08
1403,shaeed rajaii,UAE,84264900,1021800,1960361,Industrial Machinery,400,5,81744,15%,9%,294054.15,202897.36,2539056.51,25%,2.48,0.62,634764.13
1403,shaeed rajaii,UAE,84522900,543571,1959756,Industrial Machinery,400,5,43485.68,15%,9%,293963.4,202834.75,2500039.83,25%,4.6,1.15,625009.96
1403,shaeed rajaii,UAE,39072990,792415,1930604,Plastics & Polymers,400,5,63393.2,20%,9%,386120.8,208505.23,2588623.23,25%,3.27,0.82,647155.81
1403,shaeed rajaii,UAE,84775100,15059,1920909,Industrial Machinery,400,5,1204.72,15%,9%,288136.35,198814.08,2409064.15,25%,159.98,39.99,602266.04
1403,shaeed rajaii,UAE,85159000,153175,1912994,Electrical Equipment,400,5,12254,15%,9%,286949.1,197994.88,2410191.98,25%,15.73,3.93,602548
1403,shaeed rajaii,UAE,29189910,38800,1907715,Organic Chemicals,400,5,3104,15%,9%,286157.25,197448.5,2394424.75,25%,61.71,15.43,598606.19
1403,shaeed rajaii,UAE,85285210,93862,1905148,Telecom & Display Equipment,400,5,7508.96,15%,9%,285772.2,197182.82,2395611.98,25%,25.52,6.38,598903
1403,shaeed rajaii,UAE,73151210,398630,1905004,Articles of Iron & Steel,400,5,31890.4,10%,9%,190500.4,188595.4,2315990.2,25%,5.81,1.45,578997.55
1403,shaeed rajaii,UAE,25199010,6165600,1897384,General Goods,400,5,493248,20%,9%,379476.8,204917.47,2975026.27,25%,0.48,0.12,743756.57
1403,shaeed rajaii,UAE,73079100,388185,1891658,Articles of Iron & Steel,400,5,31054.8,10%,9%,189165.8,187274.14,2299152.74,25%,5.92,1.48,574788.19
1403,shaeed rajaii,UAE,84716020,48970,1888930,Industrial Machinery,400,5,3917.6,15%,9%,283339.5,195504.26,2371691.36,25%,48.43,12.11,592922.84
1403,shaeed rajaii,UAE,23099039,557931,1884989,General Goods,400,5,44634.48,20%,9%,376997.8,203578.81,2510200.09,25%,4.5,1.12,627550.02
1403,shaeed rajaii,UAE,85023990,915000,1881557,Electrical Equipment,400,5,73200,15%,9%,282233.55,194741.15,2431731.7,25%,2.66,0.66,607932.93
1403,shaeed rajaii,UAE,28211000,1115830,1879613,General Goods,400,5,89266.4,20%,9%,375922.6,202998.2,2547800.2,25%,2.28,0.57,636950.05
1403,shaeed rajaii,UAE,90221390,14560,1875580,General Goods,400,5,1164.8,20%,9%,375116,202562.64,2454423.44,25%,168.57,42.14,613605.86
1403,shaeed rajaii,UAE,35029000,163340,1872886,General Goods,400,5,13067.2,20%,9%,374577.2,202271.69,2462802.09,25%,15.08,3.77,615700.52
1403,shaeed rajaii,UAE,84729070,26112,1871318,Industrial Machinery,400,5,2088.96,15%,9%,280697.7,193681.41,2347786.07,25%,89.91,22.48,586946.52
1403,shaeed rajaii,UAE,39039000,544800,1853957,Plastics & Polymers,400,5,43584,20%,9%,370791.4,200227.36,2468559.76,25%,4.53,1.13,617139.94
1403,shaeed rajaii,UAE,35030090,237000,1853472,General Goods,400,5,18960,20%,9%,370694.4,200174.98,2443301.38,25%,10.31,2.58,610825.34
1403,shaeed rajaii,UAE,39191090,81514,1846497,Plastics & Polymers,400,5,6521.12,20%,9%,369299.4,199421.68,2421739.2,25%,29.71,7.43,605434.8
1403,shaeed rajaii,UAE,29171990,1361100,1843849,Organic Chemicals,400,5,108888,15%,9%,276577.35,190838.37,2420152.72,25%,1.78,0.44,605038.18
1403,shaeed rajaii,UAE,48119030,892184,1839328,Paper & Paperboard,400,5,71374.72,15%,9%,275899.2,190370.45,2376972.37,25%,2.66,0.66,594243.09
1403,shaeed rajaii,UAE,39076990,1567000,1814940,Plastics & Polymers,400,5,125360,20%,9%,362988,196013.52,2499301.52,25%,1.59,0.4,624825.38
1403,shaeed rajaii,UAE,84509090,462376,1805892,Industrial Machinery,400,5,36990.08,15%,9%,270883.8,186909.82,2300675.7,25%,4.98,1.25,575168.93
1403,shaeed rajaii,UAE,31010090,385982,1799648,General Goods,400,5,30878.56,20%,9%,359929.6,194361.98,2384818.14,25%,6.18,1.54,596204.54
1403,shaeed rajaii,UAE,48030000,1294192,1783915,Paper & Paperboard,400,5,103535.36,15%,9%,267587.25,184635.2,2339672.81,25%,1.81,0.45,584918.2
1403,shaeed rajaii,UAE,38089113,106500,1782162,Chemical Products,400,5,8520,15%,9%,267324.3,184453.77,2242460.07,25%,21.06,5.26,560615.02
1403,shaeed rajaii,UAE,39140090,307558,1771937,Plastics & Polymers,400,5,24604.64,20%,9%,354387.4,191369.2,2342298.24,25%,7.62,1.9,585574.56
1403,shaeed rajaii,UAE,85389090,6909,1769062,Electrical Equipment,400,5,552.72,15%,9%,265359.3,183097.92,2218071.94,25%,321.04,80.26,554517.98
1403,shaeed rajaii,UAE,29161400,712720,1766949,Organic Chemicals,400,5,57017.6,15%,9%,265042.35,182879.22,2271888.17,25%,3.19,0.8,567972.04
1403,shaeed rajaii,UAE,84834090,59325,1766744,Industrial Machinery,400,5,4746,15%,9%,265011.6,182858,2219359.6,25%,37.41,9.35,554839.9
1403,shaeed rajaii,UAE,87088031,399959,1762687,Vehicle Parts & Accessories,400,5,31996.72,25%,9%,440671.75,198302.29,2433657.76,25%,6.08,1.52,608414.44
1403,shaeed rajaii,UAE,85176230,37882,1761566,Telecom & Display Equipment,400,5,3030.56,15%,9%,264234.9,182322.08,2211153.54,25%,58.37,14.59,552788.38
1403,shaeed rajaii,UAE,38089223,184380,1757228,Chemical Products,400,5,14750.4,15%,9%,263584.2,181873.1,2217435.7,25%,12.03,3.01,554358.93
1403,shaeed rajaii,UAE,84314300,412371,1751193,Industrial Machinery,400,5,32989.68,15%,9%,262678.95,181248.48,2228110.11,25%,5.4,1.35,557027.53
1403,shaeed rajaii,UAE,29051700,700000,1747752,Organic Chemicals,400,5,56000,15%,9%,262162.8,180892.33,2246807.13,25%,3.21,0.8,561701.78
1403,shaeed rajaii,UAE,76071110,412042,1741850,General Goods,400,5,32963.36,20%,9%,348370,188119.8,2311303.16,25%,5.61,1.4,577825.79
1403,shaeed rajaii,UAE,90183990,18217,1739334,General Goods,400,5,1457.36,20%,9%,347866.8,187848.07,2276506.23,25%,124.97,31.24,569126.56
1403,shaeed rajaii,UAE,35051090,812320,1736961,General Goods,400,5,64985.6,20%,9%,347392.2,187591.79,2336930.59,25%,2.88,0.72,584232.65
1403,shaeed rajaii,UAE,29141200,717193,1729193,Organic Chemicals,400,5,57375.44,15%,9%,259378.95,178971.48,2224918.87,25%,3.1,0.78,556229.72
1403,shaeed rajaii,UAE,72024190,627500,1724634,Iron & Steel Products,400,5,50200,10%,9%,172463.4,170738.77,2118036.17,25%,3.38,0.84,529509.04
1403,shaeed rajaii,UAE,38089124,194065,1718096,Chemical Products,400,5,15525.2,15%,9%,257714.4,177822.94,2169158.54,25%,11.18,2.8,542289.64
1403,shaeed rajaii,UAE,15042000,85692,1706281,General Goods,400,5,6855.36,20%,9%,341256.2,184278.35,2238670.91,25%,26.12,6.53,559667.73
1403,shaeed rajaii,UAE,9101190,863300,1697288,General Goods,400,5,69064,20%,9%,339457.6,183307.1,2289116.7,25%,2.65,0.66,572279.18
1403,shaeed rajaii,UAE,39011030,783875,1694323,Plastics & Polymers,400,5,62710,20%,9%,338864.6,182986.88,2278884.48,25%,2.91,0.73,569721.12
1403,shaeed rajaii,UAE,38121000,453550,1692336,Chemical Products,400,5,36284,15%,9%,253850.4,175156.78,2157627.18,25%,4.76,1.19,539406.8
1403,shaeed rajaii,UAE,84148090,45461,1683354,Compressors & Pumps,400,5,3636.88,15%,9%,252503.1,174227.14,2113721.12,25%,46.5,11.62,528430.28
1403,shaeed rajaii,UAE,85184000,210881,1679121,Electrical Equipment,400,5,16870.48,15%,9%,251868.15,173789.02,2121648.65,25%,10.06,2.52,530412.16
1403,shaeed rajaii,UAE,34024290,488289,1662894,General Goods,400,5,39063.12,20%,9%,332578.8,179592.55,2214128.47,25%,4.53,1.13,553532.12
1403,shaeed rajaii,UAE,39123110,366020,1658845,Plastics & Polymers,400,5,29281.6,20%,9%,331769,179155.26,2199050.86,25%,6.01,1.5,549762.72
1403,shaeed rajaii,UAE,85299090,82907,1654839,Electrical Equipment,400,5,6632.56,15%,9%,248225.85,171275.84,2080973.25,25%,25.1,6.28,520243.31
1403,shaeed rajaii,UAE,84145920,137624,1637698,Compressors & Pumps,400,5,11009.92,15%,9%,245654.7,169501.74,2063864.36,25%,15,3.75,515966.09
1403,shaeed rajaii,UAE,29171200,920950,1631495,Organic Chemicals,400,5,73676,15%,9%,244724.25,168859.73,2118754.98,25%,2.3,0.57,529688.74
1403,shaeed rajaii,UAE,55032000,1507450,1631466,General Goods,400,5,120596,20%,9%,326293.2,176198.33,2254553.53,25%,1.5,0.38,563638.38
1403,shaeed rajaii,UAE,90181220,5253,1623719,General Goods,400,5,420.24,20%,9%,324743.8,175361.65,2124244.69,25%,404.39,101.1,531061.17
1403,shaeed rajaii,UAE,39089010,424690,1623207,Plastics & Polymers,400,5,33975.2,20%,9%,324641.4,175306.36,2157129.96,25%,5.08,1.27,539282.49
1403,shaeed rajaii,UAE,28492090,1027000,1611895,General Goods,400,5,82160,20%,9%,322379,174084.66,2190518.66,25%,2.13,0.53,547629.66
1403,shaeed rajaii,UAE,32061990,553345,1607150,General Goods,400,5,44267.6,20%,9%,321430,173572.2,2146419.8,25%,3.88,0.97,536604.95
1403,shaeed rajaii,UAE,84213920,30944,1606131,Industrial Machinery,400,5,2475.52,15%,9%,240919.65,166234.56,2015760.73,25%,65.14,16.28,503940.18
1403,shaeed rajaii,UAE,29161100,1182400,1602391,Organic Chemicals,400,5,94592,15%,9%,240358.65,165847.47,2103189.12,25%,1.78,0.44,525797.28
1403,shaeed rajaii,UAE,84642000,103957,1591179,Industrial Machinery,400,5,8316.56,15%,9%,238676.85,164687.03,2002859.44,25%,19.27,4.82,500714.86
1403,shaeed rajaii,UAE,84272011,146510,1590129,Industrial Machinery,400,5,11720.8,15%,9%,238519.35,164578.35,2004947.5,25%,13.68,3.42,501236.88
1403,shaeed rajaii,UAE,84799090,52635,1588813,Machines & Mechanical Appliances,400,5,4210.8,15%,9%,238321.95,164442.15,1995787.9,25%,37.92,9.48,498946.98
1403,shaeed rajaii,UAE,84212310,106126,1566444,Industrial Machinery,400,5,8490.08,15%,9%,234966.6,162126.95,1972027.63,25%,18.58,4.64,493006.91
1403,shaeed rajaii,UAE,90229090,29305,1544780,General Goods,400,5,2344.4,20%,9%,308956,166836.24,2022916.64,25%,69.03,17.26,505729.16
1403,shaeed rajaii,UAE,38011090,1688102,1533609,Chemical Products,400,5,135048.16,15%,9%,230041.35,158728.53,2057427.04,25%,1.22,0.3,514356.76
1403,shaeed rajaii,UAE,76032000,242380,1532847,General Goods,400,5,19390.4,20%,9%,306569.4,165547.48,2024354.28,25%,8.35,2.09,506088.57
1403,shaeed rajaii,UAE,84748010,128088,1516567,Industrial Machinery,400,5,10247.04,15%,9%,227485.05,156964.68,1911263.77,25%,14.92,3.73,477815.94
1403,shaeed rajaii,UAE,39269099,314993,1508883,Plastics & Polymers,400,5,25199.44,20%,9%,301776.6,162959.36,1998818.4,25%,6.35,1.59,499704.6
1403,shaeed rajaii,UAE,39061000,458915,1506659,Plastics & Polymers,400,5,36713.2,20%,9%,301331.8,162719.17,2007423.17,25%,4.37,1.09,501855.79
1403,shaeed rajaii,UAE,28042990,5550,1503047,General Goods,400,5,444,20%,9%,300609.4,162329.08,1966429.48,25%,354.31,88.58,491607.37
1403,shaeed rajaii,UAE,69021000,771274,1498135,General Goods,400,5,61701.92,20%,9%,299627,161798.58,2021262.5,25%,2.62,0.66,505315.62
1403,shaeed rajaii,UAE,84832000,589374,1492193,Industrial Machinery,400,5,47149.92,15%,9%,223828.95,154441.98,1917613.85,25%,3.25,0.81,479403.46
1403,shaeed rajaii,UAE,29242990,25030,1470544,Organic Chemicals,400,5,2002.4,15%,9%,220581.6,152201.3,1845329.3,25%,73.72,18.43,461332.32
1403,shaeed rajaii,UAE,28275990,489600,1460101,General Goods,400,5,39168,20%,9%,292020.2,157690.91,1948980.11,25%,3.98,1,487245.03
1403,shaeed rajaii,UAE,29061300,30704,1457831,Organic Chemicals,400,5,2456.32,15%,9%,218674.65,150885.51,1829847.48,25%,59.6,14.9,457461.87
1403,shaeed rajaii,UAE,84148075,87539,1456504,Compressors & Pumps,400,5,7003.12,15%,9%,218475.6,150748.16,1832730.88,25%,20.94,5.24,458182.72
1403,shaeed rajaii,UAE,84145990,61162,1456135,Compressors & Pumps,400,5,4892.96,15%,9%,218420.25,150709.97,1830158.18,25%,29.92,7.48,457539.54
1403,shaeed rajaii,UAE,84138190,529960,1448003,Industrial Machinery,400,5,42396.8,15%,9%,217200.45,149868.31,1857468.56,25%,3.5,0.88,464367.14
1403,shaeed rajaii,UAE,85171810,34462,1444816,Telecom & Display Equipment,400,5,2756.96,15%,9%,216722.4,149538.46,1813833.82,25%,52.63,13.16,453458.46
1403,shaeed rajaii,UAE,73064010,885399,1440387,Articles of Iron & Steel,400,5,70831.92,10%,9%,144038.7,142598.31,1797855.93,25%,2.03,0.51,449463.98
1403,shaeed rajaii,UAE,85319000,37171,1425285,Electrical Equipment,400,5,2973.68,15%,9%,213792.75,147517,1789568.43,25%,48.14,12.04,447392.11
1403,shaeed rajaii,UAE,29231020,1503000,1422360,Organic Chemicals,400,5,120240,15%,9%,213354,147214.26,1903168.26,25%,1.27,0.32,475792.06
1403,shaeed rajaii,UAE,87089421,127451,1414424,Vehicle Parts & Accessories,400,5,10196.08,25%,9%,353606,159122.7,1937348.78,25%,15.2,3.8,484337.2
1403,shaeed rajaii,UAE,87051010,547660,1405005,General Goods,400,5,43812.8,20%,9%,281001,151740.54,1881559.34,25%,3.44,0.86,470389.84
1403,shaeed rajaii,UAE,84822000,186698,1399556,Industrial Machinery,400,5,14935.84,15%,9%,209933.4,144854.05,1769279.29,25%,9.48,2.37,442319.82
1403,shaeed rajaii,UAE,72221100,970097,1398895,Iron & Steel Products,400,5,77607.76,10%,9%,139889.5,138490.6,1754882.86,25%,1.81,0.45,438720.72
1403,shaeed rajaii,UAE,84481110,225719,1392320,Industrial Machinery,400,5,18057.52,15%,9%,208848,144105.12,1763330.64,25%,7.81,1.95,440832.66
1403,shaeed rajaii,UAE,85044050,44273,1391043,Electrical Equipment,400,5,3541.84,15%,9%,208656.45,143972.95,1747214.24,25%,39.46,9.86,436803.56
1403,shaeed rajaii,UAE,72029930,850291,1387789,Iron & Steel Products,400,5,68023.28,10%,9%,138778.9,137391.11,1731982.29,25%,2.04,0.51,432995.57
1403,shaeed rajaii,UAE,37079020,273169,1386979,General Goods,400,5,21853.52,20%,9%,277395.8,149793.73,1836022.05,25%,6.72,1.68,459005.51
1403,shaeed rajaii,UAE,72254090,251566,1386359,Iron & Steel Products,400,5,20125.28,10%,9%,138635.9,137249.54,1682369.72,25%,6.69,1.67,420592.43
1403,shaeed rajaii,UAE,84253120,250100,1385802,Industrial Machinery,400,5,20008,15%,9%,207870.3,143430.51,1757110.81,25%,7.03,1.76,439277.7
1403,shaeed rajaii,UAE,84158200,197628,1385002,Industrial Machinery,400,5,15810.24,15%,9%,207750.3,143347.71,1751910.25,25%,8.86,2.22,437977.56
1403,shaeed rajaii,UAE,84195090,127531,1375360,Industrial Machinery,400,5,10202.48,15%,9%,206304,142349.76,1734216.24,25%,13.6,3.4,433554.06
1403,shaeed rajaii,UAE,28152000,1032000,1375273,General Goods,400,5,82560,20%,9%,275054.6,148529.48,1881417.08,25%,1.82,0.46,470354.27
1403,shaeed rajaii,UAE,84143030,124874,1364157,Compressors & Pumps,400,5,9989.92,15%,9%,204623.55,141190.25,1719960.72,25%,13.77,3.44,429990.18
1403,shaeed rajaii,UAE,35040000,328200,1357685,General Goods,400,5,26256,20%,9%,271537,146629.98,1802107.98,25%,5.49,1.37,450527
1403,shaeed rajaii,UAE,85099000,95089,1357354,Electrical Equipment,400,5,7607.12,15%,9%,203603.1,140486.14,1709050.36,25%,17.97,4.49,427262.59
1403,shaeed rajaii,UAE,39033000,603000,1350911,Plastics & Polymers,400,5,48240,20%,9%,270182.2,145898.39,1815231.59,25%,3.01,0.75,453807.9
1403,shaeed rajaii,UAE,21061010,45130,1350736,General Goods,400,5,3610.4,20%,9%,270147.2,145879.49,1770373.09,25%,39.23,9.81,442593.27
1403,shaeed rajaii,UAE,29025000,1040700,1339105,Organic Chemicals,400,5,83256,15%,9%,200865.75,138597.37,1761824.12,25%,1.69,0.42,440456.03
1403,shaeed rajaii,UAE,44089010,406634,1339013,General Goods,400,5,32530.72,20%,9%,267802.6,144613.4,1783959.72,25%,4.39,1.1,445989.93
1403,shaeed rajaii,UAE,29362210,24920,1336571,Organic Chemicals,400,5,1993.6,15%,9%,200485.65,138335.1,1677385.35,25%,67.31,16.83,419346.34
1403,shaeed rajaii,UAE,29171400,1153000,1328657,Organic Chemicals,400,5,92240,15%,9%,199298.55,137516,1757711.55,25%,1.52,0.38,439427.89
1403,shaeed rajaii,UAE,84814000,15325,1320404,Industrial Machinery,400,5,1226,15%,9%,198060.6,136661.81,1656352.41,25%,108.08,27.02,414088.1
1403,shaeed rajaii,UAE,90312000,23912,1318590,General Goods,400,5,1912.96,20%,9%,263718,142407.72,1726628.68,25%,72.21,18.05,431657.17
1403,shaeed rajaii,UAE,40023900,490440,1318436,Rubber & Tires,400,5,39235.2,20%,9%,263687.2,142391.09,1763749.49,25%,3.6,0.9,440937.37
1403,shaeed rajaii,UAE,29222990,70848,1314333,Organic Chemicals,400,5,5667.84,15%,9%,197149.95,136033.47,1653184.26,25%,23.33,5.83,413296.06
1403,shaeed rajaii,UAE,96020020,53989,1310649,General Goods,400,5,4319.12,20%,9%,262129.8,141550.09,1718648.01,25%,31.83,7.96,429662
1403,shaeed rajaii,UAE,29414000,21750,1302397,Organic Chemicals,400,5,1740,15%,9%,195359.55,134798.09,1634294.64,25%,75.14,18.78,408573.66
1403,shaeed rajaii,UAE,82121000,70601,1300515,General Goods,400,5,5648.08,20%,9%,260103,140455.62,1706721.7,25%,24.17,6.04,426680.42
1403,shaeed rajaii,UAE,27101990,281624,1300356,Mineral Fuels & Oils,400,5,22529.92,5%,9%,65017.8,122883.64,1510787.36,25%,5.36,1.34,377696.84
1403,shaeed rajaii,UAE,90272000,2167,1296163,General Goods,400,5,173.36,20%,9%,259232.6,139985.6,1695554.56,25%,782.44,195.61,423888.64
1403,shaeed rajaii,UAE,39023099,347650,1290551,Plastics & Polymers,400,5,27812,20%,9%,258110.2,139379.51,1715852.71,25%,4.94,1.24,428963.18
1403,shaeed rajaii,UAE,84472000,81988,1284271,Industrial Machinery,400,5,6559.04,15%,9%,192640.65,132922.05,1616392.74,25%,19.71,4.93,404098.18
1403,shaeed rajaii,UAE,85182990,353224,1281351,Electrical Equipment,400,5,28257.92,15%,9%,192202.65,132619.83,1634431.4,25%,4.63,1.16,408607.85
1403,shaeed rajaii,UAE,39069091,249526,1281341,Plastics & Polymers,400,5,19962.08,20%,9%,256268.2,138384.83,1695956.11,25%,6.8,1.7,423989.03
1403,shaeed rajaii,UAE,87082910,132778,1277522,Vehicle Parts & Accessories,400,5,10622.24,25%,9%,319380.5,143721.22,1751245.96,25%,13.19,3.3,437811.49
1403,shaeed rajaii,UAE,55049000,600842,1273410,General Goods,400,5,48067.36,20%,9%,254682,137528.28,1713687.64,25%,2.85,0.71,428421.91
1403,shaeed rajaii,UAE,26100090,2018000,1269904,General Goods,400,5,161440,20%,9%,253980.8,137149.63,1822474.43,25%,0.9,0.22,455618.61
1403,shaeed rajaii,UAE,90221320,771,1266015,General Goods,400,5,61.68,20%,9%,253203,136729.62,1656009.3,25%,2147.87,536.97,414002.32
1403,shaeed rajaii,UAE,85272100,43976,1263614,Electrical Equipment,400,5,3518.08,15%,9%,189542.1,130784.05,1587458.23,25%,36.1,9.02,396864.56
1403,shaeed rajaii,UAE,84213990,60167,1262381,Industrial Machinery,400,5,4813.36,15%,9%,189357.15,130656.43,1587207.94,25%,26.38,6.6,396801.98
1403,shaeed rajaii,UAE,85176130,34468,1262144,Telecom & Display Equipment,400,5,2757.44,15%,9%,189321.6,130631.9,1584854.94,25%,45.98,11.5,396213.74
1403,shaeed rajaii,UAE,85340000,31489,1261547,Electrical Equipment,400,5,2519.12,15%,9%,189232.05,130570.11,1583868.28,25%,50.3,12.58,395967.07
1403,shaeed rajaii,UAE,38013000,1584620,1260216,Chemical Products,400,5,126769.6,15%,9%,189032.4,130432.36,1706450.36,25%,1.08,0.27,426612.59
1403,shaeed rajaii,UAE,85183010,18405,1255986,Electrical Equipment,400,5,1472.4,15%,9%,188397.9,129994.55,1575850.85,25%,85.62,21.4,393962.71
1403,shaeed rajaii,UAE,7133590,1051695,1254735,General Goods,400,5,84135.6,20%,9%,250947,135511.38,1725328.98,25%,1.64,0.41,431332.24
1403,shaeed rajaii,UAE,84839000,94395,1252015,Industrial Machinery,400,5,7551.6,15%,9%,187802.25,129583.55,1576952.4,25%,16.71,4.18,394238.1
1403,shaeed rajaii,UAE,29419010,16140,1248689,Organic Chemicals,400,5,1291.2,15%,9%,187303.35,129239.31,1566522.86,25%,97.06,24.26,391630.72
1403,shaeed rajaii,UAE,39092090,371350,1247279,Plastics & Polymers,400,5,29708,20%,9%,249455.8,134706.13,1661148.93,25%,4.47,1.12,415287.23
1403,shaeed rajaii,UAE,84463000,308602,1246199,Industrial Machinery,400,5,24688.16,15%,9%,186929.85,128981.6,1586798.61,25%,5.14,1.28,396699.65
1403,shaeed rajaii,UAE,85021290,164193,1246125,Electrical Equipment,400,5,13135.44,15%,9%,186918.75,128973.94,1575153.13,25%,9.59,2.4,393788.28
1403,shaeed rajaii,UAE,84433100,66481,1245456,Industrial Machinery,400,5,5318.48,15%,9%,186818.4,128904.7,1566497.58,25%,23.56,5.89,391624.4
1403,shaeed rajaii,UAE,98842700,192600,1243978,Vehicle/Chassis/Tractor Parts,400,5,15408,40%,9%,497591.2,156741.23,1913718.43,25%,9.94,2.48,478429.61
1403,shaeed rajaii,UAE,31010010,337428,1241912,General Goods,400,5,26994.24,20%,9%,248382.4,134126.5,1651415.14,25%,4.89,1.22,412853.78
1403,shaeed rajaii,UAE,85030030,211251,1234276,Electrical Equipment,400,5,16900.08,15%,9%,185141.4,127747.57,1564065.05,25%,7.4,1.85,391016.26
1403,shaeed rajaii,UAE,20083010,850140,1232168,General Goods,400,5,68011.2,20%,9%,246433.6,133074.14,1679686.94,25%,1.98,0.5,419921.74
1403,shaeed rajaii,UAE,84099180,4793,1229853,Industrial Machinery,400,5,383.44,15%,9%,184477.95,127289.79,1542004.18,25%,321.72,80.43,385501.04
1403,shaeed rajaii,UAE,32041310,120600,1220912,General Goods,400,5,9648,20%,9%,244182.4,131858.5,1606600.9,25%,13.32,3.33,401650.22
1403,shaeed rajaii,UAE,29213030,198265,1219331,Organic Chemicals,400,5,15861.2,15%,9%,182899.65,126200.76,1544292.61,25%,7.79,1.95,386073.15
1403,shaeed rajaii,UAE,83014090,358263,1217338,General Goods,400,5,28661.04,20%,9%,243467.6,131472.5,1620939.14,25%,4.52,1.13,405234.78
1403,shaeed rajaii,UAE,29213020,214400,1214852,Organic Chemicals,400,5,17152,15%,9%,182227.8,125737.18,1539968.98,25%,7.18,1.8,384992.24
1403,shaeed rajaii,UAE,86040000,45100,1205855,General Goods,400,5,3608,20%,9%,241171,130232.34,1580866.34,25%,35.05,8.76,395216.58
1403,shaeed rajaii,UAE,25199020,3000000,1205721,General Goods,400,5,240000,20%,9%,241144.2,130217.87,1817083.07,25%,0.61,0.15,454270.77
1403,shaeed rajaii,UAE,84834010,73094,1204661,Industrial Machinery,400,5,5847.52,15%,9%,180699.15,124682.41,1515890.08,25%,20.74,5.18,378972.52
1403,shaeed rajaii,UAE,73045100,186344,1204156,Articles of Iron & Steel,400,5,14907.52,10%,9%,120415.6,119211.44,1458690.56,25%,7.83,1.96,364672.64
1403,shaeed rajaii,UAE,38140000,620043,1201932,Chemical Products,400,5,49603.44,15%,9%,180289.8,124399.96,1556225.2,25%,2.51,0.63,389056.3
1403,shaeed rajaii,UAE,29395900,23265,1197904,Organic Chemicals,400,5,1861.2,15%,9%,179685.6,123983.06,1503433.86,25%,64.62,16.16,375858.46
1403,shaeed rajaii,UAE,48119090,356321,1194908,Paper & Paperboard,400,5,28505.68,15%,9%,179236.2,123672.98,1526322.86,25%,4.28,1.07,381580.72
1403,shaeed rajaii,UAE,85241200,94573,1186275,Electrical Equipment,400,5,7565.84,15%,9%,177941.25,122779.46,1494561.55,25%,15.8,3.95,373640.39
1403,shaeed rajaii,UAE,32089030,140888,1186171,General Goods,400,5,11271.04,20%,9%,237234.2,128106.47,1562782.71,25%,11.09,2.77,390695.68
1403,shaeed rajaii,UAE,20082090,673246,1176263,General Goods,400,5,53859.68,20%,9%,235252.6,127036.4,1592411.68,25%,2.37,0.59,398102.92
1403,shaeed rajaii,UAE,34024990,327330,1174571,General Goods,400,5,26186.4,20%,9%,234914.2,126853.67,1562525.27,25%,4.77,1.19,390631.32
1403,shaeed rajaii,UAE,37021000,36246,1174290,General Goods,400,5,2899.68,20%,9%,234858,126823.32,1538871,25%,42.46,10.62,384717.75
1403,shaeed rajaii,UAE,29232010,528650,1173050,Organic Chemicals,400,5,42292,15%,9%,175957.5,121410.67,1512710.17,25%,2.86,0.72,378177.54
1403,shaeed rajaii,UAE,23099020,371000,1171400,General Goods,400,5,29680,20%,9%,234280,126511.2,1561871.2,25%,4.21,1.05,390467.8
1403,shaeed rajaii,UAE,84659100,284240,1170486,Industrial Machinery,400,5,22739.2,15%,9%,175572.9,121145.3,1489943.4,25%,5.24,1.31,372485.85
1403,shaeed rajaii,UAE,84624200,55000,1170003,Industrial Machinery,400,5,4400,15%,9%,175500.45,121095.31,1470998.76,25%,26.75,6.69,367749.69
1403,shaeed rajaii,UAE,39199090,431970,1165057,Plastics & Polymers,400,5,34557.6,20%,9%,233011.4,125826.16,1558452.16,25%,3.61,0.9,389613.04
1403,shaeed rajaii,UAE,29309090,250275,1154283,Organic Chemicals,400,5,20022,15%,9%,173142.45,119468.29,1466915.74,25%,5.86,1.46,366728.94
1403,shaeed rajaii,UAE,37019930,108147,1148711,General Goods,400,5,8651.76,20%,9%,229742.2,124060.79,1511165.75,25%,13.97,3.49,377791.44
1403,shaeed rajaii,UAE,25291000,7306620,1141957,General Goods,400,5,584529.6,20%,9%,228391.4,123331.36,2078209.36,25%,0.28,0.07,519552.34
1403,shaeed rajaii,UAE,76061290,396285,1141048,General Goods,400,5,31702.8,20%,9%,228209.6,123233.18,1524193.58,25%,3.85,0.96,381048.4
1403,shaeed rajaii,UAE,31056000,586000,1136100,General Goods,400,5,46880,20%,9%,227220,122698.8,1532898.8,25%,2.62,0.66,383224.7
1403,shaeed rajaii,UAE,39069010,422912,1135244,Plastics & Polymers,400,5,33832.96,20%,9%,227048.8,122606.35,1518732.11,25%,3.59,0.9,379683.03
1403,shaeed rajaii,UAE,39181090,1082931,1131168,Plastics & Polymers,400,5,86634.48,20%,9%,226233.6,122166.14,1566202.22,25%,1.45,0.36,391550.56
1403,shaeed rajaii,UAE,73051100,978789,1130315,Articles of Iron & Steel,400,5,78303.12,10%,9%,113031.5,111901.18,1433550.8,25%,1.46,0.36,358387.7
1403,shaeed rajaii,UAE,72155000,2706786,1129245,Iron & Steel Products,400,5,216542.88,10%,9%,112924.5,111795.25,1570507.63,25%,0.58,0.14,392626.91
1403,shaeed rajaii,UAE,35030000,122602,1122639,General Goods,400,5,9808.16,20%,9%,224527.8,121245.01,1478219.97,25%,12.06,3.02,369554.99
1403,shaeed rajaii,UAE,90314900,46391,1117352,General Goods,400,5,3711.28,20%,9%,223470.4,120674.02,1465207.7,25%,31.58,7.9,366301.92
1403,shaeed rajaii,UAE,70101010,72284,1115908,General Goods,400,5,5782.72,20%,9%,223181.6,120518.06,1465390.38,25%,20.27,5.07,366347.6
1403,shaeed rajaii,UAE,74032900,84000,1115366,General Goods,400,5,6720,20%,9%,223073.2,120459.53,1465618.73,25%,17.45,4.36,366404.68
1403,shaeed rajaii,UAE,72024990,380000,1112966,Iron & Steel Products,400,5,30400,10%,9%,111296.6,110183.63,1364846.23,25%,3.59,0.9,341211.56
1403,shaeed rajaii,UAE,84261200,152200,1144038,Industrial Machinery,400,5,12176,15%,9%,171605.7,118407.93,1446227.63,25%,9.5,2.38,361556.91
1403,shaeed rajaii,UAE,53101000,988699,1108366,General Goods,400,5,79095.92,20%,9%,221673.2,119703.53,1528838.65,25%,1.55,0.39,382209.66
1403,shaeed rajaii,UAE,87089329,214361,1105500,Vehicle Parts & Accessories,400,5,17148.88,25%,9%,276375,124368.75,1523392.63,25%,7.11,1.78,380848.16
1403,shaeed rajaii,UAE,73065010,73220,1102144,Articles of Iron & Steel,400,5,5857.6,10%,9%,110214.4,109112.26,1327328.26,25%,18.13,4.53,331832.06
1403,shaeed rajaii,UAE,27040010,3569758,1101226,Mineral Fuels & Oils,400,5,285580.64,5%,9%,55061.3,104065.86,1545933.8,25%,0.43,0.11,386483.45
1403,shaeed rajaii,UAE,21069020,302500,1098911,General Goods,400,5,24200,20%,9%,219782.2,118682.39,1461575.59,25%,4.83,1.21,365393.9
1403,shaeed rajaii,UAE,21033000,171000,1097814,General Goods,400,5,13680,20%,9%,219562.8,118563.91,1449620.71,25%,8.48,2.12,362405.18
1403,shaeed rajaii,UAE,98870434,102915,1097014,Vehicle/Chassis/Tractor Parts,400,5,8233.2,40%,9%,438805.6,138223.76,1682276.56,25%,16.35,4.09,420569.14
1403,shaeed rajaii,UAE,28332950,450000,1095250,General Goods,400,5,36000,20%,9%,219050,118287,1468587,25%,3.26,0.82,367146.75
1403,shaeed rajaii,UAE,32121000,143601,1093965,General Goods,400,5,11488.08,20%,9%,218793,118148.22,1442394.3,25%,10.04,2.51,360598.58
1403,shaeed rajaii,UAE,90184991,7373,1093839,General Goods,400,5,589.84,20%,9%,218767.8,118134.61,1431331.25,25%,194.13,48.53,357832.81
1403,shaeed rajaii,UAE,84553000,231484,1090640,Industrial Machinery,400,5,18518.72,15%,9%,163596,112881.24,1385635.96,25%,5.99,1.5,346408.99
1403,shaeed rajaii,UAE,28353100,388000,1090238,General Goods,400,5,31040,20%,9%,218047.6,117745.7,1457071.3,25%,3.76,0.94,364267.82
1403,shaeed rajaii,UAE,51052900,212482,1085375,General Goods,400,5,16998.56,20%,9%,217075,117220.5,1436669.06,25%,6.76,1.69,359167.26
1403,shaeed rajaii,UAE,12119055,455000,1085176,General Goods,400,5,36400,20%,9%,217035.2,117199.01,1455810.21,25%,3.2,0.8,363952.55
1403,shaeed rajaii,UAE,29362820,85000,1082870,Organic Chemicals,400,5,6800,15%,9%,162430.5,112077.04,1364177.54,25%,16.05,4.01,341044.38
1403,shaeed rajaii,UAE,29393000,71017,1074756,Organic Chemicals,400,5,5681.36,15%,9%,161213.4,111237.25,1352888.01,25%,19.05,4.76,338222
1403,shaeed rajaii,UAE,38089221,192900,1073057,Chemical Products,400,5,15432,15%,9%,160958.55,111061.4,1360508.95,25%,7.05,1.76,340127.24
1403,shaeed rajaii,UAE,73181590,657645,1067326,Articles of Iron & Steel,400,5,52611.6,10%,9%,106732.6,105665.27,1332335.47,25%,2.03,0.51,333083.87
1403,shaeed rajaii,UAE,39059910,66025,1066664,Plastics & Polymers,400,5,5282,20%,9%,213332.8,115199.71,1400478.51,25%,21.21,5.3,350119.63
1403,shaeed rajaii,UAE,39059930,184780,1065868,Plastics & Polymers,400,5,14782.4,20%,9%,213173.6,115113.74,1408937.74,25%,7.62,1.9,352234.44
1403,shaeed rajaii,UAE,90011019,58032,1065147,General Goods,400,5,4642.56,20%,9%,213029.4,115035.88,1397854.84,25%,24.09,6.02,349463.71
1403,shaeed rajaii,UAE,29329990,71761,1064340,Organic Chemicals,400,5,5740.88,15%,9%,159651,110159.19,1339891.07,25%,18.67,4.67,334972.77
1403,shaeed rajaii,UAE,84672100,172450,1062178,Industrial Machinery,400,5,13796,15%,9%,159326.7,109935.42,1345236.12,25%,7.8,1.95,336309.03
1403,shaeed rajaii,UAE,40012200,564480,1058983,Rubber & Tires,400,5,45158.4,20%,9%,211796.6,114370.16,1430308.16,25%,2.53,0.63,357577.04
1403,shaeed rajaii,UAE,30021230,1091,1053127,General Goods,400,5,87.28,20%,9%,210625.4,113737.72,1377577.4,25%,1262.67,315.67,344394.35
1403,shaeed rajaii,UAE,72202000,477727,1053104,Iron & Steel Products,400,5,38218.16,10%,9%,105310.4,104257.3,1300889.86,25%,2.72,0.68,325222.47
1403,shaeed rajaii,UAE,29071310,492400,1048035,Organic Chemicals,400,5,39392,15%,9%,157205.25,108471.62,1353103.87,25%,2.75,0.69,338275.97
1403,shaeed rajaii,UAE,82071300,43719,1042576,General Goods,400,5,3497.52,20%,9%,208515.2,112598.21,1367186.93,25%,31.27,7.82,341796.73
1403,shaeed rajaii,UAE,84189940,61358,1041948,Industrial Machinery,400,5,4908.64,15%,9%,156292.2,107841.62,1310990.46,25%,21.37,5.34,327747.62
1403,shaeed rajaii,UAE,12119099,439567,1035833,General Goods,400,5,35165.36,20%,9%,207166.6,111869.96,1390034.92,25%,3.16,0.79,347508.73
1403,shaeed rajaii,UAE,87084020,77516,1034517,Vehicle Parts & Accessories,400,5,6201.28,25%,9%,258629.25,116383.16,1415730.69,25%,18.26,4.57,353932.67
1403,shaeed rajaii,UAE,72222000,465649,1030644,Iron & Steel Products,400,5,37251.92,10%,9%,103064.4,102033.76,1272994.08,25%,2.73,0.68,318248.52
1403,shaeed rajaii,UAE,87012100,87540,1030109,General Goods,400,5,7003.2,20%,9%,206021.8,111251.77,1354385.77,25%,15.47,3.87,338596.44
1403,shaeed rajaii,UAE,84099120,10590,1030097,Industrial Machinery,400,5,847.2,15%,9%,154514.55,106615.04,1292073.79,25%,122.01,30.5,323018.45
1403,shaeed rajaii,UAE,51012110,288407,1023500,General Goods,400,5,23072.56,20%,9%,204700,110538,1361810.56,25%,4.72,1.18,340452.64
1403,shaeed rajaii,UAE,38099200,663350,1014944,Chemical Products,400,5,53068,15%,9%,152241.6,105046.7,1325300.3,25%,2,0.5,331325.08
1403,shaeed rajaii,UAE,84159090,241576,1014438,Industrial Machinery,400,5,19326.08,15%,9%,152165.7,104994.33,1290924.11,25%,5.34,1.34,322731.03
1403,shaeed rajaii,UAE,28183090,1818600,1010875,General Goods,400,5,145488,20%,9%,202175,109174.5,1467712.5,25%,0.81,0.2,366928.12
1403,shaeed rajaii,UAE,8031000,1666212,1010656,General Goods,400,5,133296.96,20%,9%,202131.2,109150.85,1455235.01,25%,0.87,0.22,363808.75
1403,shaeed rajaii,UAE,73121090,353869,1009042,Articles of Iron & Steel,400,5,28309.52,10%,9%,100904.2,99895.16,1238150.88,25%,3.5,0.88,309537.72
1403,shaeed rajaii,UAE,29371990,200,1006831,Organic Chemicals,400,5,16,15%,9%,151024.65,104207.01,1262078.66,25%,6310.39,1577.6,315519.66
1403,shaeed rajaii,UAE,75052100,25000,1005567,General Goods,400,5,2000,20%,9%,201113.4,108601.24,1317281.64,25%,52.69,13.17,329320.41
1403,shaeed rajaii,UAE,87021000,77800,1005213,General Goods,400,5,6224,20%,9%,201042.6,108563,1321042.6,25%,16.98,4.24,330260.65
1403,shaeed rajaii,UAE,39239090,325663,1003941,Plastics & Polymers,400,5,26053.04,20%,9%,200788.2,108425.63,1339207.87,25%,4.11,1.03,334801.97
1403,shaeed rajaii,UAE,29161900,202035,1003659,Organic Chemicals,400,5,16162.8,15%,9%,150548.85,103878.71,1274249.36,25%,6.31,1.58,318562.34
1403,shaeed rajaii,UAE,84624900,9551,1002708,Industrial Machinery,400,5,764.08,15%,9%,150406.2,103780.28,1257658.56,25%,131.68,32.92,314414.64
1403,shaeed rajaii,UAE,84212320,48332,997923,Industrial Machinery,400,5,3866.56,15%,9%,149688.45,103285.03,1254763.04,25%,25.96,6.49,313690.76
1403,shaeed rajaii,UAE,40151200,85429,997806,Rubber & Tires,400,5,6834.32,20%,9%,199561.2,107763.05,1311964.57,25%,15.36,3.84,327991.14
1403,shaeed rajaii,UAE,72230000,326249,997789,Iron & Steel Products,400,5,26099.92,10%,9%,99778.9,98781.11,1222448.93,25%,3.75,0.94,305612.23
1403,shaeed rajaii,UAE,7133120,1060360,992379,General Goods,400,5,84828.8,20%,9%,198475.8,107176.93,1382860.53,25%,1.3,0.32,345715.13
1403,shaeed rajaii,UAE,48041100,1376130,991341,Paper & Paperboard,400,5,110090.4,15%,9%,148701.15,102603.79,1352736.34,25%,0.98,0.24,338184.08
1403,shaeed rajaii,UAE,94019920,55279,990447,General Goods,400,5,4422.32,20%,9%,198089.4,106968.28,1299927,25%,23.52,5.88,324981.75
1403,shaeed rajaii,UAE,38160090,699825,986725,Chemical Products,400,5,55986,15%,9%,148008.75,102126.04,1292845.79,25%,1.85,0.46,323211.45
1403,shaeed rajaii,UAE,8039010,2058660,980719,General Goods,400,5,164692.8,20%,9%,196143.8,105917.65,1447473.25,25%,0.7,0.18,361868.31
1403,shaeed rajaii,UAE,84471200,135445,979203,Industrial Machinery,400,5,10835.6,15%,9%,146880.45,101347.51,1238266.56,25%,9.14,2.28,309566.64
1403,shaeed rajaii,UAE,30043212,22128,978304,General Goods,400,5,1770.24,20%,9%,195660.8,105656.83,1281391.87,25%,57.91,14.48,320347.97
1403,shaeed rajaii,UAE,28353910,500000,976703,General Goods,400,5,40000,20%,9%,195340.6,105483.92,1317527.52,25%,2.64,0.66,329381.88
1403,shaeed rajaii,UAE,73083090,62073,975099,Articles of Iron & Steel,400,5,4965.84,10%,9%,97509.9,96534.8,1174109.54,25%,18.91,4.73,293527.38
1403,shaeed rajaii,UAE,72191300,368857,973004,Iron & Steel Products,400,5,29508.56,10%,9%,97300.4,96327.4,1196140.36,25%,3.24,0.81,299035.09
1403,shaeed rajaii,UAE,48109990,621267,971561,Paper & Paperboard,400,5,49701.36,15%,9%,145734.15,100556.56,1267553.07,25%,2.04,0.51,316888.27
1403,shaeed rajaii,UAE,94054210,166219,970232,General Goods,400,5,13297.52,20%,9%,194046.4,104785.06,1282360.98,25%,7.71,1.93,320590.24
1403,shaeed rajaii,UAE,28092020,724800,968333,General Goods,400,5,57984,20%,9%,193666.6,104579.96,1324563.56,25%,1.83,0.46,331140.89
1403,shaeed rajaii,UAE,85369010,98874,965829,Electrical Equipment,400,5,7909.92,15%,9%,144874.35,99963.3,1218576.57,25%,12.32,3.08,304644.14
1403,shaeed rajaii,UAE,39073030,324497,965320,Plastics & Polymers,400,5,25959.76,20%,9%,193064,104254.56,1288598.32,25%,3.97,0.99,322149.58
1403,shaeed rajaii,UAE,38089112,85675,962210,Chemical Products,400,5,6854,15%,9%,144331.5,99588.74,1212984.24,25%,14.16,3.54,303246.06
1403,shaeed rajaii,UAE,29339999,45700,960292,Organic Chemicals,400,5,3656,15%,9%,144043.8,99390.22,1207382.02,25%,26.42,6.6,301845.5
1403,shaeed rajaii,UAE,90189087,2600,960258,General Goods,400,5,208,20%,9%,192051.6,103707.86,1256225.46,25%,483.16,120.79,314056.36
1403,shaeed rajaii,UAE,84254100,464133,938809,Industrial Machinery,400,5,37130.64,15%,9%,140821.35,97166.73,1213927.72,25%,2.62,0.66,303481.93
1403,shaeed rajaii,UAE,85444900,98361,936097,Electrical Equipment,400,5,7868.88,15%,9%,140414.55,96886.04,1181266.47,25%,12.01,3,295316.62
1403,shaeed rajaii,UAE,38089323,125927,935359,Chemical Products,400,5,10074.16,15%,9%,140303.85,96809.66,1182546.67,25%,9.39,2.35,295636.67
1403,shaeed rajaii,UAE,38151100,62150,931056,Chemical Products,400,5,4972,15%,9%,139658.4,96364.3,1172050.7,25%,18.86,4.72,293012.68
1403,shaeed rajaii,UAE,85122010,18458,920447,Electrical Equipment,400,5,1476.64,15%,9%,138067.05,95266.26,1155256.95,25%,62.59,15.65,288814.24
1403,shaeed rajaii,UAE,68051090,59672,913594,General Goods,400,5,4773.76,20%,9%,182718.8,98668.15,1199754.71,25%,20.11,5.03,299938.68
1403,shaeed rajaii,UAE,85269110,3475,912891,Electrical Equipment,400,5,278,15%,9%,136933.65,94484.22,1144586.87,25%,329.38,82.34,286146.72
1403,shaeed rajaii,UAE,40021900,342028,910118,Rubber & Tires,400,5,27362.24,20%,9%,182023.6,98292.74,1217796.58,25%,3.56,0.89,304449.14
1403,shaeed rajaii,UAE,48059110,310647,909733,Paper & Paperboard,400,5,24851.76,15%,9%,136459.95,94157.37,1165202.08,25%,3.75,0.94,291300.52
1403,shaeed rajaii,UAE,84295129,153900,908943,Industrial Machinery,400,5,12312,15%,9%,136341.45,94075.6,1151672.05,25%,7.48,1.87,287918.01
1403,shaeed rajaii,UAE,84271021,37930,907674,Industrial Machinery,400,5,3034.4,15%,9%,136151.1,93944.26,1140803.76,25%,30.08,7.52,285200.94
1403,shaeed rajaii,UAE,32041190,189195,907554,General Goods,400,5,15135.6,20%,9%,181510.8,98015.83,1202216.23,25%,6.35,1.59,300554.06
1403,shaeed rajaii,UAE,84222000,830,904757,Industrial Machinery,400,5,66.4,15%,9%,135713.55,93642.35,1134179.3,25%,1366.48,341.62,283544.82
1403,shaeed rajaii,UAE,33021090,78275,900338,General Goods,400,5,6262,20%,9%,180067.6,97236.5,1183904.1,25%,15.12,3.78,295976.03
1403,shaeed rajaii,UAE,38249960,504200,895867,Chemical Products,400,5,40336,15%,9%,134380.05,92722.23,1163305.28,25%,2.31,0.58,290826.32
1403,shaeed rajaii,UAE,90183910,21660,895480,General Goods,400,5,1732.8,20%,9%,179096,96711.84,1173020.64,25%,54.16,13.54,293255.16
1403,shaeed rajaii,UAE,29021900,285120,893332,Organic Chemicals,400,5,22809.6,15%,9%,133999.8,92459.86,1142601.26,25%,4.01,1,285650.32
1403,shaeed rajaii,UAE,76061220,202484,893332,General Goods,400,5,16198.72,20%,9%,178666.4,96479.86,1184676.98,25%,5.85,1.46,296169.24
1403,shaeed rajaii,UAE,70191200,703218,891231,General Goods,400,5,56257.44,20%,9%,178246.2,96252.95,1221987.59,25%,1.74,0.44,305496.9
1403,shaeed rajaii,UAE,40169300,86057,885510,Rubber & Tires,400,5,6884.56,20%,9%,177102,95635.08,1165131.64,25%,13.54,3.38,291282.91
1403,shaeed rajaii,UAE,87088011,101274,872456,Vehicle Parts & Accessories,400,5,8101.92,25%,9%,218114,98151.3,1196823.22,25%,11.82,2.96,299205.8
1403,shaeed rajaii,UAE,29054200,516000,872409,Organic Chemicals,400,5,41280,15%,9%,130861.35,90294.33,1134844.68,25%,2.2,0.55,283711.17
1403,shaeed rajaii,UAE,12119035,280505,869592,General Goods,400,5,22440.4,20%,9%,173918.4,93915.94,1159866.74,25%,4.13,1.03,289966.68
1403,shaeed rajaii,UAE,30069100,16064,869553,General Goods,400,5,1285.12,20%,9%,173910.6,93911.72,1138660.44,25%,70.88,17.72,284665.11
1403,shaeed rajaii,UAE,68042290,202187,866741,General Goods,400,5,16174.96,20%,9%,173348.2,93608.03,1149872.19,25%,5.69,1.42,287468.05
1403,shaeed rajaii,UAE,29349990,10270,858943,Organic Chemicals,400,5,821.6,15%,9%,128841.45,88900.6,1077506.65,25%,104.92,26.23,269376.66
1403,shaeed rajaii,UAE,84841020,23259,854573,Industrial Machinery,400,5,1860.72,15%,9%,128185.95,88448.31,1073067.98,25%,46.14,11.54,268267
1403,shaeed rajaii,UAE,53071000,632000,852183,General Goods,400,5,50560,20%,9%,170436.6,92035.76,1165215.36,25%,1.84,0.46,291303.84
1403,shaeed rajaii,UAE,9042290,561500,847784,General Goods,400,5,44920,20%,9%,169556.8,91560.67,1153821.47,25%,2.05,0.51,288455.37
1403,shaeed rajaii,UAE,32082060,202560,847520,General Goods,400,5,16204.8,20%,9%,169504,91532.16,1124760.96,25%,5.55,1.39,281190.24
1403,shaeed rajaii,UAE,29241990,549000,843111,Organic Chemicals,400,5,43920,15%,9%,126466.65,87261.99,1100759.64,25%,2.01,0.5,275189.91
1403,shaeed rajaii,UAE,69022090,573216,838941,General Goods,400,5,45857.28,20%,9%,167788.2,90605.63,1143192.11,25%,1.99,0.5,285798.03
1403,shaeed rajaii,UAE,70199099,149668,835617,General Goods,400,5,11973.44,20%,9%,167123.4,90246.64,1104960.48,25%,7.38,1.84,276240.12
1403,shaeed rajaii,UAE,32129000,66077,834685,General Goods,400,5,5286.16,20%,9%,166937,90145.98,1097054.14,25%,16.6,4.15,274263.53
1403,shaeed rajaii,UAE,39041020,480800,832744,Plastics & Polymers,400,5,38464,20%,9%,166548.8,89936.35,1127693.15,25%,2.35,0.59,281923.29
1403,shaeed rajaii,UAE,73045900,383194,831026,Articles of Iron & Steel,400,5,30655.52,10%,9%,83102.6,82271.57,1027055.69,25%,2.68,0.67,256763.92
1403,shaeed rajaii,UAE,90301000,40,828865,General Goods,400,5,3.2,20%,9%,165773,89517.42,1084158.62,25%,27103.97,6775.99,271039.66
1403,shaeed rajaii,UAE,29335990,18980,827132,Organic Chemicals,400,5,1518.4,15%,9%,124069.8,85608.16,1038328.36,25%,54.71,13.68,259582.09
1403,shaeed rajaii,UAE,48064000,473349,825623,Paper & Paperboard,400,5,37867.92,15%,9%,123843.45,85451.98,1072786.35,25%,2.27,0.57,268196.59
1403,shaeed rajaii,UAE,69031090,251867,823236,General Goods,400,5,20149.36,20%,9%,164647.2,88909.49,1096942.05,25%,4.36,1.09,274235.51
1403,shaeed rajaii,UAE,84414000,13600,821171,Industrial Machinery,400,5,1088,15%,9%,123175.65,84991.2,1030425.85,25%,75.77,18.94,257606.46
1403,shaeed rajaii,UAE,29209090,707600,819770,Organic Chemicals,400,5,56608,15%,9%,122965.5,84846.2,1084189.7,25%,1.53,0.38,271047.42
1403,shaeed rajaii,UAE,32141000,237062,819283,General Goods,400,5,18964.96,20%,9%,163856.6,88482.56,1090587.12,25%,4.6,1.15,272646.78
1403,shaeed rajaii,UAE,59031000,395742,819088,General Goods,400,5,31659.36,20%,9%,163817.6,88461.5,1103026.46,25%,2.79,0.7,275756.62
1403,shaeed rajaii,UAE,72028000,20000,816601,Iron & Steel Products,400,5,1600,10%,9%,81660.1,80843.5,980704.6,25%,49.04,12.26,245176.15
1403,shaeed rajaii,UAE,29362810,41070,816338,Organic Chemicals,400,5,3285.6,15%,9%,122450.7,84490.98,1026565.28,25%,25,6.25,256641.32
1403,shaeed rajaii,UAE,40070000,162617,814572,Rubber & Tires,400,5,13009.36,20%,9%,162914.4,87973.78,1078469.54,25%,6.63,1.66,269617.38
1403,shaeed rajaii,UAE,85044086,22374,814089,Electrical Equipment,400,5,1789.92,15%,9%,122113.35,84258.21,1022250.48,25%,45.69,11.42,255562.62
1403,shaeed rajaii,UAE,34029020,256847,810341,General Goods,400,5,20547.76,20%,9%,162068.2,87516.83,1080473.79,25%,4.21,1.05,270118.45
1403,shaeed rajaii,UAE,48102200,299306,808761,Paper & Paperboard,400,5,23944.48,15%,9%,121314.15,83706.76,1037726.39,25%,3.47,0.87,259431.6
1403,shaeed rajaii,UAE,73041100,149356,808277,Articles of Iron & Steel,400,5,11948.48,10%,9%,80827.7,80019.42,981072.6,25%,6.57,1.64,245268.15
1403,shaeed rajaii,UAE,44089090,177859,807761,General Goods,400,5,14228.72,20%,9%,161552.2,87238.19,1070780.11,25%,6.02,1.5,267695.03
1403,shaeed rajaii,UAE,33029090,17975,807618,General Goods,400,5,1438,20%,9%,161523.6,87222.74,1057802.34,25%,58.85,14.71,264450.59
1403,shaeed rajaii,UAE,21069030,293100,805701,General Goods,400,5,23448,20%,9%,161140.2,87015.71,1077304.91,25%,3.68,0.92,269326.23
1403,shaeed rajaii,UAE,33012990,20448,805567,General Goods,400,5,1635.84,20%,9%,161113.4,87001.24,1055317.48,25%,51.61,12.9,263829.37
1403,shaeed rajaii,UAE,35030020,34089,800566,General Goods,400,5,2727.12,20%,9%,160113.2,86461.13,1049867.45,25%,30.8,7.7,262466.86
1403,shaeed rajaii,UAE,29224910,50000,796881,Organic Chemicals,400,5,4000,15%,9%,119532.15,82477.18,1002890.33,25%,20.06,5.01,250722.58
1403,shaeed rajaii,UAE,15119020,660610,796332,General Goods,400,5,52848.8,20%,9%,159266.4,86003.86,1094451.06,25%,1.66,0.42,273612.76
1403,shaeed rajaii,UAE,70200091,318132,794996,General Goods,400,5,25450.56,20%,9%,158999.2,85859.57,1065305.33,25%,3.35,0.84,266326.33
1403,shaeed rajaii,UAE,29415090,4300,793492,Organic Chemicals,400,5,344,15%,9%,119023.8,82126.42,994986.22,25%,231.39,57.85,248746.56
1403,shaeed rajaii,UAE,39169090,208427,787657,Plastics & Polymers,400,5,16674.16,20%,9%,157531.4,85066.96,1046929.52,25%,5.02,1.25,261732.38
1403,shaeed rajaii,UAE,85102090,47926,785839,Electrical Equipment,400,5,3834.08,15%,9%,117875.85,81334.34,988883.27,25%,20.63,5.16,247220.82
1403,shaeed rajaii,UAE,28255000,71860,784194,General Goods,400,5,5748.8,20%,9%,156838.8,84692.95,1031474.55,25%,14.35,3.59,257868.64
1403,shaeed rajaii,UAE,73072100,69391,781193,Articles of Iron & Steel,400,5,5551.28,10%,9%,78119.3,77338.11,942201.69,25%,13.58,3.4,235550.42
1403,shaeed rajaii,UAE,28332970,1122515,779328,General Goods,400,5,89801.2,20%,9%,155865.6,84167.42,1109162.22,25%,0.99,0.25,277290.56
1403,shaeed rajaii,UAE,84133020,12906,779184,Industrial Machinery,400,5,1032.48,15%,9%,116877.6,80645.54,977739.62,25%,75.76,18.94,244434.9
1403,shaeed rajaii,UAE,85015290,74229,774606,Electrical Equipment,400,5,5938.32,15%,9%,116190.9,80171.72,976906.94,25%,13.16,3.29,244226.74
1403,shaeed rajaii,UAE,39219091,199914,773841,Plastics & Polymers,400,5,15993.12,20%,9%,154768.2,83574.83,1028177.15,25%,5.14,1.28,257044.29
1403,shaeed rajaii,UAE,84143040,66337,771583,Compressors & Pumps,400,5,5306.96,15%,9%,115737.45,79858.84,972486.25,25%,14.66,3.66,243121.56
1403,shaeed rajaii,UAE,29309990,165040,767731,Organic Chemicals,400,5,13203.2,15%,9%,115159.65,79460.16,975554.01,25%,5.91,1.48,243888.5
1403,shaeed rajaii,UAE,29337990,5754,763905,Organic Chemicals,400,5,460.32,15%,9%,114585.75,79064.17,958015.24,25%,166.5,41.62,239503.81
1403,shaeed rajaii,UAE,73059000,396313,762414,Articles of Iron & Steel,400,5,31705.04,10%,9%,76241.4,75478.99,945839.43,25%,2.39,0.6,236459.86
1403,shaeed rajaii,UAE,84717010,28537,759840,Industrial Machinery,400,5,2282.96,15%,9%,113976,78643.44,954742.4,25%,33.46,8.36,238685.6
1403,shaeed rajaii,UAE,84339090,59258,757769,Industrial Machinery,400,5,4740.64,15%,9%,113665.35,78429.09,954604.08,25%,16.11,4.03,238651.02
1403,shaeed rajaii,UAE,83024290,432233,755996,General Goods,400,5,34578.64,20%,9%,151199.2,81647.57,1023421.41,25%,2.37,0.59,255855.35
1403,shaeed rajaii,UAE,84281010,240000,755618,Industrial Machinery,400,5,19200,15%,9%,113342.7,78206.46,966367.16,25%,4.03,1.01,241591.79
1403,shaeed rajaii,UAE,44079900,908124,753344,General Goods,400,5,72649.92,20%,9%,150668.8,81361.15,1058023.87,25%,1.17,0.29,264505.97
1403,shaeed rajaii,UAE,84295990,149628,752936,Industrial Machinery,400,5,11970.24,15%,9%,112940.4,77928.88,955775.52,25%,6.39,1.6,238943.88
1403,shaeed rajaii,UAE,84818050,107290,746930,Industrial Machinery,400,5,8583.2,15%,9%,112039.5,77307.25,944859.95,25%,8.81,2.2,236214.99
1403,shaeed rajaii,UAE,84312090,365614,745347,Industrial Machinery,400,5,29249.12,15%,9%,111802.05,77143.41,963541.58,25%,2.64,0.66,240885.4
1403,shaeed rajaii,UAE,84313190,150412,742844,Industrial Machinery,400,5,12032.96,15%,9%,111426.6,76884.35,943187.91,25%,6.27,1.57,235796.98
1403,shaeed rajaii,UAE,7133310,522000,740080,General Goods,400,5,41760,20%,9%,148016,79928.64,1009784.64,25%,1.93,0.48,252446.16
1403,shaeed rajaii,UAE,84369100,128000,740014,Industrial Machinery,400,5,10240,15%,9%,111002.1,76591.45,937847.55,25%,7.33,1.83,234461.89
1403,shaeed rajaii,UAE,29362100,25815,738237,Organic Chemicals,400,5,2065.2,15%,9%,110735.55,76407.53,927445.28,25%,35.93,8.98,231861.32
1403,shaeed rajaii,UAE,20079910,613840,736551,General Goods,400,5,49107.2,20%,9%,147310.2,79547.51,1012515.91,25%,1.65,0.41,253128.98
1403,shaeed rajaii,UAE,20082010,687480,736398,General Goods,400,5,54998.4,20%,9%,147279.6,79530.98,1018206.98,25%,1.48,0.37,254551.74
1403,shaeed rajaii,UAE,87088021,54895,735999,Vehicle Parts & Accessories,400,5,4391.6,25%,9%,183999.75,82799.89,1007190.24,25%,18.35,4.59,251797.56
1403,shaeed rajaii,UAE,72279000,635389,733566,Iron & Steel Products,400,5,50831.12,10%,9%,73356.6,72623.03,930376.75,25%,1.46,0.36,232594.19
1403,shaeed rajaii,UAE,29242940,85000,733480,Organic Chemicals,400,5,6800,15%,9%,110022,75915.18,926217.18,25%,10.9,2.72,231554.3
1403,shaeed rajaii,UAE,70191310,491923,732591,General Goods,400,5,39353.84,20%,9%,146518.2,79119.83,997582.87,25%,2.03,0.51,249395.72
1403,shaeed rajaii,UAE,85367090,2599,730010,Electrical Equipment,400,5,207.92,15%,9%,109501.5,75556.04,915275.46,25%,352.16,88.04,228818.86
1403,shaeed rajaii,UAE,85352120,34337,729271,Electrical Equipment,400,5,2746.96,15%,9%,109390.65,75479.55,916888.16,25%,26.7,6.68,229222.04
1403,shaeed rajaii,UAE,98871183,104045,728618,Vehicle/Chassis/Tractor Parts,400,5,8323.6,40%,9%,291447.2,91805.87,1120194.67,25%,10.77,2.69,280048.67
1403,shaeed rajaii,UAE,84779000,176692,726711,Industrial Machinery,400,5,14135.36,15%,9%,109006.65,75214.59,925067.6,25%,5.24,1.31,231266.9
1403,shaeed rajaii,UAE,84523000,10368,724313,Industrial Machinery,400,5,829.44,15%,9%,108646.95,74966.4,908755.79,25%,87.65,21.91,227188.95
1403,shaeed rajaii,UAE,85163100,57371,723778,Electrical Equipment,400,5,4589.68,15%,9%,108566.7,74911.02,911845.4,25%,15.89,3.97,227961.35
1403,shaeed rajaii,UAE,85322200,38783,722783,Electrical Equipment,400,5,3102.64,15%,9%,108417.45,74808.04,909111.13,25%,23.44,5.86,227277.78
1403,shaeed rajaii,UAE,85101000,17518,721869,Electrical Equipment,400,5,1401.44,15%,9%,108280.35,74713.44,906264.23,25%,51.73,12.93,226566.06
1403,shaeed rajaii,UAE,39076910,742000,721556,Plastics & Polymers,400,5,59360,20%,9%,144311.2,77928.05,1003155.25,25%,1.35,0.34,250788.81
1403,shaeed rajaii,UAE,28281000,300780,720289,General Goods,400,5,24062.4,20%,9%,144057.8,77791.21,966200.41,25%,3.21,0.8,241550.1
1403,shaeed rajaii,UAE,48232000,235591,720016,Paper & Paperboard,400,5,18847.28,15%,9%,108002.4,74521.66,921387.34,25%,3.91,0.98,230346.84
1403,shaeed rajaii,UAE,90191050,60818,718044,General Goods,400,5,4865.44,20%,9%,143608.8,77548.75,944066.99,25%,15.52,3.88,236016.75
1403,shaeed rajaii,UAE,90211010,1003,711359,General Goods,400,5,80.24,20%,9%,142271.8,76826.77,930537.81,25%,927.75,231.94,232634.45
1403,shaeed rajaii,UAE,13021900,16290,708805,General Goods,400,5,1303.2,20%,9%,141761,76550.94,928420.14,25%,56.99,14.25,232105.04
1403,shaeed rajaii,UAE,84248910,229057,707779,Industrial Machinery,400,5,18324.56,15%,9%,106166.85,73255.13,905525.54,25%,3.95,0.99,226381.38
1403,shaeed rajaii,UAE,86072100,44440,705380,General Goods,400,5,3555.2,20%,9%,141076,76181.04,926192.24,25%,20.84,5.21,231548.06
1403,shaeed rajaii,UAE,84186920,174936,700419,Industrial Machinery,400,5,13994.88,15%,9%,105062.85,72493.37,891970.1,25%,5.1,1.27,222992.52
1403,shaeed rajaii,UAE,39201020,226467,690831,Plastics & Polymers,400,5,18117.36,20%,9%,138166.2,74609.75,921724.31,25%,4.07,1.02,230431.08
1403,shaeed rajaii,UAE,39219099,317476,690593,Plastics & Polymers,400,5,25398.08,20%,9%,138118.6,74584.04,928693.72,25%,2.93,0.73,232173.43
1403,shaeed rajaii,UAE,29159020,162000,689467,Organic Chemicals,400,5,12960,15%,9%,103420.05,71359.83,877206.88,25%,5.41,1.35,219301.72
1403,shaeed rajaii,UAE,84813000,32128,685468,Industrial Machinery,400,5,2570.24,15%,9%,102820.2,70945.94,861804.38,25%,26.82,6.7,215451.1
1403,shaeed rajaii,UAE,84819030,186607,684102,Industrial Machinery,400,5,14928.56,15%,9%,102615.3,70804.56,872450.42,25%,4.68,1.17,218112.6
1403,shaeed rajaii,UAE,29362600,19890,682267,Organic Chemicals,400,5,1591.2,15%,9%,102340.05,70614.63,856812.88,25%,43.08,10.77,214203.22
1403,shaeed rajaii,UAE,38123940,57760,672477,Chemical Products,400,5,4620.8,15%,9%,100871.55,69601.37,847570.72,25%,14.67,3.67,211892.68
1403,shaeed rajaii,UAE,84295211,104270,669790,Industrial Machinery,400,5,8341.6,15%,9%,100468.5,69323.26,847923.36,25%,8.13,2.03,211980.84
1403,shaeed rajaii,UAE,25161100,1525545,665628,General Goods,400,5,122043.6,20%,9%,133125.6,71887.82,992685.02,25%,0.65,0.16,248171.26
1403,shaeed rajaii,UAE,44111411,2012469,664948,General Goods,400,5,160997.52,20%,9%,132989.6,71814.38,1030749.5,25%,0.51,0.13,257687.38
1403,shaeed rajaii,UAE,73072300,255231,664902,Articles of Iron & Steel,400,5,20418.48,10%,9%,66490.2,65825.3,817635.98,25%,3.2,0.8,204409
1403,shaeed rajaii,UAE,84532000,300105,662682,Industrial Machinery,400,5,24008.4,15%,9%,99402.3,68587.59,854680.29,25%,2.85,0.71,213670.07
1403,shaeed rajaii,UAE,87089921,15767,660118,Vehicle Parts & Accessories,400,5,1261.36,25%,9%,165029.5,74263.27,900672.13,25%,57.12,14.28,225168.03
1403,shaeed rajaii,UAE,35079000,101575,659721,General Goods,400,5,8126,20%,9%,131944.2,71249.87,871041.07,25%,8.58,2.14,217760.27
1403,shaeed rajaii,UAE,62059000,10124,656292,General Goods,400,5,809.92,20%,9%,131258.4,70879.54,859239.86,25%,84.87,21.22,214809.96
1403,shaeed rajaii,UAE,29163930,54187,655821,Organic Chemicals,400,5,4334.96,15%,9%,98373.15,67877.47,826406.58,25%,15.25,3.81,206601.64
1403,shaeed rajaii,UAE,29211990,174450,654989,Organic Chemicals,400,5,13956,15%,9%,98248.35,67791.36,834984.71,25%,4.79,1.2,208746.18
1403,shaeed rajaii,UAE,29054420,387500,652581,Organic Chemicals,400,5,31000,15%,9%,97887.15,67542.13,849010.28,25%,2.19,0.55,212252.57
1403,shaeed rajaii,UAE,73063020,583565,651968,Articles of Iron & Steel,400,5,46685.2,10%,9%,65196.8,64544.83,828394.83,25%,1.42,0.36,207098.71
1403,shaeed rajaii,UAE,70099100,5501,651920,General Goods,400,5,440.08,20%,9%,130384,70407.36,853151.44,25%,155.09,38.77,213287.86
1403,shaeed rajaii,UAE,32064990,90150,648292,General Goods,400,5,7212,20%,9%,129658.4,70015.54,855177.94,25%,9.49,2.37,213794.48
1403,shaeed rajaii,UAE,85015210,25225,647510,Electrical Equipment,400,5,2018,15%,9%,97126.5,67017.28,813671.78,25%,32.26,8.06,203417.94
1403,shaeed rajaii,UAE,82071900,152354,647444,General Goods,400,5,12188.32,20%,9%,129488.8,69923.95,859045.07,25%,5.64,1.41,214761.27
1403,shaeed rajaii,UAE,34039990,157795,647207,General Goods,400,5,12623.6,20%,9%,129441.4,69898.36,859170.36,25%,5.44,1.36,214792.59
1403,shaeed rajaii,UAE,84733010,109345,645135,Industrial Machinery,400,5,8747.6,15%,9%,96770.25,66771.47,817424.32,25%,7.48,1.87,204356.08
1403,shaeed rajaii,UAE,15159090,25670,644006,General Goods,400,5,2053.6,20%,9%,128801.2,69552.65,844413.45,25%,32.89,8.22,211103.36
1403,shaeed rajaii,UAE,85044030,14877,641688,Electrical Equipment,400,5,1190.16,15%,9%,96253.2,66414.71,805546.07,25%,54.15,13.54,201386.52
1403,shaeed rajaii,UAE,13023200,294500,640498,General Goods,400,5,23560,20%,9%,128099.6,69173.78,861331.38,25%,2.92,0.73,215332.84
1403,shaeed rajaii,UAE,38089123,100090,640153,Chemical Products,400,5,8007.2,15%,9%,96022.95,66255.84,810438.99,25%,8.1,2.02,202609.75
1403,shaeed rajaii,UAE,90262000,13847,634801,General Goods,400,5,1107.76,20%,9%,126960.2,68558.51,831427.47,25%,60.04,15.01,207856.87
1403,shaeed rajaii,UAE,48119050,172797,634179,Paper & Paperboard,400,5,13823.76,15%,9%,95126.85,65637.53,808767.14,25%,4.68,1.17,202191.78
1403,shaeed rajaii,UAE,75062000,11801,632919,General Goods,400,5,944.08,20%,9%,126583.8,68355.25,828802.13,25%,70.23,17.56,207200.53
1403,shaeed rajaii,UAE,7135090,847318,631890,General Goods,400,5,67785.44,20%,9%,126378,68244.12,894297.56,25%,1.06,0.26,223574.39
1403,shaeed rajaii,UAE,90278950,5900,631639,General Goods,400,5,472,20%,9%,126327.8,68217.01,826655.81,25%,140.11,35.03,206663.95
1403,shaeed rajaii,UAE,74112100,55572,631311,General Goods,400,5,4445.76,20%,9%,126262.2,68181.59,830200.55,25%,14.94,3.74,207550.14
1403,shaeed rajaii,UAE,85177900,1754,627199,Telecom & Display Equipment,400,5,140.32,15%,9%,94079.85,64915.1,786334.27,25%,448.31,112.08,196583.57
1403,shaeed rajaii,UAE,39094090,356500,626836,Plastics & Polymers,400,5,28520,20%,9%,125367.2,67698.29,848421.49,25%,2.38,0.6,212105.37
1403,shaeed rajaii,UAE,84292021,48840,625393,Industrial Machinery,400,5,3907.2,15%,9%,93808.95,64728.18,787837.33,25%,16.13,4.03,196959.33
1403,shaeed rajaii,UAE,44029000,532300,622844,General Goods,400,5,42584,20%,9%,124568.8,67267.15,857263.95,25%,1.61,0.4,214315.99
1403,shaeed rajaii,UAE,39262010,89851,622575,Plastics & Polymers,400,5,7188.08,20%,9%,124515,67238.1,821516.18,25%,9.14,2.28,205379.04
1403,shaeed rajaii,UAE,39211200,294547,622117,Plastics & Polymers,400,5,23563.76,20%,9%,124423.4,67188.64,837292.8,25%,2.84,0.71,209323.2
1403,shaeed rajaii,UAE,84649000,13273,621600,Industrial Machinery,400,5,1061.84,15%,9%,93240,64335.6,780237.44,25%,58.78,14.7,195059.36
1403,shaeed rajaii,UAE,87081010,66164,619313,Vehicle Parts & Accessories,400,5,5293.12,25%,9%,154828.25,69672.71,849107.08,25%,12.83,3.21,212276.77
1403,shaeed rajaii,UAE,30059030,4516,617044,General Goods,400,5,361.28,20%,9%,123408.8,66640.75,807454.83,25%,178.8,44.7,201863.71
1403,shaeed rajaii,UAE,84119910,1574,614081,Industrial Machinery,400,5,125.92,15%,9%,92112.15,63557.38,769876.45,25%,489.12,122.28,192469.11
1403,shaeed rajaii,UAE,84133090,31143,612842,Industrial Machinery,400,5,2491.44,15%,9%,91926.3,63429.15,770688.89,25%,24.75,6.19,192672.22
1403,shaeed rajaii,UAE,29072300,358000,612306,Organic Chemicals,400,5,28640,15%,9%,91845.9,63373.67,796165.57,25%,2.22,0.56,199041.39
1403,shaeed rajaii,UAE,29054990,237000,609333,Organic Chemicals,400,5,18960,15%,9%,91399.95,63065.97,782758.92,25%,3.3,0.82,195689.73
1403,shaeed rajaii,UAE,29269090,61500,607588,Organic Chemicals,400,5,4920,15%,9%,91138.2,62885.36,766531.56,25%,12.46,3.12,191632.89
1403,shaeed rajaii,UAE,85446020,84480,607217,Electrical Equipment,400,5,6758.4,15%,9%,91082.55,62846.96,767904.91,25%,9.09,2.27,191976.23
1403,shaeed rajaii,UAE,17011400,996000,606400,General Goods,400,5,79680,20%,9%,121280,65491.2,872851.2,25%,0.88,0.22,218212.8
1403,shaeed rajaii,UAE,68042100,18932,605696,General Goods,400,5,1514.56,20%,9%,121139.2,65415.17,793764.93,25%,41.93,10.48,198441.23
1403,shaeed rajaii,UAE,31051090,125638,605619,General Goods,400,5,10051.04,20%,9%,121123.8,65406.85,802200.69,25%,6.39,1.6,200550.17
1403,shaeed rajaii,UAE,39011090,204250,604307,Plastics & Polymers,400,5,16340,20%,9%,120861.4,65265.16,806773.56,25%,3.95,0.99,201693.39
1403,shaeed rajaii,UAE,96084000,29606,603528,General Goods,400,5,2368.48,20%,9%,120705.6,65181.02,791783.1,25%,26.74,6.68,197945.78
1403,shaeed rajaii,UAE,55031900,200928,603455,General Goods,400,5,16074.24,20%,9%,120691,65173.14,805393.38,25%,4.01,1,201348.34
1403,shaeed rajaii,UAE,85369090,45696,601586,Electrical Equipment,400,5,3655.68,15%,9%,90237.9,62264.15,757743.73,25%,16.58,4.14,189435.93
1403,shaeed rajaii,UAE,39123190,75600,600868,Plastics & Polymers,400,5,6048,20%,9%,120173.6,64893.74,791983.34,25%,10.48,2.62,197995.84
1403,shaeed rajaii,UAE,84662000,105807,600654,Industrial Machinery,400,5,8464.56,15%,9%,90098.1,62167.69,761384.35,25%,7.2,1.8,190346.09
1403,shaeed rajaii,UAE,21069050,39300,600369,General Goods,400,5,3144,20%,9%,120073.8,64839.85,788426.65,25%,20.06,5.01,197106.66
1403,shaeed rajaii,UAE,85015390,50170,599474,Electrical Equipment,400,5,4013.6,15%,9%,89921.1,62045.56,755454.26,25%,15.06,3.76,188863.56
1403,shaeed rajaii,UAE,81089000,43440,598178,General Goods,400,5,3475.2,20%,9%,119635.6,64603.22,785892.02,25%,18.09,4.52,196473
1403,shaeed rajaii,UAE,84099920,34882,594408,Industrial Machinery,400,5,2790.56,15%,9%,89161.2,61521.23,747880.99,25%,21.44,5.36,186970.25
1403,shaeed rajaii,UAE,39089090,210670,592006,Plastics & Polymers,400,5,16853.6,20%,9%,118401.2,63936.65,791197.45,25%,3.76,0.94,197799.36
1403,shaeed rajaii,UAE,76071990,156425,589618,General Goods,400,5,12514,20%,9%,117923.6,63678.74,783734.34,25%,5.01,1.25,195933.58
1403,shaeed rajaii,UAE,39122000,160000,589300,Plastics & Polymers,400,5,12800,20%,9%,117860,63644.4,783604.4,25%,4.9,1.23,195901.1
1403,shaeed rajaii,UAE,29242950,45000,587567,Organic Chemicals,400,5,3600,15%,9%,88135.05,60813.18,740115.23,25%,16.45,4.11,185028.81
1403,shaeed rajaii,UAE,96121000,38840,587359,General Goods,400,5,3107.2,20%,9%,117471.8,63434.77,771372.77,25%,19.86,4.96,192843.19
1403,shaeed rajaii,UAE,29412000,24350,584172,Organic Chemicals,400,5,1948,15%,9%,87625.8,60461.8,734207.6,25%,30.15,7.54,183551.9
1403,shaeed rajaii,UAE,48024000,238250,584072,Paper & Paperboard,400,5,19060,15%,9%,87610.8,60451.45,751194.25,25%,3.15,0.79,187798.56
1403,shaeed rajaii,UAE,95069190,189806,582647,General Goods,400,5,15184.48,20%,9%,116529.4,62925.88,777286.76,25%,4.1,1.02,194321.69
1403,shaeed rajaii,UAE,84091000,16389,582076,Industrial Machinery,400,5,1311.12,15%,9%,87311.4,60244.87,730943.39,25%,44.6,11.15,182735.85
1403,shaeed rajaii,UAE,39206200,257996,581294,Plastics & Polymers,400,5,20639.68,20%,9%,116258.8,62779.75,780972.23,25%,3.03,0.76,195243.06
1403,shaeed rajaii,UAE,31026010,716000,579958,General Goods,400,5,57280,20%,9%,115991.6,62635.46,815865.06,25%,1.14,0.28,203966.26
1403,shaeed rajaii,UAE,28332990,19025,579120,General Goods,400,5,1522,20%,9%,115824,62544.96,759010.96,25%,39.9,9.98,189752.74
1403,shaeed rajaii,UAE,85073000,50998,574973,Electrical Equipment,400,5,4079.84,15%,9%,86245.95,59509.71,724808.5,25%,14.21,3.55,181202.12
1403,shaeed rajaii,UAE,73049000,119380,574969,Articles of Iron & Steel,400,5,9550.4,10%,9%,57496.9,56921.93,698938.23,25%,5.85,1.46,174734.56
1403,shaeed rajaii,UAE,29221990,84545,574046,Organic Chemicals,400,5,6763.6,15%,9%,86106.9,59413.76,726330.26,25%,8.59,2.15,181582.56
1403,shaeed rajaii,UAE,34039910,126410,573909,General Goods,400,5,10112.8,20%,9%,114781.8,61982.17,760785.77,25%,6.02,1.5,190196.44
1403,shaeed rajaii,UAE,84633000,106069,573290,Industrial Machinery,400,5,8485.52,15%,9%,85993.5,59335.52,727104.54,25%,6.86,1.72,181776.14
1403,shaeed rajaii,UAE,29054300,101500,572970,Organic Chemicals,400,5,8120,15%,9%,85945.5,59302.4,726337.9,25%,7.16,1.79,181584.48
1403,shaeed rajaii,UAE,84431100,128500,572665,Industrial Machinery,400,5,10280,15%,9%,85899.75,59270.83,728115.58,25%,5.67,1.42,182028.9
1403,shaeed rajaii,UAE,94016900,40450,572656,General Goods,400,5,3236,20%,9%,114531.2,61846.85,752270.05,25%,18.6,4.65,188067.51
1403,shaeed rajaii,UAE,59113200,17387,572021,General Goods,400,5,1390.96,20%,9%,114404.2,61778.27,749594.43,25%,43.11,10.78,187398.61
1403,shaeed rajaii,UAE,84212910,26629,571823,Industrial Machinery,400,5,2130.32,15%,9%,85773.45,59183.68,718910.45,25%,27,6.75,179727.61
1403,shaeed rajaii,UAE,29341000,186350,569121,Organic Chemicals,400,5,14908,15%,9%,85368.15,58904.02,728301.17,25%,3.91,0.98,182075.29
1403,shaeed rajaii,UAE,28417000,18000,568552,General Goods,400,5,1440,20%,9%,113710.4,61403.62,745106.02,25%,41.39,10.35,186276.5
1403,shaeed rajaii,UAE,70109010,115580,568107,General Goods,400,5,9246.4,20%,9%,113621.4,61355.56,752330.36,25%,6.51,1.63,188082.59
1403,shaeed rajaii,UAE,30024990,3290,566159,General Goods,400,5,263.2,20%,9%,113231.8,61145.17,740799.17,25%,225.17,56.29,185199.79
1403,shaeed rajaii,UAE,84145960,27312,565009,Compressors & Pumps,400,5,2184.96,15%,9%,84751.35,58478.43,710423.74,25%,26.01,6.5,177605.94
1403,shaeed rajaii,UAE,96089910,48201,564757,General Goods,400,5,3856.08,20%,9%,112951.4,60993.76,742558.24,25%,15.41,3.85,185639.56
1403,shaeed rajaii,UAE,29214490,106400,564006,Organic Chemicals,400,5,8512,15%,9%,84600.9,58374.62,715493.52,25%,6.72,1.68,178873.38
1403,shaeed rajaii,UAE,29331100,8860,563507,Organic Chemicals,400,5,708.8,15%,9%,84526.05,58322.97,707064.82,25%,79.8,19.95,176766.2
1403,shaeed rajaii,UAE,30051020,34447,562683,General Goods,400,5,2755.76,20%,9%,112536.6,60769.76,738745.12,25%,21.45,5.36,184686.28
1403,shaeed rajaii,UAE,84135020,169894,561208,Industrial Machinery,400,5,13591.52,15%,9%,84181.2,58085.03,717065.75,25%,4.22,1.06,179266.44
1403,shaeed rajaii,UAE,84336090,31323,561191,Industrial Machinery,400,5,2505.84,15%,9%,84178.65,58083.27,705958.76,25%,22.54,5.64,176489.69
1403,shaeed rajaii,UAE,85432000,31255,560000,Electrical Equipment,400,5,2500.4,15%,9%,84000,57960,704460.4,25%,22.54,5.64,176115.1
1403,shaeed rajaii,UAE,29262000,120000,557853,Organic Chemicals,400,5,9600,15%,9%,83677.95,57737.79,708868.74,25%,5.91,1.48,177217.18
1403,shaeed rajaii,UAE,34031990,65528,556637,General Goods,400,5,5242.24,20%,9%,111327.4,60116.8,733323.44,25%,11.19,2.8,183330.86
1403,shaeed rajaii,UAE,28030000,105030,556083,General Goods,400,5,8402.4,20%,9%,111216.6,60056.96,735758.96,25%,7.01,1.75,183939.74
1403,shaeed rajaii,UAE,39021010,346000,555870,Plastics & Polymers,400,5,27680,20%,9%,111174,60033.96,754757.96,25%,2.18,0.55,188689.49
1403,shaeed rajaii,UAE,85364990,5571,554007,Electrical Equipment,400,5,445.68,15%,9%,83101.05,57339.72,694893.45,25%,124.73,31.18,173723.36
1403,shaeed rajaii,UAE,48052490,982162,553453,Paper & Paperboard,400,5,78572.96,15%,9%,83017.95,57282.39,772326.3,25%,0.79,0.2,193081.58
1403,shaeed rajaii,UAE,83099020,56486,550494,General Goods,400,5,4518.88,20%,9%,110098.8,59453.35,724565.03,25%,12.83,3.21,181141.26
1403,shaeed rajaii,UAE,84099960,24696,550141,Industrial Machinery,400,5,1975.68,15%,9%,82521.15,56939.59,691577.42,25%,28,7,172894.36
1403,shaeed rajaii,UAE,29096090,69670,548097,Organic Chemicals,400,5,5573.6,15%,9%,82214.55,56728.04,692613.19,25%,9.94,2.48,173153.3
1403,shaeed rajaii,UAE,39204390,317812,547024,Plastics & Polymers,400,5,25424.96,20%,9%,109404.8,59078.59,740932.35,25%,2.33,0.58,185233.09
1403,shaeed rajaii,UAE,48026100,622228,545165,Paper & Paperboard,400,5,49778.24,15%,9%,81774.75,56424.58,733142.57,25%,1.18,0.3,183285.64
1403,shaeed rajaii,UAE,82130000,134554,543282,General Goods,400,5,10764.32,20%,9%,108656.4,58674.46,721377.18,25%,5.36,1.34,180344.3
1403,shaeed rajaii,UAE,84833000,13048,542088,Industrial Machinery,400,5,1043.84,15%,9%,81313.2,56106.11,680551.15,25%,52.16,13.04,170137.79
1403,shaeed rajaii,UAE,72192400,178350,539667,Iron & Steel Products,400,5,14268,10%,9%,53966.7,53427.03,661328.73,25%,3.71,0.93,165332.18
1403,shaeed rajaii,UAE,84807900,67110,539204,Industrial Machinery,400,5,5368.8,15%,9%,80880.6,55807.61,681261.01,25%,10.15,2.54,170315.25
1403,shaeed rajaii,UAE,29362400,39020,537154,Organic Chemicals,400,5,3121.6,15%,9%,80573.1,55595.44,676444.14,25%,17.34,4.34,169111.04
1403,shaeed rajaii,UAE,84148065,185834,536682,Compressors & Pumps,400,5,14866.72,15%,9%,80502.3,55546.59,687597.61,25%,3.7,0.92,171899.4
1403,shaeed rajaii,UAE,40113000,24263,536455,Rubber & Tires,400,5,1941.04,20%,9%,107291,57937.14,703624.18,25%,29,7.25,175906.04
1403,shaeed rajaii,UAE,85118090,7498,536398,Electrical Equipment,400,5,599.84,15%,9%,80459.7,55517.19,672974.73,25%,89.75,22.44,168243.68
1403,shaeed rajaii,UAE,38061000,263700,535889,Chemical Products,400,5,21096,15%,9%,80383.35,55464.51,692832.86,25%,2.63,0.66,173208.22
1403,shaeed rajaii,UAE,74062000,35200,532678,General Goods,400,5,2816,20%,9%,106535.6,57529.22,699558.82,25%,19.87,4.97,174889.7
1403,shaeed rajaii,UAE,28365000,430450,531428,General Goods,400,5,34436,20%,9%,106285.6,57394.22,729543.82,25%,1.69,0.42,182385.96
1403,shaeed rajaii,UAE,84198100,23943,530607,Industrial Machinery,400,5,1915.44,15%,9%,79591.05,54917.82,667031.31,25%,27.86,6.96,166757.83
1403,shaeed rajaii,UAE,85407100,35463,529200,Electrical Equipment,400,5,2837.04,15%,9%,79380,54772.2,666189.24,25%,18.79,4.7,166547.31
1403,shaeed rajaii,UAE,52114200,127950,529077,General Goods,400,5,10236,20%,9%,105815.4,57140.32,702268.72,25%,5.49,1.37,175567.18
1403,shaeed rajaii,UAE,48043110,151785,526193,Paper & Paperboard,400,5,12142.8,15%,9%,78928.95,54460.98,671725.73,25%,4.43,1.11,167931.43
1403,shaeed rajaii,UAE,84211990,29977,524859,Industrial Machinery,400,5,2398.16,15%,9%,78728.85,54322.91,660308.92,25%,22.03,5.51,165077.23
1403,shaeed rajaii,UAE,84715090,5195,524846,Industrial Machinery,400,5,415.6,15%,9%,78726.9,54321.56,658310.06,25%,126.72,31.68,164577.52
1403,shaeed rajaii,UAE,31043000,376088,521182,General Goods,400,5,30087.04,20%,9%,104236.4,56287.66,711793.1,25%,1.89,0.47,177948.28
1403,shaeed rajaii,UAE,85182200,33436,519628,Electrical Equipment,400,5,2674.88,15%,9%,77944.2,53781.5,654028.58,25%,19.56,4.89,163507.14
1403,shaeed rajaii,UAE,38249940,100100,519020,Chemical Products,400,5,8008,15%,9%,77853,53718.57,658599.57,25%,6.58,1.64,164649.89
1403,shaeed rajaii,UAE,90221440,6622,518080,General Goods,400,5,529.76,20%,9%,103616,55952.64,678178.4,25%,102.41,25.6,169544.6
1403,shaeed rajaii,UAE,29161300,207200,516993,Organic Chemicals,400,5,16576,15%,9%,77548.95,53508.78,664626.73,25%,3.21,0.8,166156.68
1403,shaeed rajaii,UAE,48089000,222474,513831,Paper & Paperboard,400,5,17797.92,15%,9%,77074.65,53181.51,661885.08,25%,2.98,0.74,165471.27
1403,shaeed rajaii,UAE,85016490,209330,513170,Electrical Equipment,400,5,16746.4,15%,9%,76975.5,53113.1,660005,25%,3.15,0.79,165001.25
1403,shaeed rajaii,UAE,73090000,60728,512767,Articles of Iron & Steel,400,5,4858.24,10%,9%,51276.7,50763.93,619665.87,25%,10.2,2.55,154916.47
1403,shaeed rajaii,UAE,72223000,301835,512316,Iron & Steel Products,400,5,24146.8,10%,9%,51231.6,50719.28,638413.68,25%,2.12,0.53,159603.42
1403,shaeed rajaii,UAE,73043100,348872,512281,Articles of Iron & Steel,400,5,27909.76,10%,9%,51228.1,50715.82,642134.68,25%,1.84,0.46,160533.67
1403,shaeed rajaii,UAE,28334000,281000,511571,General Goods,400,5,22480,20%,9%,102314.2,55249.67,691614.87,25%,2.46,0.62,172903.72
1403,shaeed rajaii,UAE,84749090,59109,511210,Industrial Machinery,400,5,4728.72,15%,9%,76681.5,52910.24,645530.46,25%,10.92,2.73,161382.62
1403,shaeed rajaii,UAE,90221990,1878,509190,General Goods,400,5,150.24,20%,9%,101838,54992.52,666170.76,25%,354.72,88.68,166542.69
1403,shaeed rajaii,UAE,72082600,614000,507420,Iron & Steel Products,400,5,49120,10%,9%,50742,50234.58,657516.58,25%,1.07,0.27,164379.14
1403,shaeed rajaii,UAE,29072200,41625,505318,Organic Chemicals,400,5,3330,15%,9%,75797.7,52300.41,636746.11,25%,15.3,3.82,159186.53
1403,shaeed rajaii,UAE,85321000,45055,504126,Electrical Equipment,400,5,3604.4,15%,9%,75618.9,52177.04,635526.34,25%,14.11,3.53,158881.58
1403,shaeed rajaii,UAE,73066110,212965,503878,Articles of Iron & Steel,400,5,17037.2,10%,9%,50387.8,49883.92,621186.92,25%,2.92,0.73,155296.73
1403,shaeed rajaii,UAE,90183915,70090,503742,General Goods,400,5,5607.2,20%,9%,100748.4,54404.14,664501.74,25%,9.48,2.37,166125.44
1403,shaeed rajaii,UAE,24013000,257400,503252,General Goods,400,5,20592,20%,9%,100650.4,54351.22,678845.62,25%,2.64,0.66,169711.4
1403,shaeed rajaii,UAE,87087029,80429,498783,Vehicle Parts & Accessories,400,5,6434.32,25%,9%,124695.75,56113.09,686026.16,25%,8.53,2.13,171506.54
1403,shaeed rajaii,UAE,90183921,5021,495727,General Goods,400,5,401.68,20%,9%,99145.4,53538.52,648812.6,25%,129.22,32.3,162203.15
1403,shaeed rajaii,UAE,84419000,113680,495308,Industrial Machinery,400,5,9094.4,15%,9%,74296.2,51264.38,629962.98,25%,5.54,1.38,157490.74
1403,shaeed rajaii,UAE,82023900,132673,493347,General Goods,400,5,10613.84,20%,9%,98669.4,53281.48,655911.72,25%,4.94,1.24,163977.93
1403,shaeed rajaii,UAE,90192090,27535,492390,General Goods,400,5,2202.8,20%,9%,98478,53178.12,646248.92,25%,23.47,5.87,161562.23
1403,shaeed rajaii,UAE,76129090,5260,491093,General Goods,400,5,420.8,20%,9%,98218.6,53038.04,642770.44,25%,122.2,30.55,160692.61
1403,shaeed rajaii,UAE,15162020,80000,489158,General Goods,400,5,6400,20%,9%,97831.6,52829.06,646218.66,25%,8.08,2.02,161554.66
1403,shaeed rajaii,UAE,38160010,340500,487674,Chemical Products,400,5,27240,15%,9%,73151.1,50474.26,638539.36,25%,1.88,0.47,159634.84
1403,shaeed rajaii,UAE,39202020,187225,485552,Plastics & Polymers,400,5,14978,20%,9%,97110.4,52439.62,650080.02,25%,3.47,0.87,162520
1403,shaeed rajaii,UAE,85122020,22383,484300,Electrical Equipment,400,5,1790.64,15%,9%,72645,50125.05,608860.69,25%,27.2,6.8,152215.17
1403,shaeed rajaii,UAE,84671990,37301,484054,Industrial Machinery,400,5,2984.08,15%,9%,72608.1,50099.59,609745.77,25%,16.35,4.09,152436.44
1403,shaeed rajaii,UAE,84773000,26652,482744,Industrial Machinery,400,5,2132.16,15%,9%,72411.6,49964,607251.76,25%,22.78,5.7,151812.94
1403,shaeed rajaii,UAE,87084040,69457,481248,Vehicle Parts & Accessories,400,5,5556.56,25%,9%,120312,54140.4,661256.96,25%,9.52,2.38,165314.24
1403,shaeed rajaii,UAE,85365090,9218,479351,Electrical Equipment,400,5,737.44,15%,9%,71902.65,49612.83,601603.92,25%,65.26,16.32,150400.98
1403,shaeed rajaii,UAE,84452000,86869,478081,Industrial Machinery,400,5,6949.52,15%,9%,71712.15,49481.38,606224.05,25%,6.98,1.74,151556.01
1403,shaeed rajaii,UAE,40022000,175192,478053,Rubber & Tires,400,5,14015.36,20%,9%,95610.6,51629.72,639308.68,25%,3.65,0.91,159827.17
1403,shaeed rajaii,UAE,87085039,77940,476400,Vehicle Parts & Accessories,400,5,6235.2,25%,9%,119100,53595,655330.2,25%,8.41,2.1,163832.55
1403,shaeed rajaii,UAE,48062000,214657,475291,Paper & Paperboard,400,5,17172.56,15%,9%,71293.65,49192.62,612949.83,25%,2.86,0.72,153237.46
1403,shaeed rajaii,UAE,85234990,7034,474211,Electrical Equipment,400,5,562.72,15%,9%,71131.65,49080.84,594986.21,25%,84.59,21.15,148746.55
1403,shaeed rajaii,UAE,29212190,209900,472868,Organic Chemicals,400,5,16792,15%,9%,70930.2,48941.84,609532.04,25%,2.9,0.72,152383.01
1403,shaeed rajaii,UAE,39119090,108100,472199,Plastics & Polymers,400,5,8648,20%,9%,94439.8,50997.49,626284.29,25%,5.79,1.45,156571.07
1403,shaeed rajaii,UAE,38151990,35990,472178,Chemical Products,400,5,2879.2,15%,9%,70826.7,48870.42,594754.32,25%,16.53,4.13,148688.58
1403,shaeed rajaii,UAE,76061240,49778,471798,General Goods,400,5,3982.24,20%,9%,94359.6,50954.18,621094.02,25%,12.48,3.12,155273.5
1403,shaeed rajaii,UAE,38062000,276200,471161,Chemical Products,400,5,22096,15%,9%,70674.15,48765.16,612696.31,25%,2.22,0.56,153174.08
1403,shaeed rajaii,UAE,84051090,67905,470931,Industrial Machinery,400,5,5432.4,15%,9%,70639.65,48741.36,595744.41,25%,8.77,2.19,148936.1
1403,shaeed rajaii,UAE,72249000,1336804,470558,Iron & Steel Products,400,5,106944.32,10%,9%,47055.8,46585.24,671143.36,25%,0.5,0.12,167785.84
1403,shaeed rajaii,UAE,32041290,7650,470061,General Goods,400,5,612,20%,9%,94012.2,50766.59,615451.79,25%,80.45,20.11,153862.95
1403,shaeed rajaii,UAE,72024910,54000,469913,Iron & Steel Products,400,5,4320,10%,9%,46991.3,46521.39,567745.69,25%,10.51,2.63,141936.42
1403,shaeed rajaii,UAE,84819020,93310,469411,Industrial Machinery,400,5,7464.8,15%,9%,70411.65,48584.04,595871.49,25%,6.39,1.6,148967.87
1403,shaeed rajaii,UAE,28299010,8200,468649,General Goods,400,5,656,20%,9%,93729.8,50614.09,613648.89,25%,74.84,18.71,153412.22
1403,shaeed rajaii,UAE,15153000,210600,468344,General Goods,400,5,16848,20%,9%,93668.8,50581.15,629441.95,25%,2.99,0.75,157360.49
1403,shaeed rajaii,UAE,29146200,1281,466288,Organic Chemicals,400,5,102.48,15%,9%,69943.2,48260.81,584594.49,25%,456.36,114.09,146148.62
1403,shaeed rajaii,UAE,28259000,83200,465415,General Goods,400,5,6656,20%,9%,93083,50264.82,615418.82,25%,7.4,1.85,153854.7
1403,shaeed rajaii,UAE,38099100,199655,465326,Chemical Products,400,5,15972.4,15%,9%,69798.9,48161.24,599258.54,25%,3,0.75,149814.64
1403,shaeed rajaii,UAE,59100090,182065,464602,General Goods,400,5,14565.2,20%,9%,92920.4,50177.02,622264.62,25%,3.42,0.86,155566.16
1403,shaeed rajaii,UAE,13012000,62120,463655,General Goods,400,5,4969.6,20%,9%,92731,50074.74,611430.34,25%,9.84,2.46,152857.58
1403,shaeed rajaii,UAE,39204990,171329,463406,Plastics & Polymers,400,5,13706.32,20%,9%,92681.2,50047.85,619841.37,25%,3.62,0.9,154960.34
1403,shaeed rajaii,UAE,73269040,5512,460518,Articles of Iron & Steel,400,5,440.96,10%,9%,46051.8,45591.28,552602.04,25%,100.25,25.06,138150.51
1403,shaeed rajaii,UAE,31010020,58325,460161,General Goods,400,5,4666,20%,9%,92032.2,49697.39,606556.59,25%,10.4,2.6,151639.15
1403,shaeed rajaii,UAE,28363090,696000,458952,General Goods,400,5,55680,20%,9%,91790.4,49566.82,655989.22,25%,0.94,0.24,163997.3
1403,shaeed rajaii,UAE,84219900,112060,456457,Industrial Machinery,400,5,8964.8,15%,9%,68468.55,47243.3,581133.65,25%,5.19,1.3,145283.41
1403,shaeed rajaii,UAE,85087000,75072,454611,Electrical Equipment,400,5,6005.76,15%,9%,68191.65,47052.24,575860.65,25%,7.67,1.92,143965.16
1403,shaeed rajaii,UAE,21069080,18180,454246,General Goods,400,5,1454.4,20%,9%,90849.2,49058.57,595608.17,25%,32.76,8.19,148902.04
1403,shaeed rajaii,UAE,48053000,403334,453326,Paper & Paperboard,400,5,32266.72,15%,9%,67998.9,46919.24,600510.86,25%,1.49,0.37,150127.72
1403,shaeed rajaii,UAE,90273020,1760,447056,General Goods,400,5,140.8,20%,9%,89411.2,48282.05,584890.05,25%,332.32,83.08,146222.51
1403,shaeed rajaii,UAE,73181490,245362,445395,Articles of Iron & Steel,400,5,19628.96,10%,9%,44539.5,44094.1,553657.56,25%,2.26,0.56,138414.39
1403,shaeed rajaii,UAE,48191000,173201,444781,Paper & Paperboard,400,5,13856.08,15%,9%,66717.15,46034.83,571389.06,25%,3.3,0.82,142847.27
1403,shaeed rajaii,UAE,29239090,45350,444362,Organic Chemicals,400,5,3628,15%,9%,66654.3,45991.47,560635.77,25%,12.36,3.09,140158.94
1403,shaeed rajaii,UAE,37029710,6880,443948,General Goods,400,5,550.4,20%,9%,88789.6,47946.38,581234.38,25%,84.48,21.12,145308.6
1403,shaeed rajaii,UAE,31054000,342000,443831,General Goods,400,5,27360,20%,9%,88766.2,47933.75,607890.95,25%,1.78,0.44,151972.74
1403,shaeed rajaii,UAE,84733020,143449,443767,Industrial Machinery,400,5,11475.92,15%,9%,66565.05,45929.88,567737.85,25%,3.96,0.99,141934.46
1403,shaeed rajaii,UAE,48221000,228710,442479,Paper & Paperboard,400,5,18296.8,15%,9%,66371.85,45796.58,572944.23,25%,2.51,0.63,143236.06
1403,shaeed rajaii,UAE,28111990,180025,440895,General Goods,400,5,14402,20%,9%,88179,47616.66,591092.66,25%,3.28,0.82,147773.16
1403,shaeed rajaii,UAE,39203000,113351,440775,Plastics & Polymers,400,5,9068.08,20%,9%,88155,47603.7,585601.78,25%,5.17,1.29,146400.44
1403,shaeed rajaii,UAE,39232120,63501,440516,Plastics & Polymers,400,5,5080.08,20%,9%,88103.2,47575.73,581275.01,25%,9.15,2.29,145318.75
1403,shaeed rajaii,UAE,85114010,88589,437978,Electrical Equipment,400,5,7087.12,15%,9%,65696.7,45330.72,556092.54,25%,6.28,1.57,139023.14
1403,shaeed rajaii,UAE,48045100,474109,434038,Paper & Paperboard,400,5,37928.72,15%,9%,65105.7,44922.93,581995.35,25%,1.23,0.31,145498.84
1403,shaeed rajaii,UAE,40026000,201940,433793,Rubber & Tires,400,5,16155.2,20%,9%,86758.6,46849.64,583556.44,25%,2.89,0.72,145889.11
1403,shaeed rajaii,UAE,44111499,1343272,432686,General Goods,400,5,107461.76,20%,9%,86537.2,46730.09,673415.05,25%,0.5,0.12,168353.76
1403,shaeed rajaii,UAE,72163300,530522,432181,Iron & Steel Products,400,5,42441.76,10%,9%,43218.1,42785.92,560626.78,25%,1.06,0.26,140156.7
1403,shaeed rajaii,UAE,84462100,175999,431351,Industrial Machinery,400,5,14079.92,15%,9%,64702.65,44644.83,554778.4,25%,3.15,0.79,138694.6
1403,shaeed rajaii,UAE,85014090,58121,430688,Electrical Equipment,400,5,4649.68,15%,9%,64603.2,44576.21,544517.09,25%,9.37,2.34,136129.27
1403,shaeed rajaii,UAE,75052200,12360,429290,General Goods,400,5,988.8,20%,9%,85858,46363.32,562500.12,25%,45.51,11.38,140625.03
1403,shaeed rajaii,UAE,85399030,61694,428794,Electrical Equipment,400,5,4935.52,15%,9%,64319.1,44380.18,542428.8,25%,8.79,2.2,135607.2
1403,shaeed rajaii,UAE,28170019,13220,425368,General Goods,400,5,1057.6,20%,9%,85073.6,45939.74,557438.94,25%,42.17,10.54,139359.73
1403,shaeed rajaii,UAE,85171410,3733,424780,Telecom & Display Equipment,400,5,298.64,15%,9%,63717,43964.73,532760.37,25%,142.72,35.68,133190.09
1403,shaeed rajaii,UAE,85129010,111510,423286,Electrical Equipment,400,5,8920.8,15%,9%,63492.9,43810.1,539509.8,25%,4.84,1.21,134877.45
1403,shaeed rajaii,UAE,84371000,74227,422685,Industrial Machinery,400,5,5938.16,15%,9%,63402.75,43747.9,535773.81,25%,7.22,1.8,133943.45
1403,shaeed rajaii,UAE,39199050,147365,422476,Plastics & Polymers,400,5,11789.2,20%,9%,84495.2,45627.41,564387.81,25%,3.83,0.96,141096.95
1403,shaeed rajaii,UAE,72192200,115777,420010,Iron & Steel Products,400,5,9262.16,10%,9%,42001,41580.99,512854.15,25%,4.43,1.11,128213.54
1403,shaeed rajaii,UAE,28353990,118060,419832,General Goods,400,5,9444.8,20%,9%,83966.4,45341.86,558585.06,25%,4.73,1.18,139646.27
1403,shaeed rajaii,UAE,84774000,88960,419814,Industrial Machinery,400,5,7116.8,15%,9%,62972.1,43450.75,533353.65,25%,6,1.5,133338.41
1403,shaeed rajaii,UAE,84828000,32784,418880,Industrial Machinery,400,5,2622.72,15%,9%,62832,43354.08,527688.8,25%,16.1,4.03,131922.2
1403,shaeed rajaii,UAE,90292022,544,417912,General Goods,400,5,43.52,20%,9%,83582.4,45134.5,546672.42,25%,1004.91,251.23,136668.11
1403,shaeed rajaii,UAE,85371040,9609,416847,Electrical Equipment,400,5,768.72,15%,9%,62527.05,43143.66,523286.43,25%,54.46,13.62,130821.61
1403,shaeed rajaii,UAE,29411090,9000,415833,Organic Chemicals,400,5,720,15%,9%,62374.95,43038.72,521966.67,25%,58,14.5,130491.67
1403,shaeed rajaii,UAE,29214290,49645,415351,Organic Chemicals,400,5,3971.6,15%,9%,62302.65,42988.83,524614.08,25%,10.57,2.64,131153.52
1403,shaeed rajaii,UAE,29362500,15053,415291,Organic Chemicals,400,5,1204.24,15%,9%,62293.65,42982.62,521771.51,25%,34.66,8.66,130442.88
1403,shaeed rajaii,UAE,90322000,24016,415017,General Goods,400,5,1921.28,20%,9%,83003.4,44821.84,544763.52,25%,22.68,5.67,136190.88
1403,shaeed rajaii,UAE,29151100,470800,412046,Organic Chemicals,400,5,37664,15%,9%,61806.9,42646.76,554163.66,25%,1.18,0.3,138540.92
1403,shaeed rajaii,UAE,32071020,36340,411997,General Goods,400,5,2907.2,20%,9%,82399.4,44495.68,541799.28,25%,14.91,3.73,135449.82
1403,shaeed rajaii,UAE,38029090,23400,411041,Chemical Products,400,5,1872,15%,9%,61656.15,42542.74,517111.89,25%,22.1,5.52,129277.97
1403,shaeed rajaii,UAE,84812090,90668,408718,Industrial Machinery,400,5,7253.44,15%,9%,61307.7,42302.31,519581.45,25%,5.73,1.43,129895.36
1403,shaeed rajaii,UAE,29121900,156120,408348,Organic Chemicals,400,5,12489.6,15%,9%,61252.2,42264.02,524353.82,25%,3.36,0.84,131088.45
1403,shaeed rajaii,UAE,84841090,117227,408061,Industrial Machinery,400,5,9378.16,15%,9%,61209.15,42234.31,520882.62,25%,4.44,1.11,130220.66
1403,shaeed rajaii,UAE,39219020,162328,407765,Plastics & Polymers,400,5,12986.24,20%,9%,81553,44038.62,546342.86,25%,3.37,0.84,136585.72
1403,shaeed rajaii,UAE,29062100,201600,407077,Organic Chemicals,400,5,16128,15%,9%,61061.55,42132.47,526399.02,25%,2.61,0.65,131599.76
1403,shaeed rajaii,UAE,20094910,135000,406786,General Goods,400,5,10800,20%,9%,81357.2,43932.89,542876.09,25%,4.02,1,135719.02
1403,shaeed rajaii,UAE,96039090,94679,404609,General Goods,400,5,7574.32,20%,9%,80921.8,43697.77,536802.89,25%,5.67,1.42,134200.72
1403,shaeed rajaii,UAE,84099150,27884,404291,Industrial Machinery,400,5,2230.72,15%,9%,60643.65,41844.12,509009.49,25%,18.25,4.56,127252.37
1403,shaeed rajaii,UAE,38089122,14800,403503,Chemical Products,400,5,1184,15%,9%,60525.45,41762.56,506975.01,25%,34.26,8.56,126743.75
1403,shaeed rajaii,UAE,84718090,5436,403338,Industrial Machinery,400,5,434.88,15%,9%,60500.7,41745.48,506019.06,25%,93.09,23.27,126504.76
1403,shaeed rajaii,UAE,29109000,117880,403160,Organic Chemicals,400,5,9430.4,15%,9%,60474,41727.06,514791.46,25%,4.37,1.09,128697.86
1403,shaeed rajaii,UAE,85185000,43150,403129,Electrical Equipment,400,5,3452,15%,9%,60469.35,41723.85,508774.2,25%,11.79,2.95,127193.55
1403,shaeed rajaii,UAE,29321200,249600,401857,Organic Chemicals,400,5,19968,15%,9%,60278.55,41592.2,523695.75,25%,2.1,0.52,130923.94
1403,shaeed rajaii,UAE,27075000,266040,400498,Mineral Fuels & Oils,400,5,21283.2,5%,9%,20024.9,37847.06,479653.16,25%,1.8,0.45,119913.29
1403,shaeed rajaii,UAE,84836000,52690,399011,Industrial Machinery,400,5,4215.2,15%,9%,59851.65,41297.64,504375.49,25%,9.57,2.39,126093.87
1403,shaeed rajaii,UAE,55013000,189465,399001,General Goods,400,5,15157.2,20%,9%,79800.2,43092.11,537050.51,25%,2.83,0.71,134262.63
1403,shaeed rajaii,UAE,38237090,190970,398878,Chemical Products,400,5,15277.6,15%,9%,59831.7,41283.87,515271.17,25%,2.7,0.68,128817.79
1403,shaeed rajaii,UAE,29153100,277600,398505,Organic Chemicals,400,5,22208,15%,9%,59775.75,41245.27,521734.02,25%,1.88,0.47,130433.5
1403,shaeed rajaii,UAE,94059930,89492,398143,General Goods,400,5,7159.36,20%,9%,79628.6,42999.44,527930.4,25%,5.9,1.48,131982.6
1403,shaeed rajaii,UAE,15211010,36000,397571,General Goods,400,5,2880,20%,9%,79514.2,42937.67,522902.87,25%,14.53,3.63,130725.72
1403,shaeed rajaii,UAE,29389000,5077,395697,Organic Chemicals,400,5,406.16,15%,9%,59354.55,40954.64,496412.35,25%,97.78,24.44,124103.09
1403,shaeed rajaii,UAE,31042000,647995,393474,General Goods,400,5,51839.6,20%,9%,78694.8,42495.19,566503.59,25%,0.87,0.22,141625.9
1403,shaeed rajaii,UAE,40101900,133899,392492,Rubber & Tires,400,5,10711.92,20%,9%,78498.4,42389.14,524091.46,25%,3.91,0.98,131022.86
1403,shaeed rajaii,UAE,29415010,3350,389450,Organic Chemicals,400,5,268,15%,9%,58417.5,40308.07,488443.57,25%,145.8,36.45,122110.89
1403,shaeed rajaii,UAE,29221710,165760,389223,Organic Chemicals,400,5,13260.8,15%,9%,58383.45,40284.58,501151.83,25%,3.02,0.76,125287.96
1403,shaeed rajaii,UAE,39235000,38280,388850,Plastics & Polymers,400,5,3062.4,20%,9%,77770,41995.8,511678.2,25%,13.37,3.34,127919.55
1403,shaeed rajaii,UAE,73261900,50420,387553,Articles of Iron & Steel,400,5,4033.6,10%,9%,38755.3,38367.75,468709.65,25%,9.3,2.33,117177.41
1403,shaeed rajaii,UAE,39211390,179241,385104,Plastics & Polymers,400,5,14339.28,20%,9%,77020.8,41591.23,518055.31,25%,2.89,0.72,129513.83
1403,shaeed rajaii,UAE,90072000,5370,384720,General Goods,400,5,429.6,20%,9%,76944,41549.76,503643.36,25%,93.79,23.45,125910.84
1403,shaeed rajaii,UAE,32159090,85998,384701,General Goods,400,5,6879.84,20%,9%,76940.2,41547.71,510068.75,25%,5.93,1.48,127517.19
1403,shaeed rajaii,UAE,39209990,103236,384317,Plastics & Polymers,400,5,8258.88,20%,9%,76863.4,41506.24,510945.52,25%,4.95,1.24,127736.38
1403,shaeed rajaii,UAE,91021900,4171,383525,General Goods,400,5,333.68,20%,9%,76705,41420.7,501984.38,25%,120.35,30.09,125496.1
1403,shaeed rajaii,UAE,59039090,134927,383250,General Goods,400,5,10794.16,20%,9%,76650,41391,512085.16,25%,3.8,0.95,128021.29
1403,shaeed rajaii,UAE,72125090,149225,382513,Iron & Steel Products,400,5,11938,10%,9%,38251.3,37868.79,470571.09,25%,3.15,0.79,117642.77
1403,shaeed rajaii,UAE,29155000,165000,382486,Organic Chemicals,400,5,13200,15%,9%,57372.9,39587.3,492646.2,25%,2.99,0.75,123161.55
1403,shaeed rajaii,UAE,84137020,18500,381683,Industrial Machinery,400,5,1480,15%,9%,57252.45,39504.19,479919.64,25%,25.94,6.48,119979.91
1403,shaeed rajaii,UAE,34023910,212502,381249,General Goods,400,5,17000.16,20%,9%,76249.8,41174.89,515673.85,25%,2.43,0.61,128918.46
1403,shaeed rajaii,UAE,84136030,18033,380416,Industrial Machinery,400,5,1442.64,15%,9%,57062.4,39373.06,478294.1,25%,26.52,6.63,119573.52
1403,shaeed rajaii,UAE,72173010,299000,378611,Iron & Steel Products,400,5,23920,10%,9%,37861.1,37482.49,477874.59,25%,1.6,0.4,119468.65
1403,shaeed rajaii,UAE,84797900,17760,378214,Machines & Mechanical Appliances,400,5,1420.8,15%,9%,56732.1,39145.15,475512.05,25%,26.77,6.69,118878.01
1403,shaeed rajaii,UAE,84672920,60846,377585,Industrial Machinery,400,5,4867.68,15%,9%,56637.75,39080.05,478170.48,25%,7.86,1.96,119542.62
1403,shaeed rajaii,UAE,76012000,73000,375227,General Goods,400,5,5840,20%,9%,75045.4,40524.52,496636.92,25%,6.8,1.7,124159.23
1403,shaeed rajaii,UAE,38122090,73000,374735,Chemical Products,400,5,5840,15%,9%,56210.25,38785.07,475570.32,25%,6.51,1.63,118892.58
1403,shaeed rajaii,UAE,28311000,165000,372785,General Goods,400,5,13200,20%,9%,74557,40260.78,500802.78,25%,3.04,0.76,125200.7
1403,shaeed rajaii,UAE,84678990,52557,372603,Industrial Machinery,400,5,4204.56,15%,9%,55890.45,38564.41,471262.42,25%,8.97,2.24,117815.6
1403,shaeed rajaii,UAE,85362090,8408,372243,Electrical Equipment,400,5,672.64,15%,9%,55836.45,38527.15,467279.24,25%,55.58,13.9,116819.81
1403,shaeed rajaii,UAE,35061010,110500,369392,General Goods,400,5,8840,20%,9%,73878.4,39894.34,492004.74,25%,4.45,1.11,123001.18
1403,shaeed rajaii,UAE,85015310,33040,364712,Electrical Equipment,400,5,2643.2,15%,9%,54706.8,37747.69,459809.69,25%,13.92,3.48,114952.42
1403,shaeed rajaii,UAE,39032000,200000,364010,Plastics & Polymers,400,5,16000,20%,9%,72802,39313.08,492125.08,25%,2.46,0.62,123031.27
1403,shaeed rajaii,UAE,29144000,126900,363624,Organic Chemicals,400,5,10152,15%,9%,54543.6,37635.08,465954.68,25%,3.67,0.92,116488.67
1403,shaeed rajaii,UAE,29181100,218510,360434,Organic Chemicals,400,5,17480.8,15%,9%,54065.1,37304.92,469284.82,25%,2.15,0.54,117321.2
1403,shaeed rajaii,UAE,85299040,29431,359951,Electrical Equipment,400,5,2354.48,15%,9%,53992.65,37254.93,453553.06,25%,15.41,3.85,113388.26
1403,shaeed rajaii,UAE,28352900,122600,359416,General Goods,400,5,9808,20%,9%,71883.2,38816.93,479924.13,25%,3.91,0.98,119981.03
1403,shaeed rajaii,UAE,73042400,336895,358581,Articles of Iron & Steel,400,5,26951.6,10%,9%,35858.1,35499.52,456890.22,25%,1.36,0.34,114222.56
1403,shaeed rajaii,UAE,40092100,126429,357273,Rubber & Tires,400,5,10114.32,20%,9%,71454.6,38585.48,477427.4,25%,3.78,0.94,119356.85
1403,shaeed rajaii,UAE,85279100,19260,356280,Electrical Equipment,400,5,1540.8,15%,9%,53442,36874.98,448137.78,25%,23.27,5.82,112034.44
1403,shaeed rajaii,UAE,35069190,59779,355799,General Goods,400,5,4782.32,20%,9%,71159.8,38426.29,470167.41,25%,7.87,1.97,117541.85
1403,shaeed rajaii,UAE,84213100,46962,355414,Industrial Machinery,400,5,3756.96,15%,9%,53312.1,36785.35,449268.41,25%,9.57,2.39,112317.1
1403,shaeed rajaii,UAE,85044040,9123,354893,Electrical Equipment,400,5,729.84,15%,9%,53233.95,36731.43,445588.22,25%,48.84,12.21,111397.06
1403,shaeed rajaii,UAE,48052410,608342,354714,Paper & Paperboard,400,5,48667.36,15%,9%,53207.1,36712.9,493301.36,25%,0.81,0.2,123325.34
1403,shaeed rajaii,UAE,28220000,20000,353162,General Goods,400,5,1600,20%,9%,70632.4,38141.5,463535.9,25%,23.18,5.8,115883.98
1403,shaeed rajaii,UAE,85366990,7913,352827,Electrical Equipment,400,5,633.04,15%,9%,52924.05,36517.59,442901.68,25%,55.97,13.99,110725.42
1403,shaeed rajaii,UAE,40101100,183100,352458,Rubber & Tires,400,5,14648,20%,9%,70491.6,38065.46,475663.06,25%,2.6,0.65,118915.76
1403,shaeed rajaii,UAE,29252910,64000,351820,Organic Chemicals,400,5,5120,15%,9%,52773,36413.37,446126.37,25%,6.97,1.74,111531.59
1403,shaeed rajaii,UAE,94059200,57093,351552,General Goods,400,5,4567.44,20%,9%,70310.4,37967.62,464397.46,25%,8.13,2.03,116099.36
1403,shaeed rajaii,UAE,84831010,16406,349617,Industrial Machinery,400,5,1312.48,15%,9%,52442.55,36185.36,439557.39,25%,26.79,6.7,109889.35
1403,shaeed rajaii,UAE,85051100,43397,349358,Electrical Equipment,400,5,3471.76,15%,9%,52403.7,36158.55,441392.01,25%,10.17,2.54,110348
1403,shaeed rajaii,UAE,90261010,3623,348816,General Goods,400,5,289.84,20%,9%,69763.2,37672.13,456541.17,25%,126.01,31.5,114135.29
1403,shaeed rajaii,UAE,84244100,95141,348300,Industrial Machinery,400,5,7611.28,15%,9%,52245,36049.05,444205.33,25%,4.67,1.17,111051.33
1403,shaeed rajaii,UAE,72085190,282240,348131,Iron & Steel Products,400,5,22579.2,10%,9%,34813.1,34464.97,439988.27,25%,1.56,0.39,109997.07
1403,shaeed rajaii,UAE,38089419,101920,346527,Chemical Products,400,5,8153.6,15%,9%,51979.05,35865.54,442525.19,25%,4.34,1.08,110631.3
1403,shaeed rajaii,UAE,73170000,213358,346415,Articles of Iron & Steel,400,5,17068.64,10%,9%,34641.5,34295.08,432420.22,25%,2.03,0.51,108105.06
1403,shaeed rajaii,UAE,29339920,5000,345999,Organic Chemicals,400,5,400,15%,9%,51899.85,35810.9,434109.75,25%,86.82,21.7,108527.44
1403,shaeed rajaii,UAE,72103000,267398,345061,Iron & Steel Products,400,5,21391.84,10%,9%,34506.1,34161.04,435119.98,25%,1.63,0.41,108780
1403,shaeed rajaii,UAE,29335910,11000,344701,Organic Chemicals,400,5,880,15%,9%,51705.15,35676.55,432962.7,25%,39.36,9.84,108240.68
1403,shaeed rajaii,UAE,85044090,30410,343497,Electrical Equipment,400,5,2432.8,15%,9%,51524.55,35551.94,433006.29,25%,14.24,3.56,108251.57
1403,shaeed rajaii,UAE,85168090,20007,343420,Electrical Equipment,400,5,1600.56,15%,9%,51513,35543.97,432077.53,25%,21.6,5.4,108019.38
1403,shaeed rajaii,UAE,34039100,96035,343252,General Goods,400,5,7682.8,20%,9%,68650.4,37071.22,456656.42,25%,4.76,1.19,114164.1
1403,shaeed rajaii,UAE,85334090,1400,341277,Electrical Equipment,400,5,112,15%,9%,51191.55,35322.17,427902.72,25%,305.64,76.41,106975.68
1403,shaeed rajaii,UAE,29335940,5875,341266,Organic Chemicals,400,5,470,15%,9%,51189.9,35321.03,428246.93,25%,72.89,18.22,107061.73
1403,shaeed rajaii,UAE,84198970,2400,341028,Industrial Machinery,400,5,192,15%,9%,51154.2,35296.4,427670.6,25%,178.2,44.55,106917.65
1403,shaeed rajaii,UAE,84099950,141679,340002,Industrial Machinery,400,5,11334.32,15%,9%,51000.3,35190.21,437526.83,25%,3.09,0.77,109381.71
1403,shaeed rajaii,UAE,29102000,195000,338500,Organic Chemicals,400,5,15600,15%,9%,50775,35034.75,439909.75,25%,2.26,0.56,109977.44
1403,shaeed rajaii,UAE,29280090,136000,338084,Organic Chemicals,400,5,10880,15%,9%,50712.6,34991.69,434668.29,25%,3.2,0.8,108667.07
1403,shaeed rajaii,UAE,25070090,813000,337998,General Goods,400,5,65040,20%,9%,67599.6,36503.78,507141.38,25%,0.62,0.16,126785.34
1403,shaeed rajaii,UAE,94059100,105354,337308,General Goods,400,5,8428.32,20%,9%,67461.6,36429.26,449627.18,25%,4.27,1.07,112406.8
1403,shaeed rajaii,UAE,85443020,5293,336962,Electrical Equipment,400,5,423.44,15%,9%,50544.3,34875.57,422805.31,25%,79.88,19.97,105701.33
1403,shaeed rajaii,UAE,83016010,50435,334467,General Goods,400,5,4034.8,20%,9%,66893.4,36122.44,441517.64,25%,8.75,2.19,110379.41
1403,shaeed rajaii,UAE,84819090,17138,332970,Industrial Machinery,400,5,1371.04,15%,9%,49945.5,34462.39,418748.93,25%,24.43,6.11,104687.23
1403,shaeed rajaii,UAE,69029090,191086,331481,General Goods,400,5,15286.88,20%,9%,66296.2,35799.95,448864.03,25%,2.35,0.59,112216.01
1403,shaeed rajaii,UAE,87084030,52072,330046,Vehicle Parts & Accessories,400,5,4165.76,25%,9%,82511.5,37130.17,453853.43,25%,8.72,2.18,113463.36
1403,shaeed rajaii,UAE,13019090,53400,330009,General Goods,400,5,4272,20%,9%,66001.8,35640.97,435923.77,25%,8.16,2.04,108980.94
1403,shaeed rajaii,UAE,56050000,72982,327967,General Goods,400,5,5838.56,20%,9%,65593.4,35420.44,434819.4,25%,5.96,1.49,108704.85
1403,shaeed rajaii,UAE,39094030,96000,326674,Plastics & Polymers,400,5,7680,20%,9%,65334.8,35280.79,434969.59,25%,4.53,1.13,108742.4
1403,shaeed rajaii,UAE,84669400,35090,326472,Industrial Machinery,400,5,2807.2,15%,9%,48970.8,33789.85,412039.85,25%,11.74,2.94,103009.96
1403,shaeed rajaii,UAE,39202050,38955,325972,Plastics & Polymers,400,5,3116.4,20%,9%,65194.4,35204.98,429487.78,25%,11.03,2.76,107371.94
1403,shaeed rajaii,UAE,85030010,3605,324046,Electrical Equipment,400,5,288.4,15%,9%,48606.9,33538.76,406480.06,25%,112.75,28.19,101620.02
1403,shaeed rajaii,UAE,27101920,27637,323927,Mineral Fuels & Oils,400,5,2210.96,5%,9%,16196.35,30611.1,372945.41,25%,13.49,3.37,93236.35
1403,shaeed rajaii,UAE,84571000,28720,323673,Industrial Machinery,400,5,2297.6,15%,9%,48550.95,33500.16,408021.71,25%,14.21,3.55,102005.43
1403,shaeed rajaii,UAE,84713090,585,323405,Industrial Machinery,400,5,46.8,15%,9%,48510.75,33472.42,405434.97,25%,693.05,173.26,101358.74
1403,shaeed rajaii,UAE,39021099,220470,322431,Plastics & Polymers,400,5,17637.6,20%,9%,64486.2,34822.55,439377.35,25%,1.99,0.5,109844.34
1403,shaeed rajaii,UAE,85431000,9880,321574,Electrical Equipment,400,5,790.4,15%,9%,48236.1,33282.91,403883.41,25%,40.88,10.22,100970.85
1403,shaeed rajaii,UAE,72092700,394000,320922,Iron & Steel Products,400,5,31520,10%,9%,32092.2,31771.28,416305.48,25%,1.06,0.26,104076.37
1403,shaeed rajaii,UAE,90248000,4682,318777,General Goods,400,5,374.56,20%,9%,63755.4,34427.92,417334.88,25%,89.14,22.28,104333.72
1403,shaeed rajaii,UAE,29153200,106050,318331,Organic Chemicals,400,5,8484,15%,9%,47749.65,32947.26,407511.91,25%,3.84,0.96,101877.98
1403,shaeed rajaii,UAE,84612000,49532,316547,Industrial Machinery,400,5,3962.56,15%,9%,47482.05,32762.61,400754.22,25%,8.09,2.02,100188.56
1403,shaeed rajaii,UAE,83089000,105487,316485,General Goods,400,5,8438.96,20%,9%,63297,34180.38,422401.34,25%,4,1,105600.34
1403,shaeed rajaii,UAE,96071900,162898,316206,General Goods,400,5,13031.84,20%,9%,63241.2,34150.25,426629.29,25%,2.62,0.66,106657.32
1403,shaeed rajaii,UAE,90183912,30293,316150,General Goods,400,5,2423.44,20%,9%,63230,34144.2,415947.64,25%,13.73,3.43,103986.91
1403,shaeed rajaii,UAE,85423100,476,316115,Semiconductors & Solar Cells,400,5,38.08,15%,9%,47417.25,32717.9,396288.23,25%,832.54,208.14,99072.06
1403,shaeed rajaii,UAE,85198190,17200,315862,Electrical Equipment,400,5,1376,15%,9%,47379.3,32691.72,397309.02,25%,23.1,5.78,99327.26
1403,shaeed rajaii,UAE,84589190,25183,315273,Industrial Machinery,400,5,2014.64,15%,9%,47290.95,32630.76,397209.35,25%,15.77,3.94,99302.34
1403,shaeed rajaii,UAE,14042000,565280,313799,General Goods,400,5,45222.4,20%,9%,62759.8,33890.29,455671.49,25%,0.81,0.2,113917.87
1403,shaeed rajaii,UAE,84242000,15412,311620,Industrial Machinery,400,5,1232.96,15%,9%,46743,32252.67,391848.63,25%,25.42,6.36,97962.16
1403,shaeed rajaii,UAE,72106900,233700,310299,Iron & Steel Products,400,5,18696,10%,9%,31029.9,30719.6,390744.5,25%,1.67,0.42,97686.12
1403,shaeed rajaii,UAE,28421020,221200,310215,General Goods,400,5,17696,20%,9%,62043,33503.22,423457.22,25%,1.91,0.48,105864.3
1403,shaeed rajaii,UAE,29034500,41344,310164,Organic Chemicals,400,5,3307.52,15%,9%,46524.6,32101.97,392098.09,25%,9.48,2.37,98024.52
1403,shaeed rajaii,UAE,29199000,132950,309485,Organic Chemicals,400,5,10636,15%,9%,46422.75,32031.7,398575.45,25%,3,0.75,99643.86
1403,shaeed rajaii,UAE,84483100,34037,309197,Industrial Machinery,400,5,2722.96,15%,9%,46379.55,32001.89,390301.4,25%,11.47,2.87,97575.35
1403,shaeed rajaii,UAE,8011900,548749,309022,General Goods,400,5,43899.92,20%,9%,61804.4,33374.38,448100.7,25%,0.82,0.2,112025.18
1403,shaeed rajaii,UAE,29369000,1618,308619,Organic Chemicals,400,5,129.44,15%,9%,46292.85,31942.07,386983.36,25%,239.17,59.79,96745.84
1403,shaeed rajaii,UAE,84131900,32364,308514,Industrial Machinery,400,5,2589.12,15%,9%,46277.1,31931.2,389311.42,25%,12.03,3.01,97327.86
1403,shaeed rajaii,UAE,84749010,38906,308154,Industrial Machinery,400,5,3112.48,15%,9%,46223.1,31893.94,389383.52,25%,10.01,2.5,97345.88
1403,shaeed rajaii,UAE,90189030,2330,308007,General Goods,400,5,186.4,20%,9%,61601.4,33264.76,403059.56,25%,172.99,43.25,100764.89
1403,shaeed rajaii,UAE,22071010,250000,307500,General Goods,400,5,20000,20%,9%,61500,33210,422210,25%,1.69,0.42,105552.5
1403,shaeed rajaii,UAE,28012020,4000,307395,General Goods,400,5,320,20%,9%,61479,33198.66,402392.66,25%,100.6,25.15,100598.16
1403,shaeed rajaii,UAE,29037900,93643,307027,Organic Chemicals,400,5,7491.44,15%,9%,46054.05,31777.29,392349.78,25%,4.19,1.05,98087.44
1403,shaeed rajaii,UAE,90221200,1265,306351,General Goods,400,5,101.2,20%,9%,61270.2,33085.91,400808.31,25%,316.84,79.21,100202.08
1403,shaeed rajaii,UAE,90318030,3828,305699,General Goods,400,5,306.24,20%,9%,61139.8,33015.49,400160.53,25%,104.54,26.14,100040.13
1403,shaeed rajaii,UAE,69032020,45336,303688,General Goods,400,5,3626.88,20%,9%,60737.6,32798.3,400850.78,25%,8.84,2.21,100212.7
1403,shaeed rajaii,UAE,29095000,34200,303561,Organic Chemicals,400,5,2736,15%,9%,45534.15,31418.56,383249.71,25%,11.21,2.8,95812.43
1403,shaeed rajaii,UAE,90183917,16612,302867,General Goods,400,5,1328.96,20%,9%,60573.4,32709.64,397479,25%,23.93,5.98,99369.75
1403,shaeed rajaii,UAE,38089111,11000,302371,Chemical Products,400,5,880,15%,9%,45355.65,31295.4,379902.05,25%,34.54,8.64,94975.51
1403,shaeed rajaii,UAE,96082000,37377,301942,General Goods,400,5,2990.16,20%,9%,60388.4,32609.74,397930.3,25%,10.65,2.66,99482.58
1403,shaeed rajaii,UAE,90271000,1693,301378,General Goods,400,5,135.44,20%,9%,60275.6,32548.82,394337.86,25%,232.92,58.23,98584.46
1403,shaeed rajaii,UAE,35022000,27000,300788,General Goods,400,5,2160,20%,9%,60157.6,32485.1,395590.7,25%,14.65,3.66,98897.68
1403,shaeed rajaii,UAE,85364190,4578,299681,Electrical Equipment,400,5,366.24,15%,9%,44952.15,31016.98,376016.37,25%,82.14,20.54,94004.09
1403,shaeed rajaii,UAE,85371050,1500,298871,Electrical Equipment,400,5,120,15%,9%,44830.65,30933.15,374754.8,25%,249.84,62.46,93688.7
1403,shaeed rajaii,UAE,87089110,18287,298642,Vehicle Parts & Accessories,400,5,1462.96,25%,9%,74660.5,33597.22,408362.68,25%,22.33,5.58,102090.67
1403,shaeed rajaii,UAE,40169950,233450,298408,Rubber & Tires,400,5,18676,20%,9%,59681.6,32228.06,408993.66,25%,1.75,0.44,102248.42
1403,shaeed rajaii,UAE,39233090,33175,297069,Plastics & Polymers,400,5,2654,20%,9%,59413.8,32083.45,391220.25,25%,11.79,2.95,97805.06
1403,shaeed rajaii,UAE,39100010,75785,296855,Plastics & Polymers,400,5,6062.8,20%,9%,59371,32060.34,394349.14,25%,5.2,1.3,98587.28
1403,shaeed rajaii,UAE,84631000,31564,296628,Industrial Machinery,400,5,2525.12,15%,9%,44494.2,30701,374348.32,25%,11.86,2.96,93587.08
1403,shaeed rajaii,UAE,17023090,260000,296552,General Goods,400,5,20800,20%,9%,59310.4,32027.62,408690.02,25%,1.57,0.39,102172.5
1403,shaeed rajaii,UAE,37013010,70000,295984,General Goods,400,5,5600,20%,9%,59196.8,31966.27,392747.07,25%,5.61,1.4,98186.77
1403,shaeed rajaii,UAE,39202090,129841,295911,Plastics & Polymers,400,5,10387.28,20%,9%,59182.2,31958.39,397438.87,25%,3.06,0.76,99359.72
1403,shaeed rajaii,UAE,69032090,374616,295509,General Goods,400,5,29969.28,20%,9%,59101.8,31914.97,416495.05,25%,1.11,0.28,104123.76
1403,shaeed rajaii,UAE,39059110,24500,295001,Plastics & Polymers,400,5,1960,20%,9%,59000.2,31860.11,387821.31,25%,15.83,3.96,96955.33
1403,shaeed rajaii,UAE,84714190,17808,293840,Industrial Machinery,400,5,1424.64,15%,9%,44076,30412.44,369753.08,25%,20.76,5.19,92438.27
1403,shaeed rajaii,UAE,38271100,71040,292968,Chemical Products,400,5,5683.2,15%,9%,43945.2,30322.19,372918.59,25%,5.25,1.31,93229.65
1403,shaeed rajaii,UAE,87141090,93640,292139,General Goods,400,5,7491.2,20%,9%,58427.8,31551.01,389609.01,25%,4.16,1.04,97402.25
1403,shaeed rajaii,UAE,84099930,37240,291712,Industrial Machinery,400,5,2979.2,15%,9%,43756.8,30192.19,368640.19,25%,9.9,2.48,92160.05
1403,shaeed rajaii,UAE,29231090,61100,290129,Organic Chemicals,400,5,4888,15%,9%,43519.35,30028.35,368564.7,25%,6.03,1.51,92141.18
1403,shaeed rajaii,UAE,84479000,42265,289359,Industrial Machinery,400,5,3381.2,15%,9%,43403.85,29948.66,366092.71,25%,8.66,2.16,91523.18
1403,shaeed rajaii,UAE,28421090,156114,288679,General Goods,400,5,12489.12,20%,9%,57735.8,31177.33,390081.25,25%,2.5,0.62,97520.31
1403,shaeed rajaii,UAE,90015010,6966,287754,General Goods,400,5,557.28,20%,9%,57550.8,31077.43,376939.51,25%,54.11,13.53,94234.88
1403,shaeed rajaii,UAE,28470000,242114,287670,General Goods,400,5,19369.12,20%,9%,57534,31068.36,395641.48,25%,1.63,0.41,98910.37
1403,shaeed rajaii,UAE,90292023,1687,286737,General Goods,400,5,134.96,20%,9%,57347.4,30967.6,375186.96,25%,222.4,55.6,93796.74
1403,shaeed rajaii,UAE,29362300,19730,284106,Organic Chemicals,400,5,1578.4,15%,9%,42615.9,29404.97,357705.27,25%,18.13,4.53,89426.32
1403,shaeed rajaii,UAE,85399090,7073,283385,Electrical Equipment,400,5,565.84,15%,9%,42507.75,29330.35,355788.94,25%,50.3,12.58,88947.24
1403,shaeed rajaii,UAE,35030010,8659,282407,General Goods,400,5,692.72,20%,9%,56481.4,30499.96,370081.08,25%,42.74,10.68,92520.27
1403,shaeed rajaii,UAE,84099160,24022,281043,Industrial Machinery,400,5,1921.76,15%,9%,42156.45,29087.95,354209.16,25%,14.75,3.69,88552.29
1403,shaeed rajaii,UAE,74102100,63637,277858,General Goods,400,5,5090.96,20%,9%,55571.6,30008.66,368529.22,25%,5.79,1.45,92132.3
1403,shaeed rajaii,UAE,25081000,115800,277438,General Goods,400,5,9264,20%,9%,55487.6,29963.3,372152.9,25%,3.21,0.8,93038.22
1403,shaeed rajaii,UAE,87083029,11373,277158,Vehicle Parts & Accessories,400,5,909.84,25%,9%,69289.5,31180.28,378537.62,25%,33.28,8.32,94634.4
1403,shaeed rajaii,UAE,40093100,19220,275610,Rubber & Tires,400,5,1537.6,20%,9%,55122,29765.88,362035.48,25%,18.84,4.71,90508.87
1403,shaeed rajaii,UAE,38029010,480000,275362,Chemical Products,400,5,38400,15%,9%,41304.3,28499.97,383566.27,25%,0.8,0.2,95891.57
1403,shaeed rajaii,UAE,84248930,45912,275298,Industrial Machinery,400,5,3672.96,15%,9%,41294.7,28493.34,348759,25%,7.6,1.9,87189.75
1403,shaeed rajaii,UAE,84089010,15197,274886,Industrial Machinery,400,5,1215.76,15%,9%,41232.9,28450.7,345785.36,25%,22.75,5.69,86446.34
1403,shaeed rajaii,UAE,72209000,67798,274315,Iron & Steel Products,400,5,5423.84,10%,9%,27431.5,27157.18,334327.52,25%,4.93,1.23,83581.88
1403,shaeed rajaii,UAE,39079922,132000,272202,Plastics & Polymers,400,5,10560,20%,9%,54440.4,29397.82,366600.22,25%,2.78,0.7,91650.06
1403,shaeed rajaii,UAE,85163200,10075,272083,Electrical Equipment,400,5,806,15%,9%,40812.45,28160.59,341862.04,25%,33.93,8.48,85465.51
1403,shaeed rajaii,UAE,32151190,27363,272025,General Goods,400,5,2189.04,20%,9%,54405,29378.7,357997.74,25%,13.08,3.27,89499.44
1403,shaeed rajaii,UAE,84716090,3812,271352,Industrial Machinery,400,5,304.96,15%,9%,40702.8,28084.93,340444.69,25%,89.31,22.33,85111.17
1403,shaeed rajaii,UAE,32110000,35800,270866,General Goods,400,5,2864,20%,9%,54173.2,29253.53,357156.73,25%,9.98,2.5,89289.18
1403,shaeed rajaii,UAE,95067000,33162,270715,General Goods,400,5,2652.96,20%,9%,54143,29237.22,356748.18,25%,10.76,2.69,89187.04
1403,shaeed rajaii,UAE,29181510,10000,270389,Organic Chemicals,400,5,800,15%,9%,40558.35,27985.26,339732.61,25%,33.97,8.49,84933.15
1403,shaeed rajaii,UAE,84514000,6140,270116,Industrial Machinery,400,5,491.2,15%,9%,40517.4,27957.01,339081.61,25%,55.23,13.81,84770.4
1403,shaeed rajaii,UAE,75040000,6452,270039,General Goods,400,5,516.16,20%,9%,54007.8,29164.21,353727.17,25%,54.82,13.7,88431.79
1403,shaeed rajaii,UAE,60054200,51711,269341,General Goods,400,5,4136.88,20%,9%,53868.2,29088.83,356434.91,25%,6.89,1.72,89108.73
1403,shaeed rajaii,UAE,38040090,369600,269022,Chemical Products,400,5,29568,15%,9%,40353.3,27843.78,366787.08,25%,0.99,0.25,91696.77
1403,shaeed rajaii,UAE,81041100,70000,268335,General Goods,400,5,5600,20%,9%,53667,28980.18,356582.18,25%,5.09,1.27,89145.54
1403,shaeed rajaii,UAE,68159990,211828,268235,General Goods,400,5,16946.24,20%,9%,53647,28969.38,367797.62,25%,1.74,0.44,91949.4
1403,shaeed rajaii,UAE,85286200,2700,266678,Telecom & Display Equipment,400,5,216,15%,9%,40001.7,27601.17,334496.87,25%,123.89,30.97,83624.22
1403,shaeed rajaii,UAE,13022000,19000,266305,General Goods,400,5,1520,20%,9%,53261,28760.94,349846.94,25%,18.41,4.6,87461.74
1403,shaeed rajaii,UAE,9041220,62300,265854,General Goods,400,5,4984,20%,9%,53170.8,28712.23,352721.03,25%,5.66,1.42,88180.26
1403,shaeed rajaii,UAE,68151100,7138,264123,General Goods,400,5,571.04,20%,9%,52824.6,28525.28,346043.92,25%,48.48,12.12,86510.98
1403,shaeed rajaii,UAE,44021000,258900,262596,General Goods,400,5,20712,20%,9%,52519.2,28360.37,364187.57,25%,1.41,0.35,91046.89
1403,shaeed rajaii,UAE,96020010,9726,262348,General Goods,400,5,778.08,20%,9%,52469.6,28333.58,343929.26,25%,35.36,8.84,85982.32
1403,shaeed rajaii,UAE,76069190,78261,261452,General Goods,400,5,6260.88,20%,9%,52290.4,28236.82,348240.1,25%,4.45,1.11,87060.02
1403,shaeed rajaii,UAE,82083000,19562,260613,General Goods,400,5,1564.96,20%,9%,52122.6,28146.2,342446.76,25%,17.51,4.38,85611.69
1403,shaeed rajaii,UAE,87083024,39174,258231,Vehicle Parts & Accessories,400,5,3133.92,25%,9%,64557.75,29050.99,354973.66,25%,9.06,2.26,88743.42
1403,shaeed rajaii,UAE,85129090,18503,258195,Electrical Equipment,400,5,1480.24,15%,9%,38729.25,26723.18,325127.67,25%,17.57,4.39,81281.92
1403,shaeed rajaii,UAE,9081190,32000,257882,General Goods,400,5,2560,20%,9%,51576.4,27851.26,339869.66,25%,10.62,2.66,84967.42
1403,shaeed rajaii,UAE,84199010,19376,257261,Industrial Machinery,400,5,1550.08,15%,9%,38589.15,26626.51,324026.74,25%,16.72,4.18,81006.68
1403,shaeed rajaii,UAE,84349000,6887,256718,Industrial Machinery,400,5,550.96,15%,9%,38507.7,26570.31,322346.97,25%,46.81,11.7,80586.74
1403,shaeed rajaii,UAE,48103200,333084,255865,Paper & Paperboard,400,5,26646.72,15%,9%,38379.75,26482.03,347373.5,25%,1.04,0.26,86843.38
1403,shaeed rajaii,UAE,32041990,47130,254930,General Goods,400,5,3770.4,20%,9%,50986,27532.44,337218.84,25%,7.16,1.79,84304.71
1403,shaeed rajaii,UAE,29215990,11000,254713,Organic Chemicals,400,5,880,15%,9%,38206.95,26362.8,320162.75,25%,29.11,7.28,80040.69
1403,shaeed rajaii,UAE,83021090,113717,254014,General Goods,400,5,9097.36,20%,9%,50802.8,27433.51,341347.67,25%,3,0.75,85336.92
1403,shaeed rajaii,UAE,32089090,29593,253640,General Goods,400,5,2367.44,20%,9%,50728,27393.12,334128.56,25%,11.29,2.82,83532.14
1403,shaeed rajaii,UAE,27081000,335818,253174,Mineral Fuels & Oils,400,5,26865.44,5%,9%,12658.7,23924.94,316623.08,25%,0.94,0.24,79155.77
1403,shaeed rajaii,UAE,25041090,338000,252604,General Goods,400,5,27040,20%,9%,50520.8,27281.23,357446.03,25%,1.06,0.26,89361.51
1403,shaeed rajaii,UAE,72179010,132000,252251,Iron & Steel Products,400,5,10560,10%,9%,25225.1,24972.85,313008.95,25%,2.37,0.59,78252.24
1403,shaeed rajaii,UAE,59113100,2929,251516,General Goods,400,5,234.32,20%,9%,50303.2,27163.73,329217.25,25%,112.4,28.1,82304.31
1403,shaeed rajaii,UAE,59119090,36361,249753,General Goods,400,5,2908.88,20%,9%,49950.6,26973.32,329585.8,25%,9.06,2.26,82396.45
1403,shaeed rajaii,UAE,82089000,30012,249474,General Goods,400,5,2400.96,20%,9%,49894.8,26943.19,328712.95,25%,10.95,2.74,82178.24
1403,shaeed rajaii,UAE,85176240,4729,248764,Telecom & Display Equipment,400,5,378.32,15%,9%,37314.6,25747.07,312203.99,25%,66.02,16.5,78051
1403,shaeed rajaii,UAE,40025100,107600,248678,Rubber & Tires,400,5,8608,20%,9%,49735.6,26857.22,333878.82,25%,3.1,0.78,83469.7
1403,shaeed rajaii,UAE,72112390,190330,247598,Iron & Steel Products,400,5,15226.4,10%,9%,24759.8,24512.2,312096.4,25%,1.64,0.41,78024.1
1403,shaeed rajaii,UAE,90261030,2117,247408,General Goods,400,5,169.36,20%,9%,49481.6,26720.06,323779.02,25%,152.94,38.24,80944.76
1403,shaeed rajaii,UAE,29182190,66000,247353,Organic Chemicals,400,5,5280,15%,9%,37102.95,25601.04,315336.99,25%,4.78,1.2,78834.25
1403,shaeed rajaii,UAE,39199020,95016,247307,Plastics & Polymers,400,5,7601.28,20%,9%,49461.4,26709.16,331078.84,25%,3.48,0.87,82769.71
1403,shaeed rajaii,UAE,85021100,40242,244549,Electrical Equipment,400,5,3219.36,15%,9%,36682.35,25310.82,309761.53,25%,7.7,1.92,77440.38
1403,shaeed rajaii,UAE,40169990,76530,243915,Rubber & Tires,400,5,6122.4,20%,9%,48783,26342.82,325163.22,25%,4.25,1.06,81290.8
1403,shaeed rajaii,UAE,25084090,123600,243908,General Goods,400,5,9888,20%,9%,48781.6,26342.06,328919.66,25%,2.66,0.66,82229.91
1403,shaeed rajaii,UAE,30064050,1232,242601,General Goods,400,5,98.56,20%,9%,48520.2,26200.91,317420.67,25%,257.65,64.41,79355.17
1403,shaeed rajaii,UAE,84129000,6313,242425,Industrial Machinery,400,5,505.04,15%,9%,36363.75,25090.99,304384.78,25%,48.22,12.06,76096.2
1403,shaeed rajaii,UAE,84342000,10654,241021,Industrial Machinery,400,5,852.32,15%,9%,36153.15,24945.67,302972.14,25%,28.44,7.11,75743.04
1403,shaeed rajaii,UAE,40029100,143200,240562,Rubber & Tires,400,5,11456,20%,9%,48112.4,25980.7,326111.1,25%,2.28,0.57,81527.77
1403,shaeed rajaii,UAE,84418000,79450,240339,Industrial Machinery,400,5,6356,15%,9%,36050.85,24875.09,307620.94,25%,3.87,0.97,76905.24
1403,shaeed rajaii,UAE,12040000,397569,239949,General Goods,400,5,31805.52,20%,9%,47989.8,25914.49,345658.81,25%,0.87,0.22,86414.7
1403,shaeed rajaii,UAE,25061010,2341968,239630,General Goods,400,5,187357.44,20%,9%,47926,25880.04,500793.48,25%,0.21,0.05,125198.37
1403,shaeed rajaii,UAE,48115190,41734,238906,Paper & Paperboard,400,5,3338.72,15%,9%,35835.9,24726.77,302807.39,25%,7.26,1.82,75701.85
1403,shaeed rajaii,UAE,85189090,65028,238793,Electrical Equipment,400,5,5202.24,15%,9%,35818.95,24715.08,304529.27,25%,4.68,1.17,76132.32
1403,shaeed rajaii,UAE,30039090,1463,238371,General Goods,400,5,117.04,20%,9%,47674.2,25744.07,311906.31,25%,213.2,53.3,77976.58
1403,shaeed rajaii,UAE,32050000,5825,238312,General Goods,400,5,466,20%,9%,47662.4,25737.7,312178.1,25%,53.59,13.4,78044.52
1403,shaeed rajaii,UAE,85371020,2256,238056,Electrical Equipment,400,5,180.48,15%,9%,35708.4,24638.8,298583.68,25%,132.35,33.09,74645.92
1403,shaeed rajaii,UAE,84804100,6354,237645,Industrial Machinery,400,5,508.32,15%,9%,35646.75,24596.26,298396.33,25%,46.96,11.74,74599.08
1403,shaeed rajaii,UAE,54075100,54369,237163,General Goods,400,5,4349.52,20%,9%,47432.6,25613.6,314558.72,25%,5.79,1.45,78639.68
1403,shaeed rajaii,UAE,84818016,60945,236469,Industrial Machinery,400,5,4875.6,15%,9%,35470.35,24474.54,301289.49,25%,4.94,1.24,75322.37
1403,shaeed rajaii,UAE,84818021,30891,235906,Industrial Machinery,400,5,2471.28,15%,9%,35385.9,24416.27,298179.45,25%,9.65,2.41,74544.86
1403,shaeed rajaii,UAE,90221310,3840,234813,General Goods,400,5,307.2,20%,9%,46962.6,25359.8,307442.6,25%,80.06,20.02,76860.65
1403,shaeed rajaii,UAE,85279900,15020,234429,Electrical Equipment,400,5,1201.6,15%,9%,35164.35,24263.4,295058.35,25%,19.64,4.91,73764.59
1403,shaeed rajaii,UAE,10085090,70000,233249,General Goods,400,5,5600,20%,9%,46649.8,25190.89,310689.69,25%,4.44,1.11,77672.42
1403,shaeed rajaii,UAE,76121090,24675,233012,General Goods,400,5,1974,20%,9%,46602.4,25165.3,306753.7,25%,12.43,3.11,76688.42
1403,shaeed rajaii,UAE,74050000,17000,232812,General Goods,400,5,1360,20%,9%,46562.4,25143.7,305878.1,25%,17.99,4.5,76469.52
1403,shaeed rajaii,UAE,87024000,13240,231818,General Goods,400,5,1059.2,20%,9%,46363.6,25036.34,304277.14,25%,22.98,5.74,76069.28
1403,shaeed rajaii,UAE,39206990,71319,231353,Plastics & Polymers,400,5,5705.52,20%,9%,46270.6,24986.12,308315.24,25%,4.32,1.08,77078.81
1403,shaeed rajaii,UAE,39094020,55000,230420,Plastics & Polymers,400,5,4400,20%,9%,46084,24885.36,305789.36,25%,5.56,1.39,76447.34
1403,shaeed rajaii,UAE,59100010,66607,230282,General Goods,400,5,5328.56,20%,9%,46056.4,24870.46,306537.42,25%,4.6,1.15,76634.36
1403,shaeed rajaii,UAE,48116000,71992,229525,Paper & Paperboard,400,5,5759.36,15%,9%,34428.75,23755.84,293468.95,25%,4.08,1.02,73367.24
1403,shaeed rajaii,UAE,38244090,159500,229273,Chemical Products,400,5,12760,15%,9%,34390.95,23729.76,300153.71,25%,1.88,0.47,75038.43
1403,shaeed rajaii,UAE,72029940,100000,228284,Iron & Steel Products,400,5,8000,10%,9%,22828.4,22600.12,281712.52,25%,2.82,0.7,70428.13
1403,shaeed rajaii,UAE,84719090,1864,227887,Industrial Machinery,400,5,149.12,15%,9%,34183.05,23586.3,285805.47,25%,153.33,38.33,71451.37
1403,shaeed rajaii,UAE,55095100,83112,227876,General Goods,400,5,6648.96,20%,9%,45575.2,24610.61,304710.77,25%,3.67,0.92,76177.69
1403,shaeed rajaii,UAE,39049000,53235,227494,Plastics & Polymers,400,5,4258.8,20%,9%,45498.8,24569.35,301820.95,25%,5.67,1.42,75455.24
1403,shaeed rajaii,UAE,90318050,5534,227372,General Goods,400,5,442.72,20%,9%,45474.4,24556.18,297845.3,25%,53.82,13.46,74461.32
1403,shaeed rajaii,UAE,84561190,19836,227361,Industrial Machinery,400,5,1586.88,15%,9%,34104.15,23531.86,286583.89,25%,14.45,3.61,71645.97
1403,shaeed rajaii,UAE,84272021,39600,227018,Industrial Machinery,400,5,3168,15%,9%,34052.7,23496.36,287735.06,25%,7.27,1.82,71933.76
1403,shaeed rajaii,UAE,29156000,89000,226980,Organic Chemicals,400,5,7120,15%,9%,34047,23492.43,291639.43,25%,3.28,0.82,72909.86
1403,shaeed rajaii,UAE,85044020,6520,226074,Electrical Equipment,400,5,521.6,15%,9%,33911.1,23398.66,283905.36,25%,43.54,10.88,70976.34
1403,shaeed rajaii,UAE,38123980,63800,225591,Chemical Products,400,5,5104,15%,9%,33838.65,23348.67,287882.32,25%,4.51,1.13,71970.58
1403,shaeed rajaii,UAE,85291090,3412,224908,Electrical Equipment,400,5,272.96,15%,9%,33736.2,23277.98,282195.14,25%,82.71,20.68,70548.78
1403,shaeed rajaii,UAE,7132090,155130,224890,General Goods,400,5,12410.4,20%,9%,44978,24288.12,306566.52,25%,1.98,0.5,76641.63
1403,shaeed rajaii,UAE,84842020,9426,224535,Industrial Machinery,400,5,754.08,15%,9%,33680.25,23239.37,282208.7,25%,29.94,7.48,70552.18
1403,shaeed rajaii,UAE,74082100,22137,224005,General Goods,400,5,1770.96,20%,9%,44801,24192.54,294769.5,25%,13.32,3.33,73692.38
1403,shaeed rajaii,UAE,85052000,9107,223660,Electrical Equipment,400,5,728.56,15%,9%,33549,23148.81,281086.37,25%,30.86,7.72,70271.59
1403,shaeed rajaii,UAE,84238990,1258,223261,Industrial Machinery,400,5,100.64,15%,9%,33489.15,23107.51,279958.3,25%,222.54,55.64,69989.58
1403,shaeed rajaii,UAE,35061090,41360,221551,General Goods,400,5,3308.8,20%,9%,44310.2,23927.51,293097.51,25%,7.09,1.77,73274.38
1403,shaeed rajaii,UAE,72259200,100000,221217,Iron & Steel Products,400,5,8000,10%,9%,22121.7,21900.48,273239.18,25%,2.73,0.68,68309.8
1403,shaeed rajaii,UAE,69039030,288,220430,General Goods,400,5,23.04,20%,9%,44086,23806.44,288345.48,25%,1001.2,250.3,72086.37
1403,shaeed rajaii,UAE,40103990,2506,220411,Rubber & Tires,400,5,200.48,20%,9%,44082.2,23804.39,288498.07,25%,115.12,28.78,72124.52
1403,shaeed rajaii,UAE,38089990,33880,220259,Chemical Products,400,5,2710.4,15%,9%,33038.85,22796.81,278805.06,25%,8.23,2.06,69701.26
1403,shaeed rajaii,UAE,30042021,4800,219522,General Goods,400,5,384,20%,9%,43904.4,23708.38,287518.78,25%,59.9,14.98,71879.7
1403,shaeed rajaii,UAE,58089000,54190,219478,General Goods,400,5,4335.2,20%,9%,43895.6,23703.62,291412.42,25%,5.38,1.34,72853.1
1403,shaeed rajaii,UAE,73202000,24558,218287,Articles of Iron & Steel,400,5,1964.64,10%,9%,21828.7,21610.41,263690.75,25%,10.74,2.68,65922.69
1403,shaeed rajaii,UAE,90183929,1330,218215,General Goods,400,5,106.4,20%,9%,43643,23567.22,285531.62,25%,214.69,53.67,71382.9
1403,shaeed rajaii,UAE,34031910,58130,217990,General Goods,400,5,4650.4,20%,9%,43598,23542.92,289781.32,25%,4.99,1.25,72445.33
1403,shaeed rajaii,UAE,38123100,106000,217467,Chemical Products,400,5,8480,15%,9%,32620.05,22507.83,281074.88,25%,2.65,0.66,70268.72
1403,shaeed rajaii,UAE,84249000,41107,217402,Industrial Machinery,400,5,3288.56,15%,9%,32610.3,22501.11,275801.97,25%,6.71,1.68,68950.49
1403,shaeed rajaii,UAE,69022010,223250,217249,General Goods,400,5,17860,20%,9%,43449.8,23462.89,302021.69,25%,1.35,0.34,75505.42
1403,shaeed rajaii,UAE,38246000,312000,216925,Chemical Products,400,5,24960,15%,9%,32538.75,22451.74,296875.49,25%,0.95,0.24,74218.87
1403,shaeed rajaii,UAE,84564000,34114,216163,Industrial Machinery,400,5,2729.12,15%,9%,32424.45,22372.87,273689.44,25%,8.02,2,68422.36
1403,shaeed rajaii,UAE,85011090,7710,215383,Electrical Equipment,400,5,616.8,15%,9%,32307.45,22292.14,270599.39,25%,35.1,8.78,67649.85
1403,shaeed rajaii,UAE,85364120,17162,215371,Electrical Equipment,400,5,1372.96,15%,9%,32305.65,22290.9,271340.51,25%,15.81,3.95,67835.13
1403,shaeed rajaii,UAE,32064100,65600,214243,General Goods,400,5,5248,20%,9%,42848.6,23138.24,285477.84,25%,4.35,1.09,71369.46
1403,shaeed rajaii,UAE,84713020,805,214111,Industrial Machinery,400,5,64.4,15%,9%,32116.65,22160.49,268452.54,25%,333.48,83.37,67113.13
1403,shaeed rajaii,UAE,85312000,3833,213193,Electrical Equipment,400,5,306.64,15%,9%,31978.95,22065.48,267544.07,25%,69.8,17.45,66886.02
1403,shaeed rajaii,UAE,85013110,15358,213039,Electrical Equipment,400,5,1228.64,15%,9%,31955.85,22049.54,268273.03,25%,17.47,4.37,67068.26
1403,shaeed rajaii,UAE,72171000,47000,212974,Iron & Steel Products,400,5,3760,10%,9%,21297.4,21084.43,259115.83,25%,5.51,1.38,64778.96
1403,shaeed rajaii,UAE,29315990,100800,212717,Organic Chemicals,400,5,8064,15%,9%,31907.55,22016.21,274704.76,25%,2.73,0.68,68676.19
1403,shaeed rajaii,UAE,90183210,5097,212115,General Goods,400,5,407.76,20%,9%,42423,22908.42,277854.18,25%,54.51,13.63,69463.54
1403,shaeed rajaii,UAE,87071010,19281,212090,General Goods,400,5,1542.48,20%,9%,42418,22905.72,278956.2,25%,14.47,3.62,69739.05
1403,shaeed rajaii,UAE,39011010,157500,211806,Plastics & Polymers,400,5,12600,20%,9%,42361.2,22875.05,289642.25,25%,1.84,0.46,72410.56
1403,shaeed rajaii,UAE,84669200,60452,211406,Industrial Machinery,400,5,4836.16,15%,9%,31710.9,21880.52,269833.58,25%,4.46,1.12,67458.4
1403,shaeed rajaii,UAE,29342000,18000,211205,Organic Chemicals,400,5,1440,15%,9%,31680.75,21859.72,266185.47,25%,14.79,3.7,66546.37
1403,shaeed rajaii,UAE,29336990,72700,210203,Organic Chemicals,400,5,5816,15%,9%,31530.45,21756.01,269305.46,25%,3.7,0.92,67326.37
1403,shaeed rajaii,UAE,29221290,10650,209340,Organic Chemicals,400,5,852,15%,9%,31401,21666.69,263259.69,25%,24.72,6.18,65814.92
1403,shaeed rajaii,UAE,38089313,43000,208209,Chemical Products,400,5,3440,15%,9%,31231.35,21549.63,264429.98,25%,6.15,1.54,66107.5
1403,shaeed rajaii,UAE,84539000,102229,208208,Industrial Machinery,400,5,8178.32,15%,9%,31231.2,21549.53,269167.05,25%,2.63,0.66,67291.76
1403,shaeed rajaii,UAE,82119400,73092,207966,General Goods,400,5,5847.36,20%,9%,41593.2,22460.33,277866.89,25%,3.8,0.95,69466.72
1403,shaeed rajaii,UAE,85051900,87195,207235,Electrical Equipment,400,5,6975.6,15%,9%,31085.25,21448.82,266744.67,25%,3.06,0.76,66686.17
1403,shaeed rajaii,UAE,72124010,130100,207124,Iron & Steel Products,400,5,10408,10%,9%,20712.4,20505.28,258749.68,25%,1.99,0.5,64687.42
1403,shaeed rajaii,UAE,84136020,122980,206811,Industrial Machinery,400,5,9838.4,15%,9%,31021.65,21404.94,269075.99,25%,2.19,0.55,67269
1403,shaeed rajaii,UAE,29173600,206400,206420,Organic Chemicals,400,5,16512,15%,9%,30963,21364.47,275259.47,25%,1.33,0.33,68814.87
1403,shaeed rajaii,UAE,38276300,57815,206016,Chemical Products,400,5,4625.2,15%,9%,30902.4,21322.66,262866.26,25%,4.55,1.14,65716.56
1403,shaeed rajaii,UAE,39069020,162808,205892,Plastics & Polymers,400,5,13024.64,20%,9%,41178.4,22236.34,282331.38,25%,1.73,0.43,70582.84
1403,shaeed rajaii,UAE,85061010,57240,204720,Electrical Equipment,400,5,4579.2,15%,9%,30708,21188.52,261195.72,25%,4.56,1.14,65298.93
1403,shaeed rajaii,UAE,84831020,31494,204097,Industrial Machinery,400,5,2519.52,15%,9%,30614.55,21124.04,258355.11,25%,8.2,2.05,64588.78
1403,shaeed rajaii,UAE,31055900,108000,203513,General Goods,400,5,8640,20%,9%,40702.6,21979.4,274835,25%,2.54,0.64,68708.75
1403,shaeed rajaii,UAE,28332790,291200,203231,General Goods,400,5,23296,20%,9%,40646.2,21948.95,289122.15,25%,0.99,0.25,72280.54
1403,shaeed rajaii,UAE,85285900,4373,203222,Telecom & Display Equipment,400,5,349.84,15%,9%,30483.3,21033.48,255088.62,25%,58.33,14.58,63772.16
1403,shaeed rajaii,UAE,85119000,31606,203093,Electrical Equipment,400,5,2528.48,15%,9%,30463.95,21020.13,257105.56,25%,8.13,2.03,64276.39
1403,shaeed rajaii,UAE,29362920,32700,203045,Organic Chemicals,400,5,2616,15%,9%,30456.75,21015.16,257132.91,25%,7.86,1.96,64283.23
1403,shaeed rajaii,UAE,28051200,47600,202860,General Goods,400,5,3808,20%,9%,40572,21908.88,269148.88,25%,5.65,1.41,67287.22
1403,shaeed rajaii,UAE,84136010,5285,202597,Industrial Machinery,400,5,422.8,15%,9%,30389.55,20968.79,254378.14,25%,48.13,12.03,63594.54
1403,shaeed rajaii,UAE,29333950,1060,202538,Organic Chemicals,400,5,84.8,15%,9%,30380.7,20962.68,253966.18,25%,239.59,59.9,63491.54
1403,shaeed rajaii,UAE,29225030,1060,202538,Organic Chemicals,400,5,84.8,15%,9%,30380.7,20962.68,253966.18,25%,239.59,59.9,63491.54
1403,shaeed rajaii,UAE,12060030,102000,202062,General Goods,400,5,8160,20%,9%,40412.4,21822.7,272457.1,25%,2.67,0.67,68114.27
1403,shaeed rajaii,UAE,29339996,1888,201987,Organic Chemicals,400,5,151.04,15%,9%,30298.05,20905.65,253341.74,25%,134.19,33.55,63335.44
1403,shaeed rajaii,UAE,48195000,33038,201680,Paper & Paperboard,400,5,2643.04,15%,9%,30252,20873.88,255448.92,25%,7.73,1.93,63862.23
1403,shaeed rajaii,UAE,82075090,34382,199967,General Goods,400,5,2750.56,20%,9%,39993.4,21596.44,264307.4,25%,7.69,1.92,66076.85
1403,shaeed rajaii,UAE,28419000,243002,199823,General Goods,400,5,19440.16,20%,9%,39964.6,21580.88,280808.64,25%,1.16,0.29,70202.16
1403,shaeed rajaii,UAE,39269030,17921,198497,Plastics & Polymers,400,5,1433.68,20%,9%,39699.4,21437.68,261067.76,25%,14.57,3.64,65266.94
1403,shaeed rajaii,UAE,32041910,26200,197876,General Goods,400,5,2096,20%,9%,39575.2,21370.61,260917.81,25%,9.96,2.49,65229.45
1403,shaeed rajaii,UAE,84515000,33204,197474,Industrial Machinery,400,5,2656.32,15%,9%,29621.1,20438.56,250189.98,25%,7.53,1.88,62547.5
1403,shaeed rajaii,UAE,84212990,17631,197204,Industrial Machinery,400,5,1410.48,15%,9%,29580.6,20410.61,248605.69,25%,14.1,3.52,62151.42
1403,shaeed rajaii,UAE,29154090,57440,195533,Organic Chemicals,400,5,4595.2,15%,9%,29329.95,20237.67,249695.82,25%,4.35,1.09,62423.96
1403,shaeed rajaii,UAE,73249000,52719,195398,Articles of Iron & Steel,400,5,4217.52,10%,9%,19539.8,19344.4,238499.72,25%,4.52,1.13,59624.93
1403,shaeed rajaii,UAE,95069110,51066,195325,General Goods,400,5,4085.28,20%,9%,39065,21095.1,259570.38,25%,5.08,1.27,64892.6
1403,shaeed rajaii,UAE,76141000,123740,194930,General Goods,400,5,9899.2,20%,9%,38986,21052.44,264867.64,25%,2.14,0.54,66216.91
1403,shaeed rajaii,UAE,73158900,102003,194514,Articles of Iron & Steel,400,5,8160.24,10%,9%,19451.4,19256.89,241382.53,25%,2.37,0.59,60345.63
1403,shaeed rajaii,UAE,39052900,82325,194116,Plastics & Polymers,400,5,6586,20%,9%,38823.2,20964.53,260489.73,25%,3.16,0.79,65122.43
1403,shaeed rajaii,UAE,9071090,113275,194098,General Goods,400,5,9062,20%,9%,38819.6,20962.58,262942.18,25%,2.32,0.58,65735.54
1403,shaeed rajaii,UAE,84159020,27898,194058,Industrial Machinery,400,5,2231.84,15%,9%,29108.7,20085,245483.54,25%,8.8,2.2,61370.88
1403,shaeed rajaii,UAE,84295929,40000,194018,Industrial Machinery,400,5,3200,15%,9%,29102.7,20080.86,246401.56,25%,6.16,1.54,61600.39
1403,shaeed rajaii,UAE,84229090,1093,193904,Industrial Machinery,400,5,87.44,15%,9%,29085.6,20069.06,243146.1,25%,222.46,55.62,60786.52
1403,shaeed rajaii,UAE,32030000,5030,193880,General Goods,400,5,402.4,20%,9%,38776,20939.04,253997.44,25%,50.5,12.62,63499.36
1403,shaeed rajaii,UAE,84701000,9727,193423,Industrial Machinery,400,5,778.16,15%,9%,29013.45,20019.28,243233.89,25%,25.01,6.25,60808.47
1403,shaeed rajaii,UAE,15180000,89000,192782,General Goods,400,5,7120,20%,9%,38556.4,20820.46,259278.86,25%,2.91,0.73,64819.72
1403,shaeed rajaii,UAE,84099970,8541,192742,Industrial Machinery,400,5,683.28,15%,9%,28911.3,19948.8,242285.38,25%,28.37,7.09,60571.34
1403,shaeed rajaii,UAE,84149010,49719,191378,Compressors & Pumps,400,5,3977.52,15%,9%,28706.7,19807.62,243869.84,25%,4.9,1.23,60967.46
1403,shaeed rajaii,UAE,39209200,80001,191293,Plastics & Polymers,400,5,6400.08,20%,9%,38258.6,20659.64,256611.32,25%,3.21,0.8,64152.83
1403,shaeed rajaii,UAE,85359090,2540,190936,Electrical Equipment,400,5,203.2,15%,9%,28640.4,19761.88,239541.48,25%,94.31,23.58,59885.37
1403,shaeed rajaii,UAE,72072000,103321,190879,Iron & Steel Products,400,5,8265.68,10%,9%,19087.9,18897.02,237129.6,25%,2.3,0.57,59282.4
1403,shaeed rajaii,UAE,73063010,80301,190513,Articles of Iron & Steel,400,5,6424.08,10%,9%,19051.3,18860.79,234849.17,25%,2.92,0.73,58712.29
1403,shaeed rajaii,UAE,68053090,35543,189971,General Goods,400,5,2843.44,20%,9%,37994.2,20516.87,251325.51,25%,7.07,1.77,62831.38
1403,shaeed rajaii,UAE,96086000,5623,189762,General Goods,400,5,449.84,20%,9%,37952.4,20494.3,248658.54,25%,44.22,11.06,62164.64
1403,shaeed rajaii,UAE,72029950,62000,188455,Iron & Steel Products,400,5,4960,10%,9%,18845.5,18657.04,230917.54,25%,3.72,0.93,57729.38
1403,shaeed rajaii,UAE,84794000,21280,188352,Machines & Mechanical Appliances,400,5,1702.4,15%,9%,28252.8,19494.43,237801.63,25%,11.17,2.79,59450.41
1403,shaeed rajaii,UAE,84596900,116480,187752,Industrial Machinery,400,5,9318.4,15%,9%,28162.8,19432.33,244665.53,25%,2.1,0.52,61166.38
1403,shaeed rajaii,UAE,76090000,17700,187522,General Goods,400,5,1416,20%,9%,37504.4,20252.38,246694.78,25%,13.94,3.48,61673.7
1403,shaeed rajaii,UAE,85462030,20984,187522,Electrical Equipment,400,5,1678.72,15%,9%,28128.3,19408.53,236737.55,25%,11.28,2.82,59184.39
1403,shaeed rajaii,UAE,72173090,96220,187512,Iron & Steel Products,400,5,7697.6,10%,9%,18751.2,18563.69,232524.49,25%,2.42,0.6,58131.12
1403,shaeed rajaii,UAE,12024100,133500,186548,General Goods,400,5,10680,20%,9%,37309.6,20147.18,254684.78,25%,1.91,0.48,63671.2
1403,shaeed rajaii,UAE,85353010,330,185916,Electrical Equipment,400,5,26.4,15%,9%,27887.4,19242.31,233072.11,25%,706.28,176.57,58268.03
1403,shaeed rajaii,UAE,84213910,13364,185097,Industrial Machinery,400,5,1069.12,15%,9%,27764.55,19157.54,233088.21,25%,17.44,4.36,58272.05
1403,shaeed rajaii,UAE,39076190,154000,184287,Plastics & Polymers,400,5,12320,20%,9%,36857.4,19903,253367.4,25%,1.65,0.41,63341.85
1403,shaeed rajaii,UAE,29163210,46500,183776,Organic Chemicals,400,5,3720,15%,9%,27566.4,19020.82,234083.22,25%,5.03,1.26,58520.8
1403,shaeed rajaii,UAE,96139000,51031,183774,General Goods,400,5,4082.48,20%,9%,36754.8,19847.59,244458.87,25%,4.79,1.2,61114.72
1403,shaeed rajaii,UAE,28129090,21358,183118,General Goods,400,5,1708.64,20%,9%,36623.6,19776.74,241226.98,25%,11.29,2.82,60306.74
1403,shaeed rajaii,UAE,73151900,32901,182354,Articles of Iron & Steel,400,5,2632.08,10%,9%,18235.4,18053.05,221274.53,25%,6.73,1.68,55318.63
1403,shaeed rajaii,UAE,48119040,139597,181832,Paper & Paperboard,400,5,11167.76,15%,9%,27274.8,18819.61,239094.17,25%,1.71,0.43,59773.54
1403,shaeed rajaii,UAE,12030000,132500,181639,General Goods,400,5,10600,20%,9%,36327.8,19617.01,248183.81,25%,1.87,0.47,62045.95
1403,shaeed rajaii,UAE,25086000,72000,181582,General Goods,400,5,5760,20%,9%,36316.4,19610.86,243269.26,25%,3.38,0.84,60817.32
1403,shaeed rajaii,UAE,84629000,29990,181134,Industrial Machinery,400,5,2399.2,15%,9%,27170.1,18747.37,229450.67,25%,7.65,1.91,57362.67
1403,shaeed rajaii,UAE,85176270,1806,181084,Telecom & Display Equipment,400,5,144.48,15%,9%,27162.6,18742.19,227133.27,25%,125.77,31.44,56783.32
1403,shaeed rajaii,UAE,84715010,3300,181076,Industrial Machinery,400,5,264,15%,9%,27161.4,18741.37,227242.77,25%,68.86,17.22,56810.69
1403,shaeed rajaii,UAE,85446090,4687,181051,Electrical Equipment,400,5,374.96,15%,9%,27157.65,18738.78,227322.39,25%,48.5,12.12,56830.6
1403,shaeed rajaii,UAE,84099940,8582,180683,Industrial Machinery,400,5,686.56,15%,9%,27102.45,18700.69,227172.7,25%,26.47,6.62,56793.18
1403,shaeed rajaii,UAE,85479000,24518,180185,Electrical Equipment,400,5,1961.44,15%,9%,27027.75,18649.15,227823.34,25%,9.29,2.32,56955.84
1403,shaeed rajaii,UAE,84805000,8664,179580,Industrial Machinery,400,5,693.12,15%,9%,26937,18586.53,225796.65,25%,26.06,6.52,56449.16
1403,shaeed rajaii,UAE,73079900,16390,179470,Articles of Iron & Steel,400,5,1311.2,10%,9%,17947,17767.53,216495.73,25%,13.21,3.3,54123.93
1403,shaeed rajaii,UAE,72283090,20712,179148,Iron & Steel Products,400,5,1656.96,10%,9%,17914.8,17735.65,216455.41,25%,10.45,2.61,54113.85
1403,shaeed rajaii,UAE,40117090,39176,178782,Rubber & Tires,400,5,3134.08,20%,9%,35756.4,19308.46,236980.94,25%,6.05,1.51,59245.24
1403,shaeed rajaii,UAE,84192090,3000,178394,Industrial Machinery,400,5,240,15%,9%,26759.1,18463.78,223856.88,25%,74.62,18.66,55964.22
1403,shaeed rajaii,UAE,21061019,25549,178340,General Goods,400,5,2043.92,20%,9%,35668,19260.72,235312.64,25%,9.21,2.3,58828.16
1403,shaeed rajaii,UAE,29261000,99980,176958,Organic Chemicals,400,5,7998.4,15%,9%,26543.7,18315.15,229815.25,25%,2.3,0.57,57453.81
1403,shaeed rajaii,UAE,76082000,12582,176854,General Goods,400,5,1006.56,20%,9%,35370.8,19100.23,232331.59,25%,18.47,4.62,58082.9
1403,shaeed rajaii,UAE,84232000,8486,176208,Industrial Machinery,400,5,678.88,15%,9%,26431.2,18237.53,221555.61,25%,26.11,6.53,55388.9
1403,shaeed rajaii,UAE,90303200,252,175864,General Goods,400,5,20.16,20%,9%,35172.8,18993.31,230050.27,25%,912.9,228.22,57512.57
1403,shaeed rajaii,UAE,32082040,9340,175629,General Goods,400,5,747.2,20%,9%,35125.8,18967.93,230469.93,25%,24.68,6.17,57617.48
1403,shaeed rajaii,UAE,28251090,44600,175359,General Goods,400,5,3568,20%,9%,35071.8,18938.77,232937.57,25%,5.22,1.3,58234.39
1403,shaeed rajaii,UAE,76130010,17019,175096,General Goods,400,5,1361.52,20%,9%,35019.2,18910.37,230387.09,25%,13.54,3.38,57596.77
1403,shaeed rajaii,UAE,76169100,34263,174508,General Goods,400,5,2741.04,20%,9%,34901.6,18846.86,230997.5,25%,6.74,1.68,57749.38
1403,shaeed rajaii,UAE,29171300,14000,173932,Organic Chemicals,400,5,1120,15%,9%,26089.8,18001.96,219143.76,25%,15.65,3.91,54785.94
1403,shaeed rajaii,UAE,29339994,4950,173282,Organic Chemicals,400,5,396,15%,9%,25992.3,17934.69,217604.99,25%,43.96,10.99,54401.25
1403,shaeed rajaii,UAE,84563000,31692,173208,Industrial Machinery,400,5,2535.36,15%,9%,25981.2,17927.03,219651.59,25%,6.93,1.73,54912.9
1403,shaeed rajaii,UAE,25221000,189000,173011,General Goods,400,5,15120,20%,9%,34602.2,18685.19,241418.39,25%,1.28,0.32,60354.6
1403,shaeed rajaii,UAE,83099090,19700,171510,General Goods,400,5,1576,20%,9%,34302,18523.08,225911.08,25%,11.47,2.87,56477.77
1403,shaeed rajaii,UAE,85367010,38,170879,Electrical Equipment,400,5,3.04,15%,9%,25631.85,17685.98,214199.87,25%,5636.84,1409.21,53549.97
1403,shaeed rajaii,UAE,84542000,21469,170536,Industrial Machinery,400,5,1717.52,15%,9%,25580.4,17650.48,215484.4,25%,10.04,2.51,53871.1
1403,shaeed rajaii,UAE,73159000,25149,170334,Articles of Iron & Steel,400,5,2011.92,10%,9%,17033.4,16863.07,206242.39,25%,8.2,2.05,51560.6
1403,shaeed rajaii,UAE,21012000,11000,169788,General Goods,400,5,880,20%,9%,33957.6,18337.1,222962.7,25%,20.27,5.07,55740.68
1403,shaeed rajaii,UAE,84483900,4490,169355,Industrial Machinery,400,5,359.2,15%,9%,25403.25,17528.24,212645.69,25%,47.36,11.84,53161.42
1403,shaeed rajaii,UAE,28261200,100000,168752,General Goods,400,5,8000,20%,9%,33750.4,18225.22,228727.62,25%,2.29,0.57,57181.9
1403,shaeed rajaii,UAE,28020000,166000,168564,General Goods,400,5,13280,20%,9%,33712.8,18204.91,233761.71,25%,1.41,0.35,58440.43
1403,shaeed rajaii,UAE,29036990,20000,168067,Organic Chemicals,400,5,1600,15%,9%,25210.05,17394.93,212271.98,25%,10.61,2.65,53068
1403,shaeed rajaii,UAE,29039900,93600,168015,Organic Chemicals,400,5,7488,15%,9%,25202.25,17389.55,218094.8,25%,2.33,0.58,54523.7
1403,shaeed rajaii,UAE,84679900,41890,167917,Industrial Machinery,400,5,3351.2,15%,9%,25187.55,17379.41,213835.16,25%,5.1,1.27,53458.79
1403,shaeed rajaii,UAE,84439920,46618,167789,Industrial Machinery,400,5,3729.44,15%,9%,25168.35,17366.16,214052.95,25%,4.59,1.15,53513.24
1403,shaeed rajaii,UAE,76129030,1650,167771,General Goods,400,5,132,20%,9%,33554.2,18119.27,219576.47,25%,133.08,33.27,54894.12
1403,shaeed rajaii,UAE,84593900,35500,167671,Industrial Machinery,400,5,2840,15%,9%,25150.65,17353.95,213015.6,25%,6,1.5,53253.9
1403,shaeed rajaii,UAE,83071010,13451,167620,General Goods,400,5,1076.08,20%,9%,33524,18102.96,220323.04,25%,16.38,4.1,55080.76
1403,shaeed rajaii,UAE,84615090,10250,167296,Industrial Machinery,400,5,820,15%,9%,25094.4,17315.14,210525.54,25%,20.54,5.14,52631.38
1403,shaeed rajaii,UAE,9081290,17500,167198,General Goods,400,5,1400,20%,9%,33439.6,18057.38,220094.98,25%,12.58,3.14,55023.74
1403,shaeed rajaii,UAE,85012000,20955,167111,Electrical Equipment,400,5,1676.4,15%,9%,25066.65,17295.99,211150.04,25%,10.08,2.52,52787.51
1403,shaeed rajaii,UAE,9109990,135000,166822,General Goods,400,5,10800,20%,9%,33364.4,18016.78,229003.18,25%,1.7,0.42,57250.8
1403,shaeed rajaii,UAE,85164000,5379,166527,Electrical Equipment,400,5,430.32,15%,9%,24979.05,17235.54,209171.91,25%,38.89,9.72,52292.98
1403,shaeed rajaii,UAE,44187300,92615,166317,General Goods,400,5,7409.2,20%,9%,33263.4,17962.24,224951.84,25%,2.43,0.61,56237.96
1403,shaeed rajaii,UAE,84189910,31940,166237,Industrial Machinery,400,5,2555.2,15%,9%,24935.55,17205.53,210933.28,25%,6.6,1.65,52733.32
1403,shaeed rajaii,UAE,29096065,53160,166059,Organic Chemicals,400,5,4252.8,15%,9%,24908.85,17187.11,212407.76,25%,4,1,53101.94
1403,shaeed rajaii,UAE,84775900,33525,165861,Industrial Machinery,400,5,2682,15%,9%,24879.15,17166.61,210588.76,25%,6.28,1.57,52647.19
1403,shaeed rajaii,UAE,37011000,8930,165595,General Goods,400,5,714.4,20%,9%,33119,17884.26,217312.66,25%,24.34,6.08,54328.16
1403,shaeed rajaii,UAE,29061100,7880,165592,Organic Chemicals,400,5,630.4,15%,9%,24838.8,17138.77,208199.97,25%,26.42,6.6,52049.99
1403,shaeed rajaii,UAE,73182400,5439,165555,Articles of Iron & Steel,400,5,435.12,10%,9%,16555.5,16389.94,198935.56,25%,36.58,9.14,49733.89
1403,shaeed rajaii,UAE,87084050,16301,165207,Vehicle Parts & Accessories,400,5,1304.08,25%,9%,41301.75,18585.79,226398.62,25%,13.89,3.47,56599.66
1403,shaeed rajaii,UAE,39012020,104625,165048,Plastics & Polymers,400,5,8370,20%,9%,33009.6,17825.18,224252.78,25%,2.14,0.54,56063.2
1403,shaeed rajaii,UAE,84835000,5348,165011,Industrial Machinery,400,5,427.84,15%,9%,24751.65,17078.64,207269.13,25%,38.76,9.69,51817.28
1403,shaeed rajaii,UAE,84671100,17091,164498,Industrial Machinery,400,5,1367.28,15%,9%,24674.7,17025.54,207565.52,25%,12.14,3.04,51891.38
1403,shaeed rajaii,UAE,73071900,56337,164163,Articles of Iron & Steel,400,5,4506.96,10%,9%,16416.3,16252.14,201338.4,25%,3.57,0.89,50334.6
1403,shaeed rajaii,UAE,84303190,52000,162487,Industrial Machinery,400,5,4160,15%,9%,24373.05,16817.4,207837.45,25%,4,1,51959.36
1403,shaeed rajaii,UAE,39079991,25120,161507,Plastics & Polymers,400,5,2009.6,20%,9%,32301.4,17442.76,213260.76,25%,8.49,2.12,53315.19
1403,shaeed rajaii,UAE,13023100,10000,160772,General Goods,400,5,800,20%,9%,32154.4,17363.38,211089.78,25%,21.11,5.28,52772.44
1403,shaeed rajaii,UAE,54078400,1198,160200,General Goods,400,5,95.84,20%,9%,32040,17301.6,209637.44,25%,174.99,43.75,52409.36
1403,shaeed rajaii,UAE,38063000,46000,159886,Chemical Products,400,5,3680,15%,9%,23982.9,16548.2,204097.1,25%,4.44,1.11,51024.28
1403,shaeed rajaii,UAE,84549000,33831,159825,Industrial Machinery,400,5,2706.48,15%,9%,23973.75,16541.89,203047.12,25%,6,1.5,50761.78
1403,shaeed rajaii,UAE,69091910,9232,159532,General Goods,400,5,738.56,20%,9%,31906.4,17229.46,209406.42,25%,22.68,5.67,52351.6
1403,shaeed rajaii,UAE,29157019,99740,158663,Organic Chemicals,400,5,7979.2,15%,9%,23799.45,16421.62,206863.27,25%,2.07,0.52,51715.82
1403,shaeed rajaii,UAE,73072200,15333,158285,Articles of Iron & Steel,400,5,1226.64,10%,9%,15828.5,15670.22,191010.36,25%,12.46,3.12,47752.59
1403,shaeed rajaii,UAE,40082190,55335,157703,Rubber & Tires,400,5,4426.8,20%,9%,31540.6,17031.92,210702.32,25%,3.81,0.95,52675.58
1403,shaeed rajaii,UAE,84622900,30473,157197,Industrial Machinery,400,5,2437.84,15%,9%,23579.55,16269.89,199484.28,25%,6.55,1.64,49871.07
1403,shaeed rajaii,UAE,85339000,95,156156,Electrical Equipment,400,5,7.6,15%,9%,23423.4,16162.15,195749.15,25%,2060.52,515.13,48937.29
1403,shaeed rajaii,UAE,39023020,57000,155372,Plastics & Polymers,400,5,4560,20%,9%,31074.4,16780.18,207786.58,25%,3.65,0.91,51946.64
1403,shaeed rajaii,UAE,10083000,249975,155317,General Goods,400,5,19998,20%,9%,31063.4,16774.24,223152.64,25%,0.89,0.22,55788.16
1403,shaeed rajaii,UAE,28321020,104125,155148,General Goods,400,5,8330,20%,9%,31029.6,16755.98,211263.58,25%,2.03,0.51,52815.9
1403,shaeed rajaii,UAE,39079910,28100,154767,Plastics & Polymers,400,5,2248,20%,9%,30953.4,16714.84,204683.24,25%,7.28,1.82,51170.81
1403,shaeed rajaii,UAE,85361090,2892,154179,Electrical Equipment,400,5,231.36,15%,9%,23126.85,15957.53,193494.74,25%,66.91,16.73,48373.68
1403,shaeed rajaii,UAE,54041100,14088,154060,General Goods,400,5,1127.04,20%,9%,30812,16638.48,202637.52,25%,14.38,3.6,50659.38
1403,shaeed rajaii,UAE,38244020,107700,153922,Chemical Products,400,5,8616,15%,9%,23088.3,15930.93,201557.23,25%,1.87,0.47,50389.31
1403,shaeed rajaii,UAE,39204930,60822,153573,Plastics & Polymers,400,5,4865.76,20%,9%,30714.6,16585.88,205739.24,25%,3.38,0.84,51434.81
1403,shaeed rajaii,UAE,29332960,2000,153564,Organic Chemicals,400,5,160,15%,9%,23034.6,15893.87,192652.47,25%,96.33,24.08,48163.12
1403,shaeed rajaii,UAE,29191000,58000,153319,Organic Chemicals,400,5,4640,15%,9%,22997.85,15868.52,196825.37,25%,3.39,0.85,49206.34
1403,shaeed rajaii,UAE,85366910,25253,153263,Electrical Equipment,400,5,2020.24,15%,9%,22989.45,15862.72,194135.41,25%,7.69,1.92,48533.85
1403,shaeed rajaii,UAE,29051490,105600,153225,Organic Chemicals,400,5,8448,15%,9%,22983.75,15858.79,200515.54,25%,1.9,0.48,50128.88
1403,shaeed rajaii,UAE,84139200,12994,153099,Industrial Machinery,400,5,1039.52,15%,9%,22964.85,15845.75,192949.12,25%,14.85,3.71,48237.28
1403,shaeed rajaii,UAE,54072010,29767,152234,General Goods,400,5,2381.36,20%,9%,30446.8,16441.27,201503.43,25%,6.77,1.69,50375.86
1403,shaeed rajaii,UAE,84759000,5328,152130,Industrial Machinery,400,5,426.24,15%,9%,22819.5,15745.46,191121.2,25%,35.87,8.97,47780.3
1403,shaeed rajaii,UAE,95065100,4869,151634,General Goods,400,5,389.52,20%,9%,30326.8,16376.47,198726.79,25%,40.81,10.2,49681.7
1403,shaeed rajaii,UAE,76042900,9190,151432,General Goods,400,5,735.2,20%,9%,30286.4,16354.66,198808.26,25%,21.63,5.41,49702.06
1403,shaeed rajaii,UAE,69039090,23124,151291,General Goods,400,5,1849.92,20%,9%,30258.2,16339.43,199738.55,25%,8.64,2.16,49934.64
1403,shaeed rajaii,UAE,68129100,330,151266,General Goods,400,5,26.4,20%,9%,30253.2,16336.73,197882.33,25%,599.64,149.91,49470.58
1403,shaeed rajaii,UAE,39021030,123750,151011,Plastics & Polymers,400,5,9900,20%,9%,30202.2,16309.19,207422.39,25%,1.68,0.42,51855.6
1403,shaeed rajaii,UAE,29162000,17200,150801,Organic Chemicals,400,5,1376,15%,9%,22620.15,15607.9,190405.05,25%,11.07,2.77,47601.26
1403,shaeed rajaii,UAE,84551010,47000,150779,Industrial Machinery,400,5,3760,15%,9%,22616.85,15605.63,192761.48,25%,4.1,1.02,48190.37
1403,shaeed rajaii,UAE,29224920,435,150074,Organic Chemicals,400,5,34.8,15%,9%,22511.1,15532.66,188152.56,25%,432.53,108.13,47038.14
1403,shaeed rajaii,UAE,73229020,6070,150034,Articles of Iron & Steel,400,5,485.6,10%,9%,15003.4,14853.37,180376.37,25%,29.72,7.43,45094.09
1403,shaeed rajaii,UAE,84798100,18457,149425,Machines & Mechanical Appliances,400,5,1476.56,15%,9%,22413.75,15465.49,188780.8,25%,10.23,2.56,47195.2
1403,shaeed rajaii,UAE,28261900,325300,149110,General Goods,400,5,26024,20%,9%,29822,16103.88,221059.88,25%,0.68,0.17,55264.97
1403,shaeed rajaii,UAE,39269010,10711,149106,Plastics & Polymers,400,5,856.88,20%,9%,29821.2,16103.45,195887.53,25%,18.29,4.57,48971.88
1403,shaeed rajaii,UAE,85181090,1122,148880,Electrical Equipment,400,5,89.76,15%,9%,22332,15409.08,186710.84,25%,166.41,41.6,46677.71
1403,shaeed rajaii,UAE,96020090,21000,148873,General Goods,400,5,1680,20%,9%,29774.6,16078.28,196405.88,25%,9.35,2.34,49101.47
1403,shaeed rajaii,UAE,85016410,8179,148401,Electrical Equipment,400,5,654.32,15%,9%,22260.15,15359.5,186674.97,25%,22.82,5.7,46668.74
1403,shaeed rajaii,UAE,84251190,11733,147734,Industrial Machinery,400,5,938.64,15%,9%,22160.1,15290.47,186123.21,25%,15.86,3.96,46530.8
1403,shaeed rajaii,UAE,87042290,23620,147710,General Goods,400,5,1889.6,20%,9%,29542,15952.68,195094.28,25%,8.26,2.06,48773.57
1403,shaeed rajaii,UAE,85363090,11329,147497,Electrical Equipment,400,5,906.32,15%,9%,22124.55,15265.94,185793.81,25%,16.4,4.1,46448.45
1403,shaeed rajaii,UAE,38249930,41948,147415,Chemical Products,400,5,3355.84,15%,9%,22112.25,15257.45,188140.54,25%,4.49,1.12,47035.14
1403,shaeed rajaii,UAE,33012400,1559,147298,General Goods,400,5,124.72,20%,9%,29459.6,15908.18,192790.5,25%,123.66,30.92,48197.62
1403,shaeed rajaii,UAE,84841010,3741,146119,Industrial Machinery,400,5,299.28,15%,9%,21917.85,15123.32,183459.45,25%,49.04,12.26,45864.86
1403,shaeed rajaii,UAE,39211400,21440,146114,Plastics & Polymers,400,5,1715.2,20%,9%,29222.8,15780.31,192832.31,25%,8.99,2.25,48208.08
1403,shaeed rajaii,UAE,72288000,20586,145803,Iron & Steel Products,400,5,1646.88,10%,9%,14580.3,14434.5,176464.68,25%,8.57,2.14,44116.17
1403,shaeed rajaii,UAE,85198100,13370,145146,Electrical Equipment,400,5,1069.6,15%,9%,21771.9,15022.61,183010.11,25%,13.69,3.42,45752.53
1403,shaeed rajaii,UAE,85459030,3788,144826,Electrical Equipment,400,5,303.04,15%,9%,21723.9,14989.49,181842.43,25%,48,12,45460.61
1403,shaeed rajaii,UAE,81019900,1960,144755,General Goods,400,5,156.8,20%,9%,28951,15633.54,189496.34,25%,96.68,24.17,47374.08
1403,shaeed rajaii,UAE,38248900,169600,144298,Chemical Products,400,5,13568,15%,9%,21644.7,14934.84,194445.54,25%,1.15,0.29,48611.38
1403,shaeed rajaii,UAE,25049000,90000,144238,General Goods,400,5,7200,20%,9%,28847.6,15577.7,195863.3,25%,2.18,0.55,48965.82
1403,shaeed rajaii,UAE,81052000,5500,144062,General Goods,400,5,440,20%,9%,28812.4,15558.7,188873.1,25%,34.34,8.59,47218.28
1403,shaeed rajaii,UAE,84798965,2810,143935,Machines & Mechanical Appliances,400,5,224.8,15%,9%,21590.25,14897.27,180647.32,25%,64.29,16.07,45161.83
1403,shaeed rajaii,UAE,85069000,29598,143858,Electrical Equipment,400,5,2367.84,15%,9%,21578.7,14889.3,182693.84,25%,6.17,1.54,45673.46
1403,shaeed rajaii,UAE,37039000,25024,143747,General Goods,400,5,2001.92,20%,9%,28749.4,15524.68,190023,25%,7.59,1.9,47505.75
1403,shaeed rajaii,UAE,84818011,16932,143649,Industrial Machinery,400,5,1354.56,15%,9%,21547.35,14867.67,181418.58,25%,10.71,2.68,45354.64
1403,shaeed rajaii,UAE,84622600,9340,143592,Industrial Machinery,400,5,747.2,15%,9%,21538.8,14861.77,180739.77,25%,19.35,4.84,45184.94
1403,shaeed rajaii,UAE,74072900,12026,143563,General Goods,400,5,962.08,20%,9%,28712.6,15504.8,188742.48,25%,15.69,3.92,47185.62
1403,shaeed rajaii,UAE,84518000,48959,143453,Industrial Machinery,400,5,3916.72,15%,9%,21517.95,14847.39,183735.06,25%,3.75,0.94,45933.76
1403,shaeed rajaii,UAE,29359040,2430,143293,Organic Chemicals,400,5,194.4,15%,9%,21493.95,14830.83,179812.18,25%,74,18.5,44953.04
1403,shaeed rajaii,UAE,72192300,51386,143228,Iron & Steel Products,400,5,4110.88,10%,9%,14322.8,14179.57,175841.25,25%,3.42,0.86,43960.31
1403,shaeed rajaii,UAE,82122000,5406,142570,General Goods,400,5,432.48,20%,9%,28514,15397.56,186914.04,25%,34.58,8.64,46728.51
1403,shaeed rajaii,UAE,29332910,5000,142358,Organic Chemicals,400,5,400,15%,9%,21353.7,14734.05,178845.75,25%,35.77,8.94,44711.44
1403,shaeed rajaii,UAE,40101290,106160,142111,Rubber & Tires,400,5,8492.8,20%,9%,28422.2,15347.99,194373.99,25%,1.83,0.46,48593.5
1403,shaeed rajaii,UAE,85433090,32912,141978,Electrical Equipment,400,5,2632.96,15%,9%,21296.7,14694.72,180602.38,25%,5.49,1.37,45150.6
1403,shaeed rajaii,UAE,84079000,7520,141717,Industrial Machinery,400,5,601.6,15%,9%,21257.55,14667.71,178243.86,25%,23.7,5.92,44560.96
1403,shaeed rajaii,UAE,86079900,10892,141371,General Goods,400,5,871.36,20%,9%,28274.2,15268.07,185784.63,25%,17.06,4.26,46446.16
1403,shaeed rajaii,UAE,90329000,829,141326,General Goods,400,5,66.32,20%,9%,28265.2,15263.21,184920.73,25%,223.06,55.76,46230.18
1403,shaeed rajaii,UAE,84482000,6634,141308,Industrial Machinery,400,5,530.72,15%,9%,21196.2,14625.38,177660.3,25%,26.78,6.7,44415.08
1403,shaeed rajaii,UAE,85143900,54845,141288,Electrical Equipment,400,5,4387.6,15%,9%,21193.2,14623.31,181492.11,25%,3.31,0.83,45373.03
1403,shaeed rajaii,UAE,85182100,48400,140618,Electrical Equipment,400,5,3872,15%,9%,21092.7,14553.96,180136.66,25%,3.72,0.93,45034.16
1403,shaeed rajaii,UAE,15155000,25080,140000,General Goods,400,5,2006.4,20%,9%,28000,15120,185126.4,25%,7.38,1.84,46281.6
1403,shaeed rajaii,UAE,84261190,7026,139861,Industrial Machinery,400,5,562.08,15%,9%,20979.15,14475.61,175877.84,25%,25.03,6.26,43969.46
1403,shaeed rajaii,UAE,73141400,42693,139744,Articles of Iron & Steel,400,5,3415.44,10%,9%,13974.4,13834.66,170968.5,25%,4,1,42742.12
1403,shaeed rajaii,UAE,85452000,8644,139677,Electrical Equipment,400,5,691.52,15%,9%,20951.55,14456.57,175776.64,25%,20.34,5.08,43944.16
1403,shaeed rajaii,UAE,29321400,4000,139657,Organic Chemicals,400,5,320,15%,9%,20948.55,14454.5,175380.05,25%,43.85,10.96,43845.01
1403,shaeed rajaii,UAE,39204370,15989,138619,Plastics & Polymers,400,5,1279.12,20%,9%,27723.8,14970.85,182592.77,25%,11.42,2.86,45648.19
1403,shaeed rajaii,UAE,87083022,18462,138355,Vehicle Parts & Accessories,400,5,1476.96,25%,9%,34588.75,15564.94,189985.65,25%,10.29,2.57,47496.41
1403,shaeed rajaii,UAE,84672200,28310,137707,Industrial Machinery,400,5,2264.8,15%,9%,20656.05,14252.67,174880.52,25%,6.18,1.54,43720.13
1403,shaeed rajaii,UAE,84178000,7960,137321,Industrial Machinery,400,5,636.8,15%,9%,20598.15,14212.72,172768.67,25%,21.7,5.42,43192.17
1403,shaeed rajaii,UAE,85444290,25576,136948,Electrical Equipment,400,5,2046.08,15%,9%,20542.2,14174.12,173710.4,25%,6.79,1.7,43427.6
1403,shaeed rajaii,UAE,54075200,24226,135872,General Goods,400,5,1938.08,20%,9%,27174.4,14674.18,179658.66,25%,7.42,1.86,44914.66
1403,shaeed rajaii,UAE,29362910,17602,135864,Organic Chemicals,400,5,1408.16,15%,9%,20379.6,14061.92,171713.68,25%,9.76,2.44,42928.42
1403,shaeed rajaii,UAE,85043290,62160,135416,Electrical Equipment,400,5,4972.8,15%,9%,20312.4,14015.56,174716.76,25%,2.81,0.7,43679.19
1403,shaeed rajaii,UAE,90259000,601,135258,General Goods,400,5,48.08,20%,9%,27051.6,14607.86,176965.54,25%,294.45,73.61,44241.38
1403,shaeed rajaii,UAE,85462090,53257,134952,Electrical Equipment,400,5,4260.56,15%,9%,20242.8,13967.53,173422.89,25%,3.26,0.82,43355.72
1403,shaeed rajaii,UAE,39069030,14000,134323,Plastics & Polymers,400,5,1120,20%,9%,26864.6,14506.88,176814.48,25%,12.63,3.16,44203.62
1403,shaeed rajaii,UAE,87042190,10900,133960,General Goods,400,5,872,20%,9%,26792,14467.68,176091.68,25%,16.16,4.04,44022.92
1403,shaeed rajaii,UAE,48041900,163500,133934,Paper & Paperboard,400,5,13080,15%,9%,20090.1,13862.17,180966.27,25%,1.11,0.28,45241.57
1403,shaeed rajaii,UAE,39211990,71264,133560,Plastics & Polymers,400,5,5701.12,20%,9%,26712,14424.48,180397.6,25%,2.53,0.63,45099.4
1403,shaeed rajaii,UAE,85472000,10558,133085,Electrical Equipment,400,5,844.64,15%,9%,19962.75,13774.3,167666.69,25%,15.88,3.97,41916.67
1403,shaeed rajaii,UAE,83026000,41353,132909,General Goods,400,5,3308.24,20%,9%,26581.8,14354.17,177153.21,25%,4.28,1.07,44288.3
1403,shaeed rajaii,UAE,48194000,16637,132590,Paper & Paperboard,400,5,1330.96,15%,9%,19888.5,13723.06,167532.52,25%,10.07,2.52,41883.13
1403,shaeed rajaii,UAE,84622300,26845,132427,Industrial Machinery,400,5,2147.6,15%,9%,19864.05,13706.19,168144.84,25%,6.26,1.56,42036.21
1403,shaeed rajaii,UAE,28046900,50000,132424,General Goods,400,5,4000,20%,9%,26484.8,14301.79,177210.59,25%,3.54,0.88,44302.65
1403,shaeed rajaii,UAE,85362020,5640,132400,Electrical Equipment,400,5,451.2,15%,9%,19860,13703.4,166414.6,25%,29.51,7.38,41603.65
1403,shaeed rajaii,UAE,29334990,1250,132396,Organic Chemicals,400,5,100,15%,9%,19859.4,13702.99,166058.39,25%,132.85,33.21,41514.6
1403,shaeed rajaii,UAE,38089940,5184,132099,Chemical Products,400,5,414.72,15%,9%,19814.85,13672.25,166000.82,25%,32.02,8.01,41500.2
1403,shaeed rajaii,UAE,84672990,5599,132078,Industrial Machinery,400,5,447.92,15%,9%,19811.7,13670.07,166007.69,25%,29.65,7.41,41501.92
1403,shaeed rajaii,UAE,37079010,32971,132066,General Goods,400,5,2637.68,20%,9%,26413.2,14263.13,175380.01,25%,5.32,1.33,43845
1403,shaeed rajaii,UAE,85059090,18044,131682,Electrical Equipment,400,5,1443.52,15%,9%,19752.3,13629.09,166506.91,25%,9.23,2.31,41626.73
1403,shaeed rajaii,UAE,39173300,5263,131667,Plastics & Polymers,400,5,421.04,20%,9%,26333.4,14220.04,172641.48,25%,32.8,8.2,43160.37
1403,shaeed rajaii,UAE,73158200,56978,131524,Articles of Iron & Steel,400,5,4558.24,10%,9%,13152.4,13020.88,162255.52,25%,2.85,0.71,40563.88
1403,shaeed rajaii,UAE,82054090,31540,131432,General Goods,400,5,2523.2,20%,9%,26286.4,14194.66,174436.26,25%,5.53,1.38,43609.06
1403,shaeed rajaii,UAE,90261090,4237,131158,General Goods,400,5,338.96,20%,9%,26231.6,14165.06,171893.62,25%,40.57,10.14,42973.4
1403,shaeed rajaii,UAE,29173200,64000,130701,Organic Chemicals,400,5,5120,15%,9%,19605.15,13527.55,168953.7,25%,2.64,0.66,42238.42
1403,shaeed rajaii,UAE,84329000,48767,130531,Industrial Machinery,400,5,3901.36,15%,9%,19579.65,13509.96,167521.97,25%,3.44,0.86,41880.49
1403,shaeed rajaii,UAE,12092910,20000,130477,General Goods,400,5,1600,20%,9%,26095.4,14091.52,172263.92,25%,8.61,2.15,43065.98
1403,shaeed rajaii,UAE,84798950,51142,130350,Machines & Mechanical Appliances,400,5,4091.36,15%,9%,19552.5,13491.22,167485.08,25%,3.27,0.82,41871.27
1403,shaeed rajaii,UAE,83099010,9486,129594,General Goods,400,5,758.88,20%,9%,25918.8,13996.15,170267.83,25%,17.95,4.49,42566.96
1403,shaeed rajaii,UAE,39046120,16284,129447,Plastics & Polymers,400,5,1302.72,20%,9%,25889.4,13980.28,170619.4,25%,10.48,2.62,42654.85
1403,shaeed rajaii,UAE,72251900,144600,128997,Iron & Steel Products,400,5,11568,10%,9%,12899.7,12770.7,166235.4,25%,1.15,0.29,41558.85
1403,shaeed rajaii,UAE,29241290,80800,128949,Organic Chemicals,400,5,6464,15%,9%,19342.35,13346.22,168101.57,25%,2.08,0.52,42025.39
1403,shaeed rajaii,UAE,84209100,8260,128764,Industrial Machinery,400,5,660.8,15%,9%,19314.6,13327.07,162066.47,25%,19.62,4.9,40516.62
1403,shaeed rajaii,UAE,85447010,7555,128602,Electrical Equipment,400,5,604.4,15%,9%,19290.3,13310.31,161807.01,25%,21.42,5.36,40451.75
1403,shaeed rajaii,UAE,84490000,40340,128540,Industrial Machinery,400,5,3227.2,15%,9%,19281,13303.89,164352.09,25%,4.07,1.02,41088.02
1403,shaeed rajaii,UAE,84596100,43400,126599,Industrial Machinery,400,5,3472,15%,9%,18989.85,13103,162163.85,25%,3.74,0.94,40540.96
1403,shaeed rajaii,UAE,29037100,31280,126552,Organic Chemicals,400,5,2502.4,15%,9%,18982.8,13098.13,161135.33,25%,5.15,1.29,40283.83
1403,shaeed rajaii,UAE,29221500,72800,126552,Organic Chemicals,400,5,5824,15%,9%,18982.8,13098.13,164456.93,25%,2.26,0.56,41114.23
1403,shaeed rajaii,UAE,84614000,15060,126231,Industrial Machinery,400,5,1204.8,15%,9%,18934.65,13064.91,159435.36,25%,10.59,2.65,39858.84
1403,shaeed rajaii,UAE,29359030,8900,125840,Organic Chemicals,400,5,712,15%,9%,18876,13024.44,158452.44,25%,17.8,4.45,39613.11
1403,shaeed rajaii,UAE,38069000,54000,125765,Chemical Products,400,5,4320,15%,9%,18864.75,13016.68,161966.43,25%,3,0.75,40491.61
1403,shaeed rajaii,UAE,38229000,850,125605,Chemical Products,400,5,68,15%,9%,18840.75,13000.12,157513.87,25%,185.31,46.33,39378.47
1403,shaeed rajaii,UAE,84735000,425,125343,Industrial Machinery,400,5,34,15%,9%,18801.45,12973,157151.45,25%,369.77,92.44,39287.86
1403,shaeed rajaii,UAE,73144100,52934,125029,Articles of Iron & Steel,400,5,4234.72,10%,9%,12502.9,12377.87,154144.49,25%,2.91,0.73,38536.12
1403,shaeed rajaii,UAE,29163120,105000,124372,Organic Chemicals,400,5,8400,15%,9%,18655.8,12872.5,164300.3,25%,1.56,0.39,41075.07
1403,shaeed rajaii,UAE,84313110,33090,124049,Industrial Machinery,400,5,2647.2,15%,9%,18607.35,12839.07,158142.62,25%,4.78,1.2,39535.66
1403,shaeed rajaii,UAE,73181690,3528,123648,Articles of Iron & Steel,400,5,282.24,10%,9%,12364.8,12241.15,148536.19,25%,42.1,10.52,37134.05
1403,shaeed rajaii,UAE,72201200,142530,123288,Iron & Steel Products,400,5,11402.4,10%,9%,12328.8,12205.51,159224.71,25%,1.12,0.28,39806.18
1403,shaeed rajaii,UAE,52094200,28480,123279,General Goods,400,5,2278.4,20%,9%,24655.8,13314.13,163527.33,25%,5.74,1.44,40881.83
1403,shaeed rajaii,UAE,83014010,61105,123271,General Goods,400,5,4888.4,20%,9%,24654.2,13313.27,166126.87,25%,2.72,0.68,41531.72
1403,shaeed rajaii,UAE,38089222,19300,122893,Chemical Products,400,5,1544,15%,9%,18433.95,12719.43,155590.38,25%,8.06,2.02,38897.6
1403,shaeed rajaii,UAE,84818065,1824,121903,Industrial Machinery,400,5,145.92,15%,9%,18285.45,12616.96,152951.33,25%,83.85,20.96,38237.83
1403,shaeed rajaii,UAE,69022020,2030,121500,General Goods,400,5,162.4,20%,9%,24300,13122,159084.4,25%,78.37,19.59,39771.1
1403,shaeed rajaii,UAE,32041410,12925,120964,General Goods,400,5,1034,20%,9%,24192.8,13064.11,159254.91,25%,12.32,3.08,39813.73
1403,shaeed rajaii,UAE,65061010,16300,120376,General Goods,400,5,1304,20%,9%,24075.2,13000.61,158755.81,25%,9.74,2.44,39688.95
1403,shaeed rajaii,UAE,29181900,44350,119759,Organic Chemicals,400,5,3548,15%,9%,17963.85,12395.06,153665.91,25%,3.46,0.86,38416.48
1403,shaeed rajaii,UAE,85366100,15123,119750,Electrical Equipment,400,5,1209.84,15%,9%,17962.5,12394.12,151316.46,25%,10.01,2.5,37829.12
1403,shaeed rajaii,UAE,73151290,55167,119591,Articles of Iron & Steel,400,5,4413.36,10%,9%,11959.1,11839.51,147802.97,25%,2.68,0.67,36950.74
1403,shaeed rajaii,UAE,76052900,25832,119355,General Goods,400,5,2066.56,20%,9%,23871,12890.34,158182.9,25%,6.12,1.53,39545.72
1403,shaeed rajaii,UAE,87082940,6834,119027,Vehicle Parts & Accessories,400,5,546.72,25%,9%,29756.75,13390.54,162721.01,25%,23.81,5.95,40680.25
1403,shaeed rajaii,UAE,85392940,3012,118713,Electrical Equipment,400,5,240.96,15%,9%,17806.95,12286.8,149047.71,25%,49.48,12.37,37261.93
1403,shaeed rajaii,UAE,29039100,105000,118367,Organic Chemicals,400,5,8400,15%,9%,17755.05,12250.98,156773.03,25%,1.49,0.37,39193.26
1403,shaeed rajaii,UAE,84732900,2250,118114,Industrial Machinery,400,5,180,15%,9%,17717.1,12224.8,148235.9,25%,65.88,16.47,37058.98
1403,shaeed rajaii,UAE,84459000,31943,117902,Industrial Machinery,400,5,2555.44,15%,9%,17685.3,12202.86,150345.6,25%,4.71,1.18,37586.4
1403,shaeed rajaii,UAE,29055990,100000,116998,Organic Chemicals,400,5,8000,15%,9%,17549.7,12109.29,154656.99,25%,1.55,0.39,38664.25
1403,shaeed rajaii,UAE,29054100,58000,116825,Organic Chemicals,400,5,4640,15%,9%,17523.75,12091.39,151080.14,25%,2.6,0.65,37770.04
1403,shaeed rajaii,UAE,12119050,15600,116814,General Goods,400,5,1248,20%,9%,23362.8,12615.91,154040.71,25%,9.87,2.47,38510.18
1403,shaeed rajaii,UAE,85354090,1307,116202,Electrical Equipment,400,5,104.56,15%,9%,17430.3,12026.91,145763.77,25%,111.53,27.88,36440.94
1403,shaeed rajaii,UAE,29161500,22991,116174,Organic Chemicals,400,5,1839.28,15%,9%,17426.1,12024.01,147463.39,25%,6.41,1.6,36865.85
1403,shaeed rajaii,UAE,87149990,5602,116133,General Goods,400,5,448.16,20%,9%,23226.6,12542.36,152350.12,25%,27.2,6.8,38087.53
1403,shaeed rajaii,UAE,84304900,26080,115686,Industrial Machinery,400,5,2086.4,15%,9%,17352.9,11973.5,147098.8,25%,5.64,1.41,36774.7
1403,shaeed rajaii,UAE,38101029,20100,115626,Chemical Products,400,5,1608,15%,9%,17343.9,11967.29,146545.19,25%,7.29,1.82,36636.3
1403,shaeed rajaii,UAE,87088029,2386,115509,Vehicle Parts & Accessories,400,5,190.88,25%,9%,28877.25,12994.76,157571.89,25%,66.04,16.51,39392.97
1403,shaeed rajaii,UAE,85079090,1310,115195,Electrical Equipment,400,5,104.8,15%,9%,17279.25,11922.68,144501.73,25%,110.31,27.58,36125.43
1403,shaeed rajaii,UAE,55091200,24549,113963,General Goods,400,5,1963.92,20%,9%,22792.6,12308,151027.52,25%,6.15,1.54,37756.88
1403,shaeed rajaii,UAE,40101210,12044,113945,Rubber & Tires,400,5,963.52,20%,9%,22789,12306.06,150003.58,25%,12.45,3.11,37500.89
1403,shaeed rajaii,UAE,85061020,21248,113672,Electrical Equipment,400,5,1699.84,15%,9%,17050.8,11765.05,144187.69,25%,6.79,1.7,36046.92
1403,shaeed rajaii,UAE,84021900,53314,113396,Industrial Machinery,400,5,4265.12,15%,9%,17009.4,11736.49,146407.01,25%,2.75,0.69,36601.75
1403,shaeed rajaii,UAE,27101290,25786,113382,Mineral Fuels & Oils,400,5,2062.88,5%,9%,5669.1,10714.6,131828.58,25%,5.11,1.28,32957.14
1403,shaeed rajaii,UAE,87089321,16766,113016,Vehicle Parts & Accessories,400,5,1341.28,25%,9%,28254,12714.3,155325.58,25%,9.26,2.32,38831.39
1403,shaeed rajaii,UAE,83071090,23826,112443,General Goods,400,5,1906.08,20%,9%,22488.6,12143.84,148981.52,25%,6.25,1.56,37245.38
1403,shaeed rajaii,UAE,91099000,4030,112297,General Goods,400,5,322.4,20%,9%,22459.4,12128.08,147206.88,25%,36.53,9.13,36801.72
1403,shaeed rajaii,UAE,85076010,2176,112254,Electrical Equipment,400,5,174.08,15%,9%,16838.1,11618.29,140884.47,25%,64.74,16.18,35221.12
1403,shaeed rajaii,UAE,59090000,11650,112212,General Goods,400,5,932,20%,9%,22442.4,12118.9,147705.3,25%,12.68,3.17,36926.32
1403,shaeed rajaii,UAE,70196600,70334,112185,General Goods,400,5,5626.72,20%,9%,22437,12115.98,152364.7,25%,2.17,0.54,38091.18
1403,shaeed rajaii,UAE,83024230,71260,111912,General Goods,400,5,5700.8,20%,9%,22382.4,12086.5,152081.7,25%,2.13,0.53,38020.43
1403,shaeed rajaii,UAE,84148010,803,111495,Compressors & Pumps,400,5,64.24,15%,9%,16724.25,11539.73,139823.22,25%,174.13,43.53,34955.8
1403,shaeed rajaii,UAE,84669300,30976,111418,Industrial Machinery,400,5,2478.08,15%,9%,16712.7,11531.76,142140.54,25%,4.59,1.15,35535.14
1403,shaeed rajaii,UAE,72125010,98020,111175,Iron & Steel Products,400,5,7841.6,10%,9%,11117.5,11006.32,141140.42,25%,1.44,0.36,35285.11
1403,shaeed rajaii,UAE,29181200,5425,110982,Organic Chemicals,400,5,434,15%,9%,16647.3,11486.64,139549.94,25%,25.72,6.43,34887.48
1403,shaeed rajaii,UAE,84559000,3210,110741,Industrial Machinery,400,5,256.8,15%,9%,16611.15,11461.69,139070.64,25%,43.32,10.83,34767.66
1403,shaeed rajaii,UAE,40103910,4005,110724,Rubber & Tires,400,5,320.4,20%,9%,22144.8,11958.19,145147.39,25%,36.24,9.06,36286.85
1403,shaeed rajaii,UAE,90223000,700,110436,General Goods,400,5,56,20%,9%,22087.2,11927.09,144506.29,25%,206.44,51.61,36126.57
1403,shaeed rajaii,UAE,29224290,26000,110276,Organic Chemicals,400,5,2080,15%,9%,16541.4,11413.57,140310.97,25%,5.4,1.35,35077.74
1403,shaeed rajaii,UAE,59111090,11300,110261,General Goods,400,5,904,20%,9%,22052.2,11908.19,145125.39,25%,12.84,3.21,36281.35
1403,shaeed rajaii,UAE,85414900,61860,109897,Semiconductors & Solar Cells,400,5,4948.8,15%,9%,16484.55,11374.34,142704.69,25%,2.31,0.58,35676.17
1403,shaeed rajaii,UAE,84272012,29600,109871,Industrial Machinery,400,5,2368,15%,9%,16480.65,11371.65,140091.3,25%,4.73,1.18,35022.82
1403,shaeed rajaii,UAE,81110090,49000,109274,General Goods,400,5,3920,20%,9%,21854.8,11801.59,146850.39,25%,3,0.75,36712.6
1403,shaeed rajaii,UAE,85437090,20685,109263,Electrical Equipment,400,5,1654.8,15%,9%,16389.45,11308.72,138615.97,25%,6.7,1.68,34653.99
1403,shaeed rajaii,UAE,68061010,19132,109215,General Goods,400,5,1530.56,20%,9%,21843,11795.22,144383.78,25%,7.55,1.89,36095.94
1403,shaeed rajaii,UAE,84592100,19200,109164,Industrial Machinery,400,5,1536,15%,9%,16374.6,11298.47,138373.07,25%,7.21,1.8,34593.27
1403,shaeed rajaii,UAE,84818025,20230,108918,Industrial Machinery,400,5,1618.4,15%,9%,16337.7,11273.01,138147.11,25%,6.83,1.71,34536.78
1403,shaeed rajaii,UAE,98870441,25625,108918,Vehicle/Chassis/Tractor Parts,400,5,2050,40%,9%,43567.2,13723.67,168258.87,25%,6.57,1.64,42064.72
1403,shaeed rajaii,UAE,84825000,4360,108257,Industrial Machinery,400,5,348.8,15%,9%,16238.55,11204.6,136048.95,25%,31.2,7.8,34012.24
1403,shaeed rajaii,UAE,84251900,18090,107409,Industrial Machinery,400,5,1447.2,15%,9%,16111.35,11116.83,136084.38,25%,7.52,1.88,34021.1
1403,shaeed rajaii,UAE,29153300,52380,106971,Organic Chemicals,400,5,4190.4,15%,9%,16045.65,11071.5,138278.55,25%,2.64,0.66,34569.64
1403,shaeed rajaii,UAE,84132000,46301,106874,Industrial Machinery,400,5,3704.08,15%,9%,16031.1,11061.46,137670.64,25%,2.97,0.74,34417.66
1403,shaeed rajaii,UAE,85042200,15400,106835,Electrical Equipment,400,5,1232,15%,9%,16025.25,11057.42,135149.67,25%,8.78,2.19,33787.42
1403,shaeed rajaii,UAE,94054990,22642,106825,General Goods,400,5,1811.36,20%,9%,21365,11537.1,141538.46,25%,6.25,1.56,35384.62
1403,shaeed rajaii,UAE,39012090,23000,106490,Plastics & Polymers,400,5,1840,20%,9%,21298,11500.92,141128.92,25%,6.14,1.54,35282.23
1403,shaeed rajaii,UAE,48115110,82273,106476,Paper & Paperboard,400,5,6581.84,15%,9%,15971.4,11020.27,140049.51,25%,1.7,0.42,35012.38
1403,shaeed rajaii,UAE,90278990,258,106400,General Goods,400,5,20.64,20%,9%,21280,11491.2,139191.84,25%,539.5,134.88,34797.96
1403,shaeed rajaii,UAE,84135010,1253,106260,Industrial Machinery,400,5,100.24,15%,9%,15939,10997.91,133297.15,25%,106.38,26.6,33324.29
1403,shaeed rajaii,UAE,73182200,9969,106246,Articles of Iron & Steel,400,5,797.52,10%,9%,10624.6,10518.35,128186.47,25%,12.86,3.22,32046.62
1403,shaeed rajaii,UAE,28429090,40000,106086,General Goods,400,5,3200,20%,9%,21217.2,11457.29,141960.49,25%,3.55,0.89,35490.12
1403,shaeed rajaii,UAE,72112990,74670,105928,Iron & Steel Products,400,5,5973.6,10%,9%,10592.8,10486.87,132981.27,25%,1.78,0.44,33245.32
1403,shaeed rajaii,UAE,84241090,16850,105736,Industrial Machinery,400,5,1348,15%,9%,15860.4,10943.68,133888.08,25%,7.95,1.99,33472.02
1403,shaeed rajaii,UAE,90269000,5143,105413,General Goods,400,5,411.44,20%,9%,21082.6,11384.6,138291.64,25%,26.89,6.72,34572.91
1403,shaeed rajaii,UAE,84729080,1120,105351,Industrial Machinery,400,5,89.6,15%,9%,15802.65,10903.83,132147.08,25%,117.99,29.5,33036.77
1403,shaeed rajaii,UAE,34024190,20000,105339,General Goods,400,5,1600,20%,9%,21067.8,11376.61,139383.41,25%,6.97,1.74,34845.85
1403,shaeed rajaii,UAE,75089000,1161,104965,General Goods,400,5,92.88,20%,9%,20993,11336.22,137387.1,25%,118.34,29.58,34346.78
1403,shaeed rajaii,UAE,28366000,108000,104833,General Goods,400,5,8640,20%,9%,20966.6,11321.96,145761.56,25%,1.35,0.34,36440.39
1403,shaeed rajaii,UAE,84123900,19215,104767,Industrial Machinery,400,5,1537.2,15%,9%,15715.05,10843.38,132862.63,25%,6.91,1.73,33215.66
1403,shaeed rajaii,UAE,44050000,34000,104757,General Goods,400,5,2720,20%,9%,20951.4,11313.76,139742.16,25%,4.11,1.03,34935.54
1403,shaeed rajaii,UAE,84801000,5179,104757,Industrial Machinery,400,5,414.32,15%,9%,15713.55,10842.35,131727.22,25%,25.43,6.36,32931.8
1403,shaeed rajaii,UAE,73061110,25499,104461,Articles of Iron & Steel,400,5,2039.92,10%,9%,10446.1,10341.64,127288.66,25%,4.99,1.25,31822.16
1403,shaeed rajaii,UAE,84806000,49200,104419,Industrial Machinery,400,5,3936,15%,9%,15662.85,10807.37,134825.22,25%,2.74,0.68,33706.3
1403,shaeed rajaii,UAE,90318090,2569,104286,General Goods,400,5,205.52,20%,9%,20857.2,11262.89,136611.61,25%,53.18,13.3,34152.9
1403,shaeed rajaii,UAE,39021091,31525,103766,Plastics & Polymers,400,5,2522,20%,9%,20753.2,11206.73,138247.93,25%,4.39,1.1,34561.98
1403,shaeed rajaii,UAE,49111000,46772,103724,General Goods,400,5,3741.76,20%,9%,20744.8,11202.19,139412.75,25%,2.98,0.74,34853.19
1403,shaeed rajaii,UAE,72021920,50000,103703,Iron & Steel Products,400,5,4000,10%,9%,10370.3,10266.6,128339.9,25%,2.57,0.64,32084.98
1403,shaeed rajaii,UAE,90101090,12994,103618,General Goods,400,5,1039.52,20%,9%,20723.6,11190.74,136571.86,25%,10.51,2.63,34142.96
1403,shaeed rajaii,UAE,94069020,141230,103472,General Goods,400,5,11298.4,20%,9%,20694.4,11174.98,146639.78,25%,1.04,0.26,36659.94
1403,shaeed rajaii,UAE,37032000,17830,103311,General Goods,400,5,1426.4,20%,9%,20662.2,11157.59,136557.19,25%,7.66,1.92,34139.3
1403,shaeed rajaii,UAE,29321300,80000,103286,Organic Chemicals,400,5,6400,15%,9%,15492.9,10690.1,135869,25%,1.7,0.42,33967.25
1403,shaeed rajaii,UAE,48099090,49671,103070,Paper & Paperboard,400,5,3973.68,15%,9%,15460.5,10667.74,133171.92,25%,2.68,0.67,33292.98
1403,shaeed rajaii,UAE,69091990,8200,102780,General Goods,400,5,656,20%,9%,20556,11100.24,135092.24,25%,16.47,4.12,33773.06
1403,shaeed rajaii,UAE,84135090,8003,102533,Industrial Machinery,400,5,640.24,15%,9%,15379.95,10612.17,129165.36,25%,16.14,4.04,32291.34
1403,shaeed rajaii,UAE,82129090,14912,102439,General Goods,400,5,1192.96,20%,9%,20487.8,11063.41,135183.17,25%,9.07,2.27,33795.79
1403,shaeed rajaii,UAE,87082990,13482,102341,Vehicle Parts & Accessories,400,5,1078.56,25%,9%,25585.25,11513.36,140518.17,25%,10.42,2.6,35129.54
1403,shaeed rajaii,UAE,60063100,56240,101676,General Goods,400,5,4499.2,20%,9%,20335.2,10981.01,137491.41,25%,2.44,0.61,34372.85
1403,shaeed rajaii,UAE,90058010,6102,101344,General Goods,400,5,488.16,20%,9%,20268.8,10945.15,133046.11,25%,21.8,5.45,33261.53
1403,shaeed rajaii,UAE,32065000,12900,101233,General Goods,400,5,1032,20%,9%,20246.6,10933.16,133444.76,25%,10.34,2.58,33361.19
1403,shaeed rajaii,UAE,39045000,19200,100714,Plastics & Polymers,400,5,1536,20%,9%,20142.8,10877.11,133269.91,25%,6.94,1.74,33317.48
1403,shaeed rajaii,UAE,85103000,1040,100447,Electrical Equipment,400,5,83.2,15%,9%,15067.05,10396.26,125993.51,25%,121.15,30.29,31498.38
1403,shaeed rajaii,UAE,94011000,2300,100000,General Goods,400,5,184,20%,9%,20000,10800,130984,25%,56.95,14.24,32746
1403,shaeed rajaii,UAE,38089321,14038,99730,Chemical Products,400,5,1123.04,15%,9%,14959.5,10322.06,126134.6,25%,8.99,2.25,31533.65
1403,shaeed rajaii,UAE,73182300,50057,99706,Articles of Iron & Steel,400,5,4004.56,10%,9%,9970.6,9870.89,123552.05,25%,2.47,0.62,30888.01
1403,shaeed rajaii,UAE,38101090,1067,99133,Chemical Products,400,5,85.36,15%,9%,14869.95,10260.27,124348.58,25%,116.54,29.14,31087.14
1403,shaeed rajaii,UAE,70179010,30720,98895,General Goods,400,5,2457.6,20%,9%,19779,10680.66,131812.26,25%,4.29,1.07,32953.06
1403,shaeed rajaii,UAE,59021050,12000,98745,General Goods,400,5,960,20%,9%,19749,10664.46,130118.46,25%,10.84,2.71,32529.62
1403,shaeed rajaii,UAE,25030090,96000,98543,General Goods,400,5,7680,20%,9%,19708.6,10642.64,136574.24,25%,1.42,0.36,34143.56
1403,shaeed rajaii,UAE,39173200,24190,98399,Plastics & Polymers,400,5,1935.2,20%,9%,19679.8,10627.09,130641.09,25%,5.4,1.35,32660.27
1403,shaeed rajaii,UAE,95071000,5718,97785,General Goods,400,5,457.44,20%,9%,19557,10560.78,128360.22,25%,22.45,5.61,32090.06
1403,shaeed rajaii,UAE,39172900,14428,97735,Plastics & Polymers,400,5,1154.24,20%,9%,19547,10555.38,128991.62,25%,8.94,2.24,32247.9
1403,shaeed rajaii,UAE,85141990,22442,97632,Electrical Equipment,400,5,1795.36,15%,9%,14644.8,10104.91,124177.07,25%,5.53,1.38,31044.27
1403,shaeed rajaii,UAE,81041900,27300,97567,General Goods,400,5,2184,20%,9%,19513.4,10537.24,129801.64,25%,4.75,1.19,32450.41
1403,shaeed rajaii,UAE,35051010,33875,97523,General Goods,400,5,2710,20%,9%,19504.6,10532.48,130270.08,25%,3.85,0.96,32567.52
1403,shaeed rajaii,UAE,55081000,158893,97293,General Goods,400,5,12711.44,20%,9%,19458.6,10507.64,139970.68,25%,0.88,0.22,34992.67
1403,shaeed rajaii,UAE,29071200,5000,97005,Organic Chemicals,400,5,400,15%,9%,14550.75,10040.02,121995.77,25%,24.4,6.1,30498.94
1403,shaeed rajaii,UAE,82129010,7853,96735,General Goods,400,5,628.24,20%,9%,19347,10447.38,127157.62,25%,16.19,4.05,31789.4
1403,shaeed rajaii,UAE,85412900,3397,96731,Semiconductors & Solar Cells,400,5,271.76,15%,9%,14509.65,10011.66,121524.07,25%,35.77,8.94,30381.02
1403,shaeed rajaii,UAE,54022000,10560,96480,General Goods,400,5,844.8,20%,9%,19296,10419.84,127040.64,25%,12.03,3.01,31760.16
1403,shaeed rajaii,UAE,85043120,740,95784,Electrical Equipment,400,5,59.2,15%,9%,14367.6,9913.64,120124.44,25%,162.33,40.58,30031.11
1403,shaeed rajaii,UAE,96081020,5392,95570,General Goods,400,5,431.36,20%,9%,19114,10321.56,125436.92,25%,23.26,5.82,31359.23
1403,shaeed rajaii,UAE,92071000,15510,95314,General Goods,400,5,1240.8,20%,9%,19062.8,10293.91,125911.51,25%,8.12,2.03,31477.88
1403,shaeed rajaii,UAE,85371090,9510,95182,Electrical Equipment,400,5,760.8,15%,9%,14277.3,9851.34,120071.44,25%,12.63,3.16,30017.86
1403,shaeed rajaii,UAE,59019000,32400,95145,General Goods,400,5,2592,20%,9%,19029,10275.66,127041.66,25%,3.92,0.98,31760.42
1403,shaeed rajaii,UAE,84138200,7219,94879,Industrial Machinery,400,5,577.52,15%,9%,14231.85,9819.98,119508.35,25%,16.55,4.14,29877.09
1403,shaeed rajaii,UAE,19030000,100000,94784,General Goods,400,5,8000,20%,9%,18956.8,10236.67,131977.47,25%,1.32,0.33,32994.37
1403,shaeed rajaii,UAE,39075090,32000,94740,Plastics & Polymers,400,5,2560,20%,9%,18948,10231.92,126479.92,25%,3.95,0.99,31619.98
1403,shaeed rajaii,UAE,98870432,13792,94659,Vehicle/Chassis/Tractor Parts,400,5,1103.36,40%,9%,37863.6,11927.03,145552.99,25%,10.55,2.64,36388.25
1403,shaeed rajaii,UAE,84678100,26098,93889,Industrial Machinery,400,5,2087.84,15%,9%,14083.35,9717.51,119777.7,25%,4.59,1.15,29944.42
1403,shaeed rajaii,UAE,29173490,36000,93733,Organic Chemicals,400,5,2880,15%,9%,14059.95,9701.37,120374.32,25%,3.34,0.84,30093.58
1403,shaeed rajaii,UAE,84399100,11289,93459,Industrial Machinery,400,5,903.12,15%,9%,14018.85,9673.01,118053.98,25%,10.46,2.62,29513.5
1403,shaeed rajaii,UAE,32064200,23000,93272,General Goods,400,5,1840,20%,9%,18654.4,10073.38,123839.78,25%,5.38,1.34,30959.94
1403,shaeed rajaii,UAE,94054290,16974,92761,General Goods,400,5,1357.92,20%,9%,18552.2,10018.19,122689.31,25%,7.23,1.81,30672.33
1403,shaeed rajaii,UAE,34070010,21800,92609,General Goods,400,5,1744,20%,9%,18521.8,10001.77,122876.57,25%,5.64,1.41,30719.14
1403,shaeed rajaii,UAE,70072120,4626,92498,General Goods,400,5,370.08,20%,9%,18499.6,9989.78,121357.46,25%,26.23,6.56,30339.36
1403,shaeed rajaii,UAE,84269100,6000,92036,Industrial Machinery,400,5,480,15%,9%,13805.4,9525.73,115847.13,25%,19.31,4.83,28961.78
1403,shaeed rajaii,UAE,76052100,22500,92025,General Goods,400,5,1800,20%,9%,18405,9938.7,122168.7,25%,5.43,1.36,30542.18
1403,shaeed rajaii,UAE,58071000,41075,91637,General Goods,400,5,3286,20%,9%,18327.4,9896.8,123147.2,25%,3,0.75,30786.8
1403,shaeed rajaii,UAE,81130000,1600,91491,General Goods,400,5,128,20%,9%,18298.2,9881.03,119798.23,25%,74.87,18.72,29949.56
1403,shaeed rajaii,UAE,83112000,2947,91413,General Goods,400,5,235.76,20%,9%,18282.6,9872.6,119803.96,25%,40.65,10.16,29950.99
1403,shaeed rajaii,UAE,48101400,35860,91145,Paper & Paperboard,400,5,2868.8,15%,9%,13671.75,9433.51,117119.06,25%,3.27,0.82,29279.76
1403,shaeed rajaii,UAE,32041590,4000,90996,General Goods,400,5,320,20%,9%,18199.2,9827.57,119342.77,25%,29.84,7.46,29835.69
1403,shaeed rajaii,UAE,32082010,7920,90900,General Goods,400,5,633.6,20%,9%,18180,9817.2,119530.8,25%,15.09,3.77,29882.7
1403,shaeed rajaii,UAE,90106000,33022,90773,General Goods,400,5,2641.76,20%,9%,18154.6,9803.48,121372.84,25%,3.68,0.92,30343.21
1403,shaeed rajaii,UAE,54076100,23970,90379,General Goods,400,5,1917.6,20%,9%,18075.8,9760.93,120133.33,25%,5.01,1.25,30033.33
1403,shaeed rajaii,UAE,72163200,125263,90152,Iron & Steel Products,400,5,10021.04,10%,9%,9015.2,8925.05,118113.29,25%,0.94,0.24,29528.32
1403,shaeed rajaii,UAE,15162040,36000,90047,General Goods,400,5,2880,20%,9%,18009.4,9725.08,120661.48,25%,3.35,0.84,30165.37
1403,shaeed rajaii,UAE,75071200,2130,89903,General Goods,400,5,170.4,20%,9%,17980.6,9709.52,117763.52,25%,55.29,13.82,29440.88
1403,shaeed rajaii,UAE,25132090,378840,89867,General Goods,400,5,30307.2,20%,9%,17973.4,9705.64,147853.24,25%,0.39,0.1,36963.31
1403,shaeed rajaii,UAE,29189990,16000,89417,Organic Chemicals,400,5,1280,15%,9%,13412.55,9254.66,113364.21,25%,7.09,1.77,28341.05
1403,shaeed rajaii,UAE,29071900,13900,89118,Organic Chemicals,400,5,1112,15%,9%,13367.7,9223.71,112821.41,25%,8.12,2.03,28205.35
1403,shaeed rajaii,UAE,84581990,25900,89079,Industrial Machinery,400,5,2072,15%,9%,13361.85,9219.68,113732.53,25%,4.39,1.1,28433.13
1403,shaeed rajaii,UAE,64062000,40342,88956,General Goods,400,5,3227.36,20%,9%,17791.2,9607.25,119581.81,25%,2.96,0.74,29895.45
1403,shaeed rajaii,UAE,84119100,522,88776,Industrial Machinery,400,5,41.76,15%,9%,13316.4,9188.32,111322.48,25%,213.26,53.32,27830.62
1403,shaeed rajaii,UAE,96089100,2276,88748,General Goods,400,5,182.08,20%,9%,17749.6,9584.78,116264.46,25%,51.08,12.77,29066.12
1403,shaeed rajaii,UAE,28369190,4000,88534,General Goods,400,5,320,20%,9%,17706.8,9561.67,116122.47,25%,29.03,7.26,29030.62
1403,shaeed rajaii,UAE,85182930,7547,88229,Electrical Equipment,400,5,603.76,15%,9%,13234.35,9131.7,111198.81,25%,14.73,3.68,27799.7
1403,shaeed rajaii,UAE,38109000,3034,88161,Chemical Products,400,5,242.72,15%,9%,13224.15,9124.66,110752.53,25%,36.5,9.12,27688.13
1403,shaeed rajaii,UAE,40051000,4500,88042,Rubber & Tires,400,5,360,20%,9%,17608.4,9508.54,115518.94,25%,25.67,6.42,28879.74
1403,shaeed rajaii,UAE,72022900,50000,87951,Iron & Steel Products,400,5,4000,10%,9%,8795.1,8707.15,109453.25,25%,2.19,0.55,27363.31
1403,shaeed rajaii,UAE,84849090,960,87622,Industrial Machinery,400,5,76.8,15%,9%,13143.3,9068.88,109910.98,25%,114.49,28.62,27477.74
1403,shaeed rajaii,UAE,29312000,2000,87543,Organic Chemicals,400,5,160,15%,9%,13131.45,9060.7,109895.15,25%,54.95,13.74,27473.79
1403,shaeed rajaii,UAE,48169010,10320,87520,Paper & Paperboard,400,5,825.6,15%,9%,13128,9058.32,110531.92,25%,10.71,2.68,27632.98
1403,shaeed rajaii,UAE,38190090,6854,87360,Chemical Products,400,5,548.32,15%,9%,13104,9041.76,110054.08,25%,16.06,4.01,27513.52
1403,shaeed rajaii,UAE,83024190,29219,87213,General Goods,400,5,2337.52,20%,9%,17442.6,9419,116412.12,25%,3.98,1,29103.03
1403,shaeed rajaii,UAE,48084000,24373,86926,Paper & Paperboard,400,5,1949.84,15%,9%,13038.9,8996.84,110911.58,25%,4.55,1.14,27727.9
1403,shaeed rajaii,UAE,84425010,2621,86928,Industrial Machinery,400,5,209.68,15%,9%,13039.2,8997.05,109173.93,25%,41.65,10.41,27293.48
1403,shaeed rajaii,UAE,40169980,4799,86804,Rubber & Tires,400,5,383.92,20%,9%,17360.8,9374.83,113923.55,25%,23.74,5.94,28480.89
1403,shaeed rajaii,UAE,70091000,2123,86705,General Goods,400,5,169.84,20%,9%,17341,9364.14,113579.98,25%,53.5,13.38,28395
1403,shaeed rajaii,UAE,84513020,7998,86145,Industrial Machinery,400,5,639.84,15%,9%,12921.75,8916.01,108622.6,25%,13.58,3.4,27155.65
1403,shaeed rajaii,UAE,58041000,28520,85424,General Goods,400,5,2281.6,20%,9%,17084.8,9225.79,114016.19,25%,4,1,28504.05
1403,shaeed rajaii,UAE,34023190,56040,85190,General Goods,400,5,4483.2,20%,9%,17038,9200.52,115911.72,25%,2.07,0.52,28977.93
1403,shaeed rajaii,UAE,70196390,67049,84815,General Goods,400,5,5363.92,20%,9%,16963,9160.02,116301.94,25%,1.73,0.43,29075.48
1403,shaeed rajaii,UAE,84381000,1530,84544,Industrial Machinery,400,5,122.4,15%,9%,12681.6,8750.3,106098.3,25%,69.35,17.34,26524.58
1403,shaeed rajaii,UAE,76081000,12072,84433,General Goods,400,5,965.76,20%,9%,16886.6,9118.76,111404.12,25%,9.23,2.31,27851.03
1403,shaeed rajaii,UAE,39201060,22700,84260,Plastics & Polymers,400,5,1816,20%,9%,16852,9100.08,112028.08,25%,4.94,1.24,28007.02
1403,shaeed rajaii,UAE,21022000,2790,83610,General Goods,400,5,223.2,20%,9%,16722,9029.88,109585.08,25%,39.28,9.82,27396.27
1403,shaeed rajaii,UAE,73064090,6123,83511,Articles of Iron & Steel,400,5,489.84,10%,9%,8351.1,8267.59,100619.53,25%,16.43,4.11,25154.88
1403,shaeed rajaii,UAE,90318020,7638,83289,General Goods,400,5,611.04,20%,9%,16657.8,8995.21,109553.05,25%,14.34,3.58,27388.26
1403,shaeed rajaii,UAE,87082190,19001,83282,Vehicle Parts & Accessories,400,5,1520.08,25%,9%,20820.5,9369.22,114991.8,25%,6.05,1.51,28747.95
1403,shaeed rajaii,UAE,87079090,64210,83125,General Goods,400,5,5136.8,20%,9%,16625,8977.5,113864.3,25%,1.77,0.44,28466.08
1403,shaeed rajaii,UAE,83059000,35052,83056,General Goods,400,5,2804.16,20%,9%,16611.2,8970.05,111441.41,25%,3.18,0.8,27860.35
1403,shaeed rajaii,UAE,85193000,6251,83050,Electrical Equipment,400,5,500.08,15%,9%,12457.5,8595.67,104603.25,25%,16.73,4.18,26150.81
1403,shaeed rajaii,UAE,83013000,12125,82931,General Goods,400,5,970,20%,9%,16586.2,8956.55,109443.75,25%,9.03,2.26,27360.94
1403,shaeed rajaii,UAE,95030090,12135,82777,General Goods,400,5,970.8,20%,9%,16555.4,8939.92,109243.12,25%,9,2.25,27310.78
1403,shaeed rajaii,UAE,76069230,17000,82417,General Goods,400,5,1360,20%,9%,16483.4,8901.04,109161.44,25%,6.42,1.6,27290.36
1403,shaeed rajaii,UAE,84705020,1710,82392,Industrial Machinery,400,5,136.8,15%,9%,12358.8,8527.57,103415.17,25%,60.48,15.12,25853.79
1403,shaeed rajaii,UAE,72052900,51000,82114,Iron & Steel Products,400,5,4080,10%,9%,8211.4,8129.29,102534.69,25%,2.01,0.5,25633.67
1403,shaeed rajaii,UAE,29221220,500,82098,Organic Chemicals,400,5,40,15%,9%,12314.7,8497.14,102949.84,25%,205.9,51.48,25737.46
1403,shaeed rajaii,UAE,29141900,17000,82012,Organic Chemicals,400,5,1360,15%,9%,12301.8,8488.24,104162.04,25%,6.13,1.53,26040.51
1403,shaeed rajaii,UAE,38241000,89760,81992,Chemical Products,400,5,7180.8,15%,9%,12298.8,8486.17,109957.77,25%,1.23,0.31,27489.44
1403,shaeed rajaii,UAE,39041090,68200,81717,Plastics & Polymers,400,5,5456,20%,9%,16343.4,8825.44,112341.84,25%,1.65,0.41,28085.46
1403,shaeed rajaii,UAE,84311000,1271,81313,Industrial Machinery,400,5,101.68,15%,9%,12196.95,8415.9,102027.53,25%,80.27,20.07,25506.88
1403,shaeed rajaii,UAE,84145970,2455,80840,Compressors & Pumps,400,5,196.4,15%,9%,12126,8366.94,101529.34,25%,41.36,10.34,25382.34
1403,shaeed rajaii,UAE,32149000,56000,80815,General Goods,400,5,4480,20%,9%,16163,8728.02,110186.02,25%,1.97,0.49,27546.5
1403,shaeed rajaii,UAE,72201100,52438,80511,Iron & Steel Products,400,5,4195.04,10%,9%,8051.1,7970.59,100727.73,25%,1.92,0.48,25181.93
1403,shaeed rajaii,UAE,84589900,7050,80398,Industrial Machinery,400,5,564,15%,9%,12059.7,8321.19,101342.89,25%,14.37,3.59,25335.72
1403,shaeed rajaii,UAE,73219010,5348,80353,Articles of Iron & Steel,400,5,427.84,10%,9%,8035.3,7954.95,96771.09,25%,18.09,4.52,24192.77
1403,shaeed rajaii,UAE,68041000,9889,79864,General Goods,400,5,791.12,20%,9%,15972.8,8625.31,105253.23,25%,10.64,2.66,26313.31
1403,shaeed rajaii,UAE,90200000,505,79582,General Goods,400,5,40.4,20%,9%,15916.4,8594.86,104133.66,25%,206.21,51.55,26033.42
1403,shaeed rajaii,UAE,39201090,37000,79551,Plastics & Polymers,400,5,2960,20%,9%,15910.2,8591.51,107012.71,25%,2.89,0.72,26753.18
1403,shaeed rajaii,UAE,84189920,17279,79510,Industrial Machinery,400,5,1382.32,15%,9%,11926.5,8229.28,101048.1,25%,5.85,1.46,25262.02
1403,shaeed rajaii,UAE,84385000,1912,79470,Industrial Machinery,400,5,152.96,15%,9%,11920.5,8225.14,99768.6,25%,52.18,13.04,24942.15
1403,shaeed rajaii,UAE,84282000,3500,79116,Industrial Machinery,400,5,280,15%,9%,11867.4,8188.51,99451.91,25%,28.41,7.1,24862.98
1403,shaeed rajaii,UAE,40094100,4445,79088,Rubber & Tires,400,5,355.6,20%,9%,15817.6,8541.5,103802.7,25%,23.35,5.84,25950.68
1403,shaeed rajaii,UAE,39263000,11276,78835,Plastics & Polymers,400,5,902.08,20%,9%,15767,8514.18,104018.26,25%,9.22,2.31,26004.56
1403,shaeed rajaii,UAE,9092290,37000,78340,General Goods,400,5,2960,20%,9%,15668,8460.72,105428.72,25%,2.85,0.71,26357.18
1403,shaeed rajaii,UAE,31039000,40960,77961,General Goods,400,5,3276.8,20%,9%,15592.2,8419.79,105249.79,25%,2.57,0.64,26312.45
1403,shaeed rajaii,UAE,28401900,100000,77928,General Goods,400,5,8000,20%,9%,15585.6,8416.22,109929.82,25%,1.1,0.28,27482.46
1403,shaeed rajaii,UAE,40091200,24072,77760,Rubber & Tires,400,5,1925.76,20%,9%,15552,8398.08,103635.84,25%,4.31,1.08,25908.96
1403,shaeed rajaii,UAE,84244990,3622,77638,Industrial Machinery,400,5,289.76,15%,9%,11645.7,8035.53,97608.99,25%,26.95,6.74,24402.25
1403,shaeed rajaii,UAE,84603100,258,77402,Industrial Machinery,400,5,20.64,15%,9%,11610.3,8011.11,97044.05,25%,376.14,94.04,24261.01
1403,shaeed rajaii,UAE,84519000,5857,77383,Industrial Machinery,400,5,468.56,15%,9%,11607.45,8009.14,97468.15,25%,16.64,4.16,24367.04
1403,shaeed rajaii,UAE,25051010,108000,77240,General Goods,400,5,8640,20%,9%,15448,8341.92,109669.92,25%,1.02,0.26,27417.48
1403,shaeed rajaii,UAE,32041490,44000,77051,General Goods,400,5,3520,20%,9%,15410.2,8321.51,104302.71,25%,2.37,0.59,26075.68
1403,shaeed rajaii,UAE,73102990,865,76746,Articles of Iron & Steel,400,5,69.2,10%,9%,7674.6,7597.85,92087.65,25%,106.46,26.62,23021.91
1403,shaeed rajaii,UAE,82079000,9747,76703,General Goods,400,5,779.76,20%,9%,15340.6,8283.92,101107.28,25%,10.37,2.59,25276.82
1403,shaeed rajaii,UAE,84623900,3193,76314,Industrial Machinery,400,5,255.44,15%,9%,11447.1,7898.5,95915.04,25%,30.04,7.51,23978.76
1403,shaeed rajaii,UAE,85411000,3745,75950,Semiconductors & Solar Cells,400,5,299.6,15%,9%,11392.5,7860.82,95502.92,25%,25.5,6.38,23875.73
1403,shaeed rajaii,UAE,70199010,3032,75733,General Goods,400,5,242.56,20%,9%,15146.6,8179.16,99301.32,25%,32.75,8.19,24825.33
1403,shaeed rajaii,UAE,86079100,3581,75541,General Goods,400,5,286.48,20%,9%,15108.2,8158.43,99094.11,25%,27.67,6.92,24773.53
1403,shaeed rajaii,UAE,29172000,30570,75410,Organic Chemicals,400,5,2445.6,15%,9%,11311.5,7804.94,96972.04,25%,3.17,0.79,24243.01
1403,shaeed rajaii,UAE,85446030,6343,75183,Electrical Equipment,400,5,507.44,15%,9%,11277.45,7781.44,94749.33,25%,14.94,3.74,23687.33
1403,shaeed rajaii,UAE,28500090,3000,75000,General Goods,400,5,240,20%,9%,15000,8100,98340,25%,32.78,8.2,24585
1403,shaeed rajaii,UAE,84733050,19737,74962,Industrial Machinery,400,5,1578.96,15%,9%,11244.3,7758.57,95543.83,25%,4.84,1.21,23885.96
1403,shaeed rajaii,UAE,72124090,45671,74940,Iron & Steel Products,400,5,3653.68,10%,9%,7494,7419.06,93506.74,25%,2.05,0.51,23376.68
1403,shaeed rajaii,UAE,74122000,3757,74870,General Goods,400,5,300.56,20%,9%,14974,8085.96,98230.52,25%,26.15,6.54,24557.63
1403,shaeed rajaii,UAE,48119010,26614,74654,Paper & Paperboard,400,5,2129.12,15%,9%,11198.1,7726.69,95707.91,25%,3.6,0.9,23926.98
1403,shaeed rajaii,UAE,56013000,31000,72678,General Goods,400,5,2480,20%,9%,14535.6,7849.22,97542.82,25%,3.15,0.79,24385.7
1403,shaeed rajaii,UAE,85153900,17760,72466,Electrical Equipment,400,5,1420.8,15%,9%,10869.9,7500.23,92256.93,25%,5.19,1.3,23064.23
1403,shaeed rajaii,UAE,14049030,155130,72269,General Goods,400,5,12410.4,20%,9%,14453.8,7805.05,106938.25,25%,0.69,0.17,26734.56
1403,shaeed rajaii,UAE,60012200,21170,71897,General Goods,400,5,1693.6,20%,9%,14379.4,7764.88,95734.88,25%,4.52,1.13,23933.72
1403,shaeed rajaii,UAE,17029090,11200,71851,General Goods,400,5,896,20%,9%,14370.2,7759.91,94877.11,25%,8.47,2.12,23719.28
1403,shaeed rajaii,UAE,29032900,20000,71777,Organic Chemicals,400,5,1600,15%,9%,10766.55,7428.92,91572.47,25%,4.58,1.14,22893.12
1403,shaeed rajaii,UAE,48114100,25200,71707,Paper & Paperboard,400,5,2016,15%,9%,10756.05,7421.67,91900.72,25%,3.65,0.91,22975.18
1403,shaeed rajaii,UAE,87083023,22309,71396,Vehicle Parts & Accessories,400,5,1784.72,25%,9%,17849,8032.05,99061.77,25%,4.44,1.11,24765.44
1403,shaeed rajaii,UAE,84159050,8694,71372,Industrial Machinery,400,5,695.52,15%,9%,10705.8,7387,90160.32,25%,10.37,2.59,22540.08
1403,shaeed rajaii,UAE,29145090,2000,71323,Organic Chemicals,400,5,160,15%,9%,10698.45,7381.93,89563.38,25%,44.78,11.2,22390.84
1403,shaeed rajaii,UAE,48114900,23572,70997,Paper & Paperboard,400,5,1885.76,15%,9%,10649.55,7348.19,90880.5,25%,3.86,0.96,22720.12
1403,shaeed rajaii,UAE,28209000,60002,70994,General Goods,400,5,4800.16,20%,9%,14198.8,7667.35,97660.31,25%,1.63,0.41,24415.08
1403,shaeed rajaii,UAE,73141990,37074,70957,Articles of Iron & Steel,400,5,2965.92,10%,9%,7095.7,7024.74,88043.36,25%,2.37,0.59,22010.84
1403,shaeed rajaii,UAE,90251990,652,70877,General Goods,400,5,52.16,20%,9%,14175.4,7654.72,92759.28,25%,142.27,35.57,23189.82
1403,shaeed rajaii,UAE,39121100,3560,70486,Plastics & Polymers,400,5,284.8,20%,9%,14097.2,7612.49,92480.49,25%,25.98,6.5,23120.12
1403,shaeed rajaii,UAE,31049090,37849,69962,General Goods,400,5,3027.92,20%,9%,13992.4,7555.9,94538.22,25%,2.5,0.62,23634.56
1403,shaeed rajaii,UAE,28253000,10000,69898,General Goods,400,5,800,20%,9%,13979.6,7548.98,92226.58,25%,9.22,2.31,23056.64
1403,shaeed rajaii,UAE,28341090,75000,69490,General Goods,400,5,6000,20%,9%,13898,7504.92,96892.92,25%,1.29,0.32,24223.23
1403,shaeed rajaii,UAE,72299010,23397,69331,Iron & Steel Products,400,5,1871.76,10%,9%,6933.1,6863.77,84999.63,25%,3.63,0.91,21249.91
1403,shaeed rajaii,UAE,28469000,101000,69320,General Goods,400,5,8080,20%,9%,13864,7486.56,98750.56,25%,0.98,0.24,24687.64
1403,shaeed rajaii,UAE,54012000,10272,69151,General Goods,400,5,821.76,20%,9%,13830.2,7468.31,91271.27,25%,8.89,2.22,22817.82
1403,shaeed rajaii,UAE,84829900,29810,69018,Industrial Machinery,400,5,2384.8,15%,9%,10352.7,7143.36,88898.86,25%,2.98,0.74,22224.72
1403,shaeed rajaii,UAE,28170011,1140,68966,General Goods,400,5,91.2,20%,9%,13793.2,7448.33,90298.73,25%,79.21,19.8,22574.68
1403,shaeed rajaii,UAE,32089010,7000,68741,General Goods,400,5,560,20%,9%,13748.2,7424.03,90473.23,25%,12.92,3.23,22618.31
1403,shaeed rajaii,UAE,73089090,18758,68622,Articles of Iron & Steel,400,5,1500.64,10%,9%,6862.2,6793.58,83778.42,25%,4.47,1.12,20944.6
1403,shaeed rajaii,UAE,73262000,11270,68470,Articles of Iron & Steel,400,5,901.6,10%,9%,6847,6778.53,82997.13,25%,7.36,1.84,20749.28
1403,shaeed rajaii,UAE,85362010,2518,68431,Electrical Equipment,400,5,201.44,15%,9%,10264.65,7082.61,85979.7,25%,34.15,8.54,21494.92
1403,shaeed rajaii,UAE,84378090,15815,68377,Industrial Machinery,400,5,1265.2,15%,9%,10256.55,7077.02,86975.77,25%,5.5,1.38,21743.94
1403,shaeed rajaii,UAE,85016200,24100,68172,Electrical Equipment,400,5,1928,15%,9%,10225.8,7055.8,87381.6,25%,3.63,0.91,21845.4
1403,shaeed rajaii,UAE,82072090,2161,68079,General Goods,400,5,172.88,20%,9%,13615.8,7352.53,89220.21,25%,41.29,10.32,22305.05
1403,shaeed rajaii,UAE,70109090,58488,68040,General Goods,400,5,4679.04,20%,9%,13608,7348.32,93675.36,25%,1.6,0.4,23418.84
1403,shaeed rajaii,UAE,76069240,23119,67918,General Goods,400,5,1849.52,20%,9%,13583.6,7335.14,90686.26,25%,3.92,0.98,22671.56
1403,shaeed rajaii,UAE,94059990,16448,67760,General Goods,400,5,1315.84,20%,9%,13552,7318.08,89945.92,25%,5.47,1.37,22486.48
1403,shaeed rajaii,UAE,84137040,3528,67717,Industrial Machinery,400,5,282.24,15%,9%,10157.55,7008.71,85165.5,25%,24.14,6.04,21291.38
1403,shaeed rajaii,UAE,83111000,13320,67681,General Goods,400,5,1065.6,20%,9%,13536.2,7309.55,89592.35,25%,6.73,1.68,22398.09
1403,shaeed rajaii,UAE,84041000,1362,67600,Industrial Machinery,400,5,108.96,15%,9%,10140,6996.6,84845.56,25%,62.29,15.57,21211.39
1403,shaeed rajaii,UAE,84729090,13625,67587,Industrial Machinery,400,5,1090,15%,9%,10138.05,6995.25,85810.3,25%,6.3,1.58,21452.58
1403,shaeed rajaii,UAE,90221910,10,67529,General Goods,400,5,0.8,20%,9%,13505.8,7293.13,88328.73,25%,8832.87,2208.22,22082.18
1403,shaeed rajaii,UAE,70191400,23640,67348,General Goods,400,5,1891.2,20%,9%,13469.6,7273.58,89982.38,25%,3.81,0.95,22495.6
1403,shaeed rajaii,UAE,29151200,75000,66986,Organic Chemicals,400,5,6000,15%,9%,10047.9,6933.05,89966.95,25%,1.2,0.3,22491.74
1403,shaeed rajaii,UAE,96062200,25277,66762,General Goods,400,5,2022.16,20%,9%,13352.4,7210.3,89346.86,25%,3.53,0.88,22336.72
1403,shaeed rajaii,UAE,90275090,350,66517,General Goods,400,5,28,20%,9%,13303.4,7183.84,87032.24,25%,248.66,62.16,21758.06
1403,shaeed rajaii,UAE,85459090,38,66277,Electrical Equipment,400,5,3.04,15%,9%,9941.55,6859.67,83081.26,25%,2186.35,546.59,20770.31
1403,shaeed rajaii,UAE,39131000,4425,66155,Plastics & Polymers,400,5,354,20%,9%,13231,7144.74,86884.74,25%,19.63,4.91,21721.18
1403,shaeed rajaii,UAE,95069990,886,66080,General Goods,400,5,70.88,20%,9%,13216,7136.64,86503.52,25%,97.63,24.41,21625.88
1403,shaeed rajaii,UAE,28091000,17800,66059,General Goods,400,5,1424,20%,9%,13211.8,7134.37,87829.17,25%,4.93,1.23,21957.29
1403,shaeed rajaii,UAE,73021000,36580,65862,Articles of Iron & Steel,400,5,2926.4,10%,9%,6586.2,6520.34,81894.94,25%,2.24,0.56,20473.74
1403,shaeed rajaii,UAE,40081120,16500,65698,Rubber & Tires,400,5,1320,20%,9%,13139.6,7095.38,87252.98,25%,5.29,1.32,21813.24
1403,shaeed rajaii,UAE,48059390,112962,65607,Paper & Paperboard,400,5,9036.96,15%,9%,9841.05,6790.32,91275.33,25%,0.81,0.2,22818.83
1403,shaeed rajaii,UAE,90221920,2500,65606,General Goods,400,5,200,20%,9%,13121.2,7085.45,86012.65,25%,34.41,8.6,21503.16
1403,shaeed rajaii,UAE,40012100,21000,65138,Rubber & Tires,400,5,1680,20%,9%,13027.6,7034.9,86880.5,25%,4.14,1.03,21720.12
1403,shaeed rajaii,UAE,72085290,100000,65044,Iron & Steel Products,400,5,8000,10%,9%,6504.4,6439.36,85987.76,25%,0.86,0.22,21496.94
1403,shaeed rajaii,UAE,28399090,63000,64731,General Goods,400,5,5040,20%,9%,12946.2,6990.95,89708.15,25%,1.42,0.36,22427.04
1403,shaeed rajaii,UAE,85331090,1484,64724,Electrical Equipment,400,5,118.72,15%,9%,9708.6,6698.93,81250.25,25%,54.75,13.69,20312.56
1403,shaeed rajaii,UAE,85189010,27208,64575,Electrical Equipment,400,5,2176.64,15%,9%,9686.25,6683.51,83121.4,25%,3.06,0.76,20780.35
1403,shaeed rajaii,UAE,85462020,7647,64454,Electrical Equipment,400,5,611.76,15%,9%,9668.1,6670.99,81404.85,25%,10.65,2.66,20351.21
1403,shaeed rajaii,UAE,60012900,7176,64446,General Goods,400,5,574.08,20%,9%,12889.2,6960.17,84869.45,25%,11.83,2.96,21217.36
1403,shaeed rajaii,UAE,27030010,171853,64097,Mineral Fuels & Oils,400,5,13748.24,5%,9%,3204.85,6057.17,87107.26,25%,0.51,0.13,21776.82
1403,shaeed rajaii,UAE,72191400,62250,63943,Iron & Steel Products,400,5,4980,10%,9%,6394.3,6330.36,81647.66,25%,1.31,0.33,20411.92
1403,shaeed rajaii,UAE,40117010,16904,63864,Rubber & Tires,400,5,1352.32,20%,9%,12772.8,6897.31,84886.43,25%,5.02,1.25,21221.61
1403,shaeed rajaii,UAE,28273200,110518,63712,General Goods,400,5,8841.44,20%,9%,12742.4,6880.9,92176.74,25%,0.83,0.21,23044.18
1403,shaeed rajaii,UAE,90183285,975,63595,General Goods,400,5,78,20%,9%,12719,6868.26,83260.26,25%,85.4,21.35,20815.06
1403,shaeed rajaii,UAE,85024000,20000,63532,Electrical Equipment,400,5,1600,15%,9%,9529.8,6575.56,81237.36,25%,4.06,1.01,20309.34
1403,shaeed rajaii,UAE,98870304,12731,63521,Vehicle/Chassis/Tractor Parts,400,5,1018.48,40%,9%,25408.4,8003.65,97951.53,25%,7.69,1.92,24487.88
1403,shaeed rajaii,UAE,84412000,3200,63484,Industrial Machinery,400,5,256,15%,9%,9522.6,6570.59,79833.19,25%,24.95,6.24,19958.3
1403,shaeed rajaii,UAE,28070000,6805,63335,General Goods,400,5,544.4,20%,9%,12667,6840.18,83386.58,25%,12.25,3.06,20846.64
1403,shaeed rajaii,UAE,85444210,3676,63207,Electrical Equipment,400,5,294.08,15%,9%,9481.05,6541.92,79524.05,25%,21.63,5.41,19881.01
1403,shaeed rajaii,UAE,17029010,68000,63162,General Goods,400,5,5440,20%,9%,12632.4,6821.5,88055.9,25%,1.29,0.32,22013.98
1403,shaeed rajaii,UAE,27121010,35000,62755,Mineral Fuels & Oils,400,5,2800,5%,9%,3137.75,5930.35,74623.1,25%,2.13,0.53,18655.78
1403,shaeed rajaii,UAE,39234000,2454,62403,Plastics & Polymers,400,5,196.32,20%,9%,12480.6,6739.52,81819.44,25%,33.34,8.34,20454.86
1403,shaeed rajaii,UAE,84661000,8553,61760,Industrial Machinery,400,5,684.24,15%,9%,9264,6392.16,78100.4,25%,9.13,2.28,19525.1
1403,shaeed rajaii,UAE,85299030,1497,61575,Electrical Equipment,400,5,119.76,15%,9%,9236.25,6373.01,77304.02,25%,51.64,12.91,19326
1403,shaeed rajaii,UAE,70196310,7839,61157,General Goods,400,5,627.12,20%,9%,12231.4,6604.96,80620.48,25%,10.28,2.57,20155.12
1403,shaeed rajaii,UAE,70171090,13290,60494,General Goods,400,5,1063.2,20%,9%,12098.8,6533.35,80189.35,25%,6.03,1.51,20047.34
1403,shaeed rajaii,UAE,31059010,7200,60330,General Goods,400,5,576,20%,9%,12066,6515.64,79487.64,25%,11.04,2.76,19871.91
1403,shaeed rajaii,UAE,39206190,17750,60305,Plastics & Polymers,400,5,1420,20%,9%,12061,6512.94,80298.94,25%,4.52,1.13,20074.74
1403,shaeed rajaii,UAE,28276010,1001,59930,General Goods,400,5,80.08,20%,9%,11986,6472.44,78468.52,25%,78.39,19.6,19617.13
1403,shaeed rajaii,UAE,73084000,26220,59901,Articles of Iron & Steel,400,5,2097.6,10%,9%,5990.1,5930.2,73918.9,25%,2.82,0.7,18479.72
1403,shaeed rajaii,UAE,83024210,19060,59606,General Goods,400,5,1524.8,20%,9%,11921.2,6437.45,79489.45,25%,4.17,1.04,19872.36
1403,shaeed rajaii,UAE,89033120,1500,59578,General Goods,400,5,120,20%,9%,11915.6,6434.42,78048.02,25%,52.03,13.01,19512
1403,shaeed rajaii,UAE,84842090,5048,59457,Industrial Machinery,400,5,403.84,15%,9%,8918.55,6153.8,74933.19,25%,14.84,3.71,18733.3
1403,shaeed rajaii,UAE,85153120,2281,59273,Electrical Equipment,400,5,182.48,15%,9%,8890.95,6134.76,74481.19,25%,32.65,8.16,18620.3
1403,shaeed rajaii,UAE,84823000,6909,59243,Industrial Machinery,400,5,552.72,15%,9%,8886.45,6131.65,74813.82,25%,10.83,2.71,18703.46
1403,shaeed rajaii,UAE,39209100,9767,59164,Plastics & Polymers,400,5,781.36,20%,9%,11832.8,6389.71,78167.87,25%,8,2,19541.97
1403,shaeed rajaii,UAE,72083790,98630,59141,Iron & Steel Products,400,5,7890.4,10%,9%,5914.1,5854.96,78800.46,25%,0.8,0.2,19700.12
1403,shaeed rajaii,UAE,85311000,5825,59058,Electrical Equipment,400,5,466,15%,9%,8858.7,6112.5,74495.2,25%,12.79,3.2,18623.8
1403,shaeed rajaii,UAE,21061011,40000,59031,General Goods,400,5,3200,20%,9%,11806.2,6375.35,80412.55,25%,2.01,0.5,20103.14
1403,shaeed rajaii,UAE,87141025,15981,59023,General Goods,400,5,1278.48,20%,9%,11804.6,6374.48,78480.56,25%,4.91,1.23,19620.14
1403,shaeed rajaii,UAE,68062090,45500,58845,General Goods,400,5,3640,20%,9%,11769,6355.26,80609.26,25%,1.77,0.44,20152.31
1403,shaeed rajaii,UAE,9101290,17500,58805,General Goods,400,5,1400,20%,9%,11761,6350.94,78316.94,25%,4.48,1.12,19579.24
1403,shaeed rajaii,UAE,87046000,6374,58763,General Goods,400,5,509.92,20%,9%,11752.6,6346.4,77371.92,25%,12.14,3.04,19342.98
1403,shaeed rajaii,UAE,38089213,10000,58710,Chemical Products,400,5,800,15%,9%,8806.5,6076.48,74392.98,25%,7.44,1.86,18598.24
1403,shaeed rajaii,UAE,83024900,19342,58544,General Goods,400,5,1547.36,20%,9%,11708.8,6322.75,78122.91,25%,4.04,1.01,19530.73
1403,shaeed rajaii,UAE,90304090,2986,58201,General Goods,400,5,238.88,20%,9%,11640.2,6285.71,76365.79,25%,25.57,6.39,19091.45
1403,shaeed rajaii,UAE,84136090,1405,57932,Industrial Machinery,400,5,112.4,15%,9%,8689.8,5995.96,72730.16,25%,51.77,12.94,18182.54
1403,shaeed rajaii,UAE,85353090,1430,57630,Electrical Equipment,400,5,114.4,15%,9%,8644.5,5964.7,72353.6,25%,50.6,12.65,18088.4
1403,shaeed rajaii,UAE,84123100,21651,57121,Industrial Machinery,400,5,1732.08,15%,9%,8568.15,5912.02,73333.25,25%,3.39,0.85,18333.31
1403,shaeed rajaii,UAE,40103500,2924,57075,Rubber & Tires,400,5,233.92,20%,9%,11415,6164.1,74888.02,25%,25.61,6.4,18722
1403,shaeed rajaii,UAE,83051000,28920,57016,General Goods,400,5,2313.6,20%,9%,11403.2,6157.73,76890.53,25%,2.66,0.66,19222.63
1403,shaeed rajaii,UAE,70200099,23048,56966,General Goods,400,5,1843.84,20%,9%,11393.2,6152.33,76355.37,25%,3.31,0.83,19088.84
1403,shaeed rajaii,UAE,84149020,34200,56773,Compressors & Pumps,400,5,2736,15%,9%,8515.95,5876.01,73900.96,25%,2.16,0.54,18475.24
1403,shaeed rajaii,UAE,90241000,2988,56626,General Goods,400,5,239.04,20%,9%,11325.2,6115.61,74305.85,25%,24.87,6.22,18576.46
1403,shaeed rajaii,UAE,27129020,37600,56569,Mineral Fuels & Oils,400,5,3008,5%,9%,2828.45,5345.77,67751.22,25%,1.8,0.45,16937.8
1403,shaeed rajaii,UAE,29152920,66000,56202,Organic Chemicals,400,5,5280,15%,9%,8430.3,5816.91,75729.21,25%,1.15,0.29,18932.3
1403,shaeed rajaii,UAE,84811090,1613,55907,Industrial Machinery,400,5,129.04,15%,9%,8386.05,5786.37,70208.46,25%,43.53,10.88,17552.12
1403,shaeed rajaii,UAE,39204330,7000,55815,Plastics & Polymers,400,5,560,20%,9%,11163,6028.02,73566.02,25%,10.51,2.63,18391.5
1403,shaeed rajaii,UAE,72021930,28000,55782,Iron & Steel Products,400,5,2240,10%,9%,5578.2,5522.42,69122.62,25%,2.47,0.62,17280.66
1403,shaeed rajaii,UAE,24012020,9200,55768,General Goods,400,5,736,20%,9%,11153.6,6022.94,73680.54,25%,8.01,2,18420.13
1403,shaeed rajaii,UAE,94039900,17210,55628,General Goods,400,5,1376.8,20%,9%,11125.6,6007.82,74138.22,25%,4.31,1.08,18534.56
1403,shaeed rajaii,UAE,96033090,21828,55521,General Goods,400,5,1746.24,20%,9%,11104.2,5996.27,74367.71,25%,3.41,0.85,18591.93
1403,shaeed rajaii,UAE,32041720,10000,55196,General Goods,400,5,800,20%,9%,11039.2,5961.17,72996.37,25%,7.3,1.82,18249.09
1403,shaeed rajaii,UAE,85171100,399,54955,Telecom & Display Equipment,400,5,31.92,15%,9%,8243.25,5687.84,68918.01,25%,172.73,43.18,17229.5
1403,shaeed rajaii,UAE,11041200,130000,54761,General Goods,400,5,10400,20%,9%,10952.2,5914.19,82027.39,25%,0.63,0.16,20506.85
1403,shaeed rajaii,UAE,85423200,320,54641,Semiconductors & Solar Cells,400,5,25.6,15%,9%,8196.15,5655.34,68518.09,25%,214.12,53.53,17129.52
1403,shaeed rajaii,UAE,39204340,24000,54484,Plastics & Polymers,400,5,1920,20%,9%,10896.8,5884.27,73185.07,25%,3.05,0.76,18296.27
1403,shaeed rajaii,UAE,90303900,1131,54421,General Goods,400,5,90.48,20%,9%,10884.2,5877.47,71273.15,25%,63.02,15.76,17818.29
1403,shaeed rajaii,UAE,72091500,66800,54004,Iron & Steel Products,400,5,5344,10%,9%,5400.4,5346.4,70094.8,25%,1.05,0.26,17523.7
1403,shaeed rajaii,UAE,73072990,11880,53898,Articles of Iron & Steel,400,5,950.4,10%,9%,5389.8,5335.9,65574.1,25%,5.52,1.38,16393.53
1403,shaeed rajaii,UAE,84454000,4500,53868,Industrial Machinery,400,5,360,15%,9%,8080.2,5575.34,67883.54,25%,15.09,3.77,16970.88
1403,shaeed rajaii,UAE,44123300,50300,53813,General Goods,400,5,4024,20%,9%,10762.6,5811.8,74411.4,25%,1.48,0.37,18602.85
1403,shaeed rajaii,UAE,72027000,1100,53297,Iron & Steel Products,400,5,88,10%,9%,5329.7,5276.4,63991.1,25%,58.17,14.54,15997.78
1403,shaeed rajaii,UAE,30043912,12700,53254,General Goods,400,5,1016,20%,9%,10650.8,5751.43,70672.23,25%,5.56,1.39,17668.06
1403,shaeed rajaii,UAE,82141010,22039,53235,General Goods,400,5,1763.12,20%,9%,10647,5749.38,71394.5,25%,3.24,0.81,17848.62
1403,shaeed rajaii,UAE,72179090,52000,52978,Iron & Steel Products,400,5,4160,10%,9%,5297.8,5244.82,67680.62,25%,1.3,0.32,16920.16
1403,shaeed rajaii,UAE,82041190,6556,52930,General Goods,400,5,524.48,20%,9%,10586,5716.44,69756.92,25%,10.64,2.66,17439.23
1403,shaeed rajaii,UAE,90183922,5576,52847,General Goods,400,5,446.08,20%,9%,10569.4,5707.48,69569.96,25%,12.48,3.12,17392.49
1403,shaeed rajaii,UAE,84804900,7390,52794,Industrial Machinery,400,5,591.2,15%,9%,7919.1,5464.18,66768.48,25%,9.03,2.26,16692.12
1403,shaeed rajaii,UAE,81122100,3600,52732,General Goods,400,5,288,20%,9%,10546.4,5695.06,69261.46,25%,19.24,4.81,17315.37
1403,shaeed rajaii,UAE,95083090,11700,52485,General Goods,400,5,936,20%,9%,10497,5668.38,69586.38,25%,5.95,1.49,17396.6
1403,shaeed rajaii,UAE,85369020,11931,52390,Electrical Equipment,400,5,954.48,15%,9%,7858.5,5422.36,66625.34,25%,5.58,1.4,16656.34
1403,shaeed rajaii,UAE,85044060,3386,52291,Electrical Equipment,400,5,270.88,15%,9%,7843.65,5412.12,65817.65,25%,19.44,4.86,16454.41
1403,shaeed rajaii,UAE,96072000,24882,52234,General Goods,400,5,1990.56,20%,9%,10446.8,5641.27,70312.63,25%,2.83,0.71,17578.16
1403,shaeed rajaii,UAE,84251110,1397,52063,Industrial Machinery,400,5,111.76,15%,9%,7809.45,5388.52,65372.73,25%,46.8,11.7,16343.18
1403,shaeed rajaii,UAE,73259100,23000,51888,Articles of Iron & Steel,400,5,1840,10%,9%,5188.8,5136.91,64053.71,25%,2.78,0.7,16013.43
1403,shaeed rajaii,UAE,84253130,1150,51736,Industrial Machinery,400,5,92,15%,9%,7760.4,5354.68,64943.08,25%,56.47,14.12,16235.77
1403,shaeed rajaii,UAE,33019090,1300,51709,General Goods,400,5,104,20%,9%,10341.8,5584.57,67739.37,25%,52.11,13.03,16934.84
1403,shaeed rajaii,UAE,29381000,550,51637,Organic Chemicals,400,5,44,15%,9%,7745.55,5344.43,64770.98,25%,117.77,29.44,16192.74
1403,shaeed rajaii,UAE,32082070,11628,51280,General Goods,400,5,930.24,20%,9%,10256,5538.24,68004.48,25%,5.85,1.46,17001.12
1403,shaeed rajaii,UAE,29029000,6400,51235,Organic Chemicals,400,5,512,15%,9%,7685.25,5302.82,64735.07,25%,10.11,2.53,16183.77
1403,shaeed rajaii,UAE,9022020,5000,51205,General Goods,400,5,400,20%,9%,10241,5530.14,67376.14,25%,13.48,3.37,16844.04
1403,shaeed rajaii,UAE,29181600,28100,51196,Organic Chemicals,400,5,2248,15%,9%,7679.4,5298.79,66422.19,25%,2.36,0.59,16605.55
1403,shaeed rajaii,UAE,84271011,5700,50869,Industrial Machinery,400,5,456,15%,9%,7630.35,5264.94,64220.29,25%,11.27,2.82,16055.07
1403,shaeed rajaii,UAE,40121300,4985,50800,Rubber & Tires,400,5,398.8,20%,9%,10160,5486.4,66845.2,25%,13.41,3.35,16711.3
1403,shaeed rajaii,UAE,87032410,4200,50777,Passenger Vehicles,400,5,336,45%,9%,22849.65,6626.4,80589.05,25%,19.19,4.8,20147.26
1403,shaeed rajaii,UAE,39092010,40000,50652,Plastics & Polymers,400,5,3200,20%,9%,10130.4,5470.42,69452.82,25%,1.74,0.44,17363.21
1403,shaeed rajaii,UAE,87082210,1793,50470,Vehicle Parts & Accessories,400,5,143.44,25%,9%,12617.5,5677.88,68908.82,25%,38.43,9.61,17227.21
1403,shaeed rajaii,UAE,56089000,12900,50051,General Goods,400,5,1032,20%,9%,10010.2,5405.51,66498.71,25%,5.15,1.29,16624.68
1403,shaeed rajaii,UAE,55092100,20966,50041,General Goods,400,5,1677.28,20%,9%,10008.2,5404.43,67130.91,25%,3.2,0.8,16782.73
1403,shaeed rajaii,UAE,20071010,34400,50034,General Goods,400,5,2752,20%,9%,10006.8,5403.67,68196.47,25%,1.98,0.5,17049.12
1403,shaeed rajaii,UAE,90181990,1918,49726,General Goods,400,5,153.44,20%,9%,9945.2,5370.41,65195.05,25%,33.99,8.5,16298.76
1403,shaeed rajaii,UAE,90181280,1918,49726,General Goods,400,5,153.44,20%,9%,9945.2,5370.41,65195.05,25%,33.99,8.5,16298.76
1403,shaeed rajaii,UAE,96092090,19800,49579,General Goods,400,5,1584,20%,9%,9915.8,5354.53,66433.33,25%,3.36,0.84,16608.33
1403,shaeed rajaii,UAE,85241100,2630,49417,Electrical Equipment,400,5,210.4,15%,9%,7412.55,5114.66,62154.61,25%,23.63,5.91,15538.65
1403,shaeed rajaii,UAE,30049016,2640,49178,General Goods,400,5,211.2,20%,9%,9835.6,5311.22,64536.02,25%,24.45,6.11,16134
1403,shaeed rajaii,UAE,38210090,200000,49011,Chemical Products,400,5,16000,15%,9%,7351.65,5072.64,77435.29,25%,0.39,0.1,19358.82
1403,shaeed rajaii,UAE,48044190,48400,48970,Paper & Paperboard,400,5,3872,15%,9%,7345.5,5068.39,65255.89,25%,1.35,0.34,16313.97
1403,shaeed rajaii,UAE,87085033,4460,48654,Vehicle Parts & Accessories,400,5,356.8,25%,9%,12163.5,5473.58,66647.88,25%,14.94,3.74,16661.97
1403,shaeed rajaii,UAE,39031920,30800,48491,Plastics & Polymers,400,5,2464,20%,9%,9698.2,5237.03,65890.23,25%,2.14,0.54,16472.56
1403,shaeed rajaii,UAE,90321090,809,48404,General Goods,400,5,64.72,20%,9%,9680.8,5227.63,63377.15,25%,78.34,19.58,15844.29
1403,shaeed rajaii,UAE,28061090,4480,48217,General Goods,400,5,358.4,20%,9%,9643.4,5207.44,63426.24,25%,14.16,3.54,15856.56
1403,shaeed rajaii,UAE,29349920,500,47642,Organic Chemicals,400,5,40,15%,9%,7146.3,4930.95,59759.25,25%,119.52,29.88,14939.81
1403,shaeed rajaii,UAE,85114020,13858,47267,Electrical Equipment,400,5,1108.64,15%,9%,7090.05,4892.13,60357.82,25%,4.36,1.09,15089.46
1403,shaeed rajaii,UAE,84133030,558,47249,Industrial Machinery,400,5,44.64,15%,9%,7087.35,4890.27,59271.26,25%,106.22,26.56,14817.82
1403,shaeed rajaii,UAE,72191100,18974,47150,Iron & Steel Products,400,5,1517.92,10%,9%,4715,4667.85,58050.77,25%,3.06,0.76,14512.69
1403,shaeed rajaii,UAE,29291020,16450,46835,Organic Chemicals,400,5,1316,15%,9%,7025.25,4847.42,60023.67,25%,3.65,0.91,15005.92
1403,shaeed rajaii,UAE,85158090,290,46644,Electrical Equipment,400,5,23.2,15%,9%,6996.6,4827.65,58491.45,25%,201.69,50.42,14622.86
1403,shaeed rajaii,UAE,65061020,13096,46459,General Goods,400,5,1047.68,20%,9%,9291.8,5017.57,61816.05,25%,4.72,1.18,15454.01
1403,shaeed rajaii,UAE,90192010,6275,46450,General Goods,400,5,502,20%,9%,9290,5016.6,61258.6,25%,9.76,2.44,15314.65
1403,shaeed rajaii,UAE,84289090,12580,46262,Industrial Machinery,400,5,1006.4,15%,9%,6939.3,4788.12,58995.82,25%,4.69,1.17,14748.96
1403,shaeed rajaii,UAE,84581190,8500,46156,Industrial Machinery,400,5,680,15%,9%,6923.4,4777.15,58536.55,25%,6.89,1.72,14634.14
1403,shaeed rajaii,UAE,28199010,10000,45931,General Goods,400,5,800,20%,9%,9186.2,4960.55,60877.75,25%,6.09,1.52,15219.44
1403,shaeed rajaii,UAE,29032200,22400,45419,Organic Chemicals,400,5,1792,15%,9%,6812.85,4700.87,58724.72,25%,2.62,0.66,14681.18
1403,shaeed rajaii,UAE,84213950,798,45051,Industrial Machinery,400,5,63.84,15%,9%,6757.65,4662.78,56535.27,25%,70.85,17.71,14133.82
1403,shaeed rajaii,UAE,59011000,15900,44957,General Goods,400,5,1272,20%,9%,8991.4,4855.36,60075.76,25%,3.78,0.94,15018.94
1403,shaeed rajaii,UAE,94021000,28303,44886,General Goods,400,5,2264.24,20%,9%,8977.2,4847.69,60975.13,25%,2.15,0.54,15243.78
1403,shaeed rajaii,UAE,39231090,2300,44850,Plastics & Polymers,400,5,184,20%,9%,8970,4843.8,58847.8,25%,25.59,6.4,14711.95
1403,shaeed rajaii,UAE,48103100,49799,44847,Paper & Paperboard,400,5,3983.92,15%,9%,6727.05,4641.66,60199.63,25%,1.21,0.3,15049.91
1403,shaeed rajaii,UAE,73181510,2897,44784,Articles of Iron & Steel,400,5,231.76,10%,9%,4478.4,4433.62,53927.78,25%,18.62,4.66,13481.94
1403,shaeed rajaii,UAE,90181991,62,44711,General Goods,400,5,4.96,20%,9%,8942.2,4828.79,58486.95,25%,943.34,235.84,14621.74
1403,shaeed rajaii,UAE,69032030,25000,44684,General Goods,400,5,2000,20%,9%,8936.8,4825.87,60446.67,25%,2.42,0.6,15111.67
1403,shaeed rajaii,UAE,90181961,164,44572,General Goods,400,5,13.12,20%,9%,8914.4,4813.78,58313.3,25%,355.57,88.89,14578.32
1403,shaeed rajaii,UAE,74152900,2400,44384,General Goods,400,5,192,20%,9%,8876.8,4793.47,58246.27,25%,24.27,6.07,14561.57
1403,shaeed rajaii,UAE,48059290,52115,44340,Paper & Paperboard,400,5,4169.2,15%,9%,6651,4589.19,59749.39,25%,1.15,0.29,14937.35
1403,shaeed rajaii,UAE,29042090,3000,44025,Organic Chemicals,400,5,240,15%,9%,6603.75,4556.59,55425.34,25%,18.48,4.62,13856.34
1403,shaeed rajaii,UAE,84484900,3466,44014,Industrial Machinery,400,5,277.28,15%,9%,6602.1,4555.45,55448.83,25%,16,4,13862.21
1403,shaeed rajaii,UAE,38019090,89028,43952,Chemical Products,400,5,7122.24,15%,9%,6592.8,4549.03,62216.07,25%,0.7,0.18,15554.02
1403,shaeed rajaii,UAE,40059100,20860,43930,Rubber & Tires,400,5,1668.8,20%,9%,8786,4744.44,59129.24,25%,2.83,0.71,14782.31
1403,shaeed rajaii,UAE,87089419,2386,43861,Vehicle Parts & Accessories,400,5,190.88,25%,9%,10965.25,4934.36,59951.49,25%,25.13,6.28,14987.87
1403,shaeed rajaii,UAE,90251920,141,43611,General Goods,400,5,11.28,20%,9%,8722.2,4709.99,57054.47,25%,404.64,101.16,14263.62
1403,shaeed rajaii,UAE,84625900,1600,43515,Industrial Machinery,400,5,128,15%,9%,6527.25,4503.8,54674.05,25%,34.17,8.54,13668.51
1403,shaeed rajaii,UAE,83016090,17529,43354,General Goods,400,5,1402.32,20%,9%,8670.8,4682.23,58109.35,25%,3.32,0.83,14527.34
1403,shaeed rajaii,UAE,39023091,5928,43101,Plastics & Polymers,400,5,474.24,20%,9%,8620.2,4654.91,56850.35,25%,9.59,2.4,14212.59
1403,shaeed rajaii,UAE,81092900,337,43038,General Goods,400,5,26.96,20%,9%,8607.6,4648.1,56320.66,25%,167.12,41.78,14080.16
1403,shaeed rajaii,UAE,85363020,908,43033,Electrical Equipment,400,5,72.64,15%,9%,6454.95,4453.92,54014.51,25%,59.49,14.87,13503.63
1403,shaeed rajaii,UAE,81011000,415,42682,General Goods,400,5,33.2,20%,9%,8536.4,4609.66,55861.26,25%,134.61,33.65,13965.32
1403,shaeed rajaii,UAE,29331990,6000,42605,Organic Chemicals,400,5,480,15%,9%,6390.75,4409.62,53885.37,25%,8.98,2.24,13471.34
1403,shaeed rajaii,UAE,29173500,8000,42478,Organic Chemicals,400,5,640,15%,9%,6371.7,4396.47,53886.17,25%,6.74,1.68,13471.54
1403,shaeed rajaii,UAE,29163230,20000,41999,Organic Chemicals,400,5,1600,15%,9%,6299.85,4346.9,54245.75,25%,2.71,0.68,13561.44
1403,shaeed rajaii,UAE,84626100,32000,41879,Industrial Machinery,400,5,2560,15%,9%,6281.85,4334.48,55055.33,25%,1.72,0.43,13763.83
1403,shaeed rajaii,UAE,85113090,2321,41723,Electrical Equipment,400,5,185.68,15%,9%,6258.45,4318.33,52485.46,25%,22.61,5.65,13121.36
1403,shaeed rajaii,UAE,73061990,2847,41621,Articles of Iron & Steel,400,5,227.76,10%,9%,4162.1,4120.48,50131.34,25%,17.61,4.4,12532.84
1403,shaeed rajaii,UAE,84852000,1411,41473,Industrial Machinery,400,5,112.88,15%,9%,6220.95,4292.46,52099.29,25%,36.92,9.23,13024.82
1403,shaeed rajaii,UAE,34023930,18000,41455,General Goods,400,5,1440,20%,9%,8291,4477.14,55663.14,25%,3.09,0.77,13915.78
1403,shaeed rajaii,UAE,90183928,4111,41409,General Goods,400,5,328.88,20%,9%,8281.8,4472.17,54491.85,25%,13.26,3.32,13622.96
1403,shaeed rajaii,UAE,85334020,4620,40953,Electrical Equipment,400,5,369.6,15%,9%,6142.95,4238.64,51704.19,25%,11.19,2.8,12926.05
1403,shaeed rajaii,UAE,68138100,1162,40875,General Goods,400,5,92.96,20%,9%,8175,4414.5,53557.46,25%,46.09,11.52,13389.36
1403,shaeed rajaii,UAE,28342950,74000,40807,General Goods,400,5,5920,20%,9%,8161.4,4407.16,59295.56,25%,0.8,0.2,14823.89
1403,shaeed rajaii,UAE,40114000,7550,40806,Rubber & Tires,400,5,604,20%,9%,8161.2,4407.05,53978.25,25%,7.15,1.79,13494.56
1403,shaeed rajaii,UAE,39052100,5950,40633,Plastics & Polymers,400,5,476,20%,9%,8126.6,4388.36,53623.96,25%,9.01,2.25,13405.99
1403,shaeed rajaii,UAE,29163190,5725,40624,Organic Chemicals,400,5,458,15%,9%,6093.6,4204.58,51380.18,25%,8.97,2.24,12845.04
1403,shaeed rajaii,UAE,39042200,12284,40386,Plastics & Polymers,400,5,982.72,20%,9%,8077.2,4361.69,53807.61,25%,4.38,1.1,13451.9
1403,shaeed rajaii,UAE,29335950,300,40220,Organic Chemicals,400,5,24,15%,9%,6033,4162.77,50439.77,25%,168.13,42.03,12609.94
1403,shaeed rajaii,UAE,84159030,10876,39931,Industrial Machinery,400,5,870.08,15%,9%,5989.65,4132.86,50923.59,25%,4.68,1.17,12730.9
1403,shaeed rajaii,UAE,56031420,1000,39755,General Goods,400,5,80,20%,9%,7951,4293.54,52079.54,25%,52.08,13.02,13019.88
1403,shaeed rajaii,UAE,84122100,2834,39700,Industrial Machinery,400,5,226.72,15%,9%,5955,4108.95,49990.67,25%,17.64,4.41,12497.67
1403,shaeed rajaii,UAE,96062100,12550,39668,General Goods,400,5,1004,20%,9%,7933.6,4284.14,52889.74,25%,4.21,1.05,13222.44
1403,shaeed rajaii,UAE,29182900,800,39442,Organic Chemicals,400,5,64,15%,9%,5916.3,4082.25,49504.55,25%,61.88,15.47,12376.14
1403,shaeed rajaii,UAE,29183090,20000,39347,Organic Chemicals,400,5,1600,15%,9%,5902.05,4072.41,50921.46,25%,2.55,0.64,12730.36
1403,shaeed rajaii,UAE,38245000,50530,39265,Chemical Products,400,5,4042.4,15%,9%,5889.75,4063.93,53261.08,25%,1.05,0.26,13315.27
1403,shaeed rajaii,UAE,90289020,9388,39248,General Goods,400,5,751.04,20%,9%,7849.6,4238.78,52087.42,25%,5.55,1.39,13021.86
1403,shaeed rajaii,UAE,85392990,995,39198,Electrical Equipment,400,5,79.6,15%,9%,5879.7,4056.99,49214.29,25%,49.46,12.36,12303.57
1403,shaeed rajaii,UAE,90019000,801,39112,General Goods,400,5,64.08,20%,9%,7822.4,4224.1,51222.58,25%,63.95,15.99,12805.64
1403,shaeed rajaii,UAE,84522100,7924,38956,Industrial Machinery,400,5,633.92,15%,9%,5843.4,4031.95,49465.27,25%,6.24,1.56,12366.32
1403,shaeed rajaii,UAE,25309010,25000,38928,General Goods,400,5,2000,20%,9%,7785.6,4204.22,52917.82,25%,2.12,0.53,13229.46
1403,shaeed rajaii,UAE,90069900,11413,38910,General Goods,400,5,913.04,20%,9%,7782,4202.28,51807.32,25%,4.54,1.14,12951.83
1403,shaeed rajaii,UAE,84149030,6510,38907,Compressors & Pumps,400,5,520.8,15%,9%,5836.05,4026.87,49290.72,25%,7.57,1.89,12322.68
1403,shaeed rajaii,UAE,85362040,166,38529,Electrical Equipment,400,5,13.28,15%,9%,5779.35,3987.75,48309.38,25%,291.02,72.76,12077.34
1403,shaeed rajaii,UAE,85065030,1600,38512,Electrical Equipment,400,5,128,15%,9%,5776.8,3985.99,48402.79,25%,30.25,7.56,12100.7
1403,shaeed rajaii,UAE,85072090,7200,38366,Electrical Equipment,400,5,576,15%,9%,5754.9,3970.88,48667.78,25%,6.76,1.69,12166.94
1403,shaeed rajaii,UAE,32082090,14280,38356,General Goods,400,5,1142.4,20%,9%,7671.2,4142.45,51312.05,25%,3.59,0.9,12828.01
1403,shaeed rajaii,UAE,84335190,1490,38331,Industrial Machinery,400,5,119.2,15%,9%,5749.65,3967.26,48167.11,25%,32.33,8.08,12041.78
1403,shaeed rajaii,UAE,40094200,517,38254,Rubber & Tires,400,5,41.36,20%,9%,7650.8,4131.43,50077.59,25%,96.86,24.22,12519.4
1403,shaeed rajaii,UAE,39043000,9000,38148,Plastics & Polymers,400,5,720,20%,9%,7629.6,4119.98,50617.58,25%,5.62,1.4,12654.4
1403,shaeed rajaii,UAE,90311010,13485,37922,General Goods,400,5,1078.8,20%,9%,7584.4,4095.58,50680.78,25%,3.76,0.94,12670.2
1403,shaeed rajaii,UAE,84659400,6800,37808,Industrial Machinery,400,5,544,15%,9%,5671.2,3913.13,47936.33,25%,7.05,1.76,11984.08
1403,shaeed rajaii,UAE,85333900,769,37713,Electrical Equipment,400,5,61.52,15%,9%,5656.95,3903.3,47334.77,25%,61.55,15.39,11833.69
1403,shaeed rajaii,UAE,84597000,5600,37440,Industrial Machinery,400,5,448,15%,9%,5616,3875.04,47379.04,25%,8.46,2.12,11844.76
1403,shaeed rajaii,UAE,48229000,29494,37144,Paper & Paperboard,400,5,2359.52,15%,9%,5571.6,3844.4,48919.52,25%,1.66,0.42,12229.88
1403,shaeed rajaii,UAE,15050090,1100,37127,General Goods,400,5,88,20%,9%,7425.4,4009.72,48650.12,25%,44.23,11.06,12162.53
1403,shaeed rajaii,UAE,28112990,3125,37100,General Goods,400,5,250,20%,9%,7420,4006.8,48776.8,25%,15.61,3.9,12194.2
1403,shaeed rajaii,UAE,29333990,1500,37033,Organic Chemicals,400,5,120,15%,9%,5554.95,3832.92,46540.87,25%,31.03,7.76,11635.22
1403,shaeed rajaii,UAE,44130000,23200,37020,General Goods,400,5,1856,20%,9%,7404,3998.16,50278.16,25%,2.17,0.54,12569.54
1403,shaeed rajaii,UAE,34024110,19000,37007,General Goods,400,5,1520,20%,9%,7401.4,3996.76,49925.16,25%,2.63,0.66,12481.29
1403,shaeed rajaii,UAE,70111090,7979,36729,General Goods,400,5,638.32,20%,9%,7345.8,3966.73,48679.85,25%,6.1,1.52,12169.96
1403,shaeed rajaii,UAE,28263000,31000,36574,General Goods,400,5,2480,20%,9%,7314.8,3949.99,50318.79,25%,1.62,0.4,12579.7
1403,shaeed rajaii,UAE,39211100,11005,36507,Plastics & Polymers,400,5,880.4,20%,9%,7301.4,3942.76,48631.56,25%,4.42,1.1,12157.89
1403,shaeed rajaii,UAE,9062020,9000,36310,General Goods,400,5,720,20%,9%,7262,3921.48,48213.48,25%,5.36,1.34,12053.37
1403,shaeed rajaii,UAE,73079200,18227,36282,Articles of Iron & Steel,400,5,1458.16,10%,9%,3628.2,3591.92,44960.28,25%,2.47,0.62,11240.07
1403,shaeed rajaii,UAE,54026200,21600,36191,General Goods,400,5,1728,20%,9%,7238.2,3908.63,49065.83,25%,2.27,0.57,12266.46
1403,shaeed rajaii,UAE,84212110,3530,36092,Industrial Machinery,400,5,282.4,15%,9%,5413.8,3735.52,45523.72,25%,12.9,3.22,11380.93
1403,shaeed rajaii,UAE,29302000,18000,35941,Organic Chemicals,400,5,1440,15%,9%,5391.15,3719.89,46492.04,25%,2.58,0.64,11623.01
1403,shaeed rajaii,UAE,29171100,49000,35837,Organic Chemicals,400,5,3920,15%,9%,5375.55,3709.13,48841.68,25%,1,0.25,12210.42
1403,shaeed rajaii,UAE,83021030,21402,35717,General Goods,400,5,1712.16,20%,9%,7143.4,3857.44,48430,25%,2.26,0.56,12107.5
1403,shaeed rajaii,UAE,39204350,12922,35635,Plastics & Polymers,400,5,1033.76,20%,9%,7127,3848.58,47644.34,25%,3.69,0.92,11911.08
1403,shaeed rajaii,UAE,35069110,5407,35403,General Goods,400,5,432.56,20%,9%,7080.6,3823.52,46739.68,25%,8.64,2.16,11684.92
1403,shaeed rajaii,UAE,38249980,13182,35264,Chemical Products,400,5,1054.56,15%,9%,5289.6,3649.82,45257.98,25%,3.43,0.86,11314.5
1403,shaeed rajaii,UAE,76161090,13441,35200,General Goods,400,5,1075.28,20%,9%,7040,3801.6,47116.88,25%,3.51,0.88,11779.22
1403,shaeed rajaii,UAE,45041000,12760,35192,General Goods,400,5,1020.8,20%,9%,7038.4,3800.74,47051.94,25%,3.69,0.92,11762.98
1403,shaeed rajaii,UAE,84849020,4138,35092,Industrial Machinery,400,5,331.04,15%,9%,5263.8,3632.02,44318.86,25%,10.71,2.68,11079.72
1403,shaeed rajaii,UAE,82100000,2862,34948,General Goods,400,5,228.96,20%,9%,6989.6,3774.38,45940.94,25%,16.05,4.01,11485.24
1403,shaeed rajaii,UAE,17021990,4055,34719,General Goods,400,5,324.4,20%,9%,6943.8,3749.65,45736.85,25%,11.28,2.82,11434.21
1403,shaeed rajaii,UAE,73151100,23404,34682,Articles of Iron & Steel,400,5,1872.32,10%,9%,3468.2,3433.52,43456.04,25%,1.86,0.46,10864.01
1403,shaeed rajaii,UAE,72199000,25107,34669,Iron & Steel Products,400,5,2008.56,10%,9%,3466.9,3432.23,43576.69,25%,1.74,0.44,10894.17
1403,shaeed rajaii,UAE,85351000,321,34574,Electrical Equipment,400,5,25.68,15%,9%,5186.1,3578.41,43364.19,25%,135.09,33.77,10841.05
1403,shaeed rajaii,UAE,84423000,804,34431,Industrial Machinery,400,5,64.32,15%,9%,5164.65,3563.61,43223.58,25%,53.76,13.44,10805.9
1403,shaeed rajaii,UAE,90183140,596,34372,General Goods,400,5,47.68,20%,9%,6874.4,3712.18,45006.26,25%,75.51,18.88,11251.56
1403,shaeed rajaii,UAE,72162100,29478,34202,Iron & Steel Products,400,5,2358.24,10%,9%,3420.2,3386,43366.44,25%,1.47,0.37,10841.61
1403,shaeed rajaii,UAE,28042100,1216,34112,General Goods,400,5,97.28,20%,9%,6822.4,3684.1,44715.78,25%,36.77,9.19,11178.94
1403,shaeed rajaii,UAE,84659500,4925,33870,Industrial Machinery,400,5,394,15%,9%,5080.5,3505.54,42850.04,25%,8.7,2.17,10712.51
1403,shaeed rajaii,UAE,85015120,9238,33665,Electrical Equipment,400,5,739.04,15%,9%,5049.75,3484.33,42938.12,25%,4.65,1.16,10734.53
1403,shaeed rajaii,UAE,82077000,1441,33532,General Goods,400,5,115.28,20%,9%,6706.4,3621.46,43975.14,25%,30.52,7.63,10993.78
1403,shaeed rajaii,UAE,85098010,12520,33520,Electrical Equipment,400,5,1001.6,15%,9%,5028,3469.32,43018.92,25%,3.44,0.86,10754.73
1403,shaeed rajaii,UAE,87089190,5297,33377,Vehicle Parts & Accessories,400,5,423.76,25%,9%,8344.25,3754.91,45899.92,25%,8.67,2.17,11474.98
1403,shaeed rajaii,UAE,84431700,5407,33147,Industrial Machinery,400,5,432.56,15%,9%,4972.05,3430.71,41982.32,25%,7.76,1.94,10495.58
1403,shaeed rajaii,UAE,58110000,11500,33056,General Goods,400,5,920,20%,9%,6611.2,3570.05,44157.25,25%,3.84,0.96,11039.31
1403,shaeed rajaii,UAE,29231010,28520,33053,Organic Chemicals,400,5,2281.6,15%,9%,4957.95,3420.99,43713.54,25%,1.53,0.38,10928.38
1403,shaeed rajaii,UAE,84393000,11000,33039,Industrial Machinery,400,5,880,15%,9%,4955.85,3419.54,42294.39,25%,3.84,0.96,10573.6
1403,shaeed rajaii,UAE,85011020,11110,32628,Electrical Equipment,400,5,888.8,15%,9%,4894.2,3377,41788,25%,3.76,0.94,10447
1403,shaeed rajaii,UAE,84198930,6250,32607,Industrial Machinery,400,5,500,15%,9%,4891.05,3374.82,41372.87,25%,6.62,1.66,10343.22
1403,shaeed rajaii,UAE,87088049,7561,32598,Vehicle Parts & Accessories,400,5,604.88,25%,9%,8149.5,3667.28,45019.66,25%,5.95,1.49,11254.92
1403,shaeed rajaii,UAE,29024400,28800,32567,Organic Chemicals,400,5,2304,15%,9%,4885.05,3370.68,43126.73,25%,1.5,0.38,10781.68
1403,shaeed rajaii,UAE,30042022,1000,32564,General Goods,400,5,80,20%,9%,6512.8,3516.91,42673.71,25%,42.67,10.67,10668.43
1403,shaeed rajaii,UAE,32159010,3300,32528,General Goods,400,5,264,20%,9%,6505.6,3513.02,42810.62,25%,12.97,3.24,10702.66
1403,shaeed rajaii,UAE,87089590,379,32433,Vehicle Parts & Accessories,400,5,30.32,25%,9%,8108.25,3648.71,44220.28,25%,116.68,29.17,11055.07
1403,shaeed rajaii,UAE,84199030,4328,32394,Industrial Machinery,400,5,346.24,15%,9%,4859.1,3352.78,40952.12,25%,9.46,2.37,10238.03
1403,shaeed rajaii,UAE,84254200,8839,32295,Industrial Machinery,400,5,707.12,15%,9%,4844.25,3342.53,41188.9,25%,4.66,1.16,10297.22
1403,shaeed rajaii,UAE,87141055,8383,32289,General Goods,400,5,670.64,20%,9%,6457.8,3487.21,42904.65,25%,5.12,1.28,10726.16
1403,shaeed rajaii,UAE,85061090,4857,32249,Electrical Equipment,400,5,388.56,15%,9%,4837.35,3337.77,40812.68,25%,8.4,2.1,10203.17
1403,shaeed rajaii,UAE,84073290,4348,32217,Industrial Machinery,400,5,347.84,15%,9%,4832.55,3334.46,40731.85,25%,9.37,2.34,10182.96
1403,shaeed rajaii,UAE,83113000,43200,32190,General Goods,400,5,3456,20%,9%,6438,3476.52,45560.52,25%,1.05,0.26,11390.13
1403,shaeed rajaii,UAE,70023100,33510,31690,General Goods,400,5,2680.8,20%,9%,6338,3422.52,44131.32,25%,1.32,0.33,11032.83
1403,shaeed rajaii,UAE,28164000,23000,31498,General Goods,400,5,1840,20%,9%,6299.6,3401.78,43039.38,25%,1.87,0.47,10759.84
1403,shaeed rajaii,UAE,87084010,8748,31465,Vehicle Parts & Accessories,400,5,699.84,25%,9%,7866.25,3539.81,43570.9,25%,4.98,1.25,10892.72
1403,shaeed rajaii,UAE,72164090,40000,31437,Iron & Steel Products,400,5,3200,10%,9%,3143.7,3112.26,40892.96,25%,1.02,0.26,10223.24
1403,shaeed rajaii,UAE,74121000,1643,31362,General Goods,400,5,131.44,20%,9%,6272.4,3387.1,41152.94,25%,25.05,6.26,10288.24
1403,shaeed rajaii,UAE,74111090,1632,31333,General Goods,400,5,130.56,20%,9%,6266.6,3383.96,41114.12,25%,25.19,6.3,10278.53
1403,shaeed rajaii,UAE,40030000,48000,31238,Rubber & Tires,400,5,3840,20%,9%,6247.6,3373.7,44699.3,25%,0.93,0.23,11174.82
1403,shaeed rajaii,UAE,85171890,191,31218,Telecom & Display Equipment,400,5,15.28,15%,9%,4682.7,3231.06,39147.04,25%,204.96,51.24,9786.76
1403,shaeed rajaii,UAE,84212200,180,31042,Industrial Machinery,400,5,14.4,15%,9%,4656.3,3212.85,38925.55,25%,216.25,54.06,9731.39
1403,shaeed rajaii,UAE,85322510,3356,31014,Electrical Equipment,400,5,268.48,15%,9%,4652.1,3209.95,39144.53,25%,11.66,2.92,9786.13
1403,shaeed rajaii,UAE,90261020,215,30994,General Goods,400,5,17.2,20%,9%,6198.8,3347.35,40557.35,25%,188.64,47.16,10139.34
1403,shaeed rajaii,UAE,70072900,2320,30971,General Goods,400,5,185.6,20%,9%,6194.2,3344.87,40695.67,25%,17.54,4.38,10173.92
1403,shaeed rajaii,UAE,29242100,2700,30915,Organic Chemicals,400,5,216,15%,9%,4637.25,3199.7,38967.95,25%,14.43,3.61,9741.99
1403,shaeed rajaii,UAE,85269290,210,30652,Electrical Equipment,400,5,16.8,15%,9%,4597.8,3172.48,38439.08,25%,183.04,45.76,9609.77
1403,shaeed rajaii,UAE,84714110,1238,30652,Industrial Machinery,400,5,99.04,15%,9%,4597.8,3172.48,38521.32,25%,31.12,7.78,9630.33
1403,shaeed rajaii,UAE,28182010,20000,30344,General Goods,400,5,1600,20%,9%,6068.8,3277.15,41289.95,25%,2.06,0.52,10322.49
1403,shaeed rajaii,UAE,82074000,3664,30301,General Goods,400,5,293.12,20%,9%,6060.2,3272.51,39926.83,25%,10.9,2.72,9981.71
1403,shaeed rajaii,UAE,25120000,24000,30220,General Goods,400,5,1920,20%,9%,6044,3263.76,41447.76,25%,1.73,0.43,10361.94
1403,shaeed rajaii,UAE,29215100,7000,30192,Organic Chemicals,400,5,560,15%,9%,4528.8,3124.87,38405.67,25%,5.49,1.37,9601.42
1403,shaeed rajaii,UAE,85176260,49,30062,Telecom & Display Equipment,400,5,3.92,15%,9%,4509.3,3111.42,37686.64,25%,769.12,192.28,9421.66
1403,shaeed rajaii,UAE,28352200,10800,29876,General Goods,400,5,864,20%,9%,5975.2,3226.61,39941.81,25%,3.7,0.92,9985.45
1403,shaeed rajaii,UAE,32131090,2954,29710,General Goods,400,5,236.32,20%,9%,5942,3208.68,39097,25%,13.24,3.31,9774.25
1403,shaeed rajaii,UAE,95066100,3747,29193,General Goods,400,5,299.76,20%,9%,5838.6,3152.84,38484.2,25%,10.27,2.57,9621.05
1403,shaeed rajaii,UAE,39012059,12000,29075,Plastics & Polymers,400,5,960,20%,9%,5815,3140.1,38990.1,25%,3.25,0.81,9747.52
1403,shaeed rajaii,UAE,37031000,4872,29071,General Goods,400,5,389.76,20%,9%,5814.2,3139.67,38414.63,25%,7.88,1.97,9603.66
1403,shaeed rajaii,UAE,85352190,675,28774,Electrical Equipment,400,5,54,15%,9%,4316.1,2978.11,36122.21,25%,53.51,13.38,9030.55
1403,shaeed rajaii,UAE,82055990,1268,28624,General Goods,400,5,101.44,20%,9%,5724.8,3091.39,37541.63,25%,29.61,7.4,9385.41
1403,shaeed rajaii,UAE,72112910,14921,28533,Iron & Steel Products,400,5,1193.68,10%,9%,2853.3,2824.77,35404.75,25%,2.37,0.59,8851.19
1403,shaeed rajaii,UAE,82022010,18450,28345,General Goods,400,5,1476,20%,9%,5669,3061.26,38551.26,25%,2.09,0.52,9637.82
1403,shaeed rajaii,UAE,29189920,600,28219,Organic Chemicals,400,5,48,15%,9%,4232.85,2920.67,35420.52,25%,59.03,14.76,8855.13
1403,shaeed rajaii,UAE,85441100,3863,28104,Electrical Equipment,400,5,309.04,15%,9%,4215.6,2908.76,35537.4,25%,9.2,2.3,8884.35
1403,shaeed rajaii,UAE,29314990,12500,27910,Organic Chemicals,400,5,1000,15%,9%,4186.5,2888.68,35985.18,25%,2.88,0.72,8996.3
1403,shaeed rajaii,UAE,28273990,1200,27736,General Goods,400,5,96,20%,9%,5547.2,2995.49,36374.69,25%,30.31,7.58,9093.67
1403,shaeed rajaii,UAE,29173910,20000,27706,Organic Chemicals,400,5,1600,15%,9%,4155.9,2867.57,36329.47,25%,1.82,0.46,9082.37
1403,shaeed rajaii,UAE,38122020,11700,27638,Chemical Products,400,5,936,15%,9%,4145.7,2860.53,35580.23,25%,3.04,0.76,8895.06
1403,shaeed rajaii,UAE,84231000,1885,27602,Industrial Machinery,400,5,150.8,15%,9%,4140.3,2856.81,34749.91,25%,18.43,4.61,8687.48
1403,shaeed rajaii,UAE,84799010,6155,27595,Machines & Mechanical Appliances,400,5,492.4,15%,9%,4139.25,2856.08,35082.73,25%,5.7,1.42,8770.68
1403,shaeed rajaii,UAE,84159040,14778,27529,Industrial Machinery,400,5,1182.24,15%,9%,4129.35,2849.25,35689.84,25%,2.42,0.6,8922.46
1403,shaeed rajaii,UAE,91061000,948,27186,General Goods,400,5,75.84,20%,9%,5437.2,2936.09,35635.13,25%,37.59,9.4,8908.78
1403,shaeed rajaii,UAE,84751000,2153,26927,Industrial Machinery,400,5,172.24,15%,9%,4039.05,2786.94,33925.23,25%,15.76,3.94,8481.31
1403,shaeed rajaii,UAE,73181610,3475,26922,Articles of Iron & Steel,400,5,278,10%,9%,2692.2,2665.28,32557.48,25%,9.37,2.34,8139.37
1403,shaeed rajaii,UAE,39012010,7000,26895,Plastics & Polymers,400,5,560,20%,9%,5379,2904.66,35738.66,25%,5.11,1.28,8934.67
1403,shaeed rajaii,UAE,28332400,5000,26892,General Goods,400,5,400,20%,9%,5378.4,2904.34,35574.74,25%,7.11,1.78,8893.68
1403,shaeed rajaii,UAE,34024230,3600,26772,General Goods,400,5,288,20%,9%,5354.4,2891.38,35305.78,25%,9.81,2.45,8826.44
1403,shaeed rajaii,UAE,28342990,15500,26724,General Goods,400,5,1240,20%,9%,5344.8,2886.19,36194.99,25%,2.34,0.58,9048.75
1403,shaeed rajaii,UAE,33013000,960,26451,General Goods,400,5,76.8,20%,9%,5290.2,2856.71,34674.71,25%,36.12,9.03,8668.68
1403,shaeed rajaii,UAE,84321090,7694,26304,Industrial Machinery,400,5,615.52,15%,9%,3945.6,2722.46,33587.58,25%,4.37,1.09,8396.9
1403,shaeed rajaii,UAE,39094010,38000,26203,Plastics & Polymers,400,5,3040,20%,9%,5240.6,2829.92,37313.52,25%,0.98,0.24,9328.38
1403,shaeed rajaii,UAE,72251100,24000,26158,Iron & Steel Products,400,5,1920,10%,9%,2615.8,2589.64,33283.44,25%,1.39,0.35,8320.86
1403,shaeed rajaii,UAE,33012920,350,26008,General Goods,400,5,28,20%,9%,5201.6,2808.86,34046.46,25%,97.28,24.32,8511.62
1403,shaeed rajaii,UAE,84431500,2000,25967,Industrial Machinery,400,5,160,15%,9%,3895.05,2687.58,32709.63,25%,16.35,4.09,8177.41
1403,shaeed rajaii,UAE,84322910,8332,25861,Industrial Machinery,400,5,666.56,15%,9%,3879.15,2676.61,33083.32,25%,3.97,0.99,8270.83
1403,shaeed rajaii,UAE,68069000,3300,25810,General Goods,400,5,264,20%,9%,5162,2787.48,34023.48,25%,10.31,2.58,8505.87
1403,shaeed rajaii,UAE,39073010,9400,25596,Plastics & Polymers,400,5,752,20%,9%,5119.2,2764.37,34231.57,25%,3.64,0.91,8557.89
1403,shaeed rajaii,UAE,56021000,15570,25496,General Goods,400,5,1245.6,20%,9%,5099.2,2753.57,34594.37,25%,2.22,0.56,8648.59
1403,shaeed rajaii,UAE,39233010,18490,25460,Plastics & Polymers,400,5,1479.2,20%,9%,5092,2749.68,34780.88,25%,1.88,0.47,8695.22
1403,shaeed rajaii,UAE,84688000,3340,25411,Industrial Machinery,400,5,267.2,15%,9%,3811.65,2630.04,32119.89,25%,9.62,2.4,8029.97
1403,shaeed rajaii,UAE,40119090,2850,25255,Rubber & Tires,400,5,228,20%,9%,5051,2727.54,33261.54,25%,11.67,2.92,8315.38
1403,shaeed rajaii,UAE,84253190,5334,25190,Industrial Machinery,400,5,426.72,15%,9%,3778.5,2607.16,32002.38,25%,6,1.5,8000.6
1403,shaeed rajaii,UAE,84239020,5991,25177,Industrial Machinery,400,5,479.28,15%,9%,3776.55,2605.82,32038.65,25%,5.35,1.34,8009.66
1403,shaeed rajaii,UAE,83079000,1440,25134,General Goods,400,5,115.2,20%,9%,5026.8,2714.47,32990.47,25%,22.91,5.73,8247.62
1403,shaeed rajaii,UAE,29051690,20040,24977,Organic Chemicals,400,5,1603.2,15%,9%,3746.55,2585.12,32911.87,25%,1.64,0.41,8227.97
1403,shaeed rajaii,UAE,29126000,20000,24831,Organic Chemicals,400,5,1600,15%,9%,3724.65,2570.01,32725.66,25%,1.64,0.41,8181.42
1403,shaeed rajaii,UAE,72172090,47000,24798,Iron & Steel Products,400,5,3760,10%,9%,2479.8,2455,33492.8,25%,0.71,0.18,8373.2
1403,shaeed rajaii,UAE,85219010,2662,24796,Electrical Equipment,400,5,212.96,15%,9%,3719.4,2566.39,31294.75,25%,11.76,2.94,7823.69
1403,shaeed rajaii,UAE,73011000,21000,24768,Articles of Iron & Steel,400,5,1680,10%,9%,2476.8,2452.03,31376.83,25%,1.49,0.37,7844.21
1403,shaeed rajaii,UAE,95045010,2125,24650,General Goods,400,5,170,20%,9%,4930,2662.2,32412.2,25%,15.25,3.81,8103.05
1403,shaeed rajaii,UAE,84639000,4760,24640,Industrial Machinery,400,5,380.8,15%,9%,3696,2550.24,31267.04,25%,6.57,1.64,7816.76
1403,shaeed rajaii,UAE,32041390,9800,24561,General Goods,400,5,784,20%,9%,4912.2,2652.59,32909.79,25%,3.36,0.84,8227.45
1403,shaeed rajaii,UAE,28352400,816,24175,General Goods,400,5,65.28,20%,9%,4835,2610.9,31686.18,25%,38.83,9.71,7921.54
1403,shaeed rajaii,UAE,72069000,23071,24064,Iron & Steel Products,400,5,1845.68,10%,9%,2406.4,2382.34,30698.42,25%,1.33,0.33,7674.6
1403,shaeed rajaii,UAE,90118000,1022,23901,General Goods,400,5,81.76,20%,9%,4780.2,2581.31,31344.27,25%,30.67,7.67,7836.07
1403,shaeed rajaii,UAE,85332910,800,23606,Electrical Equipment,400,5,64,15%,9%,3540.9,2443.22,29654.12,25%,37.07,9.27,7413.53
1403,shaeed rajaii,UAE,29141300,9900,23576,Organic Chemicals,400,5,792,15%,9%,3536.4,2440.12,30344.52,25%,3.07,0.77,7586.13
1403,shaeed rajaii,UAE,58061000,9350,23498,General Goods,400,5,748,20%,9%,4699.6,2537.78,31483.38,25%,3.37,0.84,7870.84
1403,shaeed rajaii,UAE,85459010,11774,23470,Electrical Equipment,400,5,941.92,15%,9%,3520.5,2429.14,30361.56,25%,2.58,0.64,7590.39
1403,shaeed rajaii,UAE,84622500,7444,23454,Industrial Machinery,400,5,595.52,15%,9%,3518.1,2427.49,29995.11,25%,4.03,1.01,7498.78
1403,shaeed rajaii,UAE,40092200,7602,23452,Rubber & Tires,400,5,608.16,20%,9%,4690.4,2532.82,31283.38,25%,4.12,1.03,7820.84
1403,shaeed rajaii,UAE,29072900,2150,23431,Organic Chemicals,400,5,172,15%,9%,3514.65,2425.11,29542.76,25%,13.74,3.44,7385.69
1403,shaeed rajaii,UAE,90311090,7080,23428,General Goods,400,5,566.4,20%,9%,4685.6,2530.22,31210.22,25%,4.41,1.1,7802.56
1403,shaeed rajaii,UAE,39162090,13010,23266,Plastics & Polymers,400,5,1040.8,20%,9%,4653.2,2512.73,31472.73,25%,2.42,0.6,7868.18
1403,shaeed rajaii,UAE,30064090,78,23199,General Goods,400,5,6.24,20%,9%,4639.8,2505.49,30350.53,25%,389.11,97.28,7587.63
1403,shaeed rajaii,UAE,39204360,4700,22946,Plastics & Polymers,400,5,376,20%,9%,4589.2,2478.17,30389.37,25%,6.47,1.62,7597.34
1403,shaeed rajaii,UAE,29146990,700,22864,Organic Chemicals,400,5,56,15%,9%,3429.6,2366.42,28716.02,25%,41.02,10.26,7179
1403,shaeed rajaii,UAE,48239090,5620,22713,Paper & Paperboard,400,5,449.6,15%,9%,3406.95,2350.8,28920.35,25%,5.15,1.29,7230.09
1403,shaeed rajaii,UAE,82082000,680,22654,General Goods,400,5,54.4,20%,9%,4530.8,2446.63,29685.83,25%,43.66,10.92,7421.46
1403,shaeed rajaii,UAE,98870371,1235,22625,Vehicle/Chassis/Tractor Parts,400,5,98.8,40%,9%,9050,2850.75,34624.55,25%,28.04,7.01,8656.14
1403,shaeed rajaii,UAE,85043310,1855,22386,Electrical Equipment,400,5,148.4,15%,9%,3357.9,2316.95,28209.25,25%,15.21,3.8,7052.31
1403,shaeed rajaii,UAE,85144000,2300,22186,Electrical Equipment,400,5,184,15%,9%,3327.9,2296.25,27994.15,25%,12.17,3.04,6998.54
1403,shaeed rajaii,UAE,87083021,2863,22160,Vehicle Parts & Accessories,400,5,229.04,25%,9%,5540,2493,30422.04,25%,10.63,2.66,7605.51
1403,shaeed rajaii,UAE,84531000,15000,22041,Industrial Machinery,400,5,1200,15%,9%,3306.15,2281.24,28828.39,25%,1.92,0.48,7207.1
1403,shaeed rajaii,UAE,29163990,4025,22001,Organic Chemicals,400,5,322,15%,9%,3300.15,2277.1,27900.25,25%,6.93,1.73,6975.06
1403,shaeed rajaii,UAE,37013030,477,21892,General Goods,400,5,38.16,20%,9%,4378.4,2364.34,28672.9,25%,60.11,15.03,7168.22
1403,shaeed rajaii,UAE,54077200,6392,21885,General Goods,400,5,511.36,20%,9%,4377,2363.58,29136.94,25%,4.56,1.14,7284.24
1403,shaeed rajaii,UAE,90230090,6000,21865,General Goods,400,5,480,20%,9%,4373,2361.42,29079.42,25%,4.85,1.21,7269.86
1403,shaeed rajaii,UAE,84721000,870,21826,Industrial Machinery,400,5,69.6,15%,9%,3273.9,2258.99,27428.49,25%,31.53,7.88,6857.12
1403,shaeed rajaii,UAE,84146090,360,21757,Compressors & Pumps,400,5,28.8,15%,9%,3263.55,2251.85,27301.2,25%,75.84,18.96,6825.3
1403,shaeed rajaii,UAE,87036090,1890,21749,Passenger Vehicles,400,5,151.2,45%,9%,9787.05,2838.24,34525.49,25%,18.27,4.57,8631.37
1403,shaeed rajaii,UAE,84569000,1045,21729,Industrial Machinery,400,5,83.6,15%,9%,3259.35,2248.95,27320.9,25%,26.14,6.54,6830.22
1403,shaeed rajaii,UAE,40082900,1185,21621,Rubber & Tires,400,5,94.8,20%,9%,4324.2,2335.07,28375.07,25%,23.95,5.99,7093.77
1403,shaeed rajaii,UAE,98870311,1175,21597,Vehicle/Chassis/Tractor Parts,400,5,94,40%,9%,8638.8,2721.22,33051.02,25%,28.13,7.03,8262.75
1403,shaeed rajaii,UAE,90153000,513,21468,General Goods,400,5,41.04,20%,9%,4293.6,2318.54,28121.18,25%,54.82,13.7,7030.3
1403,shaeed rajaii,UAE,28391910,27300,21372,General Goods,400,5,2184,20%,9%,4274.4,2308.18,30138.58,25%,1.1,0.28,7534.64
1403,shaeed rajaii,UAE,82032000,4000,21196,General Goods,400,5,320,20%,9%,4239.2,2289.17,28044.37,25%,7.01,1.75,7011.09
1403,shaeed rajaii,UAE,84073190,3953,21184,Industrial Machinery,400,5,316.24,15%,9%,3177.6,2192.54,26870.38,25%,6.8,1.7,6717.6
1403,shaeed rajaii,UAE,70196410,1554,21164,General Goods,400,5,124.32,20%,9%,4232.8,2285.71,27806.83,25%,17.89,4.47,6951.71
1403,shaeed rajaii,UAE,84287000,2376,21036,Industrial Machinery,400,5,190.08,15%,9%,3155.4,2177.23,26558.71,25%,11.18,2.8,6639.68
1403,shaeed rajaii,UAE,82059000,3148,20862,General Goods,400,5,251.84,20%,9%,4172.4,2253.1,27539.34,25%,8.75,2.19,6884.84
1403,shaeed rajaii,UAE,73160000,9350,20849,Articles of Iron & Steel,400,5,748,10%,9%,2084.9,2064.05,25745.95,25%,2.75,0.69,6436.49
1403,shaeed rajaii,UAE,85369040,2754,20695,Electrical Equipment,400,5,220.32,15%,9%,3104.25,2141.93,26161.5,25%,9.5,2.38,6540.38
1403,shaeed rajaii,UAE,84425090,1436,20440,Industrial Machinery,400,5,114.88,15%,9%,3066,2115.54,25736.42,25%,17.92,4.48,6434.1
1403,shaeed rajaii,UAE,87112013,1310,20367,General Goods,400,5,104.8,20%,9%,4073.4,2199.64,26744.84,25%,20.42,5.11,6686.21
1403,shaeed rajaii,UAE,38099300,16560,20292,Chemical Products,400,5,1324.8,15%,9%,3043.8,2100.22,26760.82,25%,1.62,0.4,6690.2
1403,shaeed rajaii,UAE,84714910,956,20251,Industrial Machinery,400,5,76.48,15%,9%,3037.65,2095.98,25461.11,25%,26.63,6.66,6365.28
1403,shaeed rajaii,UAE,85151990,111,20140,Electrical Equipment,400,5,8.88,15%,9%,3021,2084.49,25254.37,25%,227.52,56.88,6313.59
1403,shaeed rajaii,UAE,85329000,2030,20084,Electrical Equipment,400,5,162.4,15%,9%,3012.6,2078.69,25337.69,25%,12.48,3.12,6334.42
1403,shaeed rajaii,UAE,84295112,5000,20000,Industrial Machinery,400,5,400,15%,9%,3000,2070,25470,25%,5.09,1.27,6367.5
1403,shaeed rajaii,UAE,87082290,2663,19991,Vehicle Parts & Accessories,400,5,213.04,25%,9%,4997.75,2248.99,27450.78,25%,10.31,2.58,6862.7
1403,shaeed rajaii,UAE,85152110,1380,19936,Electrical Equipment,400,5,110.4,15%,9%,2990.4,2063.38,25100.18,25%,18.19,4.55,6275.04
1403,shaeed rajaii,UAE,28111910,25000,19850,General Goods,400,5,2000,20%,9%,3970,2143.8,27963.8,25%,1.12,0.28,6990.95
1403,shaeed rajaii,UAE,27101950,443,19823,Mineral Fuels & Oils,400,5,35.44,5%,9%,991.15,1873.27,22722.86,25%,51.29,12.82,5680.72
1403,shaeed rajaii,UAE,58013390,10100,19801,General Goods,400,5,808,20%,9%,3960.2,2138.51,26707.71,25%,2.64,0.66,6676.93
1403,shaeed rajaii,UAE,84818070,826,19737,Industrial Machinery,400,5,66.08,15%,9%,2960.55,2042.78,24806.41,25%,30.03,7.51,6201.6
1403,shaeed rajaii,UAE,70199040,6076,19645,General Goods,400,5,486.08,20%,9%,3929,2121.66,26181.74,25%,4.31,1.08,6545.44
1403,shaeed rajaii,UAE,85361010,196,19605,Electrical Equipment,400,5,15.68,15%,9%,2940.75,2029.12,24590.55,25%,125.46,31.36,6147.64
1403,shaeed rajaii,UAE,72085210,30000,19512,Iron & Steel Products,400,5,2400,10%,9%,1951.2,1931.69,25794.89,25%,0.86,0.22,6448.72
1403,shaeed rajaii,UAE,40081190,8704,19458,Rubber & Tires,400,5,696.32,20%,9%,3891.6,2101.46,26147.38,25%,3,0.75,6536.84
1403,shaeed rajaii,UAE,87089929,11135,19409,Vehicle Parts & Accessories,400,5,890.8,25%,9%,4852.25,2183.51,27335.56,25%,2.45,0.61,6833.89
1403,shaeed rajaii,UAE,28043000,668,19327,General Goods,400,5,53.44,20%,9%,3865.4,2087.32,25333.16,25%,37.92,9.48,6333.29
1403,shaeed rajaii,UAE,84879000,2342,19294,Industrial Machinery,400,5,187.36,15%,9%,2894.1,1996.93,24372.39,25%,10.41,2.6,6093.1
1403,shaeed rajaii,UAE,84439930,77,19264,Industrial Machinery,400,5,6.16,15%,9%,2889.6,1993.82,24153.58,25%,313.68,78.42,6038.4
1403,shaeed rajaii,UAE,58063200,4996,19120,General Goods,400,5,399.68,20%,9%,3824,2064.96,25408.64,25%,5.09,1.27,6352.16
1403,shaeed rajaii,UAE,85462041,6596,19046,Electrical Equipment,400,5,527.68,15%,9%,2856.9,1971.26,24401.84,25%,3.7,0.92,6100.46
1403,shaeed rajaii,UAE,90251910,194,18996,General Goods,400,5,15.52,20%,9%,3799.2,2051.57,24862.29,25%,128.16,32.04,6215.57
1403,shaeed rajaii,UAE,56041000,5800,18993,General Goods,400,5,464,20%,9%,3798.6,2051.24,25306.84,25%,4.36,1.09,6326.71
1403,shaeed rajaii,UAE,90330090,1344,18792,General Goods,400,5,107.52,20%,9%,3758.4,2029.54,24687.46,25%,18.37,4.59,6171.86
1403,shaeed rajaii,UAE,85381000,19030,18668,Electrical Equipment,400,5,1522.4,15%,9%,2800.2,1932.14,24922.74,25%,1.31,0.33,6230.68
1403,shaeed rajaii,UAE,72149900,29250,18516,Iron & Steel Products,400,5,2340,10%,9%,1851.6,1833.08,24540.68,25%,0.84,0.21,6135.17
1403,shaeed rajaii,UAE,90183290,50,18413,General Goods,400,5,4,20%,9%,3682.6,1988.6,24088.2,25%,481.76,120.44,6022.05
1403,shaeed rajaii,UAE,34029040,11200,18298,General Goods,400,5,896,20%,9%,3659.6,1976.18,24829.78,25%,2.22,0.56,6207.44
1403,shaeed rajaii,UAE,70179090,390,18203,General Goods,400,5,31.2,20%,9%,3640.6,1965.92,23840.72,25%,61.13,15.28,5960.18
1403,shaeed rajaii,UAE,84269900,1580,18200,Industrial Machinery,400,5,126.4,15%,9%,2730,1883.7,22940.1,25%,14.52,3.63,5735.02
1403,shaeed rajaii,UAE,84431200,5300,18121,Industrial Machinery,400,5,424,15%,9%,2718.15,1875.52,23138.67,25%,4.37,1.09,5784.67
1403,shaeed rajaii,UAE,39077000,5400,18101,Plastics & Polymers,400,5,432,20%,9%,3620.2,1954.91,24108.11,25%,4.46,1.12,6027.03
1403,shaeed rajaii,UAE,94032020,4110,18094,General Goods,400,5,328.8,20%,9%,3618.8,1954.15,23995.75,25%,5.84,1.46,5998.94
1403,shaeed rajaii,UAE,40081900,1213,17969,Rubber & Tires,400,5,97.04,20%,9%,3593.8,1940.65,23600.49,25%,19.46,4.86,5900.12
1403,shaeed rajaii,UAE,28092090,2000,17808,General Goods,400,5,160,20%,9%,3561.6,1923.26,23452.86,25%,11.73,2.93,5863.22
1403,shaeed rajaii,UAE,29051100,1992,17560,Organic Chemicals,400,5,159.36,15%,9%,2634,1817.46,22170.82,25%,11.13,2.78,5542.7
1403,shaeed rajaii,UAE,39042100,5000,17521,Plastics & Polymers,400,5,400,20%,9%,3504.2,1892.27,23317.47,25%,4.66,1.16,5829.37
1403,shaeed rajaii,UAE,85416000,330,17484,Semiconductors & Solar Cells,400,5,26.4,15%,9%,2622.6,1809.59,21942.59,25%,66.49,16.62,5485.65
1403,shaeed rajaii,UAE,68052020,800,17478,General Goods,400,5,64,20%,9%,3495.6,1887.62,22925.22,25%,28.66,7.16,5731.3
1403,shaeed rajaii,UAE,87081090,2510,17247,Vehicle Parts & Accessories,400,5,200.8,25%,9%,4311.75,1940.29,23699.84,25%,9.44,2.36,5924.96
1403,shaeed rajaii,UAE,39011069,8200,17215,Plastics & Polymers,400,5,656,20%,9%,3443,1859.22,23173.22,25%,2.83,0.71,5793.3
1403,shaeed rajaii,UAE,90152010,2514,17208,General Goods,400,5,201.12,20%,9%,3441.6,1858.46,22709.18,25%,9.03,2.26,5677.3
1403,shaeed rajaii,UAE,90021900,2746,17181,General Goods,400,5,219.68,20%,9%,3436.2,1855.55,22692.43,25%,8.26,2.06,5673.11
1403,shaeed rajaii,UAE,28271000,50000,17127,General Goods,400,5,4000,20%,9%,3425.4,1849.72,26402.12,25%,0.53,0.13,6600.53
1403,shaeed rajaii,UAE,56039300,4620,17018,General Goods,400,5,369.6,20%,9%,3403.6,1837.94,22629.14,25%,4.9,1.23,5657.28
1403,shaeed rajaii,UAE,91021100,182,16934,General Goods,400,5,14.56,20%,9%,3386.8,1828.87,22164.23,25%,121.78,30.44,5541.06
1403,shaeed rajaii,UAE,72123090,29500,16866,Iron & Steel Products,400,5,2360,10%,9%,1686.6,1669.73,22582.33,25%,0.77,0.19,5645.58
1403,shaeed rajaii,UAE,72092600,23954,16659,Iron & Steel Products,400,5,1916.32,10%,9%,1665.9,1649.24,21890.46,25%,0.91,0.23,5472.62
1403,shaeed rajaii,UAE,40103200,897,16627,Rubber & Tires,400,5,71.76,20%,9%,3325.4,1795.72,21819.88,25%,24.33,6.08,5454.97
1403,shaeed rajaii,UAE,40081110,4400,16518,Rubber & Tires,400,5,352,20%,9%,3303.6,1783.94,21957.54,25%,4.99,1.25,5489.38
1403,shaeed rajaii,UAE,53039000,15000,16497,General Goods,400,5,1200,20%,9%,3299.4,1781.68,22778.08,25%,1.52,0.38,5694.52
1403,shaeed rajaii,UAE,56081900,2838,16490,General Goods,400,5,227.04,20%,9%,3298,1780.92,21795.96,25%,7.68,1.92,5448.99
1403,shaeed rajaii,UAE,95065910,1227,16390,General Goods,400,5,98.16,20%,9%,3278,1770.12,21536.28,25%,17.55,4.39,5384.07
1403,shaeed rajaii,UAE,56031210,5338,16338,General Goods,400,5,427.04,20%,9%,3267.6,1764.5,21797.14,25%,4.08,1.02,5449.28
1403,shaeed rajaii,UAE,39259000,6437,16297,Plastics & Polymers,400,5,514.96,20%,9%,3259.4,1760.08,21831.44,25%,3.39,0.85,5457.86
1403,shaeed rajaii,UAE,84169000,266,16132,Industrial Machinery,400,5,21.28,15%,9%,2419.8,1669.66,20242.74,25%,76.1,19.02,5060.69
1403,shaeed rajaii,UAE,85256000,140,16093,Electrical Equipment,400,5,11.2,15%,9%,2413.95,1665.63,20183.78,25%,144.17,36.04,5045.94
1403,shaeed rajaii,UAE,85365010,666,15898,Electrical Equipment,400,5,53.28,15%,9%,2384.7,1645.44,19981.42,25%,30,7.5,4995.35
1403,shaeed rajaii,UAE,44129200,23775,15819,General Goods,400,5,1902,20%,9%,3163.8,1708.45,22593.25,25%,0.95,0.24,5648.31
1403,shaeed rajaii,UAE,87089229,2508,15626,Vehicle Parts & Accessories,400,5,200.64,25%,9%,3906.5,1757.92,21491.06,25%,8.57,2.14,5372.76
1403,shaeed rajaii,UAE,73199090,6860,15605,Articles of Iron & Steel,400,5,548.8,10%,9%,1560.5,1544.9,19259.2,25%,2.81,0.7,4814.8
1403,shaeed rajaii,UAE,84602900,9940,15585,Industrial Machinery,400,5,795.2,15%,9%,2337.75,1613.05,20331,25%,2.05,0.51,5082.75
1403,shaeed rajaii,UAE,84835090,2300,15566,Industrial Machinery,400,5,184,15%,9%,2334.9,1611.08,19695.98,25%,8.56,2.14,4924
1403,shaeed rajaii,UAE,33011300,550,15156,General Goods,400,5,44,20%,9%,3031.2,1636.85,19868.05,25%,36.12,9.03,4967.01
1403,shaeed rajaii,UAE,84659300,2317,15021,Industrial Machinery,400,5,185.36,15%,9%,2253.15,1554.67,19014.18,25%,8.21,2.05,4753.54
1403,shaeed rajaii,UAE,73143100,5545,14920,Articles of Iron & Steel,400,5,443.6,10%,9%,1492,1477.08,18332.68,25%,3.31,0.83,4583.17
1403,shaeed rajaii,UAE,85442000,1596,14901,Electrical Equipment,400,5,127.68,15%,9%,2235.15,1542.25,18806.08,25%,11.78,2.94,4701.52
1403,shaeed rajaii,UAE,82060000,2080,14670,General Goods,400,5,166.4,20%,9%,2934,1584.36,19354.76,25%,9.31,2.33,4838.69
1403,shaeed rajaii,UAE,76042100,4380,14643,General Goods,400,5,350.4,20%,9%,2928.6,1581.44,19503.44,25%,4.45,1.11,4875.86
1403,shaeed rajaii,UAE,84284000,5805,14597,Industrial Machinery,400,5,464.4,15%,9%,2189.55,1510.79,18761.74,25%,3.23,0.81,4690.44
1403,shaeed rajaii,UAE,70023200,1,14534,General Goods,400,5,0.08,20%,9%,2906.8,1569.67,19010.55,25%,19010.55,4752.64,4752.64
1403,shaeed rajaii,UAE,29011090,4500,14524,Organic Chemicals,400,5,360,15%,9%,2178.6,1503.23,18565.83,25%,4.13,1.03,4641.46
1403,shaeed rajaii,UAE,83119000,1300,14481,General Goods,400,5,104,20%,9%,2896.2,1563.95,19045.15,25%,14.65,3.66,4761.29
1403,shaeed rajaii,UAE,48131000,1464,14432,Paper & Paperboard,400,5,117.12,15%,9%,2164.8,1493.71,18207.63,25%,12.44,3.11,4551.91
1403,shaeed rajaii,UAE,84594900,3700,14349,Industrial Machinery,400,5,296,15%,9%,2152.35,1485.12,18282.47,25%,4.94,1.24,4570.62
1403,shaeed rajaii,UAE,84824000,2400,14326,Industrial Machinery,400,5,192,15%,9%,2148.9,1482.74,18149.64,25%,7.56,1.89,4537.41
1403,shaeed rajaii,UAE,85183090,122,14322,Electrical Equipment,400,5,9.76,15%,9%,2148.3,1482.33,17962.39,25%,147.23,36.81,4490.6
1403,shaeed rajaii,UAE,38130000,2860,14250,Chemical Products,400,5,228.8,15%,9%,2137.5,1474.88,18091.18,25%,6.33,1.58,4522.8
1403,shaeed rajaii,UAE,73269070,3914,13910,Articles of Iron & Steel,400,5,313.12,10%,9%,1391,1377.09,16991.21,25%,4.34,1.08,4247.8
1403,shaeed rajaii,UAE,87085011,2096,13878,Vehicle Parts & Accessories,400,5,167.68,25%,9%,3469.5,1561.28,19076.46,25%,9.1,2.28,4769.12
1403,shaeed rajaii,UAE,85153130,40,13700,Electrical Equipment,400,5,3.2,15%,9%,2055,1417.95,17176.15,25%,429.4,107.35,4294.04
1403,shaeed rajaii,UAE,29152990,1251,13331,Organic Chemicals,400,5,100.08,15%,9%,1999.65,1379.76,16810.49,25%,13.44,3.36,4202.62
1403,shaeed rajaii,UAE,25262090,24000,13227,General Goods,400,5,1920,20%,9%,2645.4,1428.52,19220.92,25%,0.8,0.2,4805.23
1403,shaeed rajaii,UAE,72269100,8064,13182,Iron & Steel Products,400,5,645.12,10%,9%,1318.2,1305.02,16450.34,25%,2.04,0.51,4112.58
1403,shaeed rajaii,UAE,29251100,2000,13130,Organic Chemicals,400,5,160,15%,9%,1969.5,1358.96,16618.46,25%,8.31,2.08,4154.62
1403,shaeed rajaii,UAE,39172300,5000,13120,Plastics & Polymers,400,5,400,20%,9%,2624,1416.96,17560.96,25%,3.51,0.88,4390.24
1403,shaeed rajaii,UAE,15152100,1520,13103,General Goods,400,5,121.6,20%,9%,2620.6,1415.12,17260.32,25%,11.36,2.84,4315.08
1403,shaeed rajaii,UAE,84209900,1500,13087,Industrial Machinery,400,5,120,15%,9%,1963.05,1354.5,16524.55,25%,11.02,2.76,4131.14
1403,shaeed rajaii,UAE,84211200,2400,13027,Industrial Machinery,400,5,192,15%,9%,1954.05,1348.29,16521.34,25%,6.88,1.72,4130.34
1403,shaeed rajaii,UAE,73141200,287,12970,Articles of Iron & Steel,400,5,22.96,10%,9%,1297,1284.03,15573.99,25%,54.26,13.56,3893.5
1403,shaeed rajaii,UAE,84159060,1340,12950,Industrial Machinery,400,5,107.2,15%,9%,1942.5,1340.32,16340.02,25%,12.19,3.05,4085
1403,shaeed rajaii,UAE,90111000,400,12842,General Goods,400,5,32,20%,9%,2568.4,1386.94,16829.34,25%,42.07,10.52,4207.34
1403,shaeed rajaii,UAE,28112950,20000,12798,General Goods,400,5,1600,20%,9%,2559.6,1382.18,18339.78,25%,0.92,0.23,4584.94
1403,shaeed rajaii,UAE,32091050,787,12790,General Goods,400,5,62.96,20%,9%,2558,1381.32,16792.28,25%,21.34,5.34,4198.07
1403,shaeed rajaii,UAE,90328940,17,12770,General Goods,400,5,1.36,20%,9%,2554,1379.16,16704.52,25%,982.62,245.66,4176.13
1403,shaeed rajaii,UAE,84485900,2440,12691,Industrial Machinery,400,5,195.2,15%,9%,1903.65,1313.52,16103.37,25%,6.6,1.65,4025.84
1403,shaeed rajaii,UAE,73181110,3145,12682,Articles of Iron & Steel,400,5,251.6,10%,9%,1268.2,1255.52,15457.32,25%,4.91,1.23,3864.33
1403,shaeed rajaii,UAE,73182900,1225,12644,Articles of Iron & Steel,400,5,98,10%,9%,1264.4,1251.76,15258.16,25%,12.46,3.12,3814.54
1403,shaeed rajaii,UAE,39189090,5913,12618,Plastics & Polymers,400,5,473.04,20%,9%,2523.6,1362.74,16977.38,25%,2.87,0.72,4244.34
1403,shaeed rajaii,UAE,95069930,302,12482,General Goods,400,5,24.16,20%,9%,2496.4,1348.06,16350.62,25%,54.14,13.54,4087.66
1403,shaeed rajaii,UAE,37079090,2750,12478,General Goods,400,5,220,20%,9%,2495.6,1347.62,16541.22,25%,6.01,1.5,4135.3
1403,shaeed rajaii,UAE,85394900,185,12185,Electrical Equipment,400,5,14.8,15%,9%,1827.75,1261.15,15288.7,25%,82.64,20.66,3822.18
1403,shaeed rajaii,UAE,83022000,4946,12171,General Goods,400,5,395.68,20%,9%,2434.2,1314.47,16315.35,25%,3.3,0.82,4078.84
1403,shaeed rajaii,UAE,26179000,1150,12141,General Goods,400,5,92,20%,9%,2428.2,1311.23,15972.43,25%,13.89,3.47,3993.11
1403,shaeed rajaii,UAE,73182100,2730,12097,Articles of Iron & Steel,400,5,218.4,10%,9%,1209.7,1197.6,14722.7,25%,5.39,1.35,3680.68
1403,shaeed rajaii,UAE,44022000,16964,12051,General Goods,400,5,1357.12,20%,9%,2410.2,1301.51,17119.83,25%,1.01,0.25,4279.96
1403,shaeed rajaii,UAE,28342970,27500,11954,General Goods,400,5,2200,20%,9%,2390.8,1291.03,17835.83,25%,0.65,0.16,4458.96
1403,shaeed rajaii,UAE,58079000,4500,11944,General Goods,400,5,360,20%,9%,2388.8,1289.95,15982.75,25%,3.55,0.89,3995.69
1403,shaeed rajaii,UAE,73151190,4288,11892,Articles of Iron & Steel,400,5,343.04,10%,9%,1189.2,1177.31,14601.55,25%,3.41,0.85,3650.39
1403,shaeed rajaii,UAE,84632000,3100,11887,Industrial Machinery,400,5,248,15%,9%,1783.05,1230.3,15148.35,25%,4.89,1.22,3787.09
1403,shaeed rajaii,UAE,72111990,29200,11840,Iron & Steel Products,400,5,2336,10%,9%,1184,1172.16,16532.16,25%,0.57,0.14,4133.04
1403,shaeed rajaii,UAE,90328920,19,11670,General Goods,400,5,1.52,20%,9%,2334,1260.36,15265.88,25%,803.47,200.87,3816.47
1403,shaeed rajaii,UAE,73051200,16610,11669,Articles of Iron & Steel,400,5,1328.8,10%,9%,1166.9,1155.23,15319.93,25%,0.92,0.23,3829.98
1403,shaeed rajaii,UAE,28351090,4000,11592,General Goods,400,5,320,20%,9%,2318.4,1251.94,15482.34,25%,3.87,0.97,3870.58
1403,shaeed rajaii,UAE,68138910,450,11584,General Goods,400,5,36,20%,9%,2316.8,1251.07,15187.87,25%,33.75,8.44,3796.97
1403,shaeed rajaii,UAE,12129940,7000,11570,General Goods,400,5,560,20%,9%,2314,1249.56,15693.56,25%,2.24,0.56,3923.39
1403,shaeed rajaii,UAE,33011200,90,11457,General Goods,400,5,7.2,20%,9%,2291.4,1237.36,14992.96,25%,166.59,41.65,3748.24
1403,shaeed rajaii,UAE,87088041,481,11373,Vehicle Parts & Accessories,400,5,38.48,25%,9%,2843.25,1279.46,15534.19,25%,32.3,8.07,3883.55
1403,shaeed rajaii,UAE,86080000,108,11219,General Goods,400,5,8.64,20%,9%,2243.8,1211.65,14683.09,25%,135.95,33.99,3670.77
1403,shaeed rajaii,UAE,69099010,8080,11199,General Goods,400,5,646.4,20%,9%,2239.8,1209.49,15294.69,25%,1.89,0.47,3823.67
1403,shaeed rajaii,UAE,28499000,500,11147,General Goods,400,5,40,20%,9%,2229.4,1203.88,14620.28,25%,29.24,7.31,3655.07
1403,shaeed rajaii,UAE,39219010,5250,11115,Plastics & Polymers,400,5,420,20%,9%,2223,1200.42,14958.42,25%,2.85,0.71,3739.6
1403,shaeed rajaii,UAE,90014010,580,11088,General Goods,400,5,46.4,20%,9%,2217.6,1197.5,14549.5,25%,25.09,6.27,3637.38
1403,shaeed rajaii,UAE,84659200,4100,11079,Industrial Machinery,400,5,328,15%,9%,1661.85,1146.68,14215.53,25%,3.47,0.87,3553.88
1403,shaeed rajaii,UAE,29151300,2000,10981,Organic Chemicals,400,5,160,15%,9%,1647.15,1136.53,13924.68,25%,6.96,1.74,3481.17
1403,shaeed rajaii,UAE,59032000,260,10902,General Goods,400,5,20.8,20%,9%,2180.4,1177.42,14280.62,25%,54.93,13.73,3570.16
1403,shaeed rajaii,UAE,85158020,440,10892,Electrical Equipment,400,5,35.2,15%,9%,1633.8,1127.32,13688.32,25%,31.11,7.78,3422.08
1403,shaeed rajaii,UAE,90181920,90,10840,General Goods,400,5,7.2,20%,9%,2168,1170.72,14185.92,25%,157.62,39.4,3546.48
1403,shaeed rajaii,UAE,87161000,1195,10739,General Goods,400,5,95.6,20%,9%,2147.8,1159.81,14142.21,25%,11.83,2.96,3535.55
1403,shaeed rajaii,UAE,84283290,2713,10739,Industrial Machinery,400,5,217.04,15%,9%,1610.85,1111.49,13678.38,25%,5.04,1.26,3419.6
1403,shaeed rajaii,UAE,74091900,2290,10733,General Goods,400,5,183.2,20%,9%,2146.6,1159.16,14221.96,25%,6.21,1.55,3555.49
1403,shaeed rajaii,UAE,48054000,5700,10707,Paper & Paperboard,400,5,456,15%,9%,1606.05,1108.17,13877.22,25%,2.43,0.61,3469.3
1403,shaeed rajaii,UAE,73083010,844,10676,Articles of Iron & Steel,400,5,67.52,10%,9%,1067.6,1056.92,12868.04,25%,15.25,3.81,3217.01
1403,shaeed rajaii,UAE,84212920,51,10461,Industrial Machinery,400,5,4.08,15%,9%,1569.15,1082.71,13116.94,25%,257.19,64.3,3279.24
1403,shaeed rajaii,UAE,84511000,1000,10455,Industrial Machinery,400,5,80,15%,9%,1568.25,1082.09,13185.34,25%,13.19,3.3,3296.34
1403,shaeed rajaii,UAE,90279090,328,10435,General Goods,400,5,26.24,20%,9%,2087,1126.98,13675.22,25%,41.69,10.42,3418.8
1403,shaeed rajaii,UAE,28041000,259,10375,General Goods,400,5,20.72,20%,9%,2075,1120.5,13591.22,25%,52.48,13.12,3397.8
1403,shaeed rajaii,UAE,79040010,5000,10366,General Goods,400,5,400,20%,9%,2073.2,1119.53,13958.73,25%,2.79,0.7,3489.68
1403,shaeed rajaii,UAE,85071010,401,10063,Electrical Equipment,400,5,32.08,15%,9%,1509.45,1041.52,12646.05,25%,31.54,7.88,3161.51
1403,shaeed rajaii,UAE,84768100,320,9905,Industrial Machinery,400,5,25.6,15%,9%,1485.75,1025.17,12441.52,25%,38.88,9.72,3110.38
1403,shaeed rajaii,UAE,54021990,4467,9803,General Goods,400,5,357.36,20%,9%,1960.6,1058.72,13179.68,25%,2.95,0.74,3294.92
1403,shaeed rajaii,UAE,85471090,2824,9727,Electrical Equipment,400,5,225.92,15%,9%,1459.05,1006.74,12418.71,25%,4.4,1.1,3104.68
1403,shaeed rajaii,UAE,85176290,295,9721,Telecom & Display Equipment,400,5,23.6,15%,9%,1458.15,1006.12,12208.87,25%,41.39,10.35,3052.22
1403,shaeed rajaii,UAE,92029000,635,9672,General Goods,400,5,50.8,20%,9%,1934.4,1044.58,12701.78,25%,20,5,3175.44
1403,shaeed rajaii,UAE,68061090,1785,9563,General Goods,400,5,142.8,20%,9%,1912.6,1032.8,12651.2,25%,7.09,1.77,3162.8
1403,shaeed rajaii,UAE,26030010,23000,9538,General Goods,400,5,1840,20%,9%,1907.6,1030.1,14315.7,25%,0.62,0.16,3578.92
1403,shaeed rajaii,UAE,85443090,2879,9332,Electrical Equipment,400,5,230.32,15%,9%,1399.8,965.86,11927.98,25%,4.14,1.03,2982
1403,shaeed rajaii,UAE,85361030,165,9231,Electrical Equipment,400,5,13.2,15%,9%,1384.65,955.41,11584.26,25%,70.21,17.55,2896.06
1403,shaeed rajaii,UAE,85364910,26,9163,Electrical Equipment,400,5,2.08,15%,9%,1374.45,948.37,11487.9,25%,441.84,110.46,2871.98
1403,shaeed rajaii,UAE,70099200,3243,9144,General Goods,400,5,259.44,20%,9%,1828.8,987.55,12219.79,25%,3.77,0.94,3054.95
1403,shaeed rajaii,UAE,83017000,4,8977,General Goods,400,5,0.32,20%,9%,1795.4,969.52,11742.24,25%,2935.56,733.89,2935.56
1403,shaeed rajaii,UAE,29202900,1000,8907,Organic Chemicals,400,5,80,15%,9%,1336.05,921.87,11244.92,25%,11.24,2.81,2811.23
1403,shaeed rajaii,UAE,84829100,1723,8825,Industrial Machinery,400,5,137.84,15%,9%,1323.75,913.39,11199.98,25%,6.5,1.62,2800
1403,shaeed rajaii,UAE,84131100,856,8795,Industrial Machinery,400,5,68.48,15%,9%,1319.25,910.28,11093.01,25%,12.96,3.24,2773.25
1403,shaeed rajaii,UAE,54024900,3200,8741,General Goods,400,5,256,20%,9%,1748.2,944.03,11689.23,25%,3.65,0.91,2922.31
1403,shaeed rajaii,UAE,29221110,5250,8702,Organic Chemicals,400,5,420,15%,9%,1305.3,900.66,11327.96,25%,2.16,0.54,2831.99
1403,shaeed rajaii,UAE,90191090,500,8569,General Goods,400,5,40,20%,9%,1713.8,925.45,11248.25,25%,22.5,5.62,2812.06
1403,shaeed rajaii,UAE,95061200,248,8515,General Goods,400,5,19.84,20%,9%,1703,919.62,11157.46,25%,44.99,11.25,2789.36
1403,shaeed rajaii,UAE,39046110,1400,8497,Plastics & Polymers,400,5,112,20%,9%,1699.4,917.68,11226.08,25%,8.02,2,2806.52
1403,shaeed rajaii,UAE,72224000,8471,8481,Iron & Steel Products,400,5,677.68,10%,9%,848.1,839.62,10846.4,25%,1.28,0.32,2711.6
1403,shaeed rajaii,UAE,26110000,100,8450,General Goods,400,5,8,20%,9%,1690,912.6,11060.6,25%,110.61,27.65,2765.15
1403,shaeed rajaii,UAE,27011900,19800,8430,Mineral Fuels & Oils,400,5,1584,5%,9%,421.5,796.64,11232.14,25%,0.57,0.14,2808.04
1403,shaeed rajaii,UAE,69029010,846,8426,General Goods,400,5,67.68,20%,9%,1685.2,910.01,11088.89,25%,13.11,3.28,2772.22
1403,shaeed rajaii,UAE,76061110,4968,8404,General Goods,400,5,397.44,20%,9%,1680.8,907.63,11389.87,25%,2.29,0.57,2847.47
1403,shaeed rajaii,UAE,85333100,290,8145,Electrical Equipment,400,5,23.2,15%,9%,1221.75,843.01,10232.96,25%,35.29,8.82,2558.24
1403,shaeed rajaii,UAE,54011000,3776,8096,General Goods,400,5,302.08,20%,9%,1619.2,874.37,10891.65,25%,2.88,0.72,2722.91
1403,shaeed rajaii,UAE,54026900,7000,8087,General Goods,400,5,560,20%,9%,1617.4,873.4,11137.8,25%,1.59,0.4,2784.45
1403,shaeed rajaii,UAE,90319000,902,7816,General Goods,400,5,72.16,20%,9%,1563.2,844.13,10295.49,25%,11.41,2.85,2573.87
1403,shaeed rajaii,UAE,96061000,1750,7796,General Goods,400,5,140,20%,9%,1559.2,841.97,10337.17,25%,5.91,1.48,2584.29
1403,shaeed rajaii,UAE,64069090,7100,7790,General Goods,400,5,568,20%,9%,1558,841.32,10757.32,25%,1.52,0.38,2689.33
1403,shaeed rajaii,UAE,76169900,779,7688,General Goods,400,5,62.32,20%,9%,1537.6,830.3,10118.22,25%,12.99,3.25,2529.55
1403,shaeed rajaii,UAE,85151100,800,7598,Electrical Equipment,400,5,64,15%,9%,1139.7,786.39,9588.09,25%,11.99,3,2397.02
1403,shaeed rajaii,UAE,73061190,570,7570,Articles of Iron & Steel,400,5,45.6,10%,9%,757,749.43,9122.03,25%,16,4,2280.51
1403,shaeed rajaii,UAE,85332100,48,7531,Electrical Equipment,400,5,3.84,15%,9%,1129.65,779.46,9443.95,25%,196.75,49.19,2360.99
1403,shaeed rajaii,UAE,58063990,1924,7523,General Goods,400,5,153.92,20%,9%,1504.6,812.48,9994,25%,5.19,1.3,2498.5
1403,shaeed rajaii,UAE,56031229,1352,7402,General Goods,400,5,108.16,20%,9%,1480.4,799.42,9789.98,25%,7.24,1.81,2447.5
1403,shaeed rajaii,UAE,84798960,1020,7383,Machines & Mechanical Appliances,400,5,81.6,15%,9%,1107.45,764.14,9336.19,25%,9.15,2.29,2334.05
1403,shaeed rajaii,UAE,73071100,2700,7376,Articles of Iron & Steel,400,5,216,10%,9%,737.6,730.22,9059.82,25%,3.36,0.84,2264.96
1403,shaeed rajaii,UAE,69091200,600,7321,General Goods,400,5,48,20%,9%,1464.2,790.67,9623.87,25%,16.04,4.01,2405.97
1403,shaeed rajaii,UAE,76130090,36,7246,General Goods,400,5,2.88,20%,9%,1449.2,782.57,9480.65,25%,263.35,65.84,2370.16
1403,shaeed rajaii,UAE,29214990,2340,7225,Organic Chemicals,400,5,187.2,15%,9%,1083.75,747.79,9243.74,25%,3.95,0.99,2310.94
1403,shaeed rajaii,UAE,84099140,195,7138,Industrial Machinery,400,5,15.6,15%,9%,1070.7,738.78,8963.08,25%,45.96,11.49,2240.77
1403,shaeed rajaii,UAE,84254900,2540,7127,Industrial Machinery,400,5,203.2,15%,9%,1069.05,737.64,9136.89,25%,3.6,0.9,2284.22
1403,shaeed rajaii,UAE,90292090,56,7103,General Goods,400,5,4.48,20%,9%,1420.6,767.12,9295.2,25%,165.99,41.5,2323.8
1403,shaeed rajaii,UAE,84099170,525,7084,Industrial Machinery,400,5,42,15%,9%,1062.6,733.19,8921.79,25%,16.99,4.25,2230.45
1403,shaeed rajaii,UAE,40091110,2090,7052,Rubber & Tires,400,5,167.2,20%,9%,1410.4,761.62,9391.22,25%,4.49,1.12,2347.8
1403,shaeed rajaii,UAE,29322000,3010,7013,Organic Chemicals,400,5,240.8,15%,9%,1051.95,725.85,9031.6,25%,3,0.75,2257.9
1403,shaeed rajaii,UAE,40169920,515,7009,Rubber & Tires,400,5,41.2,20%,9%,1401.8,756.97,9208.97,25%,17.88,4.47,2302.24
1403,shaeed rajaii,UAE,11082000,500,6834,General Goods,400,5,40,20%,9%,1366.8,738.07,8978.87,25%,17.96,4.49,2244.72
1403,shaeed rajaii,UAE,85013400,3000,6807,Electrical Equipment,400,5,240,15%,9%,1021.05,704.52,8772.57,25%,2.92,0.73,2193.14
1403,shaeed rajaii,UAE,84073490,334,6785,Industrial Machinery,400,5,26.72,15%,9%,1017.75,702.25,8531.72,25%,25.54,6.38,2132.93
1403,shaeed rajaii,UAE,28332939,20000,6768,General Goods,400,5,1600,20%,9%,1353.6,730.94,10452.54,25%,0.52,0.13,2613.14
1403,shaeed rajaii,UAE,59080000,303,6652,General Goods,400,5,24.24,20%,9%,1330.4,718.42,8725.06,25%,28.8,7.2,2181.26
1403,shaeed rajaii,UAE,90183220,16,6639,General Goods,400,5,1.28,20%,9%,1327.8,717.01,8685.09,25%,542.82,135.71,2171.27
1403,shaeed rajaii,UAE,29372990,12,6551,Organic Chemicals,400,5,0.96,15%,9%,982.65,678.03,8212.64,25%,684.39,171.1,2053.16
1403,shaeed rajaii,UAE,56022100,5200,6523,General Goods,400,5,416,20%,9%,1304.6,704.48,8948.08,25%,1.72,0.43,2237.02
1403,shaeed rajaii,UAE,84651000,1550,6521,Industrial Machinery,400,5,124,15%,9%,978.15,674.92,8298.07,25%,5.35,1.34,2074.52
1403,shaeed rajaii,UAE,94054230,81,6506,General Goods,400,5,6.48,20%,9%,1301.2,702.65,8516.33,25%,105.14,26.28,2129.08
1403,shaeed rajaii,UAE,29091900,3000,6505,Organic Chemicals,400,5,240,15%,9%,975.75,673.27,8394.02,25%,2.8,0.7,2098.5
1403,shaeed rajaii,UAE,84678910,543,6500,Industrial Machinery,400,5,43.44,15%,9%,975,672.75,8191.19,25%,15.09,3.77,2047.8
1403,shaeed rajaii,UAE,83024110,1530,6450,General Goods,400,5,122.4,20%,9%,1290,696.6,8559,25%,5.59,1.4,2139.75
1403,shaeed rajaii,UAE,44111210,22840,6392,General Goods,400,5,1827.2,20%,9%,1278.4,690.34,10187.94,25%,0.45,0.11,2546.98
1403,shaeed rajaii,UAE,68051010,720,6388,General Goods,400,5,57.6,20%,9%,1277.6,689.9,8413.1,25%,11.68,2.92,2103.28
1403,shaeed rajaii,UAE,84239010,1430,6330,Industrial Machinery,400,5,114.4,15%,9%,949.5,655.16,8049.06,25%,5.63,1.41,2012.26
1403,shaeed rajaii,UAE,38276100,3119,6291,Chemical Products,400,5,249.52,15%,9%,943.65,651.12,8135.29,25%,2.61,0.65,2033.82
1403,shaeed rajaii,UAE,83052000,2170,6273,General Goods,400,5,173.6,20%,9%,1254.6,677.48,8378.68,25%,3.86,0.96,2094.67
1403,shaeed rajaii,UAE,84481900,1350,6093,Industrial Machinery,400,5,108,15%,9%,913.95,630.63,7745.58,25%,5.74,1.44,1936.4
1403,shaeed rajaii,UAE,95082600,1996,6091,General Goods,400,5,159.68,20%,9%,1218.2,657.83,8126.71,25%,4.07,1.02,2031.68
1403,shaeed rajaii,UAE,84869000,217,6030,Industrial Machinery,400,5,17.36,15%,9%,904.5,624.1,7575.96,25%,34.91,8.73,1893.99
1403,shaeed rajaii,UAE,29333300,1000,5899,Organic Chemicals,400,5,80,15%,9%,884.85,610.55,7474.4,25%,7.47,1.87,1868.6
1403,shaeed rajaii,UAE,81019600,50,5870,General Goods,400,5,4,20%,9%,1174,633.96,7681.96,25%,153.64,38.41,1920.49
1403,shaeed rajaii,UAE,87141040,15914,5799,General Goods,400,5,1273.12,20%,9%,1159.8,626.29,8858.21,25%,0.56,0.14,2214.55
1403,shaeed rajaii,UAE,85013290,890,5680,Electrical Equipment,400,5,71.2,15%,9%,852,587.88,7191.08,25%,8.08,2.02,1797.77
1403,shaeed rajaii,UAE,59039010,200,5664,General Goods,400,5,16,20%,9%,1132.8,611.71,7424.51,25%,37.12,9.28,1856.13
1403,shaeed rajaii,UAE,95066290,1100,5582,General Goods,400,5,88,20%,9%,1116.4,602.86,7389.26,25%,6.72,1.68,1847.32
1403,shaeed rajaii,UAE,70049090,3906,5560,General Goods,400,5,312.48,20%,9%,1112,600.48,7584.96,25%,1.94,0.48,1896.24
1403,shaeed rajaii,UAE,87085021,571,5503,Vehicle Parts & Accessories,400,5,45.68,25%,9%,1375.75,619.09,7543.52,25%,13.21,3.3,1885.88
1403,shaeed rajaii,UAE,85331020,558,5466,Electrical Equipment,400,5,44.64,15%,9%,819.9,565.73,6896.27,25%,12.36,3.09,1724.07
1403,shaeed rajaii,UAE,83012000,66,5457,General Goods,400,5,5.28,20%,9%,1091.4,589.36,7143.04,25%,108.23,27.06,1785.76
1403,shaeed rajaii,UAE,85141910,80,5446,Electrical Equipment,400,5,6.4,15%,9%,816.9,563.66,6832.96,25%,85.41,21.35,1708.24
1403,shaeed rajaii,UAE,85015190,1189,5429,Electrical Equipment,400,5,95.12,15%,9%,814.35,561.9,6900.37,25%,5.8,1.45,1725.09
1403,shaeed rajaii,UAE,87089221,1348,5354,Vehicle Parts & Accessories,400,5,107.84,25%,9%,1338.5,602.32,7402.66,25%,5.49,1.37,1850.66
1403,shaeed rajaii,UAE,84529020,358,5324,Industrial Machinery,400,5,28.64,15%,9%,798.6,551.03,6702.27,25%,18.72,4.68,1675.57
1403,shaeed rajaii,UAE,29152100,504,5237,Organic Chemicals,400,5,40.32,15%,9%,785.55,542.03,6604.9,25%,13.1,3.28,1651.22
1403,shaeed rajaii,UAE,70071110,235,5235,General Goods,400,5,18.8,20%,9%,1047,565.38,6866.18,25%,29.22,7.3,1716.54
1403,shaeed rajaii,UAE,94035090,6480,5227,General Goods,400,5,518.4,20%,9%,1045.4,564.52,7355.32,25%,1.14,0.28,1838.83
1403,shaeed rajaii,UAE,84314110,2592,5201,Industrial Machinery,400,5,207.36,15%,9%,780.15,538.3,6726.81,25%,2.6,0.65,1681.7
1403,shaeed rajaii,UAE,29052900,50,5162,Organic Chemicals,400,5,4,15%,9%,774.3,534.27,6474.57,25%,129.49,32.37,1618.64
1403,shaeed rajaii,UAE,29251900,650,5121,Organic Chemicals,400,5,52,15%,9%,768.15,530.02,6471.17,25%,9.96,2.49,1617.79
1403,shaeed rajaii,UAE,34029030,1300,5118,General Goods,400,5,104,20%,9%,1023.6,552.74,6798.34,25%,5.23,1.31,1699.58
1403,shaeed rajaii,UAE,84639090,1550,5094,Industrial Machinery,400,5,124,15%,9%,764.1,527.23,6509.33,25%,4.2,1.05,1627.33
1403,shaeed rajaii,UAE,85044010,14,5070,Electrical Equipment,400,5,1.12,15%,9%,760.5,524.74,6356.36,25%,454.03,113.51,1589.09
1403,shaeed rajaii,UAE,48196000,2020,5058,Paper & Paperboard,400,5,161.6,15%,9%,758.7,523.5,6501.8,25%,3.22,0.8,1625.45
1403,shaeed rajaii,UAE,32081070,600,5010,General Goods,400,5,48,20%,9%,1002,541.08,6601.08,25%,11,2.75,1650.27
1403,shaeed rajaii,UAE,85079010,1452,4976,Electrical Equipment,400,5,116.16,15%,9%,746.4,515.02,6353.58,25%,4.38,1.1,1588.4
1403,shaeed rajaii,UAE,72261900,704,4957,Iron & Steel Products,400,5,56.32,10%,9%,495.7,490.74,5999.76,25%,8.52,2.13,1499.94
1403,shaeed rajaii,UAE,85363010,945,4917,Electrical Equipment,400,5,75.6,15%,9%,737.55,508.91,6239.06,25%,6.6,1.65,1559.76
1403,shaeed rajaii,UAE,25292100,2000,4878,General Goods,400,5,160,20%,9%,975.6,526.82,6540.42,25%,3.27,0.82,1635.1
1403,shaeed rajaii,UAE,85332990,45,4874,Electrical Equipment,400,5,3.6,15%,9%,731.1,504.46,6113.16,25%,135.85,33.96,1528.29
1403,shaeed rajaii,UAE,90314100,270,4608,General Goods,400,5,21.6,20%,9%,921.6,497.66,6048.86,25%,22.4,5.6,1512.22
1403,shaeed rajaii,UAE,84663000,850,4569,Industrial Machinery,400,5,68,15%,9%,685.35,472.89,5795.24,25%,6.82,1.7,1448.81
1403,shaeed rajaii,UAE,82029900,209,4563,General Goods,400,5,16.72,20%,9%,912.6,492.8,5985.12,25%,28.64,7.16,1496.28
1403,shaeed rajaii,UAE,85152190,590,4533,Electrical Equipment,400,5,47.2,15%,9%,679.95,469.17,5729.32,25%,9.71,2.43,1432.33
1403,shaeed rajaii,UAE,69091100,4000,4460,General Goods,400,5,320,20%,9%,892,481.68,6153.68,25%,1.54,0.38,1538.42
1403,shaeed rajaii,UAE,73209090,62,4454,Articles of Iron & Steel,400,5,4.96,10%,9%,445.4,440.95,5345.31,25%,86.21,21.55,1336.33
1403,shaeed rajaii,UAE,87089412,613,4393,Vehicle Parts & Accessories,400,5,49.04,25%,9%,1098.25,494.21,6034.5,25%,9.84,2.46,1508.62
1403,shaeed rajaii,UAE,25309090,4000,4388,General Goods,400,5,320,20%,9%,877.6,473.9,6059.5,25%,1.51,0.38,1514.88
1403,shaeed rajaii,UAE,87082110,107,4384,Vehicle Parts & Accessories,400,5,8.56,25%,9%,1096,493.2,5981.76,25%,55.9,13.98,1495.44
1403,shaeed rajaii,UAE,84733090,47,4357,Industrial Machinery,400,5,3.76,15%,9%,653.55,450.95,5465.26,25%,116.28,29.07,1366.32
1403,shaeed rajaii,UAE,91149000,580,4108,General Goods,400,5,46.4,20%,9%,821.6,443.66,5419.66,25%,9.34,2.34,1354.92
1403,shaeed rajaii,UAE,90251190,620,4104,General Goods,400,5,49.6,20%,9%,820.8,443.23,5417.63,25%,8.74,2.18,1354.41
1403,shaeed rajaii,UAE,94036090,1020,4084,General Goods,400,5,81.6,20%,9%,816.8,441.07,5423.47,25%,5.32,1.33,1355.87
1403,shaeed rajaii,UAE,84335970,625,4081,Industrial Machinery,400,5,50,15%,9%,612.15,422.38,5165.53,25%,8.26,2.06,1291.38
1403,shaeed rajaii,UAE,83081000,721,4025,General Goods,400,5,57.68,20%,9%,805,434.7,5322.38,25%,7.38,1.84,1330.6
1403,shaeed rajaii,UAE,29173410,2200,4014,Organic Chemicals,400,5,176,15%,9%,602.1,415.45,5207.55,25%,2.37,0.59,1301.89
1403,shaeed rajaii,UAE,90328100,10,3942,General Goods,400,5,0.8,20%,9%,788.4,425.74,5156.94,25%,515.69,128.92,1289.23
1403,shaeed rajaii,UAE,85365040,19,3885,Electrical Equipment,400,5,1.52,15%,9%,582.75,402.1,4871.37,25%,256.39,64.1,1217.84
1403,shaeed rajaii,UAE,84313900,40,3877,Industrial Machinery,400,5,3.2,15%,9%,581.55,401.27,4863.02,25%,121.58,30.4,1215.76
1403,shaeed rajaii,UAE,14049090,15000,3836,General Goods,400,5,1200,20%,9%,767.2,414.29,6217.49,25%,0.41,0.1,1554.37
1403,shaeed rajaii,UAE,91070000,382,3781,General Goods,400,5,30.56,20%,9%,756.2,408.35,4976.11,25%,13.03,3.26,1244.03
1403,shaeed rajaii,UAE,38200000,550,3744,Chemical Products,400,5,44,15%,9%,561.6,387.5,4737.1,25%,8.61,2.15,1184.28
1403,shaeed rajaii,UAE,91021200,45,3740,General Goods,400,5,3.6,20%,9%,748,403.92,4895.52,25%,108.79,27.2,1223.88
1403,shaeed rajaii,UAE,34059000,450,3648,General Goods,400,5,36,20%,9%,729.6,393.98,4807.58,25%,10.68,2.67,1201.9
1403,shaeed rajaii,UAE,95069920,612,3634,General Goods,400,5,48.96,20%,9%,726.8,392.47,4802.23,25%,7.85,1.96,1200.56
1403,shaeed rajaii,UAE,54076900,781,3600,General Goods,400,5,62.48,20%,9%,720,388.8,4771.28,25%,6.11,1.53,1192.82
1403,shaeed rajaii,UAE,29181520,100,3526,Organic Chemicals,400,5,8,15%,9%,528.9,364.94,4427.84,25%,44.28,11.07,1106.96
1403,shaeed rajaii,UAE,38089212,250,3523,Chemical Products,400,5,20,15%,9%,528.45,364.63,4436.08,25%,17.74,4.43,1109.02
1403,shaeed rajaii,UAE,85443010,128,3437,Electrical Equipment,400,5,10.24,15%,9%,515.55,355.73,4318.52,25%,33.74,8.44,1079.63
1403,shaeed rajaii,UAE,85393160,933,3431,Electrical Equipment,400,5,74.64,15%,9%,514.65,355.11,4375.4,25%,4.69,1.17,1093.85
1403,shaeed rajaii,UAE,90011011,94,3365,General Goods,400,5,7.52,20%,9%,673,363.42,4408.94,25%,46.9,11.72,1102.23
1403,shaeed rajaii,UAE,28539010,368,3206,General Goods,400,5,29.44,20%,9%,641.2,346.25,4222.89,25%,11.48,2.87,1055.72
1403,shaeed rajaii,UAE,85041090,126,3190,Electrical Equipment,400,5,10.08,15%,9%,478.5,330.16,4008.74,25%,31.82,7.96,1002.18
1403,shaeed rajaii,UAE,90172090,532,3159,General Goods,400,5,42.56,20%,9%,631.8,341.17,4174.53,25%,7.85,1.96,1043.63
1403,shaeed rajaii,UAE,27150090,800,3154,Mineral Fuels & Oils,400,5,64,5%,9%,157.7,298.05,3673.75,25%,4.59,1.15,918.44
1403,shaeed rajaii,UAE,79031000,1000,3102,General Goods,400,5,80,20%,9%,620.4,335.02,4137.42,25%,4.14,1.03,1034.36
1403,shaeed rajaii,UAE,39232990,1054,3034,Plastics & Polymers,400,5,84.32,20%,9%,606.8,327.67,4052.79,25%,3.85,0.96,1013.2
1403,shaeed rajaii,UAE,84138110,1613,3032,Industrial Machinery,400,5,129.04,15%,9%,454.8,313.81,3929.65,25%,2.44,0.61,982.41
1403,shaeed rajaii,UAE,39232190,558,3005,Plastics & Polymers,400,5,44.64,20%,9%,601,324.54,3975.18,25%,7.12,1.78,993.8
1403,shaeed rajaii,UAE,48025400,3316,2987,Paper & Paperboard,400,5,265.28,15%,9%,448.05,309.15,4009.48,25%,1.21,0.3,1002.37
1403,shaeed rajaii,UAE,84669100,1840,2880,Industrial Machinery,400,5,147.2,15%,9%,432,298.08,3757.28,25%,2.04,0.51,939.32
1403,shaeed rajaii,UAE,39072910,1260,2864,Plastics & Polymers,400,5,100.8,20%,9%,572.8,309.31,3846.91,25%,3.05,0.76,961.73
1403,shaeed rajaii,UAE,84733030,995,2837,Industrial Machinery,400,5,79.6,15%,9%,425.55,293.63,3635.78,25%,3.65,0.91,908.94
1403,shaeed rajaii,UAE,85152900,176,2749,Electrical Equipment,400,5,14.08,15%,9%,412.35,284.52,3459.95,25%,19.66,4.92,864.99
1403,shaeed rajaii,UAE,96161000,872,2730,General Goods,400,5,69.76,20%,9%,546,294.84,3640.6,25%,4.18,1.04,910.15
1403,shaeed rajaii,UAE,84481190,142,2661,Industrial Machinery,400,5,11.36,15%,9%,399.15,275.41,3346.92,25%,23.57,5.89,836.73
1403,shaeed rajaii,UAE,73181190,1965,2571,Articles of Iron & Steel,400,5,157.2,10%,9%,257.1,254.53,3239.83,25%,1.65,0.41,809.96
1403,shaeed rajaii,UAE,82023100,770,2537,General Goods,400,5,61.6,20%,9%,507.4,274,3380,25%,4.39,1.1,845
1403,shaeed rajaii,UAE,28402000,1000,2508,General Goods,400,5,80,20%,9%,501.6,270.86,3360.46,25%,3.36,0.84,840.12
1403,shaeed rajaii,UAE,40091190,34,2508,Rubber & Tires,400,5,2.72,20%,9%,501.6,270.86,3283.18,25%,96.56,24.14,820.8
1403,shaeed rajaii,UAE,82033000,590,2449,General Goods,400,5,47.2,20%,9%,489.8,264.49,3250.49,25%,5.51,1.38,812.62
1403,shaeed rajaii,UAE,58019000,800,2438,General Goods,400,5,64,20%,9%,487.6,263.3,3252.9,25%,4.07,1.02,813.22
1403,shaeed rajaii,UAE,85414200,292,2416,Semiconductors & Solar Cells,400,5,23.36,15%,9%,362.4,250.06,3051.82,25%,10.45,2.61,762.96
1403,shaeed rajaii,UAE,28332100,1000,2371,General Goods,400,5,80,20%,9%,474.2,256.07,3181.27,25%,3.18,0.8,795.32
1403,shaeed rajaii,UAE,85371030,148,2360,Electrical Equipment,400,5,11.84,15%,9%,354,244.26,2970.1,25%,20.07,5.02,742.52
1403,shaeed rajaii,UAE,85361050,38,2353,Electrical Equipment,400,5,3.04,15%,9%,352.95,243.54,2952.53,25%,77.7,19.42,738.13
1403,shaeed rajaii,UAE,28399010,1004,2314,General Goods,400,5,80.32,20%,9%,462.8,249.91,3107.03,25%,3.09,0.77,776.76
1403,shaeed rajaii,UAE,84671920,90,2246,Industrial Machinery,400,5,7.2,15%,9%,336.9,232.46,2822.56,25%,31.36,7.84,705.64
1403,shaeed rajaii,UAE,33012500,51,2244,General Goods,400,5,4.08,20%,9%,448.8,242.35,2939.23,25%,57.63,14.41,734.81
1403,shaeed rajaii,UAE,70023900,1036,2227,General Goods,400,5,82.88,20%,9%,445.4,240.52,2995.8,25%,2.89,0.72,748.95
1403,shaeed rajaii,UAE,81029600,137,2181,General Goods,400,5,10.96,20%,9%,436.2,235.55,2863.71,25%,20.9,5.22,715.93
1403,shaeed rajaii,UAE,25061090,1820,2181,General Goods,400,5,145.6,20%,9%,436.2,235.55,2998.35,25%,1.65,0.41,749.59
1403,shaeed rajaii,UAE,59119010,694,2159,General Goods,400,5,55.52,20%,9%,431.8,233.17,2879.49,25%,4.15,1.04,719.87
1403,shaeed rajaii,UAE,40103400,877,2134,Rubber & Tires,400,5,70.16,20%,9%,426.8,230.47,2861.43,25%,3.26,0.82,715.36
1403,shaeed rajaii,UAE,32081090,100,2091,General Goods,400,5,8,20%,9%,418.2,225.83,2743.03,25%,27.43,6.86,685.76
1403,shaeed rajaii,UAE,85362030,42,2069,Electrical Equipment,400,5,3.36,15%,9%,310.35,214.14,2596.85,25%,61.83,15.46,649.21
1403,shaeed rajaii,UAE,9103020,700,2065,General Goods,400,5,56,20%,9%,413,223.02,2757.02,25%,3.94,0.98,689.26
1403,shaeed rajaii,UAE,85123010,26,2059,Electrical Equipment,400,5,2.08,15%,9%,308.85,213.11,2583.04,25%,99.35,24.84,645.76
1403,shaeed rajaii,UAE,58081000,788,2059,General Goods,400,5,63.04,20%,9%,411.8,222.37,2756.21,25%,3.5,0.88,689.05
1403,shaeed rajaii,UAE,85419000,14,2044,Semiconductors & Solar Cells,400,5,1.12,15%,9%,306.6,211.55,2563.27,25%,183.09,45.77,640.82
1403,shaeed rajaii,UAE,39191020,14,2044,Plastics & Polymers,400,5,1.12,20%,9%,408.8,220.75,2674.67,25%,191.05,47.76,668.67
1403,shaeed rajaii,UAE,54021100,765,2042,General Goods,400,5,61.2,20%,9%,408.4,220.54,2732.14,25%,3.57,0.89,683.04
1403,shaeed rajaii,UAE,87149400,235,2019,General Goods,400,5,18.8,20%,9%,403.8,218.05,2659.65,25%,11.32,2.83,664.91
1403,shaeed rajaii,UAE,84818020,522,2000,Industrial Machinery,400,5,41.76,15%,9%,300,207,2548.76,25%,4.88,1.22,637.19
1403,shaeed rajaii,UAE,85399010,230,1975,Electrical Equipment,400,5,18.4,15%,9%,296.25,204.41,2494.06,25%,10.84,2.71,623.52
1403,shaeed rajaii,UAE,45031000,595,1967,General Goods,400,5,47.6,20%,9%,393.4,212.44,2620.44,25%,4.4,1.1,655.11
1403,shaeed rajaii,UAE,84679100,306,1966,Industrial Machinery,400,5,24.48,15%,9%,294.9,203.48,2488.86,25%,8.13,2.03,622.22
1403,shaeed rajaii,UAE,87089319,90,1958,Vehicle Parts & Accessories,400,5,7.2,25%,9%,489.5,220.28,2674.98,25%,29.72,7.43,668.74
1403,shaeed rajaii,UAE,85369030,196,1948,Electrical Equipment,400,5,15.68,15%,9%,292.2,201.62,2457.5,25%,12.54,3.14,614.38
1403,shaeed rajaii,UAE,85102010,57,1937,Electrical Equipment,400,5,4.56,15%,9%,290.55,200.48,2432.59,25%,42.68,10.67,608.15
1403,shaeed rajaii,UAE,73201000,1038,1934,Articles of Iron & Steel,400,5,83.04,10%,9%,193.4,191.47,2401.91,25%,2.31,0.58,600.48
1403,shaeed rajaii,UAE,32021000,1340,1932,General Goods,400,5,107.2,20%,9%,386.4,208.66,2634.26,25%,1.97,0.49,658.56
1403,shaeed rajaii,UAE,73129000,900,1930,Articles of Iron & Steel,400,5,72,10%,9%,193,191.07,2386.07,25%,2.65,0.66,596.52
1403,shaeed rajaii,UAE,39219025,335,1906,Plastics & Polymers,400,5,26.8,20%,9%,381.2,205.85,2519.85,25%,7.52,1.88,629.96
1403,shaeed rajaii,UAE,83023090,250,1894,General Goods,400,5,20,20%,9%,378.8,204.55,2497.35,25%,9.99,2.5,624.34
1403,shaeed rajaii,UAE,85014010,3256,1887,Electrical Equipment,400,5,260.48,15%,9%,283.05,195.3,2625.83,25%,0.81,0.2,656.46
1403,shaeed rajaii,UAE,90303300,5,1836,General Goods,400,5,0.4,20%,9%,367.2,198.29,2401.89,25%,480.38,120.1,600.47
1403,shaeed rajaii,UAE,39173990,2744,1758,Plastics & Polymers,400,5,219.52,20%,9%,351.6,189.86,2518.98,25%,0.92,0.23,629.74
1403,shaeed rajaii,UAE,30064068,6,1669,General Goods,400,5,0.48,20%,9%,333.8,180.25,2183.53,25%,363.92,90.98,545.88
1403,shaeed rajaii,UAE,72126000,3000,1668,Iron & Steel Products,400,5,240,10%,9%,166.8,165.13,2239.93,25%,0.75,0.19,559.98
1403,shaeed rajaii,UAE,72285000,870,1641,Iron & Steel Products,400,5,69.6,10%,9%,164.1,162.46,2037.16,25%,2.34,0.58,509.29
1403,shaeed rajaii,UAE,85271310,493,1625,Electrical Equipment,400,5,39.44,15%,9%,243.75,168.19,2076.38,25%,4.21,1.05,519.1
1403,shaeed rajaii,UAE,58042100,322,1616,General Goods,400,5,25.76,20%,9%,323.2,174.53,2139.49,25%,6.64,1.66,534.87
1403,shaeed rajaii,UAE,85122030,97,1613,Electrical Equipment,400,5,7.76,15%,9%,241.95,166.95,2029.66,25%,20.92,5.23,507.42
1403,shaeed rajaii,UAE,30064065,10,1582,General Goods,400,5,0.8,20%,9%,316.4,170.86,2070.06,25%,207.01,51.75,517.52
1403,shaeed rajaii,UAE,26011120,6000,1568,General Goods,400,5,480,20%,9%,313.6,169.34,2530.94,25%,0.42,0.1,632.74
1403,shaeed rajaii,UAE,96092010,225,1493,General Goods,400,5,18,20%,9%,298.6,161.24,1970.84,25%,8.76,2.19,492.71
1403,shaeed rajaii,UAE,94052100,94,1488,General Goods,400,5,7.52,20%,9%,297.6,160.7,1953.82,25%,20.79,5.2,488.46
1403,shaeed rajaii,UAE,87141050,5988,1442,General Goods,400,5,479.04,20%,9%,288.4,155.74,2365.18,25%,0.39,0.1,591.29
1403,shaeed rajaii,UAE,87089413,100,1431,Vehicle Parts & Accessories,400,5,8,25%,9%,357.75,160.99,1957.74,25%,19.58,4.89,489.44
1403,shaeed rajaii,UAE,84818069,22,1424,Industrial Machinery,400,5,1.76,15%,9%,213.6,147.38,1786.74,25%,81.22,20.3,446.68
1403,shaeed rajaii,UAE,84703000,132,1421,Industrial Machinery,400,5,10.56,15%,9%,213.15,147.07,1791.78,25%,13.57,3.39,447.94
1403,shaeed rajaii,UAE,87116020,227,1413,General Goods,400,5,18.16,20%,9%,282.6,152.6,1866.36,25%,8.22,2.06,466.59
1403,shaeed rajaii,UAE,84729010,640,1410,Industrial Machinery,400,5,51.2,15%,9%,211.5,145.94,1818.64,25%,2.84,0.71,454.66
1403,shaeed rajaii,UAE,72221900,802,1373,Iron & Steel Products,400,5,64.16,10%,9%,137.3,135.93,1710.39,25%,2.13,0.53,427.6
1403,shaeed rajaii,UAE,28258000,100,1314,General Goods,400,5,8,20%,9%,262.8,141.91,1726.71,25%,17.27,4.32,431.68
1403,shaeed rajaii,UAE,56072900,440,1302,General Goods,400,5,35.2,20%,9%,260.4,140.62,1738.22,25%,3.95,0.99,434.56
1403,shaeed rajaii,UAE,30064010,6,1273,General Goods,400,5,0.48,20%,9%,254.6,137.48,1665.56,25%,277.59,69.4,416.39
1403,shaeed rajaii,UAE,85235110,8,1243,Electrical Equipment,400,5,0.64,15%,9%,186.45,128.65,1558.74,25%,194.84,48.71,389.68
1403,shaeed rajaii,UAE,72083690,1000,1219,Iron & Steel Products,400,5,80,10%,9%,121.9,120.68,1541.58,25%,1.54,0.38,385.4
1403,shaeed rajaii,UAE,85044070,75,1165,Electrical Equipment,400,5,6,15%,9%,174.75,120.58,1466.33,25%,19.55,4.89,366.58
1403,shaeed rajaii,UAE,73158100,505,1159,Articles of Iron & Steel,400,5,40.4,10%,9%,115.9,114.74,1430.04,25%,2.83,0.71,357.51
1403,shaeed rajaii,UAE,87141080,1060,1153,General Goods,400,5,84.8,20%,9%,230.6,124.52,1592.92,25%,1.5,0.38,398.23
1403,shaeed rajaii,UAE,72101100,697,1147,Iron & Steel Products,400,5,55.76,10%,9%,114.7,113.55,1431.01,25%,2.05,0.51,357.75
1403,shaeed rajaii,UAE,84142000,610,1124,Compressors & Pumps,400,5,48.8,15%,9%,168.6,116.33,1457.73,25%,2.39,0.6,364.43
1403,shaeed rajaii,UAE,84138120,138,1111,Industrial Machinery,400,5,11.04,15%,9%,166.65,114.99,1403.68,25%,10.17,2.54,350.92
1403,shaeed rajaii,UAE,87089219,180,1088,Vehicle Parts & Accessories,400,5,14.4,25%,9%,272,122.4,1496.8,25%,8.32,2.08,374.2
1403,shaeed rajaii,UAE,84133010,143,1060,Industrial Machinery,400,5,11.44,15%,9%,159,109.71,1340.15,25%,9.37,2.34,335.04
1403,shaeed rajaii,UAE,87141015,49,1037,General Goods,400,5,3.92,20%,9%,207.4,112,1360.32,25%,27.76,6.94,340.08
1403,shaeed rajaii,UAE,85122090,300,1035,Electrical Equipment,400,5,24,15%,9%,155.25,107.12,1321.37,25%,4.4,1.1,330.34
1403,shaeed rajaii,UAE,28332500,15,1007,General Goods,400,5,1.2,20%,9%,201.4,108.76,1318.36,25%,87.89,21.97,329.59
1403,shaeed rajaii,UAE,84211910,170,997,Industrial Machinery,400,5,13.6,15%,9%,149.55,103.19,1263.34,25%,7.43,1.86,315.83
1403,shaeed rajaii,UAE,84072900,300,959,Industrial Machinery,400,5,24,15%,9%,143.85,99.26,1226.11,25%,4.09,1.02,306.53
1403,shaeed rajaii,UAE,85059010,468,894,Electrical Equipment,400,5,37.44,15%,9%,134.1,92.53,1158.07,25%,2.47,0.62,289.52
1403,shaeed rajaii,UAE,85123090,21,850,Electrical Equipment,400,5,1.68,15%,9%,127.5,87.98,1067.16,25%,50.82,12.7,266.79
1403,shaeed rajaii,UAE,56075090,42,846,General Goods,400,5,3.36,20%,9%,169.2,91.37,1109.93,25%,26.43,6.61,277.48
1403,shaeed rajaii,UAE,34054000,430,838,General Goods,400,5,34.4,20%,9%,167.6,90.5,1130.5,25%,2.63,0.66,282.62
1403,shaeed rajaii,UAE,83015000,33,801,General Goods,400,5,2.64,20%,9%,160.2,86.51,1050.35,25%,31.83,7.96,262.59
1403,shaeed rajaii,UAE,84733060,12,801,Industrial Machinery,400,5,0.96,15%,9%,120.15,82.9,1005.01,25%,83.75,20.94,251.25
1403,shaeed rajaii,UAE,30064067,17,769,General Goods,400,5,1.36,20%,9%,153.8,83.05,1007.21,25%,59.25,14.81,251.8
1403,shaeed rajaii,UAE,84798970,24,763,Machines & Mechanical Appliances,400,5,1.92,15%,9%,114.45,78.97,958.34,25%,39.93,9.98,239.58
1403,shaeed rajaii,UAE,83023010,246,762,General Goods,400,5,19.68,20%,9%,152.4,82.3,1016.38,25%,4.13,1.03,254.1
1403,shaeed rajaii,UAE,34031100,460,663,General Goods,400,5,36.8,20%,9%,132.6,71.6,904,25%,1.97,0.49,226
1403,shaeed rajaii,UAE,29157011,100,660,Organic Chemicals,400,5,8,15%,9%,99,68.31,835.31,25%,8.35,2.09,208.83
1403,shaeed rajaii,UAE,85443030,3,641,Electrical Equipment,400,5,0.24,15%,9%,96.15,66.34,803.73,25%,267.91,66.98,200.93
1403,shaeed rajaii,UAE,29171910,100,633,Organic Chemicals,400,5,8,15%,9%,94.95,65.52,801.47,25%,8.01,2,200.37
1403,shaeed rajaii,UAE,85114030,16,631,Electrical Equipment,400,5,1.28,15%,9%,94.65,65.31,792.24,25%,49.52,12.38,198.06
1403,shaeed rajaii,UAE,87089311,73,625,Vehicle Parts & Accessories,400,5,5.84,25%,9%,156.25,70.31,857.4,25%,11.75,2.94,214.35
1403,shaeed rajaii,UAE,90179000,259,624,General Goods,400,5,20.72,20%,9%,124.8,67.39,836.91,25%,3.23,0.81,209.23
1403,shaeed rajaii,UAE,73181900,370,570,Articles of Iron & Steel,400,5,29.6,10%,9%,57,56.43,713.03,25%,1.93,0.48,178.26
1403,shaeed rajaii,UAE,92093000,19,567,General Goods,400,5,1.52,20%,9%,113.4,61.24,743.16,25%,39.11,9.78,185.79
1403,shaeed rajaii,UAE,90159090,80,533,General Goods,400,5,6.4,20%,9%,106.6,57.56,703.56,25%,8.79,2.2,175.89
1403,shaeed rajaii,UAE,84681000,6,525,Industrial Machinery,400,5,0.48,15%,9%,78.75,54.34,658.57,25%,109.76,27.44,164.64
1403,shaeed rajaii,UAE,40169960,20,525,Rubber & Tires,400,5,1.6,20%,9%,105,56.7,688.3,25%,34.42,8.6,172.08
1403,shaeed rajaii,UAE,85414100,2,515,Semiconductors & Solar Cells,400,5,0.16,15%,9%,77.25,53.3,645.71,25%,322.86,80.72,161.43
1403,shaeed rajaii,UAE,87087019,85,463,Vehicle Parts & Accessories,400,5,6.8,25%,9%,115.75,52.09,637.64,25%,7.5,1.88,159.41
1403,shaeed rajaii,UAE,96035090,380,440,General Goods,400,5,30.4,20%,9%,88,47.52,605.92,25%,1.59,0.4,151.48
1403,shaeed rajaii,UAE,87149910,100,432,General Goods,400,5,8,20%,9%,86.4,46.66,573.06,25%,5.73,1.43,143.26
1403,shaeed rajaii,UAE,21069060,10,395,General Goods,400,5,0.8,20%,9%,79,42.66,517.46,25%,51.75,12.94,129.36
1403,shaeed rajaii,UAE,28351010,100,340,General Goods,400,5,8,20%,9%,68,36.72,452.72,25%,4.53,1.13,113.18
1403,shaeed rajaii,UAE,87141010,13,315,General Goods,400,5,1.04,20%,9%,63,34.02,413.06,25%,31.77,7.94,103.26
1403,shaeed rajaii,UAE,56031319,48,264,General Goods,400,5,3.84,20%,9%,52.8,28.51,349.15,25%,7.27,1.82,87.29
1403,shaeed rajaii,UAE,87141030,4,236,General Goods,400,5,0.32,20%,9%,47.2,25.49,309.01,25%,77.25,19.31,77.25
1403,shaeed rajaii,UAE,75051100,8,221,General Goods,400,5,0.64,20%,9%,44.2,23.87,289.71,25%,36.21,9.05,72.43
1403,shaeed rajaii,UAE,87149620,44,193,General Goods,400,5,3.52,20%,9%,38.6,20.84,255.96,25%,5.82,1.46,63.99
1403,shaeed rajaii,UAE,87149690,1570,148,General Goods,400,5,125.6,20%,9%,29.6,15.98,319.18,25%,0.2,0.05,79.8
1403,shaeed rajaii,UAE,85395290,1,145,Electrical Equipment,400,5,0.08,15%,9%,21.75,15.01,181.84,25%,181.84,45.46,45.46
1403,shaeed rajaii,UAE,39219094,128,128,Plastics & Polymers,400,5,10.24,20%,9%,25.6,13.82,177.66,25%,1.39,0.35,44.42
1403,shaeed rajaii,UAE,40169590,40,89,Rubber & Tires,400,5,3.2,20%,9%,17.8,9.61,119.61,25%,2.99,0.75,29.9
1403,shaeed rajaii,UAE,73181390,12,65,Articles of Iron & Steel,400,5,0.96,10%,9%,6.5,6.44,78.9,25%,6.58,1.64,19.73
1403,shaeed rajaii,UAE,85365050,1,62,Electrical Equipment,400,5,0.08,15%,9%,9.3,6.42,77.8,25%,77.8,19.45,19.45
1403,shaeed rajaii,UAE,87149190,3,49,General Goods,400,5,0.24,20%,9%,9.8,5.29,64.33,25%,21.44,5.36,16.08
1403,shaeed rajaii,UAE,40161090,3,32,Rubber & Tires,400,5,0.24,20%,9%,6.4,3.46,42.1,25%,14.03,3.51,10.52
1403,shaeed rajaii,UAE,84099130,4,21,Industrial Machinery,400,5,0.32,15%,9%,3.15,2.17,26.64,25%,6.66,1.66,6.66
1403,shaeed rajaii,UAE,87149200,3,20,General Goods,400,5,0.24,20%,9%,4,2.16,26.4,25%,8.8,2.2,6.6
1403,shaeed rajaii,UAE,85469010,1,7,Electrical Equipment,400,5,0.08,15%,9%,1.05,0.72,8.85,25%,8.85,2.21,2.21
1403,shaeed rajaii,India,10063020,359383000,389012943,General Goods,5000,15,43125960,20%,9%,77802588.6,42013397.84,551954889.4,25%,1.54,0.38,137988722.4
1403,shaeed rajaii,India,8031000,117533836,67610688,General Goods,5000,15,14104060.32,20%,9%,13522137.6,7301954.3,102538840.2,25%,0.87,0.22,25634710.06
1403,shaeed rajaii,India,9024010,12931984,59198201,General Goods,5000,15,1551838.08,20%,9%,11839640.2,6393405.71,78983084.99,25%,6.11,1.53,19745771.25
1403,shaeed rajaii,India,8039010,107120442,46654660,General Goods,5000,15,12854453.04,20%,9%,9330932,5038703.28,73878748.32,25%,0.69,0.17,18469687.08
1403,shaeed rajaii,India,2023090,9200220,31121447,General Goods,5000,15,1104026.4,20%,9%,6224289.4,3361116.28,41810879.08,25%,4.54,1.14,10452719.77
1403,shaeed rajaii,India,72021100,23631000,25987714,Iron & Steel Products,5000,15,2835720,10%,9%,2598771.4,2572783.69,33994989.09,25%,1.44,0.36,8498747.27
1403,shaeed rajaii,India,9103090,11073603,17721175,General Goods,5000,15,1328832.36,20%,9%,3544235,1913886.9,24508129.26,25%,2.21,0.55,6127032.32
1403,shaeed rajaii,India,84199040,437145,14976063,Industrial Machinery,5000,15,52457.4,15%,9%,2246409.45,1550022.52,18824952.37,25%,43.06,10.76,4706238.09
1403,shaeed rajaii,India,9011190,3317020,14212977,General Goods,5000,15,398042.4,20%,9%,2842595.4,1535001.52,18988616.32,25%,5.72,1.43,4747154.08
1403,shaeed rajaii,India,29419090,81265,12500239,Organic Chemicals,5000,15,9751.8,15%,9%,1875035.85,1293774.74,15678801.39,25%,192.93,48.23,3919700.35
1403,shaeed rajaii,India,30049092,1502742,11187058,General Goods,5000,15,180329.04,20%,9%,2237411.6,1208202.26,14813000.9,25%,9.86,2.46,3703250.22
1403,shaeed rajaii,India,7132040,10140950,10616814,General Goods,5000,15,1216914,20%,9%,2123362.8,1146615.91,15103706.71,25%,1.49,0.37,3775926.68
1403,shaeed rajaii,India,72023000,9672000,8784571,Iron & Steel Products,5000,15,1160640,10%,9%,878457.1,869672.53,11693340.63,25%,1.21,0.3,2923335.16
1403,shaeed rajaii,India,12024200,5540850,7544791,General Goods,5000,15,664902,20%,9%,1508958.2,814837.43,10533488.63,25%,1.9,0.48,2633372.16
1403,shaeed rajaii,India,38089113,565925,7409811,Chemical Products,5000,15,67911,15%,9%,1111471.65,766915.44,9356109.09,25%,16.53,4.13,2339027.27
1403,shaeed rajaii,India,38089123,1056579,6570119,Chemical Products,5000,15,126789.48,15%,9%,985517.85,680007.32,8362433.65,25%,7.91,1.98,2090608.41
1403,shaeed rajaii,India,39076990,5798400,5729326,Plastics & Polymers,5000,15,695808,20%,9%,1145865.2,618767.21,8189766.41,25%,1.41,0.35,2047441.6
1403,shaeed rajaii,India,21011110,602296,5693789,General Goods,5000,15,72275.52,20%,9%,1138757.8,614929.21,7519751.53,25%,12.49,3.12,1879937.88
1403,shaeed rajaii,India,32041790,854758,5490689,General Goods,5000,15,102570.96,20%,9%,1098137.8,592994.41,7284392.17,25%,8.52,2.13,1821098.04
1403,shaeed rajaii,India,84552100,879407,5461213,Industrial Machinery,5000,15,105528.84,15%,9%,819181.95,565235.55,6951159.34,25%,7.9,1.98,1737789.84
1403,shaeed rajaii,India,32041690,1333400,5226135,General Goods,5000,15,160008,20%,9%,1045227,564422.58,6995792.58,25%,5.25,1.31,1748948.14
1403,shaeed rajaii,India,38089124,871924,5096455,Chemical Products,5000,15,104630.88,15%,9%,764468.25,527483.09,6493037.22,25%,7.45,1.86,1623259.3
1403,shaeed rajaii,India,90183916,220307,4549921,General Goods,5000,15,26436.84,20%,9%,909984.2,491391.47,5977733.51,25%,27.13,6.78,1494433.38
1403,shaeed rajaii,India,27101940,3995540,4305803,Mineral Fuels & Oils,5000,15,479464.8,5%,9%,215290.15,406898.38,5407456.33,25%,1.35,0.34,1351864.08
1403,shaeed rajaii,India,12074090,2239931,4176760,General Goods,5000,15,268791.72,20%,9%,835352,451090.08,5731993.8,25%,2.56,0.64,1432998.45
1403,shaeed rajaii,India,13023200,2143400,4004266,General Goods,5000,15,257208,20%,9%,800853.2,432460.73,5494787.93,25%,2.56,0.64,1373696.98
1403,shaeed rajaii,India,14049030,7819800,3970995,General Goods,5000,15,938376,20%,9%,794199,428867.46,6132437.46,25%,0.78,0.2,1533109.36
1403,shaeed rajaii,India,28332950,1518302,3907909,General Goods,5000,15,182196.24,20%,9%,781581.8,422054.17,5293741.21,25%,3.49,0.87,1323435.3
1403,shaeed rajaii,India,29071100,2570000,3556512,Organic Chemicals,5000,15,308400,15%,9%,533476.8,368098.99,4766487.79,25%,1.85,0.46,1191621.95
1403,shaeed rajaii,India,9083190,265860,3386728,General Goods,5000,15,31903.2,20%,9%,677345.6,365766.62,4461743.42,25%,16.78,4.2,1115435.86
1403,shaeed rajaii,India,29339999,42439,3360604,Organic Chemicals,5000,15,5092.68,15%,9%,504090.6,347822.51,4217609.79,25%,99.38,24.84,1054402.45
1403,shaeed rajaii,India,38089221,630011,3156513,Chemical Products,5000,15,75601.32,15%,9%,473476.95,326699.1,4032290.37,25%,6.4,1.6,1008072.59
1403,shaeed rajaii,India,38089112,354690,3148465,Chemical Products,5000,15,42562.8,15%,9%,472269.75,325866.13,3989163.68,25%,11.25,2.81,997290.92
1403,shaeed rajaii,India,72230000,1074653,2926043,Iron & Steel Products,5000,15,128958.36,10%,9%,292604.3,289678.26,3637283.92,25%,3.38,0.84,909320.98
1403,shaeed rajaii,India,72024920,907000,2913040,Iron & Steel Products,5000,15,108840,10%,9%,291304,288390.96,3601574.96,25%,3.97,0.99,900393.74
1403,shaeed rajaii,India,30043912,363218,2898970,General Goods,5000,15,43586.16,20%,9%,579794,313088.76,3835438.92,25%,10.56,2.64,958859.73
1403,shaeed rajaii,India,84798990,302810,2893148,Machines & Mechanical Appliances,5000,15,36337.2,15%,9%,433972.2,299440.82,3662898.22,25%,12.1,3.02,915724.56
1403,shaeed rajaii,India,29141100,1893520,2762888,Organic Chemicals,5000,15,227222.4,15%,9%,414433.2,285958.91,3690502.51,25%,1.95,0.49,922625.63
1403,shaeed rajaii,India,27101990,2579720,2736271,Mineral Fuels & Oils,5000,15,309566.4,5%,9%,136813.55,258577.61,3441228.56,25%,1.33,0.33,860307.14
1403,shaeed rajaii,India,27121090,1720800,2691167,Mineral Fuels & Oils,5000,15,206496,5%,9%,134558.35,254315.28,3286536.63,25%,1.91,0.48,821634.16
1403,shaeed rajaii,India,72222000,813322,2535907,Iron & Steel Products,5000,15,97598.64,10%,9%,253590.7,251054.79,3138151.13,25%,3.86,0.96,784537.78
1403,shaeed rajaii,India,29054410,4152000,2514675,Organic Chemicals,5000,15,498240,15%,9%,377201.25,260268.86,3650385.11,25%,0.88,0.22,912596.28
1403,shaeed rajaii,India,87085039,448864,2417725,Vehicle Parts & Accessories,5000,15,53863.68,25%,9%,604431.25,271994.06,3348013.99,25%,7.46,1.86,837003.5
1403,shaeed rajaii,India,48025500,2172740,2351534,Paper & Paperboard,5000,15,260728.8,15%,9%,352730.1,243383.77,3208376.67,25%,1.48,0.37,802094.17
1403,shaeed rajaii,India,32064200,433125,2312003,General Goods,5000,15,51975,20%,9%,462400.6,249696.32,3076074.92,25%,7.1,1.78,769018.73
1403,shaeed rajaii,India,32062090,509370,2171062,General Goods,5000,15,61124.4,20%,9%,434212.4,234474.7,2900873.5,25%,5.7,1.42,725218.38
1403,shaeed rajaii,India,40112010,522607,2158492,Rubber & Tires,5000,15,62712.84,20%,9%,431698.4,233117.14,2886020.38,25%,5.52,1.38,721505.1
1403,shaeed rajaii,India,34024290,732800,2113593,General Goods,5000,15,87936,20%,9%,422718.6,228268.04,2852515.64,25%,3.89,0.97,713128.91
1403,shaeed rajaii,India,33021090,273984,2110804,General Goods,5000,15,32878.08,20%,9%,422160.8,227966.83,2793809.71,25%,10.2,2.55,698452.43
1403,shaeed rajaii,India,3034300,1114791,2092406,General Goods,5000,15,133774.92,20%,9%,418481.2,225979.85,2870641.97,25%,2.58,0.64,717660.49
1403,shaeed rajaii,India,40112020,478556,2013613,Rubber & Tires,5000,15,57426.72,20%,9%,402722.6,217470.2,2691232.52,25%,5.62,1.4,672808.13
1403,shaeed rajaii,India,84349000,77384,1918039,Industrial Machinery,5000,15,9286.08,15%,9%,287705.85,198517.04,2413547.97,25%,31.19,7.8,603386.99
1403,shaeed rajaii,India,84099150,99586,1837159,Industrial Machinery,5000,15,11950.32,15%,9%,275573.85,190145.96,2314829.13,25%,23.24,5.81,578707.28
1403,shaeed rajaii,India,15153000,1026000,1797308,General Goods,5000,15,123120,20%,9%,359461.6,194109.26,2473998.86,25%,2.41,0.6,618499.72
1403,shaeed rajaii,India,25291000,12824000,1791544,General Goods,5000,15,1538880,20%,9%,358308.8,193486.75,3882219.55,25%,0.3,0.08,970554.89
1403,shaeed rajaii,India,84819030,6342,1782737,Industrial Machinery,5000,15,761.04,15%,9%,267410.55,184513.28,2235421.87,25%,352.48,88.12,558855.47
1403,shaeed rajaii,India,87084030,181211,1657599,Vehicle Parts & Accessories,5000,15,21745.32,25%,9%,414399.75,186479.89,2280223.96,25%,12.58,3.14,570055.99
1403,shaeed rajaii,India,12079900,502000,1657170,General Goods,5000,15,60240,20%,9%,331434,178974.36,2227818.36,25%,4.44,1.11,556954.59
1403,shaeed rajaii,India,29157090,847000,1649224,Organic Chemicals,5000,15,101640,15%,9%,247383.6,170694.68,2168942.28,25%,2.56,0.64,542235.57
1403,shaeed rajaii,India,12119099,699000,1646613,General Goods,5000,15,83880,20%,9%,329322.6,177834.2,2237649.8,25%,3.2,0.8,559412.45
1403,shaeed rajaii,India,84453000,151285,1636872,Industrial Machinery,5000,15,18154.2,15%,9%,245530.8,169416.25,2069973.25,25%,13.68,3.42,517493.31
1403,shaeed rajaii,India,38021000,776200,1631339,Chemical Products,5000,15,93144,15%,9%,244700.85,168843.59,2138027.44,25%,2.75,0.69,534506.86
1403,shaeed rajaii,India,29329990,21938,1622544,Organic Chemicals,5000,15,2632.56,15%,9%,243381.6,167933.3,2036491.46,25%,92.83,23.21,509122.86
1403,shaeed rajaii,India,48045100,2427325,1609124,Paper & Paperboard,5000,15,291279,15%,9%,241368.6,166544.33,2308315.93,25%,0.95,0.24,577078.98
1403,shaeed rajaii,India,84069000,61791,1599200,Industrial Machinery,5000,15,7414.92,15%,9%,239880,165517.2,2012012.12,25%,32.56,8.14,503003.03
1403,shaeed rajaii,India,40118090,351777,1565297,Rubber & Tires,5000,15,42213.24,20%,9%,313059.4,169052.08,2089621.72,25%,5.94,1.48,522405.43
1403,shaeed rajaii,India,40151200,258632,1531361,Rubber & Tires,5000,15,31035.84,20%,9%,306272.2,165386.99,2034056.03,25%,7.86,1.96,508514.01
1403,shaeed rajaii,India,38089323,222211,1505188,Chemical Products,5000,15,26665.32,15%,9%,225778.2,155786.96,1913418.48,25%,8.61,2.15,478354.62
1403,shaeed rajaii,India,84304190,112520,1503067,Industrial Machinery,5000,15,13502.4,15%,9%,225460.05,155567.43,1897596.88,25%,16.86,4.22,474399.22
1403,shaeed rajaii,India,55095100,526608,1462492,General Goods,5000,15,63192.96,20%,9%,292498.4,157949.14,1976132.5,25%,3.75,0.94,494033.12
1403,shaeed rajaii,India,84772000,106926,1450296,Industrial Machinery,5000,15,12831.12,15%,9%,217544.4,150105.64,1830777.16,25%,17.12,4.28,457694.29
1403,shaeed rajaii,India,29189910,21800,1389536,Organic Chemicals,5000,15,2616,15%,9%,208430.4,143816.98,1744399.38,25%,80.02,20,436099.84
1403,shaeed rajaii,India,32061110,481000,1374706,General Goods,5000,15,57720,20%,9%,274941.2,148468.25,1855835.45,25%,3.86,0.96,463958.86
1403,shaeed rajaii,India,12119035,435750,1368579,General Goods,5000,15,52290,20%,9%,273715.8,147806.53,1842391.33,25%,4.23,1.06,460597.83
1403,shaeed rajaii,India,8011900,2197253,1349713,General Goods,5000,15,263670.36,20%,9%,269942.6,145769,2029094.96,25%,0.92,0.23,507273.74
1403,shaeed rajaii,India,83099090,417792,1337793,General Goods,5000,15,50135.04,20%,9%,267558.6,144481.64,1799968.28,25%,4.31,1.08,449992.07
1403,shaeed rajaii,India,40118010,294953,1331596,Rubber & Tires,5000,15,35394.36,20%,9%,266319.2,143812.37,1777121.93,25%,6.03,1.51,444280.48
1403,shaeed rajaii,India,72029990,767632,1328635,Iron & Steel Products,5000,15,92115.84,10%,9%,132863.5,131534.86,1685149.2,25%,2.2,0.55,421287.3
1403,shaeed rajaii,India,29331990,50000,1301785,Organic Chemicals,5000,15,6000,15%,9%,195267.75,134734.75,1637787.5,25%,32.76,8.19,409446.88
1403,shaeed rajaii,India,29339996,11500,1235019,Organic Chemicals,5000,15,1380,15%,9%,185252.85,127824.47,1549476.32,25%,134.74,33.68,387369.08
1403,shaeed rajaii,India,38237090,624000,1220412,Chemical Products,5000,15,74880,15%,9%,183061.8,126312.64,1604666.44,25%,2.57,0.64,401166.61
1403,shaeed rajaii,India,39129000,388285,1204370,Plastics & Polymers,5000,15,46594.2,20%,9%,240874,130071.96,1621910.16,25%,4.18,1.04,405477.54
1403,shaeed rajaii,India,27081000,1383796,1195603,Mineral Fuels & Oils,5000,15,166055.52,5%,9%,59780.15,112984.48,1534423.15,25%,1.11,0.28,383605.79
1403,shaeed rajaii,India,29232010,556000,1182144,Organic Chemicals,5000,15,66720,15%,9%,177321.6,122351.9,1548537.5,25%,2.79,0.7,387134.38
1403,shaeed rajaii,India,40112030,289081,1179034,Rubber & Tires,5000,15,34689.72,20%,9%,235806.8,127335.67,1576866.19,25%,5.45,1.36,394216.55
1403,shaeed rajaii,India,25070010,4807400,1162618,General Goods,5000,15,576888,20%,9%,232523.6,125562.74,2097592.34,25%,0.44,0.11,524398.08
1403,shaeed rajaii,India,79040010,327920,1147114,General Goods,5000,15,39350.4,20%,9%,229422.8,123888.31,1539775.51,25%,4.7,1.18,384943.88
1403,shaeed rajaii,India,29335990,17585,1131041,Organic Chemicals,5000,15,2110.2,15%,9%,169656.15,117062.74,1419870.09,25%,80.74,20.18,354967.52
1403,shaeed rajaii,India,68159990,853881,1071154,General Goods,5000,15,102465.72,20%,9%,214230.8,115684.63,1503535.15,25%,1.76,0.44,375883.79
1403,shaeed rajaii,India,32159010,91724,1070227,General Goods,5000,15,11006.88,20%,9%,214045.4,115584.52,1410863.8,25%,15.38,3.84,352715.95
1403,shaeed rajaii,India,29335935,80000,1034941,Organic Chemicals,5000,15,9600,15%,9%,155241.15,107116.39,1306898.54,25%,16.34,4.08,326724.64
1403,shaeed rajaii,India,55101100,363551,1023172,General Goods,5000,15,43626.12,20%,9%,204634.4,110502.58,1381935.1,25%,3.8,0.95,345483.78
1403,shaeed rajaii,India,53101000,969650,1010506,General Goods,5000,15,116358,20%,9%,202101.2,109134.65,1438099.85,25%,1.48,0.37,359524.96
1403,shaeed rajaii,India,69021000,329945,971096,General Goods,5000,15,39593.4,20%,9%,194219.2,104878.37,1309786.97,25%,3.97,0.99,327446.74
1403,shaeed rajaii,India,29072200,92275,958499,Organic Chemicals,5000,15,11073,15%,9%,143774.85,99204.65,1212551.5,25%,13.14,3.28,303137.88
1403,shaeed rajaii,India,39095000,127470,951415,Plastics & Polymers,5000,15,15296.4,20%,9%,190283,102752.82,1259747.22,25%,9.88,2.47,314936.8
1403,shaeed rajaii,India,85021310,105210,933249,Electrical Equipment,5000,15,12625.2,15%,9%,139987.35,96591.27,1182452.82,25%,11.24,2.81,295613.2
1403,shaeed rajaii,India,29362990,8904,932221,Organic Chemicals,5000,15,1068.48,15%,9%,139833.15,96484.87,1169607.5,25%,131.36,32.84,292401.88
1403,shaeed rajaii,India,32042090,102020,925583,General Goods,5000,15,12242.4,20%,9%,185116.6,99962.96,1222904.96,25%,11.99,3,305726.24
1403,shaeed rajaii,India,38089223,185500,919509,Chemical Products,5000,15,22260,15%,9%,137926.35,95169.18,1174864.53,25%,6.33,1.58,293716.13
1403,shaeed rajaii,India,29224990,40060,913573,Organic Chemicals,5000,15,4807.2,15%,9%,137035.95,94554.81,1149970.96,25%,28.71,7.18,287492.74
1403,shaeed rajaii,India,72299010,218306,902718,Iron & Steel Products,5000,15,26196.72,10%,9%,90271.8,89369.08,1108555.6,25%,5.08,1.27,277138.9
1403,shaeed rajaii,India,76032000,177500,894578,General Goods,5000,15,21300,20%,9%,178915.6,96614.42,1191408.02,25%,6.71,1.68,297852
1403,shaeed rajaii,India,29362290,5000,893127,Organic Chemicals,5000,15,600,15%,9%,133969.05,92438.64,1120134.69,25%,224.03,56.01,280033.67
1403,shaeed rajaii,India,38089211,293300,874191,Chemical Products,5000,15,35196,15%,9%,131128.65,90478.77,1130994.42,25%,3.86,0.96,282748.6
1403,shaeed rajaii,India,72210000,239720,863287,Iron & Steel Products,5000,15,28766.4,10%,9%,86328.7,85465.41,1063847.51,25%,4.44,1.11,265961.88
1403,shaeed rajaii,India,54033100,136584,844405,General Goods,5000,15,16390.08,20%,9%,168881,91195.74,1120871.82,25%,8.21,2.05,280217.96
1403,shaeed rajaii,India,38089990,114734,839436,Chemical Products,5000,15,13768.08,15%,9%,125915.4,86881.63,1066001.11,25%,9.29,2.32,266500.28
1403,shaeed rajaii,India,29181590,25632,823020,Organic Chemicals,5000,15,3075.84,15%,9%,123453,85182.57,1034731.41,25%,40.37,10.09,258682.85
1403,shaeed rajaii,India,96089100,12117,820131,General Goods,5000,15,1454.04,20%,9%,164026.2,88574.15,1074185.39,25%,88.65,22.16,268546.35
1403,shaeed rajaii,India,84099920,96939,814043,Industrial Machinery,5000,15,11632.68,15%,9%,122106.45,84253.45,1032035.58,25%,10.65,2.66,258008.9
1403,shaeed rajaii,India,84663000,123795,813409,Industrial Machinery,5000,15,14855.4,15%,9%,122011.35,84187.83,1034463.58,25%,8.36,2.09,258615.9
1403,shaeed rajaii,India,84552200,20425,808153,Industrial Machinery,5000,15,2451,15%,9%,121222.95,83643.84,1015470.79,25%,49.72,12.43,253867.7
1403,shaeed rajaii,India,13023900,228489,806779,General Goods,5000,15,27418.68,20%,9%,161355.8,87132.13,1082685.61,25%,4.74,1.18,270671.4
1403,shaeed rajaii,India,84099960,139663,797018,Industrial Machinery,5000,15,16759.56,15%,9%,119552.7,82491.36,1015821.62,25%,7.27,1.82,253955.4
1403,shaeed rajaii,India,29309990,354200,788839,Organic Chemicals,5000,15,42504,15%,9%,118325.85,81644.84,1031313.69,25%,2.91,0.73,257828.42
1403,shaeed rajaii,India,33029010,35819,774411,General Goods,5000,15,4298.28,20%,9%,154882.2,83636.39,1017227.87,25%,28.4,7.1,254306.97
1403,shaeed rajaii,India,39123900,230325,771401,Plastics & Polymers,5000,15,27639,20%,9%,154280.2,83311.31,1036631.51,25%,4.5,1.12,259157.88
1403,shaeed rajaii,India,25041010,500000,763105,General Goods,5000,15,60000,20%,9%,152621,82415.34,1058141.34,25%,2.12,0.53,264535.34
1403,shaeed rajaii,India,29420090,44650,748271,Organic Chemicals,5000,15,5358,15%,9%,112240.65,77446.05,943315.7,25%,21.13,5.28,235828.92
1403,shaeed rajaii,India,12119055,290000,721867,General Goods,5000,15,34800,20%,9%,144373.4,77961.64,979002.04,25%,3.38,0.84,244750.51
1403,shaeed rajaii,India,29280090,84900,715460,Organic Chemicals,5000,15,10188,15%,9%,107319,74050.11,907017.11,25%,10.68,2.67,226754.28
1403,shaeed rajaii,India,8011100,392500,710972,General Goods,5000,15,47100,20%,9%,142194.4,76784.98,977051.38,25%,2.49,0.62,244262.84
1403,shaeed rajaii,India,54024700,369353,708563,General Goods,5000,15,44322.36,20%,9%,141712.6,76524.8,971122.76,25%,2.63,0.66,242780.69
1403,shaeed rajaii,India,33019090,23280,688006,General Goods,5000,15,2793.6,20%,9%,137601.2,74304.65,902705.45,25%,38.78,9.7,225676.36
1403,shaeed rajaii,India,39022000,243800,680754,Plastics & Polymers,5000,15,29256,20%,9%,136150.8,73521.43,919682.23,25%,3.77,0.94,229920.56
1403,shaeed rajaii,India,9081190,84500,670290,General Goods,5000,15,10140,20%,9%,134058,72391.32,886879.32,25%,10.5,2.62,221719.83
1403,shaeed rajaii,India,9109990,468260,669385,General Goods,5000,15,56191.2,20%,9%,133877,72293.58,931746.78,25%,1.99,0.5,232936.7
1403,shaeed rajaii,India,29053200,344000,655686,Organic Chemicals,5000,15,41280,15%,9%,98352.9,67863.5,863182.4,25%,2.51,0.63,215795.6
1403,shaeed rajaii,India,35040000,46000,637950,General Goods,5000,15,5520,20%,9%,127590,68898.6,839958.6,25%,18.26,4.57,209989.65
1403,shaeed rajaii,India,29334990,6458,631665,Organic Chemicals,5000,15,774.96,15%,9%,94749.75,65377.33,792567.04,25%,122.73,30.68,198141.76
1403,shaeed rajaii,India,84099190,46331,629644,Industrial Machinery,5000,15,5559.72,15%,9%,94446.6,65168.15,794818.47,25%,17.16,4.29,198704.62
1403,shaeed rajaii,India,28299010,11500,623419,General Goods,5000,15,1380,20%,9%,124683.8,67329.25,816812.05,25%,71.03,17.76,204203.01
1403,shaeed rajaii,India,38089313,81650,615369,Chemical Products,5000,15,9798,15%,9%,92305.35,63690.69,781163.04,25%,9.57,2.39,195290.76
1403,shaeed rajaii,India,29309090,275130,603106,Organic Chemicals,5000,15,33015.6,15%,9%,90465.9,62421.47,789008.97,25%,2.87,0.72,197252.24
1403,shaeed rajaii,India,29212990,78250,596544,Organic Chemicals,5000,15,9390,15%,9%,89481.6,61742.3,757157.9,25%,9.68,2.42,189289.48
1403,shaeed rajaii,India,84729090,82978,595343,Industrial Machinery,5000,15,9957.36,15%,9%,89301.45,61618,756219.81,25%,9.11,2.28,189054.95
1403,shaeed rajaii,India,34023990,114200,595176,General Goods,5000,15,13704,20%,9%,119035.2,64279.01,792194.21,25%,6.94,1.74,198048.55
1403,shaeed rajaii,India,40112090,136576,583504,Rubber & Tires,5000,15,16389.12,20%,9%,116700.8,63018.43,779612.35,25%,5.71,1.43,194903.09
1403,shaeed rajaii,India,84462100,83920,573724,Industrial Machinery,5000,15,10070.4,15%,9%,86058.6,59380.43,729233.43,25%,8.69,2.17,182308.36
1403,shaeed rajaii,India,28351010,175000,573599,General Goods,5000,15,21000,20%,9%,114719.8,61948.69,771267.49,25%,4.41,1.1,192816.87
1403,shaeed rajaii,India,90183990,25804,561710,General Goods,5000,15,3096.48,20%,9%,112342,60664.68,737813.16,25%,28.59,7.15,184453.29
1403,shaeed rajaii,India,27131200,500000,553408,Mineral Fuels & Oils,5000,15,60000,5%,9%,27670.4,52297.06,693375.46,25%,1.39,0.35,173343.86
1403,shaeed rajaii,India,38089222,78984,545099,Chemical Products,5000,15,9478.08,15%,9%,81764.85,56417.75,692759.68,25%,8.77,2.19,173189.92
1403,shaeed rajaii,India,39073090,160172,536311,Plastics & Polymers,5000,15,19220.64,20%,9%,107262.2,57921.59,720715.43,25%,4.5,1.12,180178.86
1403,shaeed rajaii,India,29153100,358400,530723,Organic Chemicals,5000,15,43008,15%,9%,79608.45,54929.83,708269.28,25%,1.98,0.5,177067.32
1403,shaeed rajaii,India,29359090,20500,521856,Organic Chemicals,5000,15,2460,15%,9%,78278.4,54012.1,656606.5,25%,32.03,8.01,164151.62
1403,shaeed rajaii,India,72021990,412000,513608,Iron & Steel Products,5000,15,49440,10%,9%,51360.8,50847.19,665255.99,25%,1.61,0.4,166314
1403,shaeed rajaii,India,29332990,11700,497817,Organic Chemicals,5000,15,1404,15%,9%,74672.55,51524.06,625417.61,25%,53.45,13.36,156354.4
1403,shaeed rajaii,India,29213010,1000,497450,Organic Chemicals,5000,15,120,15%,9%,74617.5,51486.08,623673.58,25%,623.67,155.92,155918.39
1403,shaeed rajaii,India,28161090,109208,494957,General Goods,5000,15,13104.96,20%,9%,98991.4,53455.36,660508.72,25%,6.05,1.51,165127.18
1403,shaeed rajaii,India,84834010,74830,490706,Industrial Machinery,5000,15,8979.6,15%,9%,73605.9,50788.07,624079.57,25%,8.34,2.08,156019.89
1403,shaeed rajaii,India,90183910,31405,487483,General Goods,5000,15,3768.6,20%,9%,97496.6,52648.16,641396.36,25%,20.42,5.11,160349.09
1403,shaeed rajaii,India,29339950,1422,483940,Organic Chemicals,5000,15,170.64,15%,9%,72591,50087.79,606789.43,25%,426.72,106.68,151697.36
1403,shaeed rajaii,India,38089111,67775,480566,Chemical Products,5000,15,8133,15%,9%,72084.9,49738.58,610522.48,25%,9.01,2.25,152630.62
1403,shaeed rajaii,India,29269090,49339,477840,Organic Chemicals,5000,15,5920.68,15%,9%,71676,49456.44,604893.12,25%,12.26,3.06,151223.28
1403,shaeed rajaii,India,29299090,20000,473600,Organic Chemicals,5000,15,2400,15%,9%,71040,49017.6,596057.6,25%,29.8,7.45,149014.4
1403,shaeed rajaii,India,29221990,13998,473579,Organic Chemicals,5000,15,1679.76,15%,9%,71036.85,49015.43,595311.04,25%,42.53,10.63,148827.76
1403,shaeed rajaii,India,84454000,46936,473126,Industrial Machinery,5000,15,5632.32,15%,9%,70968.9,48968.54,598695.76,25%,12.76,3.19,149673.94
1403,shaeed rajaii,India,29419030,3000,471032,Organic Chemicals,5000,15,360,15%,9%,70654.8,48751.81,590798.61,25%,196.93,49.23,147699.65
1403,shaeed rajaii,India,32049010,228280,466930,General Goods,5000,15,27393.6,20%,9%,93386,50428.44,638138.04,25%,2.8,0.7,159534.51
1403,shaeed rajaii,India,96020020,22742,462989,General Goods,5000,15,2729.04,20%,9%,92597.8,50002.81,608318.65,25%,26.75,6.69,152079.66
1403,shaeed rajaii,India,10085090,144000,457923,General Goods,5000,15,17280,20%,9%,91584.6,49455.68,616243.28,25%,4.28,1.07,154060.82
1403,shaeed rajaii,India,29163930,40000,455031,Organic Chemicals,5000,15,4800,15%,9%,68254.65,47095.71,575181.36,25%,14.38,3.6,143795.34
1403,shaeed rajaii,India,29252910,76300,454660,Organic Chemicals,5000,15,9156,15%,9%,68199,47057.31,579072.31,25%,7.59,1.9,144768.08
1403,shaeed rajaii,India,29362700,21000,450038,Organic Chemicals,5000,15,2520,15%,9%,67505.7,46578.93,566642.63,25%,26.98,6.74,141660.66
1403,shaeed rajaii,India,84329000,244657,448826,Industrial Machinery,5000,15,29358.84,15%,9%,67323.9,46453.49,591962.23,25%,2.42,0.6,147990.56
1403,shaeed rajaii,India,84099120,5386,441042,Industrial Machinery,5000,15,646.32,15%,9%,66156.3,45647.85,553492.47,25%,102.77,25.69,138373.12
1403,shaeed rajaii,India,39059910,20000,439507,Plastics & Polymers,5000,15,2400,20%,9%,87901.4,47466.76,577275.16,25%,28.86,7.22,144318.79
1403,shaeed rajaii,India,32041990,42040,435863,General Goods,5000,15,5044.8,20%,9%,87172.6,47073.2,575153.6,25%,13.68,3.42,143788.4
1403,shaeed rajaii,India,38019090,395105,430340,Chemical Products,5000,15,47412.6,15%,9%,64551,44540.19,586843.79,25%,1.49,0.37,146710.95
1403,shaeed rajaii,India,38062000,429000,428019,Chemical Products,5000,15,51480,15%,9%,64202.85,44299.97,588001.82,25%,1.37,0.34,147000.45
1403,shaeed rajaii,India,39206200,127860,425958,Plastics & Polymers,5000,15,15343.2,20%,9%,85191.6,46003.46,572496.26,25%,4.48,1.12,143124.06
1403,shaeed rajaii,India,84778000,19574,423872,Industrial Machinery,5000,15,2348.88,15%,9%,63580.8,43870.75,533672.43,25%,27.26,6.82,133418.11
1403,shaeed rajaii,India,39089010,106400,422762,Plastics & Polymers,5000,15,12768,20%,9%,84552.4,45658.3,565740.7,25%,5.32,1.33,141435.17
1403,shaeed rajaii,India,39100090,116046,421914,Plastics & Polymers,5000,15,13925.52,20%,9%,84382.8,45566.71,565789.03,25%,4.88,1.22,141447.26
1403,shaeed rajaii,India,29032300,150210,419477,Organic Chemicals,5000,15,18025.2,15%,9%,62921.55,43415.87,543839.62,25%,3.62,0.9,135959.9
1403,shaeed rajaii,India,29362810,6000,418911,Organic Chemicals,5000,15,720,15%,9%,62836.65,43357.29,525824.94,25%,87.64,21.91,131456.23
1403,shaeed rajaii,India,69031090,81057,413953,General Goods,5000,15,9726.84,20%,9%,82790.6,44706.92,551177.36,25%,6.8,1.7,137794.34
1403,shaeed rajaii,India,98871182,27524,407582,Vehicle/Chassis/Tractor Parts,5000,15,3302.88,40%,9%,163032.8,51355.33,625273.01,25%,22.72,5.68,156318.25
1403,shaeed rajaii,India,90183914,98562,389602,General Goods,5000,15,11827.44,20%,9%,77920.4,42077.02,521426.86,25%,5.29,1.32,130356.72
1403,shaeed rajaii,India,32064910,116720,386988,General Goods,5000,15,14006.4,20%,9%,77397.6,41794.7,520186.7,25%,4.46,1.12,130046.68
1403,shaeed rajaii,India,29239090,50700,386588,Organic Chemicals,5000,15,6084,15%,9%,57988.2,40011.86,490672.06,25%,9.68,2.42,122668.02
1403,shaeed rajaii,India,38140000,77048,384571,Chemical Products,5000,15,9245.76,15%,9%,57685.65,39803.1,491305.51,25%,6.38,1.6,122826.38
1403,shaeed rajaii,India,84148075,9660,383961,Compressors & Pumps,5000,15,1159.2,15%,9%,57594.15,39739.96,482454.31,25%,49.94,12.48,120613.58
1403,shaeed rajaii,India,39123190,40000,383609,Plastics & Polymers,5000,15,4800,20%,9%,76721.8,41429.77,506560.57,25%,12.66,3.16,126640.14
1403,shaeed rajaii,India,52052300,144925,383117,General Goods,5000,15,17391,20%,9%,76623.4,41376.64,518508.04,25%,3.58,0.9,129627.01
1403,shaeed rajaii,India,29362300,5000,381762,Organic Chemicals,5000,15,600,15%,9%,57264.3,39512.37,479138.67,25%,95.83,23.96,119784.67
1403,shaeed rajaii,India,70179090,15183,381061,General Goods,5000,15,1821.96,20%,9%,76212.2,41154.59,500249.75,25%,32.95,8.24,125062.44
1403,shaeed rajaii,India,29333100,9000,375687,Organic Chemicals,5000,15,1080,15%,9%,56353.05,38883.6,472003.65,25%,52.44,13.11,118000.91
1403,shaeed rajaii,India,38112190,129600,370656,Chemical Products,5000,15,15552,15%,9%,55598.4,38362.9,480169.3,25%,3.71,0.93,120042.32
1403,shaeed rajaii,India,84192090,5105,370547,Industrial Machinery,5000,15,612.6,15%,9%,55582.05,38351.61,465093.26,25%,91.11,22.78,116273.32
1403,shaeed rajaii,India,55101200,71558,370148,General Goods,5000,15,8586.96,20%,9%,74029.6,39975.98,492740.54,25%,6.89,1.72,123185.14
1403,shaeed rajaii,India,29359040,7200,369253,Organic Chemicals,5000,15,864,15%,9%,55387.95,38217.69,463722.64,25%,64.41,16.1,115930.66
1403,shaeed rajaii,India,9042290,245035,363286,General Goods,5000,15,29404.2,20%,9%,72657.2,39234.89,504582.29,25%,2.06,0.52,126145.57
1403,shaeed rajaii,India,25252010,792000,363227,General Goods,5000,15,95040,20%,9%,72645.4,39228.52,570140.92,25%,0.72,0.18,142535.23
1403,shaeed rajaii,India,76071190,94979,359479,General Goods,5000,15,11397.48,20%,9%,71895.8,38823.73,481596.01,25%,5.07,1.27,120399
1403,shaeed rajaii,India,39011090,210375,355421,Plastics & Polymers,5000,15,25245,20%,9%,71084.2,38385.47,490135.67,25%,2.33,0.58,122533.92
1403,shaeed rajaii,India,90183917,22145,355126,General Goods,5000,15,2657.4,20%,9%,71025.2,38353.61,467162.21,25%,21.1,5.28,116790.55
1403,shaeed rajaii,India,29339100,2055,347785,Organic Chemicals,5000,15,246.6,15%,9%,52167.75,35995.75,436195.1,25%,212.26,53.06,109048.78
1403,shaeed rajaii,India,84194090,5334,347413,Industrial Machinery,5000,15,640.08,15%,9%,52111.95,35957.25,436122.28,25%,81.76,20.44,109030.57
1403,shaeed rajaii,India,7132030,304000,345264,General Goods,5000,15,36480,20%,9%,69052.8,37288.51,488085.31,25%,1.61,0.4,122021.33
1403,shaeed rajaii,India,84179000,14074,342411,Industrial Machinery,5000,15,1688.88,15%,9%,51361.65,35439.54,430901.07,25%,30.62,7.66,107725.27
1403,shaeed rajaii,India,29213090,75956,338699,Organic Chemicals,5000,15,9114.72,15%,9%,50804.85,35055.35,433673.92,25%,5.71,1.43,108418.48
1403,shaeed rajaii,India,29211100,8120,337916,Organic Chemicals,5000,15,974.4,15%,9%,50687.4,34974.31,424552.11,25%,52.28,13.07,106138.03
1403,shaeed rajaii,India,29147900,5070,337368,Organic Chemicals,5000,15,608.4,15%,9%,50605.2,34917.59,423499.19,25%,83.53,20.88,105874.8
1403,shaeed rajaii,India,84193900,6580,334915,Industrial Machinery,5000,15,789.6,15%,9%,50237.25,34663.7,420605.55,25%,63.92,15.98,105151.39
1403,shaeed rajaii,India,33011900,20000,334650,General Goods,5000,15,2400,20%,9%,66930,36142.2,440122.2,25%,22.01,5.5,110030.55
1403,shaeed rajaii,India,84484900,59581,332569,Industrial Machinery,5000,15,7149.72,15%,9%,49885.35,34420.89,424024.96,25%,7.12,1.78,106006.24
1403,shaeed rajaii,India,29349925,2525,331001,Organic Chemicals,5000,15,303,15%,9%,49650.15,34258.6,415212.75,25%,164.44,41.11,103803.19
1403,shaeed rajaii,India,21069010,12000,328470,General Goods,5000,15,1440,20%,9%,65694,35474.76,431078.76,25%,35.92,8.98,107769.69
1403,shaeed rajaii,India,84833000,48146,327440,Industrial Machinery,5000,15,5777.52,15%,9%,49116,33890.04,416223.56,25%,8.65,2.16,104055.89
1403,shaeed rajaii,India,38123990,98000,327137,Chemical Products,5000,15,11760,15%,9%,49070.55,33858.68,421826.23,25%,4.3,1.08,105456.56
1403,shaeed rajaii,India,87085032,59442,322502,Vehicle Parts & Accessories,5000,15,7133.04,25%,9%,80625.5,36281.48,446542.02,25%,7.51,1.88,111635.5
1403,shaeed rajaii,India,72254010,152321,318857,Iron & Steel Products,5000,15,18278.52,10%,9%,31885.7,31566.84,400588.06,25%,2.63,0.66,100147.02
1403,shaeed rajaii,India,34024190,68550,316684,General Goods,5000,15,8226,20%,9%,63336.8,34201.87,422448.67,25%,6.16,1.54,105612.17
1403,shaeed rajaii,India,39053000,99000,311341,Plastics & Polymers,5000,15,11880,20%,9%,62268.2,33624.83,419114.03,25%,4.23,1.06,104778.51
1403,shaeed rajaii,India,38089322,39325,309635,Chemical Products,5000,15,4719,15%,9%,46445.25,32047.22,392846.47,25%,9.99,2.5,98211.62
1403,shaeed rajaii,India,32064100,46500,306756,General Goods,5000,15,5580,20%,9%,61351.2,33129.65,406816.85,25%,8.75,2.19,101704.21
1403,shaeed rajaii,India,72112990,180705,302843,Iron & Steel Products,5000,15,21684.6,10%,9%,30284.3,29981.46,384793.36,25%,2.13,0.53,96198.34
1403,shaeed rajaii,India,40117090,56680,295941,Rubber & Tires,5000,15,6801.6,20%,9%,59188.2,31961.63,393892.43,25%,6.95,1.74,98473.11
1403,shaeed rajaii,India,29062990,16100,293477,Organic Chemicals,5000,15,1932,15%,9%,44021.55,30374.87,369805.42,25%,22.97,5.74,92451.36
1403,shaeed rajaii,India,9041220,109000,292980,General Goods,5000,15,13080,20%,9%,58596,31641.84,396297.84,25%,3.64,0.91,99074.46
1403,shaeed rajaii,India,17029090,332500,290425,General Goods,5000,15,39900,20%,9%,58085,31365.9,419775.9,25%,1.26,0.32,104943.98
1403,shaeed rajaii,India,12030000,150000,283264,General Goods,5000,15,18000,20%,9%,56652.8,30592.51,388509.31,25%,2.59,0.65,97127.33
1403,shaeed rajaii,India,38151100,27650,280752,Chemical Products,5000,15,3318,15%,9%,42112.8,29057.83,355240.63,25%,12.85,3.21,88810.16
1403,shaeed rajaii,India,85030090,8220,278490,Electrical Equipment,5000,15,986.4,15%,9%,41773.5,28823.72,350073.62,25%,42.59,10.65,87518.4
1403,shaeed rajaii,India,75052200,6357,277120,General Goods,5000,15,762.84,20%,9%,55424,29928.96,363235.8,25%,57.14,14.28,90808.95
1403,shaeed rajaii,India,29211990,43800,276924,Organic Chemicals,5000,15,5256,15%,9%,41538.6,28661.63,352380.23,25%,8.05,2.01,88095.06
1403,shaeed rajaii,India,29241290,32000,273528,Organic Chemicals,5000,15,3840,15%,9%,41029.2,28310.15,346707.35,25%,10.83,2.71,86676.84
1403,shaeed rajaii,India,40169300,85986,272432,Rubber & Tires,5000,15,10318.32,20%,9%,54486.4,29422.66,366659.38,25%,4.26,1.06,91664.84
1403,shaeed rajaii,India,84212120,8298,267441,Industrial Machinery,5000,15,995.76,15%,9%,40116.15,27680.14,336233.05,25%,40.52,10.13,84058.26
1403,shaeed rajaii,India,84551090,39770,264709,Industrial Machinery,5000,15,4772.4,15%,9%,39706.35,27397.38,336585.13,25%,8.46,2.12,84146.28
1403,shaeed rajaii,India,55041000,126233,264663,General Goods,5000,15,15147.96,20%,9%,52932.6,28583.6,361327.16,25%,2.86,0.72,90331.79
1403,shaeed rajaii,India,29142200,152000,263534,Organic Chemicals,5000,15,18240,15%,9%,39530.1,27275.77,348579.87,25%,2.29,0.57,87144.97
1403,shaeed rajaii,India,29400090,12471,262824,Organic Chemicals,5000,15,1496.52,15%,9%,39423.6,27202.28,330946.4,25%,26.54,6.64,82736.6
1403,shaeed rajaii,India,29039100,221000,261014,Organic Chemicals,5000,15,26520,15%,9%,39152.1,27014.95,353701.05,25%,1.6,0.4,88425.26
1403,shaeed rajaii,India,48043190,251242,259877,Paper & Paperboard,5000,15,30149.04,15%,9%,38981.55,26897.27,355904.86,25%,1.42,0.36,88976.22
1403,shaeed rajaii,India,48115110,199108,242423,Paper & Paperboard,5000,15,23892.96,15%,9%,36363.45,25090.78,327770.19,25%,1.65,0.41,81942.55
1403,shaeed rajaii,India,39202020,139087,239334,Plastics & Polymers,5000,15,16690.44,20%,9%,47866.8,25848.07,329739.31,25%,2.37,0.59,82434.83
1403,shaeed rajaii,India,28252000,16000,237441,General Goods,5000,15,1920,20%,9%,47488.2,25643.63,312492.83,25%,19.53,4.88,78123.21
1403,shaeed rajaii,India,72021920,165000,236722,Iron & Steel Products,5000,15,19800,10%,9%,23672.2,23435.48,303629.68,25%,1.84,0.46,75907.42
1403,shaeed rajaii,India,84135020,82136,233861,Industrial Machinery,5000,15,9856.32,15%,9%,35079.15,24204.61,303001.08,25%,3.69,0.92,75750.27
1403,shaeed rajaii,India,28399010,182000,231828,General Goods,5000,15,21840,20%,9%,46365.6,25037.42,325071.02,25%,1.79,0.45,81267.76
1403,shaeed rajaii,India,72029940,124836,231147,Iron & Steel Products,5000,15,14980.32,10%,9%,23114.7,22883.55,292125.57,25%,2.34,0.58,73031.39
1403,shaeed rajaii,India,72091700,340095,230975,Iron & Steel Products,5000,15,40811.4,10%,9%,23097.5,22866.52,317750.42,25%,0.93,0.23,79437.6
1403,shaeed rajaii,India,28364000,148000,229721,General Goods,5000,15,17760,20%,9%,45944.2,24809.87,318235.07,25%,2.15,0.54,79558.77
1403,shaeed rajaii,India,31059090,36000,229634,General Goods,5000,15,4320,20%,9%,45926.8,24800.47,304681.27,25%,8.46,2.12,76170.32
1403,shaeed rajaii,India,38241000,194350,229059,Chemical Products,5000,15,23322,15%,9%,34358.85,23707.61,310447.46,25%,1.6,0.4,77611.87
1403,shaeed rajaii,India,38089213,40000,228181,Chemical Products,5000,15,4800,15%,9%,34227.15,23616.73,290824.88,25%,7.27,1.82,72706.22
1403,shaeed rajaii,India,38249990,220208,227452,Chemical Products,5000,15,26424.96,15%,9%,34117.8,23541.28,311536.04,25%,1.41,0.35,77884.01
1403,shaeed rajaii,India,90314900,2300,225739,General Goods,5000,15,276,20%,9%,45147.8,24379.81,295542.61,25%,128.5,32.12,73885.65
1403,shaeed rajaii,India,34024210,110000,224070,General Goods,5000,15,13200,20%,9%,44814,24199.56,306283.56,25%,2.78,0.7,76570.89
1403,shaeed rajaii,India,29242990,29250,223886,Organic Chemicals,5000,15,3510,15%,9%,33582.9,23172.2,284151.1,25%,9.71,2.43,71037.77
1403,shaeed rajaii,India,29341000,7775,223340,Organic Chemicals,5000,15,933,15%,9%,33501,23115.69,280889.69,25%,36.13,9.03,70222.42
1403,shaeed rajaii,India,84224000,5705,220469,Industrial Machinery,5000,15,684.6,15%,9%,33070.35,22818.54,277042.49,25%,48.56,12.14,69260.62
1403,shaeed rajaii,India,29335300,4000,219825,Organic Chemicals,5000,15,480,15%,9%,32973.75,22751.89,276030.64,25%,69.01,17.25,69007.66
1403,shaeed rajaii,India,38089419,52000,216682,Chemical Products,5000,15,6240,15%,9%,32502.3,22426.59,277850.89,25%,5.34,1.34,69462.72
1403,shaeed rajaii,India,29146990,300,216556,Organic Chemicals,5000,15,36,15%,9%,32483.4,22413.55,271488.95,25%,904.96,226.24,67872.24
1403,shaeed rajaii,India,68069000,177995,213446,General Goods,5000,15,21359.4,20%,9%,42689.2,23052.17,300546.77,25%,1.69,0.42,75136.69
1403,shaeed rajaii,India,35030010,9072,210752,General Goods,5000,15,1088.64,20%,9%,42150.4,22761.22,276752.26,25%,30.51,7.63,69188.06
1403,shaeed rajaii,India,84219100,8729,207600,Industrial Machinery,5000,15,1047.48,15%,9%,31140,21486.6,261274.08,25%,29.93,7.48,65318.52
1403,shaeed rajaii,India,39140090,34350,206653,Plastics & Polymers,5000,15,4122,20%,9%,41330.6,22318.52,274424.12,25%,7.99,2,68606.03
1403,shaeed rajaii,India,37079020,32928,206168,General Goods,5000,15,3951.36,20%,9%,41233.6,22266.14,273619.1,25%,8.31,2.08,68404.77
1403,shaeed rajaii,India,20079910,103200,205605,General Goods,5000,15,12384,20%,9%,41121,22205.34,281315.34,25%,2.73,0.68,70328.84
1403,shaeed rajaii,India,84392000,78502,204340,Industrial Machinery,5000,15,9420.24,15%,9%,30651,21149.19,265560.43,25%,3.38,0.84,66390.11
1403,shaeed rajaii,India,15219010,40600,203750,General Goods,5000,15,4872,20%,9%,40750,22005,271377,25%,6.68,1.67,67844.25
1403,shaeed rajaii,India,29152400,144000,201600,Organic Chemicals,5000,15,17280,15%,9%,30240,20865.6,269985.6,25%,1.87,0.47,67496.4
1403,shaeed rajaii,India,39069070,38040,201073,Plastics & Polymers,5000,15,4564.8,20%,9%,40214.6,21715.88,267568.28,25%,7.03,1.76,66892.07
1403,shaeed rajaii,India,76129090,25571,201002,General Goods,5000,15,3068.52,20%,9%,40200.4,21708.22,265979.14,25%,10.4,2.6,66494.78
1403,shaeed rajaii,India,84622900,2500,199793,Industrial Machinery,5000,15,300,15%,9%,29968.95,20678.58,250740.53,25%,100.3,25.08,62685.13
1403,shaeed rajaii,India,29213020,45600,198041,Organic Chemicals,5000,15,5472,15%,9%,29706.15,20497.24,253716.39,25%,5.56,1.39,63429.1
1403,shaeed rajaii,India,84581190,16200,197311,Industrial Machinery,5000,15,1944,15%,9%,29596.65,20421.69,249273.34,25%,15.39,3.85,62318.34
1403,shaeed rajaii,India,29163190,29500,197305,Organic Chemicals,5000,15,3540,15%,9%,29595.75,20421.07,250861.82,25%,8.5,2.12,62715.46
1403,shaeed rajaii,India,29241990,48800,194449,Organic Chemicals,5000,15,5856,15%,9%,29167.35,20125.47,249597.82,25%,5.11,1.28,62399.46
1403,shaeed rajaii,India,72193200,50987,194166,Iron & Steel Products,5000,15,6118.44,10%,9%,19416.6,19222.43,238923.47,25%,4.69,1.17,59730.87
1403,shaeed rajaii,India,69022020,196772,193723,General Goods,5000,15,23612.64,20%,9%,38744.6,20922.08,277002.32,25%,1.41,0.35,69250.58
1403,shaeed rajaii,India,85021290,26622,192599,Electrical Equipment,5000,15,3194.64,15%,9%,28889.85,19934,244617.49,25%,9.19,2.3,61154.37
1403,shaeed rajaii,India,25262010,168000,191513,General Goods,5000,15,20160,20%,9%,38302.6,20683.4,270659,25%,1.61,0.4,67664.75
1403,shaeed rajaii,India,29053900,99600,191138,Organic Chemicals,5000,15,11952,15%,9%,28670.7,19782.78,251543.48,25%,2.53,0.63,62885.87
1403,shaeed rajaii,India,84822000,47513,190349,Industrial Machinery,5000,15,5701.56,15%,9%,28552.35,19701.12,244304.03,25%,5.14,1.28,61076.01
1403,shaeed rajaii,India,34029090,44690,189560,General Goods,5000,15,5362.8,20%,9%,37912,20472.48,253307.28,25%,5.67,1.42,63326.82
1403,shaeed rajaii,India,39206990,90402,189402,Plastics & Polymers,5000,15,10848.24,20%,9%,37880.4,20455.42,258586.06,25%,2.86,0.72,64646.52
1403,shaeed rajaii,India,32030000,4500,188967,General Goods,5000,15,540,20%,9%,37793.4,20408.44,247708.84,25%,55.05,13.76,61927.21
1403,shaeed rajaii,India,29094900,59300,185762,Organic Chemicals,5000,15,7116,15%,9%,27864.3,19226.37,239968.67,25%,4.05,1.01,59992.17
1403,shaeed rajaii,India,33012500,7200,184585,General Goods,5000,15,864,20%,9%,36917,19935.18,242301.18,25%,33.65,8.41,60575.3
1403,shaeed rajaii,India,40091190,1037,184536,Rubber & Tires,5000,15,124.44,20%,9%,36907.2,19929.89,241497.53,25%,232.88,58.22,60374.38
1403,shaeed rajaii,India,85030030,46128,183660,Electrical Equipment,5000,15,5535.36,15%,9%,27549,19008.81,235753.17,25%,5.11,1.28,58938.29
1403,shaeed rajaii,India,72192100,47555,180901,Iron & Steel Products,5000,15,5706.6,10%,9%,18090.1,17909.2,222606.9,25%,4.68,1.17,55651.72
1403,shaeed rajaii,India,29225090,2000,180718,Organic Chemicals,5000,15,240,15%,9%,27107.7,18704.31,226770.01,25%,113.39,28.35,56692.5
1403,shaeed rajaii,India,39269099,2753,180470,Plastics & Polymers,5000,15,330.36,20%,9%,36094,19490.76,236385.12,25%,85.86,21.46,59096.28
1403,shaeed rajaii,India,34024990,48000,180123,General Goods,5000,15,5760,20%,9%,36024.6,19453.28,241360.88,25%,5.03,1.26,60340.22
1403,shaeed rajaii,India,40030000,164600,179403,Rubber & Tires,5000,15,19752,20%,9%,35880.6,19375.52,254411.12,25%,1.55,0.39,63602.78
1403,shaeed rajaii,India,29072900,20010,178443,Organic Chemicals,5000,15,2401.2,15%,9%,26766.45,18468.85,226079.5,25%,11.3,2.82,56519.88
1403,shaeed rajaii,India,29159090,36940,178086,Organic Chemicals,5000,15,4432.8,15%,9%,26712.9,18431.9,227663.6,25%,6.16,1.54,56915.9
1403,shaeed rajaii,India,39119090,34400,177335,Plastics & Polymers,5000,15,4128,20%,9%,35467,19152.18,236082.18,25%,6.86,1.72,59020.54
1403,shaeed rajaii,India,29339910,7000,174065,Organic Chemicals,5000,15,840,15%,9%,26109.75,18015.73,219030.48,25%,31.29,7.82,54757.62
1403,shaeed rajaii,India,48043900,145920,170608,Paper & Paperboard,5000,15,17510.4,15%,9%,25591.2,17657.93,231367.53,25%,1.59,0.4,57841.88
1403,shaeed rajaii,India,29038900,850,168441,Organic Chemicals,5000,15,102,15%,9%,25266.15,17433.64,211242.79,25%,248.52,62.13,52810.7
1403,shaeed rajaii,India,29094300,86800,167198,Organic Chemicals,5000,15,10416,15%,9%,25079.7,17304.99,219998.69,25%,2.53,0.63,54999.67
1403,shaeed rajaii,India,72193300,68696,167148,Iron & Steel Products,5000,15,8243.52,10%,9%,16714.8,16547.65,208653.97,25%,3.04,0.76,52163.49
1403,shaeed rajaii,India,84749010,40580,163806,Industrial Machinery,5000,15,4869.6,15%,9%,24570.9,16953.92,210200.42,25%,5.18,1.3,52550.1
1403,shaeed rajaii,India,29411090,1000,163628,Organic Chemicals,5000,15,120,15%,9%,24544.2,16935.5,205227.7,25%,205.23,51.31,51306.92
1403,shaeed rajaii,India,15050010,26000,163489,General Goods,5000,15,3120,20%,9%,32697.8,17656.81,216963.61,25%,8.34,2.08,54240.9
1403,shaeed rajaii,India,84481900,5531,162032,Industrial Machinery,5000,15,663.72,15%,9%,24304.8,16770.31,203770.83,25%,36.84,9.21,50942.71
1403,shaeed rajaii,India,29213030,28800,161080,Organic Chemicals,5000,15,3456,15%,9%,24162,16671.78,205369.78,25%,7.13,1.78,51342.44
1403,shaeed rajaii,India,39076190,140000,160287,Plastics & Polymers,5000,15,16800,20%,9%,32057.4,17311,226455.4,25%,1.62,0.4,56613.85
1403,shaeed rajaii,India,3034200,79305,160159,General Goods,5000,15,9516.6,20%,9%,32031.8,17297.17,219004.57,25%,2.76,0.69,54751.14
1403,shaeed rajaii,India,38089122,26052,160104,Chemical Products,5000,15,3126.24,15%,9%,24015.6,16570.76,203816.6,25%,7.82,1.96,50954.15
1403,shaeed rajaii,India,29161400,60000,158219,Organic Chemicals,5000,15,7200,15%,9%,23732.85,16375.67,205527.52,25%,3.43,0.86,51381.88
1403,shaeed rajaii,India,39269050,55085,157891,Plastics & Polymers,5000,15,6610.2,20%,9%,31578.2,17052.23,213131.63,25%,3.87,0.97,53282.91
1403,shaeed rajaii,India,14042000,280558,156386,General Goods,5000,15,33666.96,20%,9%,31277.2,16889.69,238219.85,25%,0.85,0.21,59554.96
1403,shaeed rajaii,India,28311000,136580,155001,General Goods,5000,15,16389.6,20%,9%,31000.2,16740.11,219130.91,25%,1.6,0.4,54782.73
1403,shaeed rajaii,India,39169090,51932,154190,Plastics & Polymers,5000,15,6231.84,20%,9%,30838,16652.52,207912.36,25%,4,1,51978.09
1403,shaeed rajaii,India,73202000,12086,153835,Articles of Iron & Steel,5000,15,1450.32,10%,9%,15383.5,15229.66,185898.48,25%,15.38,3.84,46474.62
1403,shaeed rajaii,India,84518000,9765,153199,Industrial Machinery,5000,15,1171.8,15%,9%,22979.85,15856.1,193206.75,25%,19.79,4.95,48301.69
1403,shaeed rajaii,India,39079929,9000,152866,Plastics & Polymers,5000,15,1080,20%,9%,30573.2,16509.53,201028.73,25%,22.34,5.58,50257.18
1403,shaeed rajaii,India,15162090,90000,152676,General Goods,5000,15,10800,20%,9%,30535.2,16489.01,210500.21,25%,2.34,0.58,52625.05
1403,shaeed rajaii,India,90189099,5022,152400,General Goods,5000,15,602.64,20%,9%,30480,16459.2,199941.84,25%,39.81,9.95,49985.46
1403,shaeed rajaii,India,30029000,206162,152019,General Goods,5000,15,24739.44,20%,9%,30403.8,16418.05,223580.29,25%,1.08,0.27,55895.07
1403,shaeed rajaii,India,85389090,400,151458,Electrical Equipment,5000,15,48,15%,9%,22718.7,15675.9,189900.6,25%,474.75,118.69,47475.15
1403,shaeed rajaii,India,28230000,45000,151086,General Goods,5000,15,5400,20%,9%,30217.2,16317.29,203020.49,25%,4.51,1.13,50755.12
1403,shaeed rajaii,India,29161500,64000,151085,Organic Chemicals,5000,15,7680,15%,9%,22662.75,15637.3,197065.05,25%,3.08,0.77,49266.26
1403,shaeed rajaii,India,39079999,76800,151044,Plastics & Polymers,5000,15,9216,20%,9%,30208.8,16312.75,206781.55,25%,2.69,0.67,51695.39
1403,shaeed rajaii,India,90183925,841,150851,General Goods,5000,15,100.92,20%,9%,30170.2,16291.91,197414.03,25%,234.74,58.68,49353.51
1403,shaeed rajaii,India,39073010,10100,150757,Plastics & Polymers,5000,15,1212,20%,9%,30151.4,16281.76,198402.16,25%,19.64,4.91,49600.54
1403,shaeed rajaii,India,28112200,76900,150703,General Goods,5000,15,9228,20%,9%,30140.6,16275.92,206347.52,25%,2.68,0.67,51586.88
1403,shaeed rajaii,India,25199090,45200,150526,General Goods,5000,15,5424,20%,9%,30105.2,16256.81,202312.01,25%,4.48,1.12,50578
1403,shaeed rajaii,India,90183290,7240,150204,General Goods,5000,15,868.8,20%,9%,30040.8,16222.03,197335.63,25%,27.26,6.82,49333.91
1403,shaeed rajaii,India,38089212,11560,149628,Chemical Products,5000,15,1387.2,15%,9%,22444.2,15486.5,188945.9,25%,16.34,4.08,47236.48
1403,shaeed rajaii,India,33012990,3690,149582,General Goods,5000,15,442.8,20%,9%,29916.4,16154.86,196096.06,25%,53.14,13.28,49024.02
1403,shaeed rajaii,India,84549000,17816,148728,Industrial Machinery,5000,15,2137.92,15%,9%,22309.2,15393.35,188568.47,25%,10.58,2.64,47142.12
1403,shaeed rajaii,India,29321100,57600,147706,Organic Chemicals,5000,15,6912,15%,9%,22155.9,15287.57,192061.47,25%,3.33,0.83,48015.37
1403,shaeed rajaii,India,84748090,6217,147126,Industrial Machinery,5000,15,746.04,15%,9%,22068.9,15227.54,185168.48,25%,29.78,7.44,46292.12
1403,shaeed rajaii,India,38013000,200080,146002,Chemical Products,5000,15,24009.6,15%,9%,21900.3,15111.21,207023.11,25%,1.03,0.26,51755.78
1403,shaeed rajaii,India,29051200,45600,144519,Organic Chemicals,5000,15,5472,15%,9%,21677.85,14957.72,186626.57,25%,4.09,1.02,46656.64
1403,shaeed rajaii,India,29031200,216600,142725,Organic Chemicals,5000,15,25992,15%,9%,21408.75,14772.04,204897.79,25%,0.95,0.24,51224.45
1403,shaeed rajaii,India,29231090,2315,141587,Organic Chemicals,5000,15,277.8,15%,9%,21238.05,14654.25,177757.1,25%,76.78,19.2,44439.28
1403,shaeed rajaii,India,85022090,27700,140675,Electrical Equipment,5000,15,3324,15%,9%,21101.25,14559.86,179660.11,25%,6.49,1.62,44915.03
1403,shaeed rajaii,India,52052400,42638,138875,General Goods,5000,15,5116.56,20%,9%,27775,14998.5,186765.06,25%,4.38,1.1,46691.26
1403,shaeed rajaii,India,30043190,9291,138065,General Goods,5000,15,1114.92,20%,9%,27613,14911.02,181703.94,25%,19.56,4.89,45425.98
1403,shaeed rajaii,India,84807100,7879,137516,Industrial Machinery,5000,15,945.48,15%,9%,20627.4,14232.91,173321.79,25%,22,5.5,43330.45
1403,shaeed rajaii,India,9103020,82500,137153,General Goods,5000,15,9900,20%,9%,27430.6,14812.52,189296.12,25%,2.29,0.57,47324.03
1403,shaeed rajaii,India,54023300,41982,136013,General Goods,5000,15,5037.84,20%,9%,27202.6,14689.4,182942.84,25%,4.36,1.09,45735.71
1403,shaeed rajaii,India,84842020,5398,135792,Industrial Machinery,5000,15,647.76,15%,9%,20368.8,14054.47,170863.03,25%,31.65,7.91,42715.76
1403,shaeed rajaii,India,29332960,1175,134357,Organic Chemicals,5000,15,141,15%,9%,20153.55,13905.95,168557.5,25%,143.45,35.86,42139.38
1403,shaeed rajaii,India,15155000,48000,134309,General Goods,5000,15,5760,20%,9%,26861.8,14505.37,181436.17,25%,3.78,0.94,45359.04
1403,shaeed rajaii,India,39111000,59000,131782,Plastics & Polymers,5000,15,7080,20%,9%,26356.4,14232.46,179450.86,25%,3.04,0.76,44862.72
1403,shaeed rajaii,India,29214990,3822,130379,Organic Chemicals,5000,15,458.64,15%,9%,19556.85,13494.23,163888.72,25%,42.88,10.72,40972.18
1403,shaeed rajaii,India,20071010,145600,130020,General Goods,5000,15,17472,20%,9%,26004,14042.16,187538.16,25%,1.29,0.32,46884.54
1403,shaeed rajaii,India,52030000,26200,129974,General Goods,5000,15,3144,20%,9%,25994.8,14037.19,173149.99,25%,6.61,1.65,43287.5
1403,shaeed rajaii,India,84099160,15638,129925,Industrial Machinery,5000,15,1876.56,15%,9%,19488.75,13447.24,164737.55,25%,10.53,2.63,41184.39
1403,shaeed rajaii,India,29214100,2800,128677,Organic Chemicals,5000,15,336,15%,9%,19301.55,13318.07,161632.62,25%,57.73,14.43,40408.16
1403,shaeed rajaii,India,29181600,9500,128508,Organic Chemicals,5000,15,1140,15%,9%,19276.2,13300.58,162224.78,25%,17.08,4.27,40556.2
1403,shaeed rajaii,India,85043320,6133,127118,Electrical Equipment,5000,15,735.96,15%,9%,19067.7,13156.71,160078.37,25%,26.1,6.52,40019.59
1403,shaeed rajaii,India,72029930,65491,126374,Iron & Steel Products,5000,15,7858.92,10%,9%,12637.4,12511.03,159381.35,25%,2.43,0.61,39845.34
1403,shaeed rajaii,India,90183915,27514,125897,General Goods,5000,15,3301.68,20%,9%,25179.4,13596.88,167974.96,25%,6.11,1.53,41993.74
1403,shaeed rajaii,India,32041110,9000,125879,General Goods,5000,15,1080,20%,9%,25175.8,13594.93,165729.73,25%,18.41,4.6,41432.43
1403,shaeed rajaii,India,87088049,36221,125725,Vehicle Parts & Accessories,5000,15,4346.52,25%,9%,31431.25,14144.06,175646.83,25%,4.85,1.21,43911.71
1403,shaeed rajaii,India,39039000,13600,124914,Plastics & Polymers,5000,15,1632,20%,9%,24982.8,13490.71,165019.51,25%,12.13,3.03,41254.88
1403,shaeed rajaii,India,32081040,16800,124165,General Goods,5000,15,2016,20%,9%,24833,13409.82,164423.82,25%,9.79,2.45,41105.96
1403,shaeed rajaii,India,29339994,3500,123002,Organic Chemicals,5000,15,420,15%,9%,18450.3,12730.71,154603.01,25%,44.17,11.04,38650.75
1403,shaeed rajaii,India,84212200,4302,122699,Industrial Machinery,5000,15,516.24,15%,9%,18404.85,12699.35,154319.44,25%,35.87,8.97,38579.86
1403,shaeed rajaii,India,29141200,66000,122260,Organic Chemicals,5000,15,7920,15%,9%,18339,12653.91,161172.91,25%,2.44,0.61,40293.23
1403,shaeed rajaii,India,82041190,39200,121776,General Goods,5000,15,4704,20%,9%,24355.2,13151.81,163987.01,25%,4.18,1.04,40996.75
1403,shaeed rajaii,India,15162010,44000,121307,General Goods,5000,15,5280,20%,9%,24261.4,13101.16,163949.56,25%,3.73,0.93,40987.39
1403,shaeed rajaii,India,29335930,3000,120466,Organic Chemicals,5000,15,360,15%,9%,18069.9,12468.23,151364.13,25%,50.45,12.61,37841.03
1403,shaeed rajaii,India,84522900,72500,119611,Industrial Machinery,5000,15,8700,15%,9%,17941.65,12379.74,158632.39,25%,2.19,0.55,39658.1
1403,shaeed rajaii,India,29393000,10100,118967,Organic Chemicals,5000,15,1212,15%,9%,17845.05,12313.08,150337.13,25%,14.88,3.72,37584.28
1403,shaeed rajaii,India,85051100,6832,118171,Electrical Equipment,5000,15,819.84,15%,9%,17725.65,12230.7,148947.19,25%,21.8,5.45,37236.8
1403,shaeed rajaii,India,34031990,13000,116031,General Goods,5000,15,1560,20%,9%,23206.2,12531.35,153328.55,25%,11.79,2.95,38332.14
1403,shaeed rajaii,India,54021990,30000,115658,General Goods,5000,15,3600,20%,9%,23131.6,12491.06,154880.66,25%,5.16,1.29,38720.16
1403,shaeed rajaii,India,32029000,88500,115362,General Goods,5000,15,10620,20%,9%,23072.4,12459.1,161513.5,25%,1.83,0.46,40378.38
1403,shaeed rajaii,India,34039990,24140,114424,General Goods,5000,15,2896.8,20%,9%,22884.8,12357.79,152563.39,25%,6.32,1.58,38140.85
1403,shaeed rajaii,India,29333930,1000,114247,Organic Chemicals,5000,15,120,15%,9%,17137.05,11824.56,143328.61,25%,143.33,35.83,35832.15
1403,shaeed rajaii,India,35030020,6579,113664,General Goods,5000,15,789.48,20%,9%,22732.8,12275.71,149461.99,25%,22.72,5.68,37365.5
1403,shaeed rajaii,India,29153900,28922,113530,Organic Chemicals,5000,15,3470.64,15%,9%,17029.5,11750.36,145780.5,25%,5.04,1.26,36445.12
1403,shaeed rajaii,India,39219020,38176,112977,Plastics & Polymers,5000,15,4581.12,20%,9%,22595.4,12201.52,152355.04,25%,3.99,1,38088.76
1403,shaeed rajaii,India,73181590,67420,112526,Articles of Iron & Steel,5000,15,8090.4,10%,9%,11252.6,11140.07,143009.07,25%,2.12,0.53,35752.27
1403,shaeed rajaii,India,29362920,17000,111454,Organic Chemicals,5000,15,2040,15%,9%,16718.1,11535.49,141747.59,25%,8.34,2.08,35436.9
1403,shaeed rajaii,India,70101010,35200,110528,General Goods,5000,15,4224,20%,9%,22105.6,11937.02,148794.62,25%,4.23,1.06,37198.66
1403,shaeed rajaii,India,38099100,38150,110133,Chemical Products,5000,15,4578,15%,9%,16519.95,11398.77,142629.72,25%,3.74,0.94,35657.43
1403,shaeed rajaii,India,38089429,11000,109576,Chemical Products,5000,15,1320,15%,9%,16436.4,11341.12,138673.52,25%,12.61,3.15,34668.38
1403,shaeed rajaii,India,75051200,2280,107859,General Goods,5000,15,273.6,20%,9%,21571.8,11648.77,141353.17,25%,62,15.5,35338.29
1403,shaeed rajaii,India,54021910,44000,107665,General Goods,5000,15,5280,20%,9%,21533,11627.82,146105.82,25%,3.32,0.83,36526.46
1403,shaeed rajaii,India,84149090,5229,107157,Compressors & Pumps,5000,15,627.48,15%,9%,16073.55,11090.75,134948.78,25%,25.81,6.45,33737.2
1403,shaeed rajaii,India,72112390,65000,107128,Iron & Steel Products,5000,15,7800,10%,9%,10712.8,10605.67,136246.47,25%,2.1,0.52,34061.62
1403,shaeed rajaii,India,29141300,52780,106049,Organic Chemicals,5000,15,6333.6,15%,9%,15907.35,10976.07,139266.02,25%,2.64,0.66,34816.5
1403,shaeed rajaii,India,84581990,9550,105998,Industrial Machinery,5000,15,1146,15%,9%,15899.7,10970.79,134014.49,25%,14.03,3.51,33503.62
1403,shaeed rajaii,India,30042012,7145,105920,General Goods,5000,15,857.4,20%,9%,21184,11439.36,139400.76,25%,19.51,4.88,34850.19
1403,shaeed rajaii,India,55063000,41000,104389,General Goods,5000,15,4920,20%,9%,20877.8,11274.01,141460.81,25%,3.45,0.86,35365.2
1403,shaeed rajaii,India,48109210,139463,104365,Paper & Paperboard,5000,15,16735.56,15%,9%,15654.75,10801.78,147557.09,25%,1.06,0.26,36889.27
1403,shaeed rajaii,India,40094100,30847,103160,Rubber & Tires,5000,15,3701.64,20%,9%,20632,11141.28,138634.92,25%,4.49,1.12,34658.73
1403,shaeed rajaii,India,29071900,15000,103027,Organic Chemicals,5000,15,1800,15%,9%,15454.05,10663.29,130944.34,25%,8.73,2.18,32736.08
1403,shaeed rajaii,India,13021900,16650,102831,General Goods,5000,15,1998,20%,9%,20566.2,11105.75,136500.95,25%,8.2,2.05,34125.24
1403,shaeed rajaii,India,59113200,3438,102468,General Goods,5000,15,412.56,20%,9%,20493.6,11066.54,134440.7,25%,39.1,9.78,33610.18
1403,shaeed rajaii,India,84821000,23991,101021,Industrial Machinery,5000,15,2878.92,15%,9%,15153.15,10455.67,129508.74,25%,5.4,1.35,32377.18
1403,shaeed rajaii,India,84223000,6520,99744,Industrial Machinery,5000,15,782.4,15%,9%,14961.6,10323.5,125811.5,25%,19.3,4.82,31452.88
1403,shaeed rajaii,India,39072990,54000,99634,Plastics & Polymers,5000,15,6480,20%,9%,19926.8,10760.47,136801.27,25%,2.53,0.63,34200.32
1403,shaeed rajaii,India,29051300,66000,94710,Organic Chemicals,5000,15,7920,15%,9%,14206.5,9802.48,126638.98,25%,1.92,0.48,31659.74
1403,shaeed rajaii,India,83119000,25000,94557,General Goods,5000,15,3000,20%,9%,18911.4,10212.16,126680.56,25%,5.07,1.27,31670.14
1403,shaeed rajaii,India,39123110,10000,93338,Plastics & Polymers,5000,15,1200,20%,9%,18667.6,10080.5,123286.1,25%,12.33,3.08,30821.52
1403,shaeed rajaii,India,29333990,2730,92987,Organic Chemicals,5000,15,327.6,15%,9%,13948.05,9624.15,116886.8,25%,42.82,10.7,29221.7
1403,shaeed rajaii,India,45041000,36668,91209,General Goods,5000,15,4400.16,20%,9%,18241.8,9850.57,123701.53,25%,3.37,0.84,30925.38
1403,shaeed rajaii,India,29212190,20295,91158,Organic Chemicals,5000,15,2435.4,15%,9%,13673.7,9434.85,116701.95,25%,5.75,1.44,29175.49
1403,shaeed rajaii,India,23040000,175277,91053,General Goods,5000,15,21033.24,20%,9%,18210.6,9833.72,140130.56,25%,0.8,0.2,35032.64
1403,shaeed rajaii,India,39069099,47110,90864,Plastics & Polymers,5000,15,5653.2,20%,9%,18172.8,9813.31,124503.31,25%,2.64,0.66,31125.83
1403,shaeed rajaii,India,51052900,8606,90358,General Goods,5000,15,1032.72,20%,9%,18071.6,9758.66,119220.98,25%,13.85,3.46,29805.24
1403,shaeed rajaii,India,32121000,16630,89952,General Goods,5000,15,1995.6,20%,9%,17990.4,9714.82,119652.82,25%,7.19,1.8,29913.2
1403,shaeed rajaii,India,29291090,16000,89454,Organic Chemicals,5000,15,1920,15%,9%,13418.1,9258.49,114050.59,25%,7.13,1.78,28512.65
1403,shaeed rajaii,India,38249930,23544,88615,Chemical Products,5000,15,2825.28,15%,9%,13292.25,9171.65,113904.18,25%,4.84,1.21,28476.04
1403,shaeed rajaii,India,84132000,16606,88027,Industrial Machinery,5000,15,1992.72,15%,9%,13204.05,9110.79,112334.56,25%,6.76,1.69,28083.64
1403,shaeed rajaii,India,75040000,4000,87010,General Goods,5000,15,480,20%,9%,17402,9397.08,114289.08,25%,28.57,7.14,28572.27
1403,shaeed rajaii,India,25081000,750000,86253,General Goods,5000,15,90000,20%,9%,17250.6,9315.32,202818.92,25%,0.27,0.07,50704.73
1403,shaeed rajaii,India,25199010,25000,85462,General Goods,5000,15,3000,20%,9%,17092.4,9229.9,114784.3,25%,4.59,1.15,28696.08
1403,shaeed rajaii,India,28352500,20000,85392,General Goods,5000,15,2400,20%,9%,17078.4,9222.34,114092.74,25%,5.7,1.42,28523.18
1403,shaeed rajaii,India,72299020,17988,83789,Iron & Steel Products,5000,15,2158.56,10%,9%,8378.9,8295.11,102621.57,25%,5.71,1.43,25655.39
1403,shaeed rajaii,India,38099200,34000,83480,Chemical Products,5000,15,4080,15%,9%,12522,8640.18,108722.18,25%,3.2,0.8,27180.54
1403,shaeed rajaii,India,85371020,510,82321,Electrical Equipment,5000,15,61.2,15%,9%,12348.15,8520.22,103250.57,25%,202.45,50.61,25812.64
1403,shaeed rajaii,India,72221100,54000,81664,Iron & Steel Products,5000,15,6480,10%,9%,8166.4,8084.74,104395.14,25%,1.93,0.48,26098.78
1403,shaeed rajaii,India,84138190,7126,81304,Industrial Machinery,5000,15,855.12,15%,9%,12195.6,8414.96,102769.68,25%,14.42,3.6,25692.42
1403,shaeed rajaii,India,84831020,18691,81248,Industrial Machinery,5000,15,2242.92,15%,9%,12187.2,8409.17,104087.29,25%,5.57,1.39,26021.82
1403,shaeed rajaii,India,29163120,62000,80890,Organic Chemicals,5000,15,7440,15%,9%,12133.5,8372.12,108835.62,25%,1.76,0.44,27208.9
1403,shaeed rajaii,India,29152990,40000,80406,Organic Chemicals,5000,15,4800,15%,9%,12060.9,8322.02,105588.92,25%,2.64,0.66,26397.23
1403,shaeed rajaii,India,59119090,26079,80073,General Goods,5000,15,3129.48,20%,9%,16014.6,8647.88,107864.96,25%,4.14,1.03,26966.24
1403,shaeed rajaii,India,29224910,5000,79943,Organic Chemicals,5000,15,600,15%,9%,11991.45,8274.1,100808.55,25%,20.16,5.04,25202.14
1403,shaeed rajaii,India,29349920,1000,79895,Organic Chemicals,5000,15,120,15%,9%,11984.25,8269.13,100268.38,25%,100.27,25.07,25067.1
1403,shaeed rajaii,India,28352900,14800,79625,General Goods,5000,15,1776,20%,9%,15925,8599.5,105925.5,25%,7.16,1.79,26481.38
1403,shaeed rajaii,India,33012400,2000,79510,General Goods,5000,15,240,20%,9%,15902,8587.08,104239.08,25%,52.12,13.03,26059.77
1403,shaeed rajaii,India,9101190,58535,79444,General Goods,5000,15,7024.2,20%,9%,15888.8,8579.95,110936.95,25%,1.9,0.48,27734.24
1403,shaeed rajaii,India,76071990,13732,77209,General Goods,5000,15,1647.84,20%,9%,15441.8,8338.57,102637.21,25%,7.47,1.87,25659.3
1403,shaeed rajaii,India,84212190,9345,77204,Industrial Machinery,5000,15,1121.4,15%,9%,11580.6,7990.61,97896.61,25%,10.48,2.62,24474.15
1403,shaeed rajaii,India,40129020,17846,76987,Rubber & Tires,5000,15,2141.52,20%,9%,15397.4,8314.6,102840.52,25%,5.76,1.44,25710.13
1403,shaeed rajaii,India,84841090,4514,76561,Industrial Machinery,5000,15,541.68,15%,9%,11484.15,7924.06,96510.89,25%,21.38,5.34,24127.72
1403,shaeed rajaii,India,13012000,10000,76023,General Goods,5000,15,1200,20%,9%,15204.6,8210.48,100638.08,25%,10.06,2.52,25159.52
1403,shaeed rajaii,India,28351090,25000,74664,General Goods,5000,15,3000,20%,9%,14932.8,8063.71,100660.51,25%,4.03,1.01,25165.13
1403,shaeed rajaii,India,30049014,1930,74610,General Goods,5000,15,231.6,20%,9%,14922,8057.88,97821.48,25%,50.68,12.67,24455.37
1403,shaeed rajaii,India,84021900,793,73455,Industrial Machinery,5000,15,95.16,15%,9%,11018.25,7602.59,92171,25%,116.23,29.06,23042.75
1403,shaeed rajaii,India,29214500,7200,73392,Organic Chemicals,5000,15,864,15%,9%,11008.8,7596.07,92860.87,25%,12.9,3.22,23215.22
1403,shaeed rajaii,India,82129010,7300,72201,General Goods,5000,15,876,20%,9%,14440.2,7797.71,95314.91,25%,13.06,3.26,23828.73
1403,shaeed rajaii,India,28276010,1150,72029,General Goods,5000,15,138,20%,9%,14405.8,7779.13,94351.93,25%,82.05,20.51,23587.98
1403,shaeed rajaii,India,84559000,3310,71052,Industrial Machinery,5000,15,397.2,15%,9%,10657.8,7353.88,89460.88,25%,27.03,6.76,22365.22
1403,shaeed rajaii,India,37079010,17842,70838,General Goods,5000,15,2141.04,20%,9%,14167.6,7650.5,94797.14,25%,5.31,1.33,23699.28
1403,shaeed rajaii,India,39023020,32000,70764,Plastics & Polymers,5000,15,3840,20%,9%,14152.8,7642.51,96399.31,25%,3.01,0.75,24099.83
1403,shaeed rajaii,India,30049016,1250,70501,General Goods,5000,15,150,20%,9%,14100.2,7614.11,92365.31,25%,73.89,18.47,23091.33
1403,shaeed rajaii,India,29012900,12600,69030,Organic Chemicals,5000,15,1512,15%,9%,10354.5,7144.6,88041.1,25%,6.99,1.75,22010.28
1403,shaeed rajaii,India,28191000,18000,68264,General Goods,5000,15,2160,20%,9%,13652.8,7372.51,91449.31,25%,5.08,1.27,22862.33
1403,shaeed rajaii,India,85013400,7500,67479,Electrical Equipment,5000,15,900,15%,9%,10121.85,6984.08,85484.93,25%,11.4,2.85,21371.23
1403,shaeed rajaii,India,34039910,6400,67257,General Goods,5000,15,768,20%,9%,13451.4,7263.76,88740.16,25%,13.87,3.47,22185.04
1403,shaeed rajaii,India,84136090,889,67187,Industrial Machinery,5000,15,106.68,15%,9%,10078.05,6953.85,84325.58,25%,94.85,23.71,21081.4
1403,shaeed rajaii,India,84212990,4420,66589,Industrial Machinery,5000,15,530.4,15%,9%,9988.35,6891.96,83999.71,25%,19,4.75,20999.93
1403,shaeed rajaii,India,29215990,16812,66018,Organic Chemicals,5000,15,2017.44,15%,9%,9902.7,6832.86,84771,25%,5.04,1.26,21192.75
1403,shaeed rajaii,India,29031300,55850,65470,Organic Chemicals,5000,15,6702,15%,9%,9820.5,6776.14,88768.64,25%,1.59,0.4,22192.16
1403,shaeed rajaii,India,84222000,3500,65403,Industrial Machinery,5000,15,420,15%,9%,9810.45,6769.21,82402.66,25%,23.54,5.88,20600.66
1403,shaeed rajaii,India,28049000,1600,64230,General Goods,5000,15,192,20%,9%,12846,6936.84,84204.84,25%,52.63,13.16,21051.21
1403,shaeed rajaii,India,37011000,900,63695,General Goods,5000,15,108,20%,9%,12739,6879.06,83421.06,25%,92.69,23.17,20855.26
1403,shaeed rajaii,India,41044900,12564,63663,General Goods,5000,15,1507.68,20%,9%,12732.6,6875.6,84778.88,25%,6.75,1.69,21194.72
1403,shaeed rajaii,India,84099950,4508,63495,Industrial Machinery,5000,15,540.96,15%,9%,9524.25,6571.73,80131.94,25%,17.78,4.44,20032.98
1403,shaeed rajaii,India,25030090,64000,63440,General Goods,5000,15,7680,20%,9%,12688,6851.52,90659.52,25%,1.42,0.36,22664.88
1403,shaeed rajaii,India,29157011,25400,63396,Organic Chemicals,5000,15,3048,15%,9%,9509.4,6561.49,82514.89,25%,3.25,0.81,20628.72
1403,shaeed rajaii,India,29021900,800,63207,Organic Chemicals,5000,15,96,15%,9%,9481.05,6541.92,79325.97,25%,99.16,24.79,19831.49
1403,shaeed rajaii,India,84139200,6383,63081,Industrial Machinery,5000,15,765.96,15%,9%,9462.15,6528.88,79837.99,25%,12.51,3.13,19959.5
1403,shaeed rajaii,India,29362910,10000,62962,Organic Chemicals,5000,15,1200,15%,9%,9444.3,6516.57,80122.87,25%,8.01,2,20030.72
1403,shaeed rajaii,India,73181510,3621,62717,Articles of Iron & Steel,5000,15,434.52,10%,9%,6271.7,6208.98,75632.2,25%,20.89,5.22,18908.05
1403,shaeed rajaii,India,28332400,11000,62635,General Goods,5000,15,1320,20%,9%,12527,6764.58,83246.58,25%,7.57,1.89,20811.64
1403,shaeed rajaii,India,29173990,50000,62628,Organic Chemicals,5000,15,6000,15%,9%,9394.2,6482,84504.2,25%,1.69,0.42,21126.05
1403,shaeed rajaii,India,28332990,25000,62533,General Goods,5000,15,3000,20%,9%,12506.6,6753.56,84793.16,25%,3.39,0.85,21198.29
1403,shaeed rajaii,India,28309090,1050,62353,General Goods,5000,15,126,20%,9%,12470.6,6734.12,81683.72,25%,77.79,19.45,20420.93
1403,shaeed rajaii,India,84099970,5280,62155,Industrial Machinery,5000,15,633.6,15%,9%,9323.25,6433.04,78544.89,25%,14.88,3.72,19636.22
1403,shaeed rajaii,India,82077000,4219,62062,General Goods,5000,15,506.28,20%,9%,12412.4,6702.7,81683.38,25%,19.36,4.84,20420.84
1403,shaeed rajaii,India,25010030,25000,61912,General Goods,5000,15,3000,20%,9%,12382.4,6686.5,83980.9,25%,3.36,0.84,20995.22
1403,shaeed rajaii,India,8013200,15000,61189,General Goods,5000,15,1800,20%,9%,12237.8,6608.41,81835.21,25%,5.46,1.36,20458.8
1403,shaeed rajaii,India,56050000,16000,60994,General Goods,5000,15,1920,20%,9%,12198.8,6587.35,81700.15,25%,5.11,1.28,20425.04
1403,shaeed rajaii,India,84834090,6440,60213,Industrial Machinery,5000,15,772.8,15%,9%,9031.95,6232.05,76249.8,25%,11.84,2.96,19062.45
1403,shaeed rajaii,India,87084040,9729,59837,Vehicle Parts & Accessories,5000,15,1167.48,25%,9%,14959.25,6731.66,82695.39,25%,8.5,2.12,20673.85
1403,shaeed rajaii,India,38029090,22000,59391,Chemical Products,5000,15,2640,15%,9%,8908.65,6146.97,77086.62,25%,3.5,0.88,19271.66
1403,shaeed rajaii,India,85321000,12073,58427,Electrical Equipment,5000,15,1448.76,15%,9%,8764.05,6047.19,74687,25%,6.19,1.55,18671.75
1403,shaeed rajaii,India,55109000,20000,58050,General Goods,5000,15,2400,20%,9%,11610,6269.4,78329.4,25%,3.92,0.98,19582.35
1403,shaeed rajaii,India,29032200,19720,57992,Organic Chemicals,5000,15,2366.4,15%,9%,8698.8,6002.17,75059.37,25%,3.81,0.95,18764.84
1403,shaeed rajaii,India,84459000,4240,57921,Industrial Machinery,5000,15,508.8,15%,9%,8688.15,5994.82,73112.77,25%,17.24,4.31,18278.19
1403,shaeed rajaii,India,31010020,15000,57695,General Goods,5000,15,1800,20%,9%,11539,6231.06,77265.06,25%,5.15,1.29,19316.26
1403,shaeed rajaii,India,87084020,1900,57474,Vehicle Parts & Accessories,5000,15,228,25%,9%,14368.5,6465.82,78536.32,25%,41.33,10.33,19634.08
1403,shaeed rajaii,India,25252090,112000,57076,General Goods,5000,15,13440,20%,9%,11415.2,6164.21,88095.41,25%,0.79,0.2,22023.85
1403,shaeed rajaii,India,70199030,16824,56969,General Goods,5000,15,2018.88,20%,9%,11393.8,6152.65,76534.33,25%,4.55,1.14,19133.58
1403,shaeed rajaii,India,84879000,1941,56399,Industrial Machinery,5000,15,232.92,15%,9%,8459.85,5837.3,70929.07,25%,36.54,9.14,17732.27
1403,shaeed rajaii,India,38229000,196,55535,Chemical Products,5000,15,23.52,15%,9%,8330.25,5747.87,69636.64,25%,355.29,88.82,17409.16
1403,shaeed rajaii,India,28332790,11014,55463,General Goods,5000,15,1321.68,20%,9%,11092.6,5990,73867.28,25%,6.71,1.68,18466.82
1403,shaeed rajaii,India,72112910,28393,55229,Iron & Steel Products,5000,15,3407.16,10%,9%,5522.9,5467.67,69626.73,25%,2.45,0.61,17406.68
1403,shaeed rajaii,India,32089030,12520,54970,General Goods,5000,15,1502.4,20%,9%,10994,5936.76,73403.16,25%,5.86,1.46,18350.79
1403,shaeed rajaii,India,85052000,4973,54634,Electrical Equipment,5000,15,596.76,15%,9%,8195.1,5654.62,69080.48,25%,13.89,3.47,17270.12
1403,shaeed rajaii,India,29302000,10000,54367,Organic Chemicals,5000,15,1200,15%,9%,8155.05,5626.98,69349.03,25%,6.93,1.73,17337.26
1403,shaeed rajaii,India,84661000,178,53514,Industrial Machinery,5000,15,21.36,15%,9%,8027.1,5538.7,67101.16,25%,376.97,94.24,16775.29
1403,shaeed rajaii,India,85015210,3455,53000,Electrical Equipment,5000,15,414.6,15%,9%,7950,5485.5,66850.1,25%,19.35,4.84,16712.53
1403,shaeed rajaii,India,8039000,131208,52918,General Goods,5000,15,15744.96,20%,9%,10583.6,5715.14,84961.7,25%,0.65,0.16,21240.42
1403,shaeed rajaii,India,17023090,60000,52886,General Goods,5000,15,7200,20%,9%,10577.2,5711.69,76374.89,25%,1.27,0.32,19093.72
1403,shaeed rajaii,India,72209000,14843,52003,Iron & Steel Products,5000,15,1781.16,10%,9%,5200.3,5148.3,64132.76,25%,4.32,1.08,16033.19
1403,shaeed rajaii,India,28182090,22000,51878,General Goods,5000,15,2640,20%,9%,10375.6,5602.82,70496.42,25%,3.2,0.8,17624.1
1403,shaeed rajaii,India,96089920,8398,51429,General Goods,5000,15,1007.76,20%,9%,10285.8,5554.33,68276.89,25%,8.13,2.03,17069.22
1403,shaeed rajaii,India,38089321,10550,51326,Chemical Products,5000,15,1266,15%,9%,7698.9,5312.24,65603.14,25%,6.22,1.56,16400.78
1403,shaeed rajaii,India,72052900,47000,51261,Iron & Steel Products,5000,15,5640,10%,9%,5126.1,5074.84,67101.94,25%,1.43,0.36,16775.48
1403,shaeed rajaii,India,29415010,500,50887,Organic Chemicals,5000,15,60,15%,9%,7633.05,5266.8,63846.85,25%,127.69,31.92,15961.71
1403,shaeed rajaii,India,29051490,12900,50855,Organic Chemicals,5000,15,1548,15%,9%,7628.25,5263.49,65294.74,25%,5.06,1.26,16323.68
1403,shaeed rajaii,India,38111900,12180,50810,Chemical Products,5000,15,1461.6,15%,9%,7621.5,5258.84,65151.94,25%,5.35,1.34,16287.98
1403,shaeed rajaii,India,39206310,2040,50259,Plastics & Polymers,5000,15,244.8,20%,9%,10051.8,5427.97,65983.57,25%,32.34,8.09,16495.89
1403,shaeed rajaii,India,85044050,492,49817,Electrical Equipment,5000,15,59.04,15%,9%,7472.55,5156.06,62504.65,25%,127.04,31.76,15626.16
1403,shaeed rajaii,India,39131000,5000,48934,Plastics & Polymers,5000,15,600,20%,9%,9786.8,5284.87,64605.67,25%,12.92,3.23,16151.42
1403,shaeed rajaii,India,10082100,5000,48481,General Goods,5000,15,600,20%,9%,9696.2,5235.95,64013.15,25%,12.8,3.2,16003.29
1403,shaeed rajaii,India,70200030,450,47624,General Goods,5000,15,54,20%,9%,9524.8,5143.39,62346.19,25%,138.55,34.64,15586.55
1403,shaeed rajaii,India,23099030,42000,47348,General Goods,5000,15,5040,20%,9%,9469.6,5113.58,66971.18,25%,1.59,0.4,16742.79
1403,shaeed rajaii,India,84136030,2676,47027,Industrial Machinery,5000,15,321.12,15%,9%,7054.05,4867.29,59269.46,25%,22.15,5.54,14817.36
1403,shaeed rajaii,India,87085019,13880,46885,Vehicle Parts & Accessories,5000,15,1665.6,25%,9%,11721.25,5274.56,65546.41,25%,4.72,1.18,16386.6
1403,shaeed rajaii,India,35079000,10000,46734,General Goods,5000,15,1200,20%,9%,9346.8,5047.27,62328.07,25%,6.23,1.56,15582.02
1403,shaeed rajaii,India,38160090,19256,46625,Chemical Products,5000,15,2310.72,15%,9%,6993.75,4825.69,60755.16,25%,3.16,0.79,15188.79
1403,shaeed rajaii,India,69032090,9090,46496,General Goods,5000,15,1090.8,20%,9%,9299.2,5021.57,61907.57,25%,6.81,1.7,15476.89
1403,shaeed rajaii,India,84399100,740,46373,Industrial Machinery,5000,15,88.8,15%,9%,6955.95,4799.61,58217.36,25%,78.67,19.67,14554.34
1403,shaeed rajaii,India,38231900,16800,46276,Chemical Products,5000,15,2016,15%,9%,6941.4,4789.57,60022.97,25%,3.57,0.89,15005.74
1403,shaeed rajaii,India,28365000,65200,46114,General Goods,5000,15,7824,20%,9%,9222.8,4980.31,68141.11,25%,1.05,0.26,17035.28
1403,shaeed rajaii,India,87149990,350,46019,General Goods,5000,15,42,20%,9%,9203.8,4970.05,60234.85,25%,172.1,43.02,15058.71
1403,shaeed rajaii,India,29161300,16800,45853,Organic Chemicals,5000,15,2016,15%,9%,6877.95,4745.79,59492.74,25%,3.54,0.88,14873.18
1403,shaeed rajaii,India,39269030,3419,44526,Plastics & Polymers,5000,15,410.28,20%,9%,8905.2,4808.81,58650.29,25%,17.15,4.29,14662.57
1403,shaeed rajaii,India,69039030,1577,44363,General Goods,5000,15,189.24,20%,9%,8872.6,4791.2,58216.04,25%,36.92,9.23,14554.01
1403,shaeed rajaii,India,29362100,500,44126,Organic Chemicals,5000,15,60,15%,9%,6618.9,4567.04,55371.94,25%,110.74,27.68,13842.98
1403,shaeed rajaii,India,70172010,3494,43802,General Goods,5000,15,419.28,20%,9%,8760.4,4730.62,57712.3,25%,16.52,4.13,14428.08
1403,shaeed rajaii,India,74122000,1813,43790,General Goods,5000,15,217.56,20%,9%,8758,4729.32,57494.88,25%,31.71,7.93,14373.72
1403,shaeed rajaii,India,32041710,10260,43743,General Goods,5000,15,1231.2,20%,9%,8748.6,4724.24,58447.04,25%,5.7,1.42,14611.76
1403,shaeed rajaii,India,40169950,2989,43730,Rubber & Tires,5000,15,358.68,20%,9%,8746,4722.84,57557.52,25%,19.26,4.82,14389.38
1403,shaeed rajaii,India,55033000,21463,42271,General Goods,5000,15,2575.56,20%,9%,8454.2,4565.27,57866.03,25%,2.7,0.68,14466.51
1403,shaeed rajaii,India,29173410,12000,42259,Organic Chemicals,5000,15,1440,15%,9%,6338.85,4373.81,54411.66,25%,4.53,1.13,13602.92
1403,shaeed rajaii,India,32071030,3990,41925,General Goods,5000,15,478.8,20%,9%,8385,4527.9,55316.7,25%,13.86,3.46,13829.18
1403,shaeed rajaii,India,28182000,24000,41642,General Goods,5000,15,2880,20%,9%,8328.4,4497.34,57347.74,25%,2.39,0.6,14336.94
1403,shaeed rajaii,India,72024120,28000,41277,Iron & Steel Products,5000,15,3360,10%,9%,4127.7,4086.42,52851.12,25%,1.89,0.47,13212.78
1403,shaeed rajaii,India,29036990,8515,41010,Organic Chemicals,5000,15,1021.8,15%,9%,6151.5,4244.54,52427.84,25%,6.16,1.54,13106.96
1403,shaeed rajaii,India,84662000,8403,40920,Industrial Machinery,5000,15,1008.36,15%,9%,6138,4235.22,52301.58,25%,6.22,1.56,13075.4
1403,shaeed rajaii,India,48026900,40000,40844,Paper & Paperboard,5000,15,4800,15%,9%,6126.6,4227.35,55997.95,25%,1.4,0.35,13999.49
1403,shaeed rajaii,India,32110000,10000,40572,General Goods,5000,15,1200,20%,9%,8114.4,4381.78,54268.18,25%,5.43,1.36,13567.04
1403,shaeed rajaii,India,90189097,1478,40227,General Goods,5000,15,177.36,20%,9%,8045.4,4344.52,52794.28,25%,35.72,8.93,13198.57
1403,shaeed rajaii,India,59111090,3774,40184,General Goods,5000,15,452.88,20%,9%,8036.8,4339.87,53013.55,25%,14.05,3.51,13253.39
1403,shaeed rajaii,India,29222100,4000,40073,Organic Chemicals,5000,15,480,15%,9%,6010.95,4147.56,50711.51,25%,12.68,3.17,12677.88
1403,shaeed rajaii,India,29349930,500,39950,Organic Chemicals,5000,15,60,15%,9%,5992.5,4134.82,50137.32,25%,100.27,25.07,12534.33
1403,shaeed rajaii,India,40103910,1419,39640,Rubber & Tires,5000,15,170.28,20%,9%,7928,4281.12,52019.4,25%,36.66,9.16,13004.85
1403,shaeed rajaii,India,29121900,20040,39191,Organic Chemicals,5000,15,2404.8,15%,9%,5878.65,4056.27,51530.72,25%,2.57,0.64,12882.68
1403,shaeed rajaii,India,75089000,486,37854,General Goods,5000,15,58.32,20%,9%,7570.8,4088.23,49571.35,25%,102,25.5,12392.84
1403,shaeed rajaii,India,84099990,5182,37802,Industrial Machinery,5000,15,621.84,15%,9%,5670.3,3912.51,48006.65,25%,9.26,2.32,12001.66
1403,shaeed rajaii,India,32061910,20000,37354,General Goods,5000,15,2400,20%,9%,7470.8,4034.23,51259.03,25%,2.56,0.64,12814.76
1403,shaeed rajaii,India,84771000,26600,36998,Industrial Machinery,5000,15,3192,15%,9%,5549.7,3829.29,49568.99,25%,1.86,0.46,12392.25
1403,shaeed rajaii,India,84282000,1310,36562,Industrial Machinery,5000,15,157.2,15%,9%,5484.3,3784.17,45987.67,25%,35.11,8.78,11496.92
1403,shaeed rajaii,India,76061290,10202,36327,General Goods,5000,15,1224.24,20%,9%,7265.4,3923.32,48739.96,25%,4.78,1.2,12184.99
1403,shaeed rajaii,India,84388000,1728,35835,Industrial Machinery,5000,15,207.36,15%,9%,5375.25,3708.92,45126.53,25%,26.11,6.53,11281.63
1403,shaeed rajaii,India,84212110,11900,35695,Industrial Machinery,5000,15,1428,15%,9%,5354.25,3694.43,46171.68,25%,3.88,0.97,11542.92
1403,shaeed rajaii,India,39204390,14076,35082,Plastics & Polymers,5000,15,1689.12,20%,9%,7016.4,3788.86,47576.38,25%,3.38,0.84,11894.1
1403,shaeed rajaii,India,29173490,12375,34992,Organic Chemicals,5000,15,1485,15%,9%,5248.8,3621.67,45347.47,25%,3.66,0.92,11336.87
1403,shaeed rajaii,India,45049000,3500,34753,General Goods,5000,15,420,20%,9%,6950.6,3753.32,45876.92,25%,13.11,3.28,11469.23
1403,shaeed rajaii,India,55095900,22000,33908,General Goods,5000,15,2640,20%,9%,6781.6,3662.06,46991.66,25%,2.14,0.54,11747.92
1403,shaeed rajaii,India,84749090,2445,33406,Industrial Machinery,5000,15,293.4,15%,9%,5010.9,3457.52,42167.82,25%,17.25,4.31,10541.96
1403,shaeed rajaii,India,70109010,14900,33283,General Goods,5000,15,1788,20%,9%,6656.6,3594.56,45322.16,25%,3.04,0.76,11330.54
1403,shaeed rajaii,India,29201900,10000,32675,Organic Chemicals,5000,15,1200,15%,9%,4901.25,3381.86,42158.11,25%,4.22,1.06,10539.53
1403,shaeed rajaii,India,48192090,6007,32582,Paper & Paperboard,5000,15,720.84,15%,9%,4887.3,3372.24,41562.38,25%,6.92,1.73,10390.59
1403,shaeed rajaii,India,39206390,5742,31680,Plastics & Polymers,5000,15,689.04,20%,9%,6336,3421.44,42126.48,25%,7.34,1.84,10531.62
1403,shaeed rajaii,India,38011090,22560,30591,Chemical Products,5000,15,2707.2,15%,9%,4588.65,3166.17,41053.02,25%,1.82,0.46,10263.25
1403,shaeed rajaii,India,29336990,3025,30524,Organic Chemicals,5000,15,363,15%,9%,4578.6,3159.23,38624.83,25%,12.77,3.19,9656.21
1403,shaeed rajaii,India,85462010,5362,30493,Electrical Equipment,5000,15,643.44,15%,9%,4573.95,3156.03,38866.42,25%,7.25,1.81,9716.6
1403,shaeed rajaii,India,29333910,400,30400,Organic Chemicals,5000,15,48,15%,9%,4560,3146.4,38154.4,25%,95.39,23.85,9538.6
1403,shaeed rajaii,India,32021000,15000,29952,General Goods,5000,15,1800,20%,9%,5990.4,3234.82,40977.22,25%,2.73,0.68,10244.3
1403,shaeed rajaii,India,15050090,6000,29784,General Goods,5000,15,720,20%,9%,5956.8,3216.67,39677.47,25%,6.61,1.65,9919.37
1403,shaeed rajaii,India,29072300,16000,29741,Organic Chemicals,5000,15,1920,15%,9%,4461.15,3078.19,39200.34,25%,2.45,0.61,9800.08
1403,shaeed rajaii,India,29051990,3050,29584,Organic Chemicals,5000,15,366,15%,9%,4437.6,3061.94,37449.54,25%,12.28,3.07,9362.38
1403,shaeed rajaii,India,21069020,8000,29285,General Goods,5000,15,960,20%,9%,5857,3162.78,39264.78,25%,4.91,1.23,9816.2
1403,shaeed rajaii,India,29321300,20000,29153,Organic Chemicals,5000,15,2400,15%,9%,4372.95,3017.34,38943.29,25%,1.95,0.49,9735.82
1403,shaeed rajaii,India,29251900,2050,28583,Organic Chemicals,5000,15,246,15%,9%,4287.45,2958.34,36074.79,25%,17.6,4.4,9018.7
1403,shaeed rajaii,India,48101900,24170,28372,Paper & Paperboard,5000,15,2900.4,15%,9%,4255.8,2936.5,38464.7,25%,1.59,0.4,9616.17
1403,shaeed rajaii,India,96086000,2732,28130,General Goods,5000,15,327.84,20%,9%,5626,3038.04,37121.88,25%,13.59,3.4,9280.47
1403,shaeed rajaii,India,84073290,2194,28091,Industrial Machinery,5000,15,263.28,15%,9%,4213.65,2907.42,35475.35,25%,16.17,4.04,8868.84
1403,shaeed rajaii,India,84649000,9000,26303,Industrial Machinery,5000,15,1080,15%,9%,3945.45,2722.36,34050.81,25%,3.78,0.94,8512.7
1403,shaeed rajaii,India,39061000,1000,26300,Plastics & Polymers,5000,15,120,20%,9%,5260,2840.4,34520.4,25%,34.52,8.63,8630.1
1403,shaeed rajaii,India,84818090,1609,25911,Industrial Machinery,5000,15,193.08,15%,9%,3886.65,2681.79,32672.52,25%,20.31,5.08,8168.13
1403,shaeed rajaii,India,84519000,1300,25616,Industrial Machinery,5000,15,156,15%,9%,3842.4,2651.26,32265.66,25%,24.82,6.2,8066.42
1403,shaeed rajaii,India,85462020,3438,25168,Electrical Equipment,5000,15,412.56,15%,9%,3775.2,2604.89,31960.65,25%,9.3,2.33,7990.16
1403,shaeed rajaii,India,90183929,2650,25166,General Goods,5000,15,318,20%,9%,5033.2,2717.93,33235.13,25%,12.54,3.14,8308.78
1403,shaeed rajaii,India,72021930,11800,25055,Iron & Steel Products,5000,15,1416,10%,9%,2505.5,2480.44,31456.94,25%,2.67,0.67,7864.24
1403,shaeed rajaii,India,29242100,2000,24248,Organic Chemicals,5000,15,240,15%,9%,3637.2,2509.67,30634.87,25%,15.32,3.83,7658.72
1403,shaeed rajaii,India,72193400,9747,23887,Iron & Steel Products,5000,15,1169.64,10%,9%,2388.7,2364.81,29810.15,25%,3.06,0.76,7452.54
1403,shaeed rajaii,India,84139100,2258,23660,Industrial Machinery,5000,15,270.96,15%,9%,3549,2448.81,29928.77,25%,13.25,3.31,7482.19
1403,shaeed rajaii,India,21061011,19000,23637,General Goods,5000,15,2280,20%,9%,4727.4,2552.8,33197.2,25%,1.75,0.44,8299.3
1403,shaeed rajaii,India,85471090,2901,23470,Electrical Equipment,5000,15,348.12,15%,9%,3520.5,2429.14,29767.76,25%,10.26,2.56,7441.94
1403,shaeed rajaii,India,28152000,5200,23382,General Goods,5000,15,624,20%,9%,4676.4,2525.26,31207.66,25%,6,1.5,7801.92
1403,shaeed rajaii,India,84779000,1215,23355,Industrial Machinery,5000,15,145.8,15%,9%,3503.25,2417.24,29421.29,25%,24.22,6.06,7355.32
1403,shaeed rajaii,India,32129000,3240,23333,General Goods,5000,15,388.8,20%,9%,4666.6,2519.96,30908.36,25%,9.54,2.38,7727.09
1403,shaeed rajaii,India,39204370,3852,23315,Plastics & Polymers,5000,15,462.24,20%,9%,4663,2518.02,30958.26,25%,8.04,2.01,7739.56
1403,shaeed rajaii,India,72151090,17353,22914,Iron & Steel Products,5000,15,2082.36,10%,9%,2291.4,2268.49,29556.25,25%,1.7,0.42,7389.06
1403,shaeed rajaii,India,9041190,15730,22869,General Goods,5000,15,1887.6,20%,9%,4573.8,2469.85,31800.25,25%,2.02,0.5,7950.06
1403,shaeed rajaii,India,54034900,8307,22057,General Goods,5000,15,996.84,20%,9%,4411.4,2382.16,29847.4,25%,3.59,0.9,7461.85
1403,shaeed rajaii,India,29126000,20000,22001,Organic Chemicals,5000,15,2400,15%,9%,3300.15,2277.1,29978.25,25%,1.5,0.38,7494.56
1403,shaeed rajaii,India,28092010,5040,21674,General Goods,5000,15,604.8,20%,9%,4334.8,2340.79,28954.39,25%,5.74,1.44,7238.6
1403,shaeed rajaii,India,84481190,6319,21635,Industrial Machinery,5000,15,758.28,15%,9%,3245.25,2239.22,27877.75,25%,4.41,1.1,6969.44
1403,shaeed rajaii,India,25041090,20160,21113,General Goods,5000,15,2419.2,20%,9%,4222.6,2280.2,30035,25%,1.49,0.37,7508.75
1403,shaeed rajaii,India,72155000,42943,21113,Iron & Steel Products,5000,15,5153.16,10%,9%,2111.3,2090.19,30467.65,25%,0.71,0.18,7616.91
1403,shaeed rajaii,India,84806000,1118,21012,Industrial Machinery,5000,15,134.16,15%,9%,3151.8,2174.74,26472.7,25%,23.68,5.92,6618.18
1403,shaeed rajaii,India,82072090,727,20998,General Goods,5000,15,87.24,20%,9%,4199.6,2267.78,27552.62,25%,37.9,9.48,6888.16
1403,shaeed rajaii,India,29095000,1000,20907,Organic Chemicals,5000,15,120,15%,9%,3136.05,2163.87,26326.92,25%,26.33,6.58,6581.73
1403,shaeed rajaii,India,35069110,1312,20749,General Goods,5000,15,157.44,20%,9%,4149.8,2240.89,27297.13,25%,20.81,5.2,6824.28
1403,shaeed rajaii,India,73079900,10469,20426,Articles of Iron & Steel,5000,15,1256.28,10%,9%,2042.6,2022.17,25747.05,25%,2.46,0.62,6436.76
1403,shaeed rajaii,India,39204360,2910,20287,Plastics & Polymers,5000,15,349.2,20%,9%,4057.4,2191,26884.6,25%,9.24,2.31,6721.15
1403,shaeed rajaii,India,26060000,104000,20092,General Goods,5000,15,12480,20%,9%,4018.4,2169.94,38760.34,25%,0.37,0.09,9690.08
1403,shaeed rajaii,India,84314990,2452,20050,Industrial Machinery,5000,15,294.24,15%,9%,3007.5,2075.17,25426.91,25%,10.37,2.59,6356.73
1403,shaeed rajaii,India,69039090,1318,19901,General Goods,5000,15,158.16,20%,9%,3980.2,2149.31,26188.67,25%,19.87,4.97,6547.17
1403,shaeed rajaii,India,59100090,1492,19896,General Goods,5000,15,179.04,20%,9%,3979.2,2148.77,26203.01,25%,17.56,4.39,6550.75
1403,shaeed rajaii,India,28461000,1800,19885,General Goods,5000,15,216,20%,9%,3977,2147.58,26225.58,25%,14.57,3.64,6556.4
1403,shaeed rajaii,India,28319000,24000,19840,General Goods,5000,15,2880,20%,9%,3968,2142.72,28830.72,25%,1.2,0.3,7207.68
1403,shaeed rajaii,India,29199000,7000,19534,Organic Chemicals,5000,15,840,15%,9%,2930.1,2021.77,25325.87,25%,3.62,0.9,6331.47
1403,shaeed rajaii,India,28334000,6000,19255,General Goods,5000,15,720,20%,9%,3851,2079.54,25905.54,25%,4.32,1.08,6476.38
1403,shaeed rajaii,India,31010010,10000,19232,General Goods,5000,15,1200,20%,9%,3846.4,2077.06,26355.46,25%,2.64,0.66,6588.86
1403,shaeed rajaii,India,72111990,14000,19133,Iron & Steel Products,5000,15,1680,10%,9%,1913.3,1894.17,24620.47,25%,1.76,0.44,6155.12
1403,shaeed rajaii,India,85444290,1061,19061,Electrical Equipment,5000,15,127.32,15%,9%,2859.15,1972.81,24020.28,25%,22.64,5.66,6005.07
1403,shaeed rajaii,India,28274900,9891,18703,General Goods,5000,15,1186.92,20%,9%,3740.6,2019.92,25650.44,25%,2.59,0.65,6412.61
1403,shaeed rajaii,India,34049000,4000,18684,General Goods,5000,15,480,20%,9%,3736.8,2017.87,24918.67,25%,6.23,1.56,6229.67
1403,shaeed rajaii,India,29071500,3000,18569,Organic Chemicals,5000,15,360,15%,9%,2785.35,1921.89,23636.24,25%,7.88,1.97,5909.06
1403,shaeed rajaii,India,69032020,2872,18183,General Goods,5000,15,344.64,20%,9%,3636.6,1963.76,24128,25%,8.4,2.1,6032
1403,shaeed rajaii,India,28352200,3350,18091,General Goods,5000,15,402,20%,9%,3618.2,1953.83,24065.03,25%,7.18,1.8,6016.26
1403,shaeed rajaii,India,85049000,1285,17840,Electrical Equipment,5000,15,154.2,15%,9%,2676,1846.44,22516.64,25%,17.52,4.38,5629.16
1403,shaeed rajaii,India,84609090,330,17787,Industrial Machinery,5000,15,39.6,15%,9%,2668.05,1840.95,22335.6,25%,67.68,16.92,5583.9
1403,shaeed rajaii,India,29209090,20000,17489,Organic Chemicals,5000,15,2400,15%,9%,2623.35,1810.11,24322.46,25%,1.22,0.3,6080.62
1403,shaeed rajaii,India,29031900,600,17486,Organic Chemicals,5000,15,72,15%,9%,2622.9,1809.8,21990.7,25%,36.65,9.16,5497.68
1403,shaeed rajaii,India,15180000,5000,17155,General Goods,5000,15,600,20%,9%,3431,1852.74,23038.74,25%,4.61,1.15,5759.68
1403,shaeed rajaii,India,96084000,1178,17116,General Goods,5000,15,141.36,20%,9%,3423.2,1848.53,22529.09,25%,19.12,4.78,5632.27
1403,shaeed rajaii,India,90183921,1476,17047,General Goods,5000,15,177.12,20%,9%,3409.4,1841.08,22474.6,25%,15.23,3.81,5618.65
1403,shaeed rajaii,India,85444900,5184,17012,Electrical Equipment,5000,15,622.08,15%,9%,2551.8,1760.74,21946.62,25%,4.23,1.06,5486.66
1403,shaeed rajaii,India,48059390,25000,16907,Paper & Paperboard,5000,15,3000,15%,9%,2536.05,1749.87,24192.92,25%,0.97,0.24,6048.23
1403,shaeed rajaii,India,90303100,208,16818,General Goods,5000,15,24.96,20%,9%,3363.6,1816.34,22022.9,25%,105.88,26.47,5505.72
1403,shaeed rajaii,India,85332910,50,16814,Electrical Equipment,5000,15,6,15%,9%,2522.1,1740.25,21082.35,25%,421.65,105.41,5270.59
1403,shaeed rajaii,India,39046190,18000,16360,Plastics & Polymers,5000,15,2160,20%,9%,3272,1766.88,23558.88,25%,1.31,0.33,5889.72
1403,shaeed rajaii,India,72202000,3000,16302,Iron & Steel Products,5000,15,360,10%,9%,1630.2,1613.9,19906.1,25%,6.64,1.66,4976.52
1403,shaeed rajaii,India,84829100,2000,16219,Industrial Machinery,5000,15,240,15%,9%,2432.85,1678.67,20570.52,25%,10.29,2.57,5142.63
1403,shaeed rajaii,India,29051100,6374,15639,Organic Chemicals,5000,15,764.88,15%,9%,2345.85,1618.64,20368.37,25%,3.2,0.8,5092.09
1403,shaeed rajaii,India,84311000,6200,15578,Industrial Machinery,5000,15,744,15%,9%,2336.7,1612.32,20271.02,25%,3.27,0.82,5067.76
1403,shaeed rajaii,India,28369900,6500,15325,General Goods,5000,15,780,20%,9%,3065,1655.1,20825.1,25%,3.2,0.8,5206.27
1403,shaeed rajaii,India,87089429,2450,14956,Vehicle Parts & Accessories,5000,15,294,25%,9%,3739,1682.55,20671.55,25%,8.44,2.11,5167.89
1403,shaeed rajaii,India,82079000,3915,14725,General Goods,5000,15,469.8,20%,9%,2945,1590.3,19730.1,25%,5.04,1.26,4932.52
1403,shaeed rajaii,India,39219099,11000,14697,Plastics & Polymers,5000,15,1320,20%,9%,2939.4,1587.28,20543.68,25%,1.87,0.47,5135.92
1403,shaeed rajaii,India,84439920,50,14681,Industrial Machinery,5000,15,6,15%,9%,2202.15,1519.48,18408.63,25%,368.17,92.04,4602.16
1403,shaeed rajaii,India,74082200,1000,14636,General Goods,5000,15,120,20%,9%,2927.2,1580.69,19263.89,25%,19.26,4.82,4815.97
1403,shaeed rajaii,India,25161100,52000,14389,General Goods,5000,15,6240,20%,9%,2877.8,1554.01,25060.81,25%,0.48,0.12,6265.2
1403,shaeed rajaii,India,29122100,3175,14379,Organic Chemicals,5000,15,381,15%,9%,2156.85,1488.23,18405.08,25%,5.8,1.45,4601.27
1403,shaeed rajaii,India,29091100,2000,14182,Organic Chemicals,5000,15,240,15%,9%,2127.3,1467.84,18017.14,25%,9.01,2.25,4504.28
1403,shaeed rajaii,India,87149400,200,14029,General Goods,5000,15,24,20%,9%,2805.8,1515.13,18373.93,25%,91.87,22.97,4593.48
1403,shaeed rajaii,India,84841020,1690,13897,Industrial Machinery,5000,15,202.8,15%,9%,2084.55,1438.34,17622.69,25%,10.43,2.61,4405.67
1403,shaeed rajaii,India,96082000,2457,13552,General Goods,5000,15,294.84,20%,9%,2710.4,1463.62,18020.86,25%,7.33,1.83,4505.22
1403,shaeed rajaii,India,39089090,2850,12787,Plastics & Polymers,5000,15,342,20%,9%,2557.4,1381,17067.4,25%,5.99,1.5,4266.85
1403,shaeed rajaii,India,38210010,282,12648,Chemical Products,5000,15,33.84,15%,9%,1897.2,1309.07,15888.11,25%,56.34,14.08,3972.03
1403,shaeed rajaii,India,29157019,5000,12592,Organic Chemicals,5000,15,600,15%,9%,1888.8,1303.27,16384.07,25%,3.28,0.82,4096.02
1403,shaeed rajaii,India,85332100,64,12432,Electrical Equipment,5000,15,7.68,15%,9%,1864.8,1286.71,15591.19,25%,243.61,60.9,3897.8
1403,shaeed rajaii,India,25292200,12000,12360,General Goods,5000,15,1440,20%,9%,2472,1334.88,17606.88,25%,1.47,0.37,4401.72
1403,shaeed rajaii,India,12040000,22000,12055,General Goods,5000,15,2640,20%,9%,2411,1301.94,18407.94,25%,0.84,0.21,4601.98
1403,shaeed rajaii,India,72162100,10329,11818,Iron & Steel Products,5000,15,1239.48,10%,9%,1181.8,1169.98,15409.26,25%,1.49,0.37,3852.32
1403,shaeed rajaii,India,29029000,3000,11792,Organic Chemicals,5000,15,360,15%,9%,1768.8,1220.47,15141.27,25%,5.05,1.26,3785.32
1403,shaeed rajaii,India,73181610,723,11704,Articles of Iron & Steel,5000,15,86.76,10%,9%,1170.4,1158.7,14119.86,25%,19.53,4.88,3529.96
1403,shaeed rajaii,India,84819090,10950,11655,Industrial Machinery,5000,15,1314,15%,9%,1748.25,1206.29,15923.54,25%,1.45,0.36,3980.88
1403,shaeed rajaii,India,29096065,2500,11366,Organic Chemicals,5000,15,300,15%,9%,1704.9,1176.38,14547.28,25%,5.82,1.46,3636.82
1403,shaeed rajaii,India,28281000,13500,11126,General Goods,5000,15,1620,20%,9%,2225.2,1201.61,16172.81,25%,1.2,0.3,4043.2
1403,shaeed rajaii,India,84483900,663,10643,Industrial Machinery,5000,15,79.56,15%,9%,1596.45,1101.55,13420.56,25%,20.24,5.06,3355.14
1403,shaeed rajaii,India,32012000,5000,10571,General Goods,5000,15,600,20%,9%,2114.2,1141.67,14426.87,25%,2.89,0.72,3606.72
1403,shaeed rajaii,India,58089000,2267,10334,General Goods,5000,15,272.04,20%,9%,2066.8,1116.07,13788.91,25%,6.08,1.52,3447.23
1403,shaeed rajaii,India,32041190,157,10330,General Goods,5000,15,18.84,20%,9%,2066,1115.64,13530.48,25%,86.18,21.54,3382.62
1403,shaeed rajaii,India,56075090,1500,10113,General Goods,5000,15,180,20%,9%,2022.6,1092.2,13407.8,25%,8.94,2.24,3351.95
1403,shaeed rajaii,India,82075090,1527,9994,General Goods,5000,15,183.24,20%,9%,1998.8,1079.35,13255.39,25%,8.68,2.17,3313.85
1403,shaeed rajaii,India,56022100,7700,9879,General Goods,5000,15,924,20%,9%,1975.8,1066.93,13845.73,25%,1.8,0.45,3461.43
1403,shaeed rajaii,India,28046900,250,9832,General Goods,5000,15,30,20%,9%,1966.4,1061.86,12890.26,25%,51.56,12.89,3222.56
1403,shaeed rajaii,India,84133010,1442,9830,Industrial Machinery,5000,15,173.04,15%,9%,1474.5,1017.4,12494.94,25%,8.67,2.17,3123.74
1403,shaeed rajaii,India,29049990,6000,9726,Organic Chemicals,5000,15,720,15%,9%,1458.9,1006.64,12911.54,25%,2.15,0.54,3227.88
1403,shaeed rajaii,India,72151010,7135,9243,Iron & Steel Products,5000,15,856.2,10%,9%,924.3,915.06,11938.56,25%,1.67,0.42,2984.64
1403,shaeed rajaii,India,29252990,2210,8876,Organic Chemicals,5000,15,265.2,15%,9%,1331.4,918.67,11391.27,25%,5.15,1.29,2847.82
1403,shaeed rajaii,India,85122030,150,8234,Electrical Equipment,5000,15,18,15%,9%,1235.1,852.22,10339.32,25%,68.93,17.23,2584.83
1403,shaeed rajaii,India,32041220,2000,8233,General Goods,5000,15,240,20%,9%,1646.6,889.16,11008.76,25%,5.5,1.38,2752.19
1403,shaeed rajaii,India,32151990,3150,8093,General Goods,5000,15,378,20%,9%,1618.6,874.04,10963.64,25%,3.48,0.87,2740.91
1403,shaeed rajaii,India,39234000,1610,8024,Plastics & Polymers,5000,15,193.2,20%,9%,1604.8,866.59,10688.59,25%,6.64,1.66,2672.15
1403,shaeed rajaii,India,29093090,500,7910,Organic Chemicals,5000,15,60,15%,9%,1186.5,818.68,9975.18,25%,19.95,4.99,2493.8
1403,shaeed rajaii,India,29161900,1000,7768,Organic Chemicals,5000,15,120,15%,9%,1165.2,803.99,9857.19,25%,9.86,2.46,2464.3
1403,shaeed rajaii,India,25152010,53420,7754,General Goods,5000,15,6410.4,20%,9%,1550.8,837.43,16552.63,25%,0.31,0.08,4138.16
1403,shaeed rajaii,India,28275100,1850,7430,General Goods,5000,15,222,20%,9%,1486,802.44,9940.44,25%,5.37,1.34,2485.11
1403,shaeed rajaii,India,90273010,18,7390,General Goods,5000,15,2.16,20%,9%,1478,798.12,9668.28,25%,537.13,134.28,2417.07
1403,shaeed rajaii,India,85021100,1370,7370,Electrical Equipment,5000,15,164.4,15%,9%,1105.5,762.8,9402.7,25%,6.86,1.72,2350.68
1403,shaeed rajaii,India,84409000,23,7220,Industrial Machinery,5000,15,2.76,15%,9%,1083,747.27,9053.03,25%,393.61,98.4,2263.26
1403,shaeed rajaii,India,32064990,1300,7193,General Goods,5000,15,156,20%,9%,1438.6,776.84,9564.44,25%,7.36,1.84,2391.11
1403,shaeed rajaii,India,85043310,2700,7179,Electrical Equipment,5000,15,324,15%,9%,1076.85,743.03,9322.88,25%,3.45,0.86,2330.72
1403,shaeed rajaii,India,84573000,3140,7147,Industrial Machinery,5000,15,376.8,15%,9%,1072.05,739.71,9335.56,25%,2.97,0.74,2333.89
1403,shaeed rajaii,India,84099140,1293,7028,Industrial Machinery,5000,15,155.16,15%,9%,1054.2,727.4,8964.76,25%,6.93,1.73,2241.19
1403,shaeed rajaii,India,32041590,300,6984,General Goods,5000,15,36,20%,9%,1396.8,754.27,9171.07,25%,30.57,7.64,2292.77
1403,shaeed rajaii,India,35061090,3800,6900,General Goods,5000,15,456,20%,9%,1380,745.2,9481.2,25%,2.5,0.62,2370.3
1403,shaeed rajaii,India,28111990,400,6809,General Goods,5000,15,48,20%,9%,1361.8,735.37,8954.17,25%,22.39,5.6,2238.54
1403,shaeed rajaii,India,38101010,974,6710,Chemical Products,5000,15,116.88,15%,9%,1006.5,694.48,8527.86,25%,8.76,2.19,2131.96
1403,shaeed rajaii,India,87141015,475,6662,General Goods,5000,15,57,20%,9%,1332.4,719.5,8770.9,25%,18.47,4.62,2192.72
1403,shaeed rajaii,India,29089990,620,6537,Organic Chemicals,5000,15,74.4,15%,9%,980.55,676.58,8268.53,25%,13.34,3.34,2067.13
1403,shaeed rajaii,India,84371000,900,6484,Industrial Machinery,5000,15,108,15%,9%,972.6,671.09,8235.69,25%,9.15,2.29,2058.92
1403,shaeed rajaii,India,82078000,912,6295,General Goods,5000,15,109.44,20%,9%,1259,679.86,8343.3,25%,9.15,2.29,2085.82
1403,shaeed rajaii,India,17021100,2000,6207,General Goods,5000,15,240,20%,9%,1241.4,670.36,8358.76,25%,4.18,1.04,2089.69
1403,shaeed rajaii,India,28111100,750,6102,General Goods,5000,15,90,20%,9%,1220.4,659.02,8071.42,25%,10.76,2.69,2017.86
1403,shaeed rajaii,India,32061190,900,5996,General Goods,5000,15,108,20%,9%,1199.2,647.57,7950.77,25%,8.83,2.21,1987.69
1403,shaeed rajaii,India,28402000,95,5817,General Goods,5000,15,11.4,20%,9%,1163.4,628.24,7620.04,25%,80.21,20.05,1905.01
1403,shaeed rajaii,India,12119010,6000,5718,General Goods,5000,15,720,20%,9%,1143.6,617.54,8199.14,25%,1.37,0.34,2049.78
1403,shaeed rajaii,India,28273990,1560,5566,General Goods,5000,15,187.2,20%,9%,1113.2,601.13,7467.53,25%,4.79,1.2,1866.88
1403,shaeed rajaii,India,68061090,4600,5556,General Goods,5000,15,552,20%,9%,1111.2,600.05,7819.25,25%,1.7,0.42,1954.81
1403,shaeed rajaii,India,73141200,110,5547,Articles of Iron & Steel,5000,15,13.2,10%,9%,554.7,549.15,6664.05,25%,60.58,15.14,1666.01
1403,shaeed rajaii,India,34024230,530,5521,General Goods,5000,15,63.6,20%,9%,1104.2,596.27,7285.07,25%,13.75,3.44,1821.27
1403,shaeed rajaii,India,68149090,522,5430,General Goods,5000,15,62.64,20%,9%,1086,586.44,7165.08,25%,13.73,3.43,1791.27
1403,shaeed rajaii,India,69022090,1898,5341,General Goods,5000,15,227.76,20%,9%,1068.2,576.83,7213.79,25%,3.8,0.95,1803.45
1403,shaeed rajaii,India,28131000,400,4974,General Goods,5000,15,48,20%,9%,994.8,537.19,6553.99,25%,16.38,4.1,1638.5
1403,shaeed rajaii,India,96092010,813,4858,General Goods,5000,15,97.56,20%,9%,971.6,524.66,6451.82,25%,7.94,1.98,1612.96
1403,shaeed rajaii,India,84229090,262,4796,Industrial Machinery,5000,15,31.44,15%,9%,719.4,496.39,6043.23,25%,23.07,5.77,1510.81
1403,shaeed rajaii,India,28273100,20820,4242,General Goods,5000,15,2498.4,20%,9%,848.4,458.14,8046.94,25%,0.39,0.1,2011.74
1403,shaeed rajaii,India,70196500,1080,4141,General Goods,5000,15,129.6,20%,9%,828.2,447.23,5546.03,25%,5.14,1.28,1386.51
1403,shaeed rajaii,India,28211000,3000,4139,General Goods,5000,15,360,20%,9%,827.8,447.01,5773.81,25%,1.92,0.48,1443.45
1403,shaeed rajaii,India,87141025,200,3967,General Goods,5000,15,24,20%,9%,793.4,428.44,5212.84,25%,26.06,6.52,1303.21
1403,shaeed rajaii,India,29091900,770,3953,Organic Chemicals,5000,15,92.4,15%,9%,592.95,409.14,5047.49,25%,6.56,1.64,1261.87
1403,shaeed rajaii,India,82141010,1340,3707,General Goods,5000,15,160.8,20%,9%,741.4,400.36,5009.56,25%,3.74,0.94,1252.39
1403,shaeed rajaii,India,90172010,1268,3655,General Goods,5000,15,152.16,20%,9%,731,394.74,4932.9,25%,3.89,0.97,1233.22
1403,shaeed rajaii,India,72029100,500,3650,Iron & Steel Products,5000,15,60,10%,9%,365,361.35,4436.35,25%,8.87,2.22,1109.09
1403,shaeed rajaii,India,83012000,100,3355,General Goods,5000,15,12,20%,9%,671,362.34,4400.34,25%,44,11,1100.08
1403,shaeed rajaii,India,84483100,15,3239,Industrial Machinery,5000,15,1.8,15%,9%,485.85,335.24,4061.89,25%,270.79,67.7,1015.47
1403,shaeed rajaii,India,87141030,100,3104,General Goods,5000,15,12,20%,9%,620.8,335.23,4072.03,25%,40.72,10.18,1018.01
1403,shaeed rajaii,India,28352400,400,3041,General Goods,5000,15,48,20%,9%,608.2,328.43,4025.63,25%,10.06,2.52,1006.41
1403,shaeed rajaii,India,29041000,175,3031,Organic Chemicals,5000,15,21,15%,9%,454.65,313.71,3820.36,25%,21.83,5.46,955.09
1403,shaeed rajaii,India,85443020,60,2965,Electrical Equipment,5000,15,7.2,15%,9%,444.75,306.88,3723.83,25%,62.06,15.52,930.96
1403,shaeed rajaii,India,73182200,367,2869,Articles of Iron & Steel,5000,15,44.04,10%,9%,286.9,284.03,3483.97,25%,9.49,2.37,870.99
1403,shaeed rajaii,India,54026200,612,2821,General Goods,5000,15,73.44,20%,9%,564.2,304.67,3763.31,25%,6.15,1.54,940.83
1403,shaeed rajaii,India,87083029,1256,2804,Vehicle Parts & Accessories,5000,15,150.72,25%,9%,701,315.45,3971.17,25%,3.16,0.79,992.79
1403,shaeed rajaii,India,84836000,53,2794,Industrial Machinery,5000,15,6.36,15%,9%,419.1,289.18,3508.64,25%,66.2,16.55,877.16
1403,shaeed rajaii,India,84831090,13,2776,Industrial Machinery,5000,15,1.56,15%,9%,416.4,287.32,3481.28,25%,267.79,66.95,870.32
1403,shaeed rajaii,India,85114030,150,2720,Electrical Equipment,5000,15,18,15%,9%,408,281.52,3427.52,25%,22.85,5.71,856.88
1403,shaeed rajaii,India,29011090,300,2717,Organic Chemicals,5000,15,36,15%,9%,407.55,281.21,3441.76,25%,11.47,2.87,860.44
1403,shaeed rajaii,India,53050000,2200,2695,General Goods,5000,15,264,20%,9%,539,291.06,3789.06,25%,1.72,0.43,947.26
1403,shaeed rajaii,India,87082990,801,2610,Vehicle Parts & Accessories,5000,15,96.12,25%,9%,652.5,293.62,3652.24,25%,4.56,1.14,913.06
1403,shaeed rajaii,India,29163290,200,2527,Organic Chemicals,5000,15,24,15%,9%,379.05,261.54,3191.59,25%,15.96,3.99,797.9
1403,shaeed rajaii,India,28429090,230,2451,General Goods,5000,15,27.6,20%,9%,490.2,264.71,3233.51,25%,14.06,3.52,808.38
1403,shaeed rajaii,India,82076000,78,2446,General Goods,5000,15,9.36,20%,9%,489.2,264.17,3208.73,25%,41.14,10.28,802.18
1403,shaeed rajaii,India,39199090,770,2383,Plastics & Polymers,5000,15,92.4,20%,9%,476.6,257.36,3209.36,25%,4.17,1.04,802.34
1403,shaeed rajaii,India,84199090,235,2299,Industrial Machinery,5000,15,28.2,15%,9%,344.85,237.95,2910,25%,12.38,3.1,727.5
1403,shaeed rajaii,India,9092290,1000,2149,General Goods,5000,15,120,20%,9%,429.8,232.09,2930.89,25%,2.93,0.73,732.72
1403,shaeed rajaii,India,28151110,1500,2034,General Goods,5000,15,180,20%,9%,406.8,219.67,2840.47,25%,1.89,0.47,710.12
1403,shaeed rajaii,India,29103000,250,1905,Organic Chemicals,5000,15,30,15%,9%,285.75,197.17,2417.92,25%,9.67,2.42,604.48
1403,shaeed rajaii,India,84824000,320,1841,Industrial Machinery,5000,15,38.4,15%,9%,276.15,190.54,2346.09,25%,7.33,1.83,586.52
1403,shaeed rajaii,India,90278990,6,1774,General Goods,5000,15,0.72,20%,9%,354.8,191.59,2321.11,25%,386.85,96.71,580.28
1403,shaeed rajaii,India,73043900,500,1762,Articles of Iron & Steel,5000,15,60,10%,9%,176.2,174.44,2172.64,25%,4.35,1.09,543.16
1403,shaeed rajaii,India,9101290,500,1705,General Goods,5000,15,60,20%,9%,341,184.14,2290.14,25%,4.58,1.14,572.54
1403,shaeed rajaii,India,40025900,198,1659,Rubber & Tires,5000,15,23.76,20%,9%,331.8,179.17,2193.73,25%,11.08,2.77,548.43
1403,shaeed rajaii,India,90275090,4,1575,General Goods,5000,15,0.48,20%,9%,315,170.1,2060.58,25%,515.14,128.78,515.14
1403,shaeed rajaii,India,82074000,260,1572,General Goods,5000,15,31.2,20%,9%,314.4,169.78,2087.38,25%,8.03,2.01,521.84
1403,shaeed rajaii,India,39019000,200,1508,Plastics & Polymers,5000,15,24,20%,9%,301.6,162.86,1996.46,25%,9.98,2.5,499.12
1403,shaeed rajaii,India,40169990,647,1400,Rubber & Tires,5000,15,77.64,20%,9%,280,151.2,1908.84,25%,2.95,0.74,477.21
1403,shaeed rajaii,India,28333000,500,1255,General Goods,5000,15,60,20%,9%,251,135.54,1701.54,25%,3.4,0.85,425.38
1403,shaeed rajaii,India,73249000,12,1251,Articles of Iron & Steel,5000,15,1.44,10%,9%,125.1,123.85,1501.39,25%,125.12,31.28,375.35
1403,shaeed rajaii,India,29171100,400,1212,Organic Chemicals,5000,15,48,15%,9%,181.8,125.44,1567.24,25%,3.92,0.98,391.81
1403,shaeed rajaii,India,84137090,180,950,Industrial Machinery,5000,15,21.6,15%,9%,142.5,98.32,1212.42,25%,6.74,1.68,303.1
1403,shaeed rajaii,India,87141010,30,833,General Goods,5000,15,3.6,20%,9%,166.6,89.96,1093.16,25%,36.44,9.11,273.29
1403,shaeed rajaii,India,28251090,30,661,General Goods,5000,15,3.6,20%,9%,132.2,71.39,868.19,25%,28.94,7.24,217.05
1403,shaeed rajaii,India,29398090,30,654,Organic Chemicals,5000,15,3.6,15%,9%,98.1,67.69,823.39,25%,27.45,6.86,205.85
1403,shaeed rajaii,India,28255000,20,634,General Goods,5000,15,2.4,20%,9%,126.8,68.47,831.67,25%,41.58,10.4,207.92
1403,shaeed rajaii,India,28419000,5,479,General Goods,5000,15,0.6,20%,9%,95.8,51.73,627.13,25%,125.43,31.36,156.78
1403,shaeed rajaii,India,29183090,50,465,Organic Chemicals,5000,15,6,15%,9%,69.75,48.13,588.88,25%,11.78,2.94,147.22
1403,shaeed rajaii,India,28332100,100,464,General Goods,5000,15,12,20%,9%,92.8,50.11,618.91,25%,6.19,1.55,154.73
1403,shaeed rajaii,India,84099940,138,445,Industrial Machinery,5000,15,16.56,15%,9%,66.75,46.06,574.37,25%,4.16,1.04,143.59
1403,shaeed rajaii,India,28342990,100,443,General Goods,5000,15,12,20%,9%,88.6,47.84,591.44,25%,5.91,1.48,147.86
1403,shaeed rajaii,India,28363090,100,406,General Goods,5000,15,12,20%,9%,81.2,43.85,543.05,25%,5.43,1.36,135.76
1403,shaeed rajaii,India,35069190,20,378,General Goods,5000,15,2.4,20%,9%,75.6,40.82,496.82,25%,24.84,6.21,124.2
1403,shaeed rajaii,India,73182100,12,376,Articles of Iron & Steel,5000,15,1.44,10%,9%,37.6,37.22,452.26,25%,37.69,9.42,113.06
1403,shaeed rajaii,India,40103500,3,126,Rubber & Tires,5000,15,0.36,20%,9%,25.2,13.61,165.17,25%,55.06,13.76,41.29
1403,shaeed rajaii,India,73182900,2,50,Articles of Iron & Steel,5000,15,0.24,10%,9%,5,4.95,60.19,25%,30.1,7.52,15.05
1403,shaeed rajaii,Germany,87032290,9785680,137767261,Passenger Vehicles,5000,15,1174281.6,45%,9%,61995267.45,17978627.56,218915437.6,25%,22.37,5.59,54728859.4
1403,shaeed rajaii,Germany,84552100,6795819,128983788,Industrial Machinery,5000,15,815498.28,15%,9%,19347568.2,13349822.06,162496676.5,25%,23.91,5.98,40624169.14
1403,shaeed rajaii,Germany,87038000,4806400,113824243,Passenger Vehicles,5000,15,576768,45%,9%,51220909.35,14854063.71,180475984.1,25%,37.55,9.39,45118996.02
1403,shaeed rajaii,Germany,87034020,4209600,59797889,Passenger Vehicles,5000,15,505152,45%,9%,26909050.05,7803624.51,95015715.56,25%,22.57,5.64,23753928.89
1403,shaeed rajaii,Germany,84223000,1344267,48109701,Industrial Machinery,5000,15,161312.04,15%,9%,7216455.15,4979354.05,60466822.24,25%,44.98,11.24,15116705.56
1403,shaeed rajaii,Germany,84798990,1201781,40357767,Machines & Mechanical Appliances,5000,15,144213.72,15%,9%,6053665.05,4177028.88,50732674.65,25%,42.21,10.55,12683168.66
1403,shaeed rajaii,Germany,73044900,1146249,26287585,Articles of Iron & Steel,5000,15,137549.88,10%,9%,2628758.5,2602470.92,31656364.3,25%,27.62,6.9,7914091.08
1403,shaeed rajaii,Germany,84212190,1092011,26180013,Industrial Machinery,5000,15,131041.32,15%,9%,3927001.95,2709631.35,32947687.62,25%,30.17,7.54,8236921.9
1403,shaeed rajaii,Germany,85451100,5478257,23325248,Electrical Equipment,5000,15,657390.84,15%,9%,3498787.2,2414163.17,29895589.21,25%,5.46,1.36,7473897.3
1403,shaeed rajaii,Germany,84742000,1044210,16517041,Industrial Machinery,5000,15,125305.2,15%,9%,2477556.15,1709513.74,20829416.09,25%,19.95,4.99,5207354.02
1403,shaeed rajaii,Germany,72023000,12709000,11837357,Iron & Steel Products,5000,15,1525080,10%,9%,1183735.7,1171898.34,15718071.04,25%,1.24,0.31,3929517.76
1403,shaeed rajaii,Germany,85414300,3829193,10855471,Semiconductors & Solar Cells,5000,15,459503.16,15%,9%,1628320.65,1123541.25,14066836.06,25%,3.67,0.92,3516709.02
1403,shaeed rajaii,Germany,84452000,689189,10814016,Industrial Machinery,5000,15,82702.68,15%,9%,1622102.4,1119250.66,13638071.74,25%,19.79,4.95,3409517.94
1403,shaeed rajaii,Germany,84193900,774232,9214692,Industrial Machinery,5000,15,92907.84,15%,9%,1382203.8,953720.62,11643524.26,25%,15.04,3.76,2910881.06
1403,shaeed rajaii,Germany,30049092,1499255,7496232,General Goods,5000,15,179910.6,20%,9%,1499246.4,809593.06,9984982.06,25%,6.66,1.66,2496245.52
1403,shaeed rajaii,Germany,84431700,213693,6705736,Industrial Machinery,5000,15,25643.16,15%,9%,1005860.4,694043.68,8431283.24,25%,39.46,9.86,2107820.81
1403,shaeed rajaii,Germany,84149090,37527,6115828,Compressors & Pumps,5000,15,4503.24,15%,9%,917374.2,632988.2,7670693.64,25%,204.4,51.1,1917673.41
1403,shaeed rajaii,Germany,4022120,899025,5736010,Rubber & Tires,5000,15,107883,20%,9%,1147202,619489.08,7610584.08,25%,8.47,2.12,1902646.02
1403,shaeed rajaii,Germany,84749090,345329,5601481,Industrial Machinery,5000,15,41439.48,15%,9%,840222.15,579753.28,7062895.91,25%,20.45,5.11,1765723.98
1403,shaeed rajaii,Germany,72021100,5172000,5475057,Iron & Steel Products,5000,15,620640,10%,9%,547505.7,542030.64,7185233.34,25%,1.39,0.35,1796308.34
1403,shaeed rajaii,Germany,84195090,491470,5073842,Industrial Machinery,5000,15,58976.4,15%,9%,761076.3,525142.65,6419037.35,25%,13.06,3.26,1604759.34
1403,shaeed rajaii,Germany,84741000,88354,4948405,Industrial Machinery,5000,15,10602.48,15%,9%,742260.75,512159.92,6213428.15,25%,70.32,17.58,1553357.04
1403,shaeed rajaii,Germany,84148090,122604,4904206,Compressors & Pumps,5000,15,14712.48,15%,9%,735630.9,507585.32,6162134.7,25%,50.26,12.56,1540533.68
1403,shaeed rajaii,Germany,84778000,110556,4456175,Industrial Machinery,5000,15,13266.72,15%,9%,668426.25,461214.11,5599082.08,25%,50.64,12.66,1399770.52
1403,shaeed rajaii,Germany,38237020,2490550,4298145,Chemical Products,5000,15,298866,15%,9%,644721.75,444858.01,5686590.76,25%,2.28,0.57,1421647.69
1403,shaeed rajaii,Germany,90289040,82941,4097127,General Goods,5000,15,9952.92,20%,9%,819425.4,442489.72,5368995.04,25%,64.73,16.18,1342248.76
1403,shaeed rajaii,Germany,85176290,19379,3847957,Telecom & Display Equipment,5000,15,2325.48,15%,9%,577193.55,398263.55,4825739.58,25%,249.02,62.26,1206434.9
1403,shaeed rajaii,Germany,51012110,377308,3655783,General Goods,5000,15,45276.96,20%,9%,731156.6,394824.56,4827041.12,25%,12.79,3.2,1206760.28
1403,shaeed rajaii,Germany,84453000,198130,3477735,Industrial Machinery,5000,15,23775.6,15%,9%,521660.25,359945.57,4383116.42,25%,22.12,5.53,1095779.1
1403,shaeed rajaii,Germany,74032900,20400,3350260,General Goods,5000,15,2448,20%,9%,670052,361828.08,4384588.08,25%,214.93,53.73,1096147.02
1403,shaeed rajaii,Germany,73042900,2042818,3326365,Articles of Iron & Steel,5000,15,245138.16,10%,9%,332636.5,329310.14,4233449.8,25%,2.07,0.52,1058362.45
1403,shaeed rajaii,Germany,84743900,247784,3294916,Industrial Machinery,5000,15,29734.08,15%,9%,494237.4,341023.81,4159911.29,25%,16.79,4.2,1039977.82
1403,shaeed rajaii,Germany,27131200,2595600,3273634,Mineral Fuels & Oils,5000,15,311472,5%,9%,163681.7,309358.41,4058146.11,25%,1.56,0.39,1014536.53
1403,shaeed rajaii,Germany,84772000,98934,3098495,Industrial Machinery,5000,15,11872.08,15%,9%,464774.25,320694.23,3895835.56,25%,39.38,9.85,973958.89
1403,shaeed rajaii,Germany,87041090,130900,2911748,General Goods,5000,15,15708,20%,9%,582349.6,314468.78,3824274.38,25%,29.22,7.3,956068.6
1403,shaeed rajaii,Germany,28331100,24000000,2856878,General Goods,5000,15,2880000,20%,9%,571375.6,308542.82,6616796.42,25%,0.28,0.07,1654199.1
1403,shaeed rajaii,Germany,40025900,1305360,2722474,Rubber & Tires,5000,15,156643.2,20%,9%,544494.8,294027.19,3717639.19,25%,2.85,0.71,929409.8
1403,shaeed rajaii,Germany,84171000,795255,2669024,Industrial Machinery,5000,15,95430.6,15%,9%,400353.6,276243.98,3441052.18,25%,4.33,1.08,860263.04
1403,shaeed rajaii,Germany,32061190,984000,2561264,General Goods,5000,15,118080,20%,9%,512252.8,276616.51,3468213.31,25%,3.52,0.88,867053.33
1403,shaeed rajaii,Germany,84552200,33111,2432826,Industrial Machinery,5000,15,3973.32,15%,9%,364923.9,251797.49,3053520.71,25%,92.22,23.06,763380.18
1403,shaeed rajaii,Germany,84451900,130794,2258599,Industrial Machinery,5000,15,15695.28,15%,9%,338789.85,233765,2846849.13,25%,21.77,5.44,711712.28
1403,shaeed rajaii,Germany,39021020,1612000,2195817,Plastics & Polymers,5000,15,193440,20%,9%,439163.4,237148.24,3065568.64,25%,1.9,0.48,766392.16
1403,shaeed rajaii,Germany,84304190,50200,2012785,Industrial Machinery,5000,15,6024,15%,9%,301917.75,208323.25,2529050,25%,50.38,12.6,632262.5
1403,shaeed rajaii,Germany,84283390,80014,1999854,Industrial Machinery,5000,15,9601.68,15%,9%,299978.1,206984.89,2516418.67,25%,31.45,7.86,629104.67
1403,shaeed rajaii,Germany,84451200,63388,1906745,Industrial Machinery,5000,15,7606.56,15%,9%,286011.75,197348.11,2397711.42,25%,37.83,9.46,599427.86
1403,shaeed rajaii,Germany,76069240,465216,1891456,General Goods,5000,15,55825.92,20%,9%,378291.2,204277.25,2529850.37,25%,5.44,1.36,632462.59
1403,shaeed rajaii,Germany,29212190,420000,1794489,Organic Chemicals,5000,15,50400,15%,9%,269173.35,185729.61,2299791.96,25%,5.48,1.37,574947.99
1403,shaeed rajaii,Germany,90275030,10900,1698790,General Goods,5000,15,1308,20%,9%,339758,183469.32,2223325.32,25%,203.97,50.99,555831.33
1403,shaeed rajaii,Germany,73044100,172180,1656836,Articles of Iron & Steel,5000,15,20661.6,10%,9%,165683.6,164026.76,2007207.96,25%,11.66,2.92,501801.99
1403,shaeed rajaii,Germany,55095200,111047,1574976,General Goods,5000,15,13325.64,20%,9%,314995.2,170097.41,2073394.25,25%,18.67,4.67,518348.56
1403,shaeed rajaii,Germany,28369900,1752000,1519402,General Goods,5000,15,210240,20%,9%,303880.4,164095.42,2197617.82,25%,1.25,0.31,549404.45
1403,shaeed rajaii,Germany,85389010,126300,1469747,Electrical Equipment,5000,15,15156,15%,9%,220462.05,152118.81,1857483.86,25%,14.71,3.68,464370.96
1403,shaeed rajaii,Germany,30042012,37584,1459919,General Goods,5000,15,4510.08,20%,9%,291983.8,157671.25,1914084.13,25%,50.93,12.73,478521.03
1403,shaeed rajaii,Germany,90303900,48127,1453097,General Goods,5000,15,5775.24,20%,9%,290619.4,156934.48,1906426.12,25%,39.61,9.9,476606.53
1403,shaeed rajaii,Germany,72091700,1888140,1412947,Iron & Steel Products,5000,15,226576.8,10%,9%,141294.7,139881.75,1920700.25,25%,1.02,0.26,480175.06
1403,shaeed rajaii,Germany,84261200,173867,1392449,Industrial Machinery,5000,15,20864.04,15%,9%,208867.35,144118.47,1766298.86,25%,10.16,2.54,441574.72
1403,shaeed rajaii,Germany,31043000,1012000,1390601,General Goods,5000,15,121440,20%,9%,278120.2,150184.91,1940346.11,25%,1.92,0.48,485086.53
1403,shaeed rajaii,Germany,32041590,180000,1376597,General Goods,5000,15,21600,20%,9%,275319.4,148672.48,1822188.88,25%,10.12,2.53,455547.22
1403,shaeed rajaii,Germany,85369090,61407,1317839,Electrical Equipment,5000,15,7368.84,15%,9%,197675.85,136396.34,1659280.03,25%,27.02,6.76,414820.01
1403,shaeed rajaii,Germany,40118090,136800,1314864,Rubber & Tires,5000,15,16416,20%,9%,262972.8,142005.31,1736258.11,25%,12.69,3.17,434064.53
1403,shaeed rajaii,Germany,40027000,446900,1301835,Rubber & Tires,5000,15,53628,20%,9%,260367,140598.18,1756428.18,25%,3.93,0.98,439107.04
1403,shaeed rajaii,Germany,84512900,65276,1298358,Industrial Machinery,5000,15,7833.12,15%,9%,194753.7,134380.05,1635324.87,25%,25.05,6.26,408831.22
1403,shaeed rajaii,Germany,29314990,1012500,1286825,Organic Chemicals,5000,15,121500,15%,9%,193023.75,133186.39,1734535.14,25%,1.71,0.43,433633.78
1403,shaeed rajaii,Germany,84451300,54972,1269766,Industrial Machinery,5000,15,6596.64,15%,9%,190464.9,131420.78,1598248.32,25%,29.07,7.27,399562.08
1403,shaeed rajaii,Germany,90189099,44837,1129532,General Goods,5000,15,5380.44,20%,9%,225906.4,121989.46,1482808.3,25%,33.07,8.27,370702.08
1403,shaeed rajaii,Germany,84224000,14621,1085427,Industrial Machinery,5000,15,1754.52,15%,9%,162814.05,112341.69,1362337.26,25%,93.18,23.3,340584.32
1403,shaeed rajaii,Germany,29321400,24500,1048914,Organic Chemicals,5000,15,2940,15%,9%,157337.1,108562.6,1317753.7,25%,53.79,13.45,329438.42
1403,shaeed rajaii,Germany,48026100,928393,1045206,Paper & Paperboard,5000,15,111407.16,15%,9%,156780.9,108178.82,1421572.88,25%,1.53,0.38,355393.22
1403,shaeed rajaii,Germany,84818090,23136,1027084,Industrial Machinery,5000,15,2776.32,15%,9%,154062.6,106303.19,1290226.11,25%,55.77,13.94,322556.53
1403,shaeed rajaii,Germany,73041990,226016,1021260,Articles of Iron & Steel,5000,15,27121.92,10%,9%,102126,101104.74,1251612.66,25%,5.54,1.38,312903.16
1403,shaeed rajaii,Germany,84148075,9870,1017588,Compressors & Pumps,5000,15,1184.4,15%,9%,152638.2,105320.36,1276730.96,25%,129.35,32.34,319182.74
1403,shaeed rajaii,Germany,39100090,478735,996803,Plastics & Polymers,5000,15,57448.2,20%,9%,199360.6,107654.72,1361266.52,25%,2.84,0.71,340316.63
1403,shaeed rajaii,Germany,84807100,74890,983979,Industrial Machinery,5000,15,8986.8,15%,9%,147596.85,101841.83,1242404.48,25%,16.59,4.15,310601.12
1403,shaeed rajaii,Germany,38200000,321640,977794,Chemical Products,5000,15,38596.8,15%,9%,146669.1,101201.68,1264261.58,25%,3.93,0.98,316065.4
1403,shaeed rajaii,Germany,84451100,49556,963248,Industrial Machinery,5000,15,5946.72,15%,9%,144487.2,99696.17,1213378.09,25%,24.48,6.12,303344.52
1403,shaeed rajaii,Germany,84198990,101000,950114,Industrial Machinery,5000,15,12120,15%,9%,142517.1,98336.8,1203087.9,25%,11.91,2.98,300771.97
1403,shaeed rajaii,Germany,23099030,306000,933075,General Goods,5000,15,36720,20%,9%,186615,100772.1,1257182.1,25%,4.11,1.03,314295.53
1403,shaeed rajaii,Germany,84411000,27500,913687,Industrial Machinery,5000,15,3300,15%,9%,137053.05,94566.6,1148606.65,25%,41.77,10.44,287151.66
1403,shaeed rajaii,Germany,34024210,396000,905446,General Goods,5000,15,47520,20%,9%,181089.2,97788.17,1231843.37,25%,3.11,0.78,307960.84
1403,shaeed rajaii,Germany,84069000,29207,890611,Industrial Machinery,5000,15,3504.84,15%,9%,133591.65,92178.24,1119885.73,25%,38.34,9.59,279971.43
1403,shaeed rajaii,Germany,54023300,554105,878779,General Goods,5000,15,66492.6,20%,9%,175755.8,94908.13,1215935.53,25%,2.19,0.55,303983.88
1403,shaeed rajaii,Germany,90271000,890,876864,General Goods,5000,15,106.8,20%,9%,175372.8,94701.31,1147044.91,25%,1288.81,322.2,286761.23
1403,shaeed rajaii,Germany,40029900,75500,834392,Rubber & Tires,5000,15,9060,20%,9%,166878.4,90114.34,1100444.74,25%,14.58,3.64,275111.18
1403,shaeed rajaii,Germany,29413000,15500,818508,Organic Chemicals,5000,15,1860,15%,9%,122776.2,84715.58,1027859.78,25%,66.31,16.58,256964.94
1403,shaeed rajaii,Germany,55092100,465453,818036,General Goods,5000,15,55854.36,20%,9%,163607.2,88347.89,1125845.45,25%,2.42,0.6,281461.36
1403,shaeed rajaii,Germany,84138190,60501,788469,Industrial Machinery,5000,15,7260.12,15%,9%,118270.35,81606.54,995606.01,25%,16.46,4.12,248901.5
1403,shaeed rajaii,Germany,48109210,922909,785563,Paper & Paperboard,5000,15,110749.08,15%,9%,117834.45,81305.77,1095452.3,25%,1.19,0.3,273863.08
1403,shaeed rajaii,Germany,85369010,27035,768190,Electrical Equipment,5000,15,3244.2,15%,9%,115228.5,79507.66,966170.36,25%,35.74,8.94,241542.59
1403,shaeed rajaii,Germany,85022010,107000,759295,Electrical Equipment,5000,15,12840,15%,9%,113894.25,78587.03,964616.28,25%,9.02,2.26,241154.07
1403,shaeed rajaii,Germany,38112190,144000,745219,Chemical Products,5000,15,17280,15%,9%,111782.85,77130.17,951412.02,25%,6.61,1.65,237853
1403,shaeed rajaii,Germany,84219900,24737,731802,Industrial Machinery,5000,15,2968.44,15%,9%,109770.3,75741.51,920282.25,25%,37.2,9.3,230070.56
1403,shaeed rajaii,Germany,31055900,538900,729316,General Goods,5000,15,64668,20%,9%,145863.2,78766.13,1018613.33,25%,1.89,0.47,254653.33
1403,shaeed rajaii,Germany,84196000,12065,727258,Industrial Machinery,5000,15,1447.8,15%,9%,109088.7,75271.2,913065.7,25%,75.68,18.92,228266.42
1403,shaeed rajaii,Germany,11041200,702000,717700,General Goods,5000,15,84240,20%,9%,143540,77511.6,1022991.6,25%,1.46,0.36,255747.9
1403,shaeed rajaii,Germany,39069091,135440,714401,Plastics & Polymers,5000,15,16252.8,20%,9%,142880.2,77155.31,950689.31,25%,7.02,1.76,237672.33
1403,shaeed rajaii,Germany,40012900,403200,707333,Rubber & Tires,5000,15,48384,20%,9%,141466.6,76391.96,973575.56,25%,2.41,0.6,243393.89
1403,shaeed rajaii,Germany,32041990,440000,688157,General Goods,5000,15,52800,20%,9%,137631.4,74320.96,952909.36,25%,2.17,0.54,238227.34
1403,shaeed rajaii,Germany,84388000,21400,664946,Industrial Machinery,5000,15,2568,15%,9%,99741.9,68821.91,836077.81,25%,39.07,9.77,209019.45
1403,shaeed rajaii,Germany,84261190,43079,648126,Industrial Machinery,5000,15,5169.48,15%,9%,97218.9,67081.04,817595.42,25%,18.98,4.74,204398.86
1403,shaeed rajaii,Germany,31026010,649850,633585,General Goods,5000,15,77982,20%,9%,126717,68427.18,906711.18,25%,1.4,0.35,226677.8
1403,shaeed rajaii,Germany,38121000,230500,627297,Chemical Products,5000,15,27660,15%,9%,94094.55,64925.24,813976.79,25%,3.53,0.88,203494.2
1403,shaeed rajaii,Germany,32042090,115125,619706,General Goods,5000,15,13815,20%,9%,123941.2,66928.25,824390.45,25%,7.16,1.79,206097.61
1403,shaeed rajaii,Germany,39041020,295000,618255,Plastics & Polymers,5000,15,35400,20%,9%,123651,66771.54,844077.54,25%,2.86,0.72,211019.38
1403,shaeed rajaii,Germany,39021030,494000,617073,Plastics & Polymers,5000,15,59280,20%,9%,123414.6,66643.88,866411.48,25%,1.75,0.44,216602.87
1403,shaeed rajaii,Germany,85098010,49223,608431,Electrical Equipment,5000,15,5906.76,15%,9%,91264.65,62972.61,768575.02,25%,15.61,3.9,192143.76
1403,shaeed rajaii,Germany,29291090,68800,606815,Organic Chemicals,5000,15,8256,15%,9%,91022.25,62805.35,768898.6,25%,11.18,2.8,192224.65
1403,shaeed rajaii,Germany,84748090,6209,602398,Industrial Machinery,5000,15,745.08,15%,9%,90359.7,62348.19,755850.97,25%,121.73,30.43,188962.74
1403,shaeed rajaii,Germany,40023100,292320,587784,Rubber & Tires,5000,15,35078.4,20%,9%,117556.8,63480.67,803899.87,25%,2.75,0.69,200974.97
1403,shaeed rajaii,Germany,59113200,33340,576137,General Goods,5000,15,4000.8,20%,9%,115227.4,62222.8,757588,25%,22.72,5.68,189397
1403,shaeed rajaii,Germany,40024900,94000,559836,Rubber & Tires,5000,15,11280,20%,9%,111967.2,60462.29,743545.49,25%,7.91,1.98,185886.37
1403,shaeed rajaii,Germany,69022090,144885,557282,General Goods,5000,15,17386.2,20%,9%,111456.4,60186.46,746311.06,25%,5.15,1.29,186577.76
1403,shaeed rajaii,Germany,84834090,7160,555787,Industrial Machinery,5000,15,859.2,15%,9%,83368.05,57523.95,697538.2,25%,97.42,24.36,174384.55
1403,shaeed rajaii,Germany,31056000,315000,550695,General Goods,5000,15,37800,20%,9%,110139,59475.06,758109.06,25%,2.41,0.6,189527.26
1403,shaeed rajaii,Germany,85044050,17075,533041,Electrical Equipment,5000,15,2049,15%,9%,79956.15,55169.74,670215.89,25%,39.25,9.81,167553.97
1403,shaeed rajaii,Germany,84431100,149900,531495,Industrial Machinery,5000,15,17988,15%,9%,79724.25,55009.73,684216.98,25%,4.56,1.14,171054.24
1403,shaeed rajaii,Germany,31059090,109960,520186,General Goods,5000,15,13195.2,20%,9%,104037.2,56180.09,693598.49,25%,6.31,1.58,173399.62
1403,shaeed rajaii,Germany,85443020,26317,515276,Electrical Equipment,5000,15,3158.04,15%,9%,77291.4,53331.07,649056.51,25%,24.66,6.16,162264.13
1403,shaeed rajaii,Germany,75062000,12463,504929,General Goods,5000,15,1495.56,20%,9%,100985.8,54532.33,661942.69,25%,53.11,13.28,165485.67
1403,shaeed rajaii,Germany,84431600,16600,502459,Industrial Machinery,5000,15,1992,15%,9%,75368.85,52004.51,631824.36,25%,38.06,9.52,157956.09
1403,shaeed rajaii,Germany,39074000,198000,491267,Plastics & Polymers,5000,15,23760,20%,9%,98253.4,53056.84,666337.24,25%,3.37,0.84,166584.31
1403,shaeed rajaii,Germany,90183916,12368,462894,General Goods,5000,15,1484.16,20%,9%,92578.8,49992.55,606949.51,25%,49.07,12.27,151737.38
1403,shaeed rajaii,Germany,28112200,315400,461725,General Goods,5000,15,37848,20%,9%,92345,49866.3,641784.3,25%,2.03,0.51,160446.08
1403,shaeed rajaii,Germany,90318040,860,449088,General Goods,5000,15,103.2,20%,9%,89817.6,48501.5,587510.3,25%,683.15,170.79,146877.58
1403,shaeed rajaii,Germany,84834010,32062,446516,Industrial Machinery,5000,15,3847.44,15%,9%,66977.4,46214.41,563555.25,25%,17.58,4.39,140888.81
1403,shaeed rajaii,Germany,85015310,36717,442376,Electrical Equipment,5000,15,4406.04,15%,9%,66356.4,45785.92,558924.36,25%,15.22,3.8,139731.09
1403,shaeed rajaii,Germany,73089090,44750,440626,Articles of Iron & Steel,5000,15,5370,10%,9%,44062.6,43621.97,533680.57,25%,11.93,2.98,133420.14
1403,shaeed rajaii,Germany,29362400,29980,438196,Organic Chemicals,5000,15,3597.6,15%,9%,65729.4,45353.29,552876.29,25%,18.44,4.61,138219.07
1403,shaeed rajaii,Germany,73072100,38334,435825,Articles of Iron & Steel,5000,15,4600.08,10%,9%,43582.5,43146.68,527154.26,25%,13.75,3.44,131788.56
1403,shaeed rajaii,Germany,38123910,124500,429312,Chemical Products,5000,15,14940,15%,9%,64396.8,44433.79,553082.59,25%,4.44,1.11,138270.65
1403,shaeed rajaii,Germany,84143020,10848,427090,Compressors & Pumps,5000,15,1301.76,15%,9%,64063.5,44203.81,536659.07,25%,49.47,12.37,134164.77
1403,shaeed rajaii,Germany,84833000,2964,423036,Industrial Machinery,5000,15,355.68,15%,9%,63455.4,43784.23,530631.31,25%,179.03,44.76,132657.83
1403,shaeed rajaii,Germany,34039100,121050,414331,General Goods,5000,15,14526,20%,9%,82866.2,44747.75,556470.95,25%,4.6,1.15,139117.74
1403,shaeed rajaii,Germany,85044087,6729,413073,Electrical Equipment,5000,15,807.48,15%,9%,61960.95,42753.06,518594.49,25%,77.07,19.27,129648.62
1403,shaeed rajaii,Germany,84626200,276000,410970,Industrial Machinery,5000,15,33120,15%,9%,61645.5,42535.4,548270.9,25%,1.99,0.5,137067.72
1403,shaeed rajaii,Germany,39019000,148000,399883,Plastics & Polymers,5000,15,17760,20%,9%,79976.6,43187.36,540806.96,25%,3.65,0.91,135201.74
1403,shaeed rajaii,Germany,30041012,37066,399564,General Goods,5000,15,4447.92,20%,9%,79912.8,43152.91,527077.63,25%,14.22,3.56,131769.41
1403,shaeed rajaii,Germany,29157090,255000,398913,Organic Chemicals,5000,15,30600,15%,9%,59836.95,41287.5,530637.45,25%,2.08,0.52,132659.36
1403,shaeed rajaii,Germany,51052900,39475,398269,General Goods,5000,15,4737,20%,9%,79653.8,43013.05,525672.85,25%,13.32,3.33,131418.21
1403,shaeed rajaii,Germany,28365000,337500,383764,General Goods,5000,15,40500,20%,9%,76752.8,41446.51,542463.31,25%,1.61,0.4,135615.83
1403,shaeed rajaii,Germany,84295111,14900,382931,Industrial Machinery,5000,15,1788,15%,9%,57439.65,39633.36,481792.01,25%,32.34,8.09,120448
1403,shaeed rajaii,Germany,23099039,130000,365554,General Goods,5000,15,15600,20%,9%,73110.8,39479.83,493744.63,25%,3.8,0.95,123436.16
1403,shaeed rajaii,Germany,84481900,43613,360715,Industrial Machinery,5000,15,5233.56,15%,9%,54107.25,37334,457389.81,25%,10.49,2.62,114347.45
1403,shaeed rajaii,Germany,27101930,64064,359199,Mineral Fuels & Oils,5000,15,7687.68,5%,9%,17959.95,33944.31,418790.94,25%,6.54,1.64,104697.74
1403,shaeed rajaii,Germany,28030000,26592,354522,General Goods,5000,15,3191.04,20%,9%,70904.4,38288.38,466905.82,25%,17.56,4.39,116726.46
1403,shaeed rajaii,Germany,38160090,242800,353740,Chemical Products,5000,15,29136,15%,9%,53061,36612.09,472549.09,25%,1.95,0.49,118137.27
1403,shaeed rajaii,Germany,90251910,8384,345147,General Goods,5000,15,1006.08,20%,9%,69029.4,37275.88,452458.36,25%,53.97,13.49,113114.59
1403,shaeed rajaii,Germany,38249990,51200,344995,Chemical Products,5000,15,6144,15%,9%,51749.25,35706.98,438595.23,25%,8.57,2.14,109648.81
1403,shaeed rajaii,Germany,17021910,145000,336658,General Goods,5000,15,17400,20%,9%,67331.6,36359.06,457748.66,25%,3.16,0.79,114437.16
1403,shaeed rajaii,Germany,31051010,131058,332359,General Goods,5000,15,15726.96,20%,9%,66471.8,35894.77,450452.53,25%,3.44,0.86,112613.13
1403,shaeed rajaii,Germany,72024920,81000,327387,Iron & Steel Products,5000,15,9720,10%,9%,32738.7,32411.31,402257.01,25%,4.97,1.24,100564.25
1403,shaeed rajaii,Germany,54024400,75542,324417,General Goods,5000,15,9065.04,20%,9%,64883.4,35037.04,433402.48,25%,5.74,1.44,108350.62
1403,shaeed rajaii,Germany,38231200,219630,323890,Chemical Products,5000,15,26355.6,15%,9%,48583.5,33522.62,432351.72,25%,1.97,0.49,108087.93
1403,shaeed rajaii,Germany,39235000,33933,320832,Plastics & Polymers,5000,15,4071.96,20%,9%,64166.4,34649.86,423720.22,25%,12.49,3.12,105930.06
1403,shaeed rajaii,Germany,29231090,5000,315414,Organic Chemicals,5000,15,600,15%,9%,47312.1,32645.35,395971.45,25%,79.19,19.8,98992.86
1403,shaeed rajaii,Germany,85021310,94000,313096,Electrical Equipment,5000,15,11280,15%,9%,46964.4,32405.44,403745.84,25%,4.3,1.08,100936.46
1403,shaeed rajaii,Germany,84143090,6400,311505,Compressors & Pumps,5000,15,768,15%,9%,46725.75,32240.77,391239.52,25%,61.13,15.28,97809.88
1403,shaeed rajaii,Germany,29304000,98000,304912,Organic Chemicals,5000,15,11760,15%,9%,45736.8,31558.39,393967.19,25%,4.02,1,98491.8
1403,shaeed rajaii,Germany,39092090,58000,298973,Plastics & Polymers,5000,15,6960,20%,9%,59794.6,32289.08,398016.68,25%,6.86,1.72,99504.17
1403,shaeed rajaii,Germany,28311000,201600,289121,General Goods,5000,15,24192,20%,9%,57824.2,31225.07,402362.27,25%,2,0.5,100590.57
1403,shaeed rajaii,Germany,39209100,34538,289012,Plastics & Polymers,5000,15,4144.56,20%,9%,57802.4,31213.3,382172.26,25%,11.07,2.77,95543.06
1403,shaeed rajaii,Germany,31054000,214000,284299,General Goods,5000,15,25680,20%,9%,56859.8,30704.29,397543.09,25%,1.86,0.46,99385.77
1403,shaeed rajaii,Germany,85371090,2809,277907,Electrical Equipment,5000,15,337.08,15%,9%,41686.05,28763.37,348693.5,25%,124.13,31.03,87173.38
1403,shaeed rajaii,Germany,54024600,151200,266333,General Goods,5000,15,18144,20%,9%,53266.6,28763.96,366507.56,25%,2.42,0.6,91626.89
1403,shaeed rajaii,Germany,39021010,192000,262710,Plastics & Polymers,5000,15,23040,20%,9%,52542,28372.68,366664.68,25%,1.91,0.48,91666.17
1403,shaeed rajaii,Germany,84089090,83050,259304,Industrial Machinery,5000,15,9966,15%,9%,38895.6,26837.96,335003.56,25%,4.03,1.01,83750.89
1403,shaeed rajaii,Germany,29224990,42000,259301,Organic Chemicals,5000,15,5040,15%,9%,38895.15,26837.65,330073.8,25%,7.86,1.96,82518.45
1403,shaeed rajaii,Germany,29362810,10000,256528,Organic Chemicals,5000,15,1200,15%,9%,38479.2,26550.65,322757.85,25%,32.28,8.07,80689.46
1403,shaeed rajaii,Germany,73043900,125030,254788,Articles of Iron & Steel,5000,15,15003.6,10%,9%,25478.8,25224.01,320494.41,25%,2.56,0.64,80123.6
1403,shaeed rajaii,Germany,73269090,60264,254755,Articles of Iron & Steel,5000,15,7231.68,10%,9%,25475.5,25220.74,312682.92,25%,5.19,1.3,78170.73
1403,shaeed rajaii,Germany,85051100,19690,251103,Electrical Equipment,5000,15,2362.8,15%,9%,37665.45,25989.16,317120.41,25%,16.11,4.03,79280.1
1403,shaeed rajaii,Germany,29359020,9000,249303,Organic Chemicals,5000,15,1080,15%,9%,37395.45,25802.86,313581.31,25%,34.84,8.71,78395.33
1403,shaeed rajaii,Germany,40022000,100800,243969,Rubber & Tires,5000,15,12096,20%,9%,48793.8,26348.65,331207.45,25%,3.29,0.82,82801.86
1403,shaeed rajaii,Germany,33029010,41040,235383,General Goods,5000,15,4924.8,20%,9%,47076.6,25421.36,312805.76,25%,7.62,1.9,78201.44
1403,shaeed rajaii,Germany,39095000,91300,234481,Plastics & Polymers,5000,15,10956,20%,9%,46896.2,25323.95,317657.15,25%,3.48,0.87,79414.29
1403,shaeed rajaii,Germany,29309090,102600,227453,Organic Chemicals,5000,15,12312,15%,9%,34117.95,23541.39,297424.34,25%,2.9,0.72,74356.09
1403,shaeed rajaii,Germany,84231000,32410,224849,Industrial Machinery,5000,15,3889.2,15%,9%,33727.35,23271.87,285737.42,25%,8.82,2.2,71434.36
1403,shaeed rajaii,Germany,39206200,72687,224683,Plastics & Polymers,5000,15,8722.44,20%,9%,44936.6,24265.76,302607.8,25%,4.16,1.04,75651.95
1403,shaeed rajaii,Germany,40169300,27022,220674,Rubber & Tires,5000,15,3242.64,20%,9%,44134.8,23832.79,291884.23,25%,10.8,2.7,72971.06
1403,shaeed rajaii,Germany,32041190,66200,215691,General Goods,5000,15,7944,20%,9%,43138.2,23294.63,290067.83,25%,4.38,1.1,72516.96
1403,shaeed rajaii,Germany,90262000,1124,211237,General Goods,5000,15,134.88,20%,9%,42247.4,22813.6,276432.88,25%,245.94,61.48,69108.22
1403,shaeed rajaii,Germany,84385000,900,206330,Industrial Machinery,5000,15,108,15%,9%,30949.5,21355.16,258742.66,25%,287.49,71.87,64685.66
1403,shaeed rajaii,Germany,72261100,40000,200193,Iron & Steel Products,5000,15,4800,10%,9%,20019.3,19819.11,244831.41,25%,6.12,1.53,61207.85
1403,shaeed rajaii,Germany,84413000,2990,198629,Industrial Machinery,5000,15,358.8,15%,9%,29794.35,20558.1,249340.25,25%,83.39,20.85,62335.06
1403,shaeed rajaii,Germany,35069900,47660,197182,General Goods,5000,15,5719.2,20%,9%,39436.4,21295.66,263633.26,25%,5.53,1.38,65908.32
1403,shaeed rajaii,Germany,29419020,5000,196380,Organic Chemicals,5000,15,600,15%,9%,29457,20325.33,246762.33,25%,49.35,12.34,61690.58
1403,shaeed rajaii,Germany,68062010,20000,196278,General Goods,5000,15,2400,20%,9%,39255.6,21198.02,259131.62,25%,12.96,3.24,64782.9
1403,shaeed rajaii,Germany,25199090,60000,192132,General Goods,5000,15,7200,20%,9%,38426.4,20750.26,258508.66,25%,4.31,1.08,64627.16
1403,shaeed rajaii,Germany,85423900,56,186037,Semiconductors & Solar Cells,5000,15,6.72,15%,9%,27905.55,19254.83,233204.1,25%,4164.36,1041.09,58301.02
1403,shaeed rajaii,Germany,23040000,299131,184945,General Goods,5000,15,35895.72,20%,9%,36989,19974.06,277803.78,25%,0.93,0.23,69450.95
1403,shaeed rajaii,Germany,32041690,41800,183061,General Goods,5000,15,5016,20%,9%,36612.2,19770.59,244459.79,25%,5.85,1.46,61114.95
1403,shaeed rajaii,Germany,55032000,155040,182263,General Goods,5000,15,18604.8,20%,9%,36452.6,19684.4,257004.8,25%,1.66,0.42,64251.2
1403,shaeed rajaii,Germany,40101900,10450,175762,Rubber & Tires,5000,15,1254,20%,9%,35152.4,18982.3,231150.7,25%,22.12,5.53,57787.68
1403,shaeed rajaii,Germany,40012100,80000,172947,Rubber & Tires,5000,15,9600,20%,9%,34589.4,18678.28,235814.68,25%,2.95,0.74,58953.67
1403,shaeed rajaii,Germany,31010010,24300,172674,General Goods,5000,15,2916,20%,9%,34534.8,18648.79,228773.59,25%,9.41,2.35,57193.4
1403,shaeed rajaii,Germany,85312000,9864,172374,Electrical Equipment,5000,15,1183.68,15%,9%,25856.1,17840.71,217254.49,25%,22.02,5.5,54313.62
1403,shaeed rajaii,Germany,72192100,73877,171429,Iron & Steel Products,5000,15,8865.24,10%,9%,17142.9,16971.47,214408.61,25%,2.9,0.72,53602.15
1403,shaeed rajaii,Germany,73072200,75712,170727,Articles of Iron & Steel,5000,15,9085.44,10%,9%,17072.7,16901.97,213787.11,25%,2.82,0.7,53446.78
1403,shaeed rajaii,Germany,90261010,2771,170177,General Goods,5000,15,332.52,20%,9%,34035.4,18379.12,222924.04,25%,80.45,20.11,55731.01
1403,shaeed rajaii,Germany,96020010,7702,169543,General Goods,5000,15,924.24,20%,9%,33908.6,18310.64,222686.48,25%,28.91,7.23,55671.62
1403,shaeed rajaii,Germany,85030030,19460,168998,Electrical Equipment,5000,15,2335.2,15%,9%,25349.7,17491.29,214174.19,25%,11.01,2.75,53543.55
1403,shaeed rajaii,Germany,29231020,100000,168863,Organic Chemicals,5000,15,12000,15%,9%,25329.45,17477.32,223669.77,25%,2.24,0.56,55917.44
1403,shaeed rajaii,Germany,38119000,32000,156842,Chemical Products,5000,15,3840,15%,9%,23526.3,16233.15,200441.45,25%,6.26,1.56,50110.36
1403,shaeed rajaii,Germany,84134000,41656,156121,Industrial Machinery,5000,15,4998.72,15%,9%,23418.15,16158.52,200696.39,25%,4.82,1.2,50174.1
1403,shaeed rajaii,Germany,84717090,4205,155491,Industrial Machinery,5000,15,504.6,15%,9%,23323.65,16093.32,195412.57,25%,46.47,11.62,48853.14
1403,shaeed rajaii,Germany,58079000,9850,154300,General Goods,5000,15,1182,20%,9%,30860,16664.4,203006.4,25%,20.61,5.15,50751.6
1403,shaeed rajaii,Germany,84459000,65280,151642,Industrial Machinery,5000,15,7833.6,15%,9%,22746.3,15694.95,197916.85,25%,3.03,0.76,49479.21
1403,shaeed rajaii,Germany,29419090,6130,150823,Organic Chemicals,5000,15,735.6,15%,9%,22623.45,15610.18,189792.23,25%,30.96,7.74,47448.06
1403,shaeed rajaii,Germany,29414000,3000,148239,Organic Chemicals,5000,15,360,15%,9%,22235.85,15342.74,186177.59,25%,62.06,15.52,46544.4
1403,shaeed rajaii,Germany,90191050,10649,144281,General Goods,5000,15,1277.88,20%,9%,28856.2,15582.35,189997.43,25%,17.84,4.46,47499.36
1403,shaeed rajaii,Germany,29163930,11200,143592,Organic Chemicals,5000,15,1344,15%,9%,21538.8,14861.77,181336.57,25%,16.19,4.05,45334.14
1403,shaeed rajaii,Germany,38231100,131000,143153,Chemical Products,5000,15,15720,15%,9%,21472.95,14816.34,195162.29,25%,1.49,0.37,48790.57
1403,shaeed rajaii,Germany,84192090,1811,143015,Industrial Machinery,5000,15,217.32,15%,9%,21452.25,14802.05,179486.62,25%,99.11,24.78,44871.66
1403,shaeed rajaii,Germany,39123900,5400,142961,Plastics & Polymers,5000,15,648,20%,9%,28592.2,15439.79,187640.99,25%,34.75,8.69,46910.25
1403,shaeed rajaii,Germany,29349990,1500,142608,Organic Chemicals,5000,15,180,15%,9%,21391.2,14759.93,178939.13,25%,119.29,29.82,44734.78
1403,shaeed rajaii,Germany,39234000,8317,135275,Plastics & Polymers,5000,15,998.04,20%,9%,27055,14609.7,177937.74,25%,21.39,5.35,44484.44
1403,shaeed rajaii,Germany,85291090,5371,134544,Electrical Equipment,5000,15,644.52,15%,9%,20181.6,13925.3,169295.42,25%,31.52,7.88,42323.86
1403,shaeed rajaii,Germany,90303300,5160,133755,General Goods,5000,15,619.2,20%,9%,26751,14445.54,175570.74,25%,34.03,8.51,43892.68
1403,shaeed rajaii,Germany,34023990,42000,133400,General Goods,5000,15,5040,20%,9%,26680,14407.2,179527.2,25%,4.27,1.07,44881.8
1403,shaeed rajaii,Germany,90261020,333,131435,General Goods,5000,15,39.96,20%,9%,26287,14194.98,171956.94,25%,516.39,129.1,42989.24
1403,shaeed rajaii,Germany,29232010,56000,130257,Organic Chemicals,5000,15,6720,15%,9%,19538.55,13481.6,169997.15,25%,3.04,0.76,42499.29
1403,shaeed rajaii,Germany,72254090,10805,128861,Iron & Steel Products,5000,15,1296.6,10%,9%,12886.1,12757.24,155800.94,25%,14.42,3.6,38950.24
1403,shaeed rajaii,Germany,84614000,5020,128726,Industrial Machinery,5000,15,602.4,15%,9%,19308.9,13323.14,161960.44,25%,32.26,8.06,40490.11
1403,shaeed rajaii,Germany,55095100,64638,126504,General Goods,5000,15,7756.56,20%,9%,25300.8,13662.43,173223.79,25%,2.68,0.67,43305.95
1403,shaeed rajaii,Germany,38059000,12000,123198,Chemical Products,5000,15,1440,15%,9%,18479.7,12750.99,155868.69,25%,12.99,3.25,38967.17
1403,shaeed rajaii,Germany,28352610,110000,121878,General Goods,5000,15,13200,20%,9%,24375.6,13162.82,172616.42,25%,1.57,0.39,43154.1
1403,shaeed rajaii,Germany,29126000,60000,121616,Organic Chemicals,5000,15,7200,15%,9%,18242.4,12587.26,159645.66,25%,2.66,0.66,39911.42
1403,shaeed rajaii,Germany,38130000,20000,120265,Chemical Products,5000,15,2400,15%,9%,18039.75,12447.43,153152.18,25%,7.66,1.92,38288.04
1403,shaeed rajaii,Germany,84135010,2450,116430,Industrial Machinery,5000,15,294,15%,9%,17464.5,12050.5,146239,25%,59.69,14.92,36559.75
1403,shaeed rajaii,Germany,84141090,2700,116124,Compressors & Pumps,5000,15,324,15%,9%,17418.6,12018.83,145885.43,25%,54.03,13.51,36471.36
1403,shaeed rajaii,Germany,28152000,60000,114265,General Goods,5000,15,7200,20%,9%,22853,12340.62,156658.62,25%,2.61,0.65,39164.66
1403,shaeed rajaii,Germany,84335920,48880,113325,Industrial Machinery,5000,15,5865.6,15%,9%,16998.75,11729.14,147918.49,25%,3.03,0.76,36979.62
1403,shaeed rajaii,Germany,31051090,13080,112634,General Goods,5000,15,1569.6,20%,9%,22526.8,12164.47,148894.87,25%,11.38,2.84,37223.72
1403,shaeed rajaii,Germany,84289090,22000,111229,Industrial Machinery,5000,15,2640,15%,9%,16684.35,11512.2,142065.55,25%,6.46,1.62,35516.39
1403,shaeed rajaii,Germany,29415090,2000,111027,Organic Chemicals,5000,15,240,15%,9%,16654.05,11491.29,139412.34,25%,69.71,17.43,34853.08
1403,shaeed rajaii,Germany,72202000,2000,110991,Iron & Steel Products,5000,15,240,10%,9%,11099.1,10988.11,133318.21,25%,66.66,16.66,33329.55
1403,shaeed rajaii,Germany,35051090,84000,110316,General Goods,5000,15,10080,20%,9%,22063.2,11914.13,154373.33,25%,1.84,0.46,38593.33
1403,shaeed rajaii,Germany,90261090,247,110255,General Goods,5000,15,29.64,20%,9%,22051,11907.54,144243.18,25%,583.98,146,36060.8
1403,shaeed rajaii,Germany,27030010,265390,107730,Mineral Fuels & Oils,5000,15,31846.8,5%,9%,5386.5,10180.48,155143.78,25%,0.58,0.14,38785.94
1403,shaeed rajaii,Germany,38123100,51800,107272,Chemical Products,5000,15,6216,15%,9%,16090.8,11102.65,140681.45,25%,2.72,0.68,35170.36
1403,shaeed rajaii,Germany,39073030,39000,106808,Plastics & Polymers,5000,15,4680,20%,9%,21361.6,11535.26,144384.86,25%,3.7,0.92,36096.21
1403,shaeed rajaii,Germany,85364990,4000,104663,Electrical Equipment,5000,15,480,15%,9%,15699.45,10832.62,131675.07,25%,32.92,8.23,32918.77
1403,shaeed rajaii,Germany,39089010,14400,104105,Plastics & Polymers,5000,15,1728,20%,9%,20821,11243.34,137897.34,25%,9.58,2.4,34474.34
1403,shaeed rajaii,Germany,34049000,21600,102112,General Goods,5000,15,2592,20%,9%,20422.4,11028.1,136154.5,25%,6.3,1.58,34038.62
1403,shaeed rajaii,Germany,29225090,54000,99741,Organic Chemicals,5000,15,6480,15%,9%,14961.15,10323.19,131505.34,25%,2.44,0.61,32876.34
1403,shaeed rajaii,Germany,25081000,243000,96641,General Goods,5000,15,29160,20%,9%,19328.2,10437.23,155566.43,25%,0.64,0.16,38891.61
1403,shaeed rajaii,Germany,84818021,1439,96618,Industrial Machinery,5000,15,172.68,15%,9%,14492.7,9999.96,121283.34,25%,84.28,21.07,30320.84
1403,shaeed rajaii,Germany,17021100,18200,95962,General Goods,5000,15,2184,20%,9%,19192.4,10363.9,127702.3,25%,7.02,1.76,31925.58
1403,shaeed rajaii,Germany,85319000,340,95958,Electrical Equipment,5000,15,40.8,15%,9%,14393.7,9931.65,120324.15,25%,353.89,88.47,30081.04
1403,shaeed rajaii,Germany,59119090,4581,93777,General Goods,5000,15,549.72,20%,9%,18755.4,10127.92,123210.04,25%,26.9,6.72,30802.51
1403,shaeed rajaii,Germany,39013000,44000,91774,Plastics & Polymers,5000,15,5280,20%,9%,18354.8,9911.59,125320.39,25%,2.85,0.71,31330.1
1403,shaeed rajaii,Germany,29031200,108000,91569,Organic Chemicals,5000,15,12960,15%,9%,13735.35,9477.39,127741.74,25%,1.18,0.3,31935.44
1403,shaeed rajaii,Germany,56031312,9488,90461,General Goods,5000,15,1138.56,20%,9%,18092.2,9769.79,119461.55,25%,12.59,3.15,29865.39
1403,shaeed rajaii,Germany,39069070,22000,89570,Plastics & Polymers,5000,15,2640,20%,9%,17914,9673.56,119797.56,25%,5.45,1.36,29949.39
1403,shaeed rajaii,Germany,85015390,7500,89054,Electrical Equipment,5000,15,900,15%,9%,13358.1,9217.09,112529.19,25%,15,3.75,28132.3
1403,shaeed rajaii,Germany,29412000,6900,86777,Organic Chemicals,5000,15,828,15%,9%,13016.55,8981.42,109602.97,25%,15.88,3.97,27400.74
1403,shaeed rajaii,Germany,55070000,20362,86220,General Goods,5000,15,2443.44,20%,9%,17244,9311.76,115219.2,25%,5.66,1.42,28804.8
1403,shaeed rajaii,Germany,29362100,1000,85175,Organic Chemicals,5000,15,120,15%,9%,12776.25,8815.61,106886.86,25%,106.89,26.72,26721.72
1403,shaeed rajaii,Germany,90312000,1810,84983,General Goods,5000,15,217.2,20%,9%,16996.6,9178.16,111374.96,25%,61.53,15.38,27843.74
1403,shaeed rajaii,Germany,73064010,20000,84754,Articles of Iron & Steel,5000,15,2400,10%,9%,8475.4,8390.65,104020.05,25%,5.2,1.3,26005.01
1403,shaeed rajaii,Germany,29181400,78000,84188,Organic Chemicals,5000,15,9360,15%,9%,12628.2,8713.46,114889.66,25%,1.47,0.37,28722.42
1403,shaeed rajaii,Germany,32089030,14000,82822,General Goods,5000,15,1680,20%,9%,16564.4,8944.78,110011.18,25%,7.86,1.96,27502.8
1403,shaeed rajaii,Germany,39053000,36000,79578,Plastics & Polymers,5000,15,4320,20%,9%,15915.6,8594.42,108408.02,25%,3.01,0.75,27102
1403,shaeed rajaii,Germany,85429000,962,78034,Semiconductors & Solar Cells,5000,15,115.44,15%,9%,11705.1,8076.52,97931.06,25%,101.8,25.45,24482.76
1403,shaeed rajaii,Germany,72254010,33651,77816,Iron & Steel Products,5000,15,4038.12,10%,9%,7781.6,7703.78,97339.5,25%,2.89,0.72,24334.88
1403,shaeed rajaii,Germany,29362500,1500,76180,Organic Chemicals,5000,15,180,15%,9%,11427,7884.63,95671.63,25%,63.78,15.94,23917.91
1403,shaeed rajaii,Germany,39079999,10000,74910,Plastics & Polymers,5000,15,1200,20%,9%,14982,8090.28,99182.28,25%,9.92,2.48,24795.57
1403,shaeed rajaii,Germany,87085019,32380,74647,Vehicle Parts & Accessories,5000,15,3885.6,25%,9%,18661.75,8397.79,105592.14,25%,3.26,0.82,26398.04
1403,shaeed rajaii,Germany,85013290,1559,73186,Electrical Equipment,5000,15,187.08,15%,9%,10977.9,7574.75,91925.73,25%,58.96,14.74,22981.43
1403,shaeed rajaii,Germany,54024700,45900,73145,General Goods,5000,15,5508,20%,9%,14629,7899.66,101181.66,25%,2.2,0.55,25295.42
1403,shaeed rajaii,Germany,72091600,98039,72345,Iron & Steel Products,5000,15,11764.68,10%,9%,7234.5,7162.16,98506.34,25%,1,0.25,24626.58
1403,shaeed rajaii,Germany,32149000,14500,71106,General Goods,5000,15,1740,20%,9%,14221.2,7679.45,94746.65,25%,6.53,1.63,23686.66
1403,shaeed rajaii,Germany,25161100,387360,68385,General Goods,5000,15,46483.2,20%,9%,13677,7385.58,135930.78,25%,0.35,0.09,33982.7
1403,shaeed rajaii,Germany,48109290,50000,67965,Paper & Paperboard,5000,15,6000,15%,9%,10194.75,7034.38,91194.13,25%,1.82,0.46,22798.53
1403,shaeed rajaii,Germany,40149000,7719,66705,Rubber & Tires,5000,15,926.28,20%,9%,13341,7204.14,88176.42,25%,11.42,2.86,22044.1
1403,shaeed rajaii,Germany,33021090,2000,66290,General Goods,5000,15,240,20%,9%,13258,7159.32,86947.32,25%,43.47,10.87,21736.83
1403,shaeed rajaii,Germany,84571000,48911,64314,Industrial Machinery,5000,15,5869.32,15%,9%,9647.1,6656.5,86486.92,25%,1.77,0.44,21621.73
1403,shaeed rajaii,Germany,85444900,1470,63952,Electrical Equipment,5000,15,176.4,15%,9%,9592.8,6619.03,80340.23,25%,54.65,13.66,20085.06
1403,shaeed rajaii,Germany,29362290,1250,63484,Organic Chemicals,5000,15,150,15%,9%,9522.6,6570.59,79727.19,25%,63.78,15.94,19931.8
1403,shaeed rajaii,Germany,29163120,60000,62628,Organic Chemicals,5000,15,7200,15%,9%,9394.2,6482,85704.2,25%,1.43,0.36,21426.05
1403,shaeed rajaii,Germany,85414900,24264,62031,Semiconductors & Solar Cells,5000,15,2911.68,15%,9%,9304.65,6420.21,80667.54,25%,3.32,0.83,20166.88
1403,shaeed rajaii,Germany,39069040,16720,60899,Plastics & Polymers,5000,15,2006.4,20%,9%,12179.8,6577.09,81662.29,25%,4.88,1.22,20415.57
1403,shaeed rajaii,Germany,90278950,582,59796,General Goods,5000,15,69.84,20%,9%,11959.2,6457.97,78283.01,25%,134.51,33.63,19570.75
1403,shaeed rajaii,Germany,38122090,14000,57621,Chemical Products,5000,15,1680,15%,9%,8643.15,5963.77,73907.92,25%,5.28,1.32,18476.98
1403,shaeed rajaii,Germany,83024190,2889,55693,General Goods,5000,15,346.68,20%,9%,11138.6,6014.84,73193.12,25%,25.34,6.34,18298.28
1403,shaeed rajaii,Germany,38221920,538,55254,Chemical Products,5000,15,64.56,15%,9%,8288.1,5718.79,69325.45,25%,128.86,32.22,17331.36
1403,shaeed rajaii,Germany,28421020,48000,54459,General Goods,5000,15,5760,20%,9%,10891.8,5881.57,76992.37,25%,1.6,0.4,19248.09
1403,shaeed rajaii,Germany,55101100,18900,51077,General Goods,5000,15,2268,20%,9%,10215.4,5516.32,69076.72,25%,3.65,0.91,17269.18
1403,shaeed rajaii,Germany,29051300,26400,50090,Organic Chemicals,5000,15,3168,15%,9%,7513.5,5184.31,65955.81,25%,2.5,0.62,16488.95
1403,shaeed rajaii,Germany,84229090,120,50008,Industrial Machinery,5000,15,14.4,15%,9%,7501.2,5175.83,62699.43,25%,522.5,130.62,15674.86
1403,shaeed rajaii,Germany,29400090,41800,49560,Organic Chemicals,5000,15,5016,15%,9%,7434,5129.46,67139.46,25%,1.61,0.4,16784.87
1403,shaeed rajaii,Germany,21022000,17000,48453,General Goods,5000,15,2040,20%,9%,9690.6,5232.92,65416.52,25%,3.85,0.96,16354.13
1403,shaeed rajaii,Germany,84623900,850,47614,Industrial Machinery,5000,15,102,15%,9%,7142.1,4928.05,59786.15,25%,70.34,17.58,14946.54
1403,shaeed rajaii,Germany,48115900,17372,47095,Paper & Paperboard,5000,15,2084.64,15%,9%,7064.25,4874.33,61118.22,25%,3.52,0.88,15279.56
1403,shaeed rajaii,Germany,29242100,5000,46750,Organic Chemicals,5000,15,600,15%,9%,7012.5,4838.62,59201.12,25%,11.84,2.96,14800.28
1403,shaeed rajaii,Germany,90328940,101,46742,General Goods,5000,15,12.12,20%,9%,9348.4,5048.14,61150.66,25%,605.45,151.36,15287.66
1403,shaeed rajaii,Germany,29072200,16189,45480,Organic Chemicals,5000,15,1942.68,15%,9%,6822,4707.18,58951.86,25%,3.64,0.91,14737.96
1403,shaeed rajaii,Germany,72192200,19322,45405,Iron & Steel Products,5000,15,2318.64,10%,9%,4540.5,4495.1,56759.24,25%,2.94,0.74,14189.81
1403,shaeed rajaii,Germany,90251920,112,45211,General Goods,5000,15,13.44,20%,9%,9042.2,4882.79,59149.43,25%,528.12,132.03,14787.36
1403,shaeed rajaii,Germany,29171990,15200,44929,Organic Chemicals,5000,15,1824,15%,9%,6739.35,4650.15,58142.5,25%,3.83,0.96,14535.62
1403,shaeed rajaii,Germany,85371020,492,44854,Electrical Equipment,5000,15,59.04,15%,9%,6728.1,4642.39,56283.53,25%,114.4,28.6,14070.88
1403,shaeed rajaii,Germany,39129000,18450,43588,Plastics & Polymers,5000,15,2214,20%,9%,8717.6,4707.5,59227.1,25%,3.21,0.8,14806.78
1403,shaeed rajaii,Germany,48101300,24362,43380,Paper & Paperboard,5000,15,2923.44,15%,9%,6507,4489.83,57300.27,25%,2.35,0.59,14325.07
1403,shaeed rajaii,Germany,29213090,9000,43154,Organic Chemicals,5000,15,1080,15%,9%,6473.1,4466.44,55173.54,25%,6.13,1.53,13793.38
1403,shaeed rajaii,Germany,40111010,10807,42849,Rubber & Tires,5000,15,1296.84,20%,9%,8569.8,4627.69,57343.33,25%,5.31,1.33,14335.83
1403,shaeed rajaii,Germany,84145990,915,42757,Compressors & Pumps,5000,15,109.8,15%,9%,6413.55,4425.35,53705.7,25%,58.69,14.67,13426.42
1403,shaeed rajaii,Germany,48116000,23931,42424,Paper & Paperboard,5000,15,2871.72,15%,9%,6363.6,4390.88,56050.2,25%,2.34,0.58,14012.55
1403,shaeed rajaii,Germany,39131000,4000,41563,Plastics & Polymers,5000,15,480,20%,9%,8312.6,4488.8,54844.4,25%,13.71,3.43,13711.1
1403,shaeed rajaii,Germany,90159000,6624,41563,General Goods,5000,15,794.88,20%,9%,8312.6,4488.8,55159.28,25%,8.33,2.08,13789.82
1403,shaeed rajaii,Germany,39111000,26500,41501,Plastics & Polymers,5000,15,3180,20%,9%,8300.2,4482.11,57463.31,25%,2.17,0.54,14365.83
1403,shaeed rajaii,Germany,44079590,39981,40898,General Goods,5000,15,4797.72,20%,9%,8179.6,4416.98,58292.3,25%,1.46,0.36,14573.08
1403,shaeed rajaii,Germany,37019920,5292,40693,General Goods,5000,15,635.04,20%,9%,8138.6,4394.84,53861.48,25%,10.18,2.54,13465.37
1403,shaeed rajaii,Germany,84689000,1100,39640,Industrial Machinery,5000,15,132,15%,9%,5946,4102.74,49820.74,25%,45.29,11.32,12455.18
1403,shaeed rajaii,Germany,48221000,32751,38661,Paper & Paperboard,5000,15,3930.12,15%,9%,5799.15,4001.41,52391.68,25%,1.6,0.4,13097.92
1403,shaeed rajaii,Germany,40021900,16000,38338,Rubber & Tires,5000,15,1920,20%,9%,7667.6,4140.5,52066.1,25%,3.25,0.81,13016.52
1403,shaeed rajaii,Germany,73121015,19211,37576,Articles of Iron & Steel,5000,15,2305.32,10%,9%,3757.6,3720.02,47358.94,25%,2.47,0.62,11839.74
1403,shaeed rajaii,Germany,73079900,28043,37020,Articles of Iron & Steel,5000,15,3365.16,10%,9%,3702,3664.98,47752.14,25%,1.7,0.42,11938.04
1403,shaeed rajaii,Germany,84137090,2269,36547,Industrial Machinery,5000,15,272.28,15%,9%,5482.05,3782.61,46083.94,25%,20.31,5.08,11520.98
1403,shaeed rajaii,Germany,72112990,21735,36189,Iron & Steel Products,5000,15,2608.2,10%,9%,3618.9,3582.71,45998.81,25%,2.12,0.53,11499.7
1403,shaeed rajaii,Germany,31026090,47925,34717,General Goods,5000,15,5751,20%,9%,6943.4,3749.44,51160.84,25%,1.07,0.27,12790.21
1403,shaeed rajaii,Germany,28111990,13500,33946,General Goods,5000,15,1620,20%,9%,6789.2,3666.17,46021.37,25%,3.41,0.85,11505.34
1403,shaeed rajaii,Germany,84779000,360,33565,Industrial Machinery,5000,15,43.2,15%,9%,5034.75,3473.98,42116.93,25%,116.99,29.25,10529.23
1403,shaeed rajaii,Germany,29161400,14400,33260,Organic Chemicals,5000,15,1728,15%,9%,4989,3442.41,43419.41,25%,3.02,0.76,10854.85
1403,shaeed rajaii,Germany,72285000,8535,33178,Iron & Steel Products,5000,15,1024.2,10%,9%,3317.8,3284.62,40804.62,25%,4.78,1.2,10201.16
1403,shaeed rajaii,Germany,25221000,44100,32705,General Goods,5000,15,5292,20%,9%,6541,3532.14,48070.14,25%,1.09,0.27,12017.54
1403,shaeed rajaii,Germany,34024190,16000,32658,General Goods,5000,15,1920,20%,9%,6531.6,3527.06,44636.66,25%,2.79,0.7,11159.16
1403,shaeed rajaii,Germany,84602300,16730,32548,Industrial Machinery,5000,15,2007.6,15%,9%,4882.2,3368.72,42806.52,25%,2.56,0.64,10701.63
1403,shaeed rajaii,Germany,48042100,27746,32381,Paper & Paperboard,5000,15,3329.52,15%,9%,4857.15,3351.43,43919.1,25%,1.58,0.4,10979.78
1403,shaeed rajaii,Germany,84595900,14800,32306,Industrial Machinery,5000,15,1776,15%,9%,4845.9,3343.67,42271.57,25%,2.86,0.72,10567.89
1403,shaeed rajaii,Germany,85153120,2360,32147,Electrical Equipment,5000,15,283.2,15%,9%,4822.05,3327.21,40579.46,25%,17.19,4.3,10144.86
1403,shaeed rajaii,Germany,70196410,2175,32100,General Goods,5000,15,261,20%,9%,6420,3466.8,42247.8,25%,19.42,4.86,10561.95
1403,shaeed rajaii,Germany,90153000,630,31632,General Goods,5000,15,75.6,20%,9%,6326.4,3416.26,41450.26,25%,65.79,16.45,10362.56
1403,shaeed rajaii,Germany,25120000,42900,31245,General Goods,5000,15,5148,20%,9%,6249,3374.46,46016.46,25%,1.07,0.27,11504.12
1403,shaeed rajaii,Germany,72155000,16470,30901,Iron & Steel Products,5000,15,1976.4,10%,9%,3090.1,3059.2,39026.7,25%,2.37,0.59,9756.67
1403,shaeed rajaii,Germany,39204340,12000,30769,Plastics & Polymers,5000,15,1440,20%,9%,6153.8,3323.05,41685.85,25%,3.47,0.87,10421.46
1403,shaeed rajaii,Germany,28211000,17800,29974,General Goods,5000,15,2136,20%,9%,5994.8,3237.19,41341.99,25%,2.32,0.58,10335.5
1403,shaeed rajaii,Germany,83099030,3118,29636,General Goods,5000,15,374.16,20%,9%,5927.2,3200.69,39138.05,25%,12.55,3.14,9784.51
1403,shaeed rajaii,Germany,85015210,442,28702,Electrical Equipment,5000,15,53.04,15%,9%,4305.3,2970.66,36031,25%,81.52,20.38,9007.75
1403,shaeed rajaii,Germany,29201900,10000,27229,Organic Chemicals,5000,15,1200,15%,9%,4084.35,2818.2,35331.55,25%,3.53,0.88,8832.89
1403,shaeed rajaii,Germany,84659500,717,27031,Industrial Machinery,5000,15,86.04,15%,9%,4054.65,2797.71,33969.4,25%,47.38,11.84,8492.35
1403,shaeed rajaii,Germany,29336990,150,26622,Organic Chemicals,5000,15,18,15%,9%,3993.3,2755.38,33388.68,25%,222.59,55.65,8347.17
1403,shaeed rajaii,Germany,39173990,1775,26214,Plastics & Polymers,5000,15,213,20%,9%,5242.8,2831.11,34500.91,25%,19.44,4.86,8625.23
1403,shaeed rajaii,Germany,28399090,3660,25760,General Goods,5000,15,439.2,20%,9%,5152,2782.08,34133.28,25%,9.33,2.33,8533.32
1403,shaeed rajaii,Germany,31029000,3168,25313,General Goods,5000,15,380.16,20%,9%,5062.6,2733.8,33489.56,25%,10.57,2.64,8372.39
1403,shaeed rajaii,Germany,72288000,4370,24694,Iron & Steel Products,5000,15,524.4,10%,9%,2469.4,2444.71,30132.51,25%,6.9,1.72,7533.13
1403,shaeed rajaii,Germany,84485900,180,24158,Industrial Machinery,5000,15,21.6,15%,9%,3623.7,2500.35,30303.65,25%,168.35,42.09,7575.91
1403,shaeed rajaii,Germany,73181590,4950,23847,Articles of Iron & Steel,5000,15,594,10%,9%,2384.7,2360.85,29186.55,25%,5.9,1.48,7296.64
1403,shaeed rajaii,Germany,84821000,255,23767,Industrial Machinery,5000,15,30.6,15%,9%,3565.05,2459.88,29822.53,25%,116.95,29.24,7455.63
1403,shaeed rajaii,Germany,34023910,10000,23161,General Goods,5000,15,1200,20%,9%,4632.2,2501.39,31494.59,25%,3.15,0.79,7873.65
1403,shaeed rajaii,Germany,11042200,42075,22580,General Goods,5000,15,5049,20%,9%,4516,2438.64,34583.64,25%,0.82,0.2,8645.91
1403,shaeed rajaii,Germany,84433290,1100,21826,Industrial Machinery,5000,15,132,15%,9%,3273.9,2258.99,27490.89,25%,24.99,6.25,6872.72
1403,shaeed rajaii,Germany,85044080,2250,21129,Electrical Equipment,5000,15,270,15%,9%,3169.35,2186.85,26755.2,25%,11.89,2.97,6688.8
1403,shaeed rajaii,Germany,28259000,19600,20907,General Goods,5000,15,2352,20%,9%,4181.4,2257.96,29698.36,25%,1.52,0.38,7424.59
1403,shaeed rajaii,Germany,39199090,4380,20860,Plastics & Polymers,5000,15,525.6,20%,9%,4172,2252.88,27810.48,25%,6.35,1.59,6952.62
1403,shaeed rajaii,Germany,73079100,8480,20248,Articles of Iron & Steel,5000,15,1017.6,10%,9%,2024.8,2004.55,25294.95,25%,2.98,0.74,6323.74
1403,shaeed rajaii,Germany,84189990,775,19344,Industrial Machinery,5000,15,93,15%,9%,2901.6,2002.1,24340.7,25%,31.41,7.85,6085.18
1403,shaeed rajaii,Germany,84836000,1192,18374,Industrial Machinery,5000,15,143.04,15%,9%,2756.1,1901.71,23174.85,25%,19.44,4.86,5793.71
1403,shaeed rajaii,Germany,84431390,525,18082,Industrial Machinery,5000,15,63,15%,9%,2712.3,1871.49,22728.79,25%,43.29,10.82,5682.2
1403,shaeed rajaii,Germany,85352120,200,17812,Electrical Equipment,5000,15,24,15%,9%,2671.8,1843.54,22351.34,25%,111.76,27.94,5587.84
1403,shaeed rajaii,Germany,73081000,210,17435,Articles of Iron & Steel,5000,15,25.2,10%,9%,1743.5,1726.06,20929.76,25%,99.67,24.92,5232.44
1403,shaeed rajaii,Germany,82121000,1548,17106,General Goods,5000,15,185.76,20%,9%,3421.2,1847.45,22560.41,25%,14.57,3.64,5640.1
1403,shaeed rajaii,Germany,72192300,6000,16824,Iron & Steel Products,5000,15,720,10%,9%,1682.4,1665.58,20891.98,25%,3.48,0.87,5223
1403,shaeed rajaii,Germany,85441100,995,16767,Electrical Equipment,5000,15,119.4,15%,9%,2515.05,1735.38,21136.83,25%,21.24,5.31,5284.21
1403,shaeed rajaii,Germany,73079200,600,15018,Articles of Iron & Steel,5000,15,72,10%,9%,1501.8,1486.78,18078.58,25%,30.13,7.53,4519.65
1403,shaeed rajaii,Germany,29332990,1000,14978,Organic Chemicals,5000,15,120,15%,9%,2246.7,1550.22,18894.92,25%,18.89,4.72,4723.73
1403,shaeed rajaii,Germany,84818082,2200,14900,Industrial Machinery,5000,15,264,15%,9%,2235,1542.15,18941.15,25%,8.61,2.15,4735.29
1403,shaeed rajaii,Germany,84823000,375,14880,Industrial Machinery,5000,15,45,15%,9%,2232,1540.08,18697.08,25%,49.86,12.46,4674.27
1403,shaeed rajaii,Germany,84314990,31,14110,Industrial Machinery,5000,15,3.72,15%,9%,2116.5,1460.38,17690.6,25%,570.66,142.66,4422.65
1403,shaeed rajaii,Germany,84322990,23920,13116,Industrial Machinery,5000,15,2870.4,15%,9%,1967.4,1357.51,19311.31,25%,0.81,0.2,4827.83
1403,shaeed rajaii,Germany,28429090,2000,12913,General Goods,5000,15,240,20%,9%,2582.6,1394.6,17130.2,25%,8.57,2.14,4282.55
1403,shaeed rajaii,Germany,84149010,242,12854,Compressors & Pumps,5000,15,29.04,15%,9%,1928.1,1330.39,16141.53,25%,66.7,16.68,4035.38
1403,shaeed rajaii,Germany,72191400,6000,12490,Iron & Steel Products,5000,15,720,10%,9%,1249,1236.51,15695.51,25%,2.62,0.66,3923.88
1403,shaeed rajaii,Germany,59061000,1381,12256,General Goods,5000,15,165.72,20%,9%,2451.2,1323.65,16196.57,25%,11.73,2.93,4049.14
1403,shaeed rajaii,Germany,72191300,6000,12157,Iron & Steel Products,5000,15,720,10%,9%,1215.7,1203.54,15296.24,25%,2.55,0.64,3824.06
1403,shaeed rajaii,Germany,85159000,645,12025,Electrical Equipment,5000,15,77.4,15%,9%,1803.75,1244.59,15150.74,25%,23.49,5.87,3787.68
1403,shaeed rajaii,Germany,72191200,3000,10677,Iron & Steel Products,5000,15,360,10%,9%,1067.7,1057.02,13161.72,25%,4.39,1.1,3290.43
1403,shaeed rajaii,Germany,28323010,5623,10602,General Goods,5000,15,674.76,20%,9%,2120.4,1145.02,14542.18,25%,2.59,0.65,3635.54
1403,shaeed rajaii,Germany,40082900,222,10373,Rubber & Tires,5000,15,26.64,20%,9%,2074.6,1120.28,13594.52,25%,61.24,15.31,3398.63
1403,shaeed rajaii,Germany,84314300,2150,9922,Industrial Machinery,5000,15,258,15%,9%,1488.3,1026.93,12695.23,25%,5.9,1.48,3173.81
1403,shaeed rajaii,Germany,84129000,36,9455,Industrial Machinery,5000,15,4.32,15%,9%,1418.25,978.59,11856.16,25%,329.34,82.34,2964.04
1403,shaeed rajaii,Germany,87084020,1600,8714,Vehicle Parts & Accessories,5000,15,192,25%,9%,2178.5,980.32,12064.82,25%,7.54,1.88,3016.2
1403,shaeed rajaii,Germany,90328990,108,8604,General Goods,5000,15,12.96,20%,9%,1720.8,929.23,11266.99,25%,104.32,26.08,2816.75
1403,shaeed rajaii,Germany,90152010,253,8221,General Goods,5000,15,30.36,20%,9%,1644.2,887.87,10783.43,25%,42.62,10.66,2695.86
1403,shaeed rajaii,Germany,84139100,50,8130,Industrial Machinery,5000,15,6,15%,9%,1219.5,841.46,10196.96,25%,203.94,50.98,2549.24
1403,shaeed rajaii,Germany,84248990,420,8066,Industrial Machinery,5000,15,50.4,15%,9%,1209.9,834.83,10161.13,25%,24.19,6.05,2540.28
1403,shaeed rajaii,Germany,85366910,40,7940,Electrical Equipment,5000,15,4.8,15%,9%,1191,821.79,9957.59,25%,248.94,62.24,2489.4
1403,shaeed rajaii,Germany,73181510,219,7520,Articles of Iron & Steel,5000,15,26.28,10%,9%,752,744.48,9042.76,25%,41.29,10.32,2260.69
1403,shaeed rajaii,Germany,85340000,150,7398,Electrical Equipment,5000,15,18,15%,9%,1109.7,765.69,9291.39,25%,61.94,15.48,2322.85
1403,shaeed rajaii,Germany,73182300,2026,7370,Articles of Iron & Steel,5000,15,243.12,10%,9%,737,729.63,9079.75,25%,4.48,1.12,2269.94
1403,shaeed rajaii,Germany,85423100,4,7136,Semiconductors & Solar Cells,5000,15,0.48,15%,9%,1070.4,738.58,8945.46,25%,2236.36,559.09,2236.36
1403,shaeed rajaii,Germany,85411000,1,7128,Semiconductors & Solar Cells,5000,15,0.12,15%,9%,1069.2,737.75,8935.07,25%,8935.07,2233.77,2233.77
1403,shaeed rajaii,Germany,44079300,8500,6719,General Goods,5000,15,1020,20%,9%,1343.8,725.65,9808.45,25%,1.15,0.29,2452.11
1403,shaeed rajaii,Germany,72192400,3000,6440,Iron & Steel Products,5000,15,360,10%,9%,644,637.56,8081.56,25%,2.69,0.67,2020.39
1403,shaeed rajaii,Germany,84213990,67,6275,Industrial Machinery,5000,15,8.04,15%,9%,941.25,649.46,7873.75,25%,117.52,29.38,1968.44
1403,shaeed rajaii,Germany,72193300,4032,6243,Iron & Steel Products,5000,15,483.84,10%,9%,624.3,618.06,7969.2,25%,1.98,0.5,1992.3
1403,shaeed rajaii,Germany,84136010,120,5795,Industrial Machinery,5000,15,14.4,15%,9%,869.25,599.78,7278.43,25%,60.65,15.16,1819.61
1403,shaeed rajaii,Germany,85044030,100,5688,Electrical Equipment,5000,15,12,15%,9%,853.2,588.71,7141.91,25%,71.42,17.86,1785.48
1403,shaeed rajaii,Germany,84249000,1,5526,Industrial Machinery,5000,15,0.12,15%,9%,828.9,571.94,6926.96,25%,6926.96,1731.74,1731.74
1403,shaeed rajaii,Germany,73181690,450,5505,Articles of Iron & Steel,5000,15,54,10%,9%,550.5,545,6654.5,25%,14.79,3.7,1663.62
1403,shaeed rajaii,Germany,86090000,4200,5175,General Goods,5000,15,504,20%,9%,1035,558.9,7272.9,25%,1.73,0.43,1818.22
1403,shaeed rajaii,Germany,82119100,1183,4736,General Goods,5000,15,141.96,20%,9%,947.2,511.49,6336.65,25%,5.36,1.34,1584.16
1403,shaeed rajaii,Germany,29094300,1331,4105,Organic Chemicals,5000,15,159.72,15%,9%,615.75,424.87,5305.34,25%,3.99,1,1326.34
1403,shaeed rajaii,Germany,85472000,27,3605,Electrical Equipment,5000,15,3.24,15%,9%,540.75,373.12,4522.11,25%,167.49,41.87,1130.53
1403,shaeed rajaii,Germany,73041100,227,3220,Articles of Iron & Steel,5000,15,27.24,10%,9%,322,318.78,3888.02,25%,17.13,4.28,972
1403,shaeed rajaii,Germany,85322200,44,3150,Electrical Equipment,5000,15,5.28,15%,9%,472.5,326.02,3953.8,25%,89.86,22.46,988.45
1403,shaeed rajaii,Germany,84822000,5,3129,Industrial Machinery,5000,15,0.6,15%,9%,469.35,323.85,3922.8,25%,784.56,196.14,980.7
1403,shaeed rajaii,Germany,85322510,12,3085,Electrical Equipment,5000,15,1.44,15%,9%,462.75,319.3,3868.49,25%,322.37,80.59,967.12
1403,shaeed rajaii,Germany,84798200,225,2914,Machines & Mechanical Appliances,5000,15,27,15%,9%,437.1,301.6,3679.7,25%,16.35,4.09,919.92
1403,shaeed rajaii,Germany,39069099,26,2824,Plastics & Polymers,5000,15,3.12,20%,9%,564.8,304.99,3696.91,25%,142.19,35.55,924.23
1403,shaeed rajaii,Germany,84831020,2,2592,Industrial Machinery,5000,15,0.24,15%,9%,388.8,268.27,3249.31,25%,1624.66,406.16,812.33
1403,shaeed rajaii,Germany,85412100,1,2216,Semiconductors & Solar Cells,5000,15,0.12,15%,9%,332.4,229.36,2777.88,25%,2777.88,694.47,694.47
1403,shaeed rajaii,Germany,32041790,20,2172,General Goods,5000,15,2.4,20%,9%,434.4,234.58,2843.38,25%,142.17,35.54,710.84
1403,shaeed rajaii,Germany,85414100,1,1367,Semiconductors & Solar Cells,5000,15,0.12,15%,9%,205.05,141.48,1713.65,25%,1713.65,428.41,428.41
1403,shaeed rajaii,Germany,39094030,500,1046,Plastics & Polymers,5000,15,60,20%,9%,209.2,112.97,1428.17,25%,2.86,0.72,357.04
1403,shaeed rajaii,Germany,85044070,9,908,Electrical Equipment,5000,15,1.08,15%,9%,136.2,93.98,1139.26,25%,126.58,31.64,284.82
1403,shaeed rajaii,Germany,85331020,9,617,Electrical Equipment,5000,15,1.08,15%,9%,92.55,63.86,774.49,25%,86.05,21.51,193.62
1403,shaeed rajaii,Germany,84814000,3,611,Industrial Machinery,5000,15,0.36,15%,9%,91.65,63.24,766.25,25%,255.42,63.86,191.56
1403,shaeed rajaii,Germany,94016900,3800,50,General Goods,5000,15,456,20%,9%,10,5.4,521.4,25%,0.14,0.04,130.35
