year,port,country,HS,weight-kg,worth-usd,tariff,VAT,distance,s-cost,delivery-days
1403,shaeed rajaii,China,98870315,"11,179,099","176,091,909",,,,,
1403,shaeed rajaii,China,98871182,"20,632,931","162,439,389",,,,,
1403,shaeed rajaii,China,98871183,"20,275,247","140,716,265",,,,,
1403,shaeed rajaii,China,87032290,"14,735,380","124,830,304",,,,,
1403,shaeed rajaii,China,98870121,"14,375,399","113,825,856",,,,,
1403,shaeed rajaii,China,27040090,"314,416,149","108,949,584",,,,,
1403,shaeed rajaii,China,85451100,"48,494,532","108,569,786",,,,,
1403,shaeed rajaii,China,72091700,"137,530,252","107,963,886",,,,,
1403,shaeed rajaii,China,85414300,"27,433,198","107,136,956",,,,,
1403,shaeed rajaii,China,72083900,"129,909,544","81,694,236",,,,,
1403,shaeed rajaii,China,98842930,"15,107,166","79,739,907",,,,,
1403,shaeed rajaii,China,39095000,"43,926,038","74,779,598",,,,,
1403,shaeed rajaii,China,48109290,"80,460,074","73,799,452",,,,,
1403,shaeed rajaii,China,72193400,"29,263,198","65,746,910",,,,,
1403,shaeed rajaii,China,84143011,"14,899,717","59,500,871",,,,,
1403,shaeed rajaii,China,32061190,"21,491,485","57,886,295",,,,,
1403,shaeed rajaii,China,84798990,"5,382,409","55,611,846",,,,,
1403,shaeed rajaii,China,40112010,"17,746,019","55,172,511",,,,,
1403,shaeed rajaii,China,84812010,"1,159,604","54,862,949",,,,,
1403,shaeed rajaii,China,76071190,"14,416,992","54,846,659",,,,,
1403,shaeed rajaii,China,73041990,"53,803,556","54,651,303",,,,,
1403,shaeed rajaii,China,85241900,"1,968,940","53,240,714",,,,,
1403,shaeed rajaii,China,87085032,"10,389,467","53,015,685",,,,,
1403,shaeed rajaii,China,84543000,"6,026,475","51,314,205",,,,,
1403,shaeed rajaii,China,87038000,"4,164,627","49,442,692",,,,,
1403,shaeed rajaii,China,72091600,"62,386,251","48,685,243",,,,,
1403,shaeed rajaii,China,84807100,"4,157,530","48,134,250",,,,,
1403,shaeed rajaii,China,87089413,"3,073,747","47,478,072",,,,,
1403,shaeed rajaii,China,84099190,"1,894,201","44,654,045",,,,,
1403,shaeed rajaii,China,72082700,"65,088,721","44,525,598",,,,,
1403,shaeed rajaii,China,87024000,"93,238","44,520,652",,,,,
1403,shaeed rajaii,China,84771000,"10,246,857","42,854,968",,,,,
1403,shaeed rajaii,China,84522900,"8,948,914","42,500,601",,,,,
1403,shaeed rajaii,China,84732900,"293,426","42,130,668",,,,,
1403,shaeed rajaii,China,72107090,"45,401,083","41,775,741",,,,,
1403,shaeed rajaii,China,98870224,"3,337,017","40,747,254",,,,,
1403,shaeed rajaii,China,39076110,"34,564,139","40,001,799",,,,,
1403,shaeed rajaii,China,98842910,"7,749,978","38,954,857",,,,,
1403,shaeed rajaii,China,12060090,"22,339,820","38,371,944",,,,,
1403,shaeed rajaii,China,54024600,"29,899,054","37,671,827",,,,,
1403,shaeed rajaii,China,84171000,"3,925,675","37,416,868",,,,,
1403,shaeed rajaii,China,84143020,"6,617,492","36,612,112",,,,,
1403,shaeed rajaii,China,54024700,"23,991,025","36,204,150",,,,,
1403,shaeed rajaii,China,85249900,"1,758,807","35,865,124",,,,,
1403,shaeed rajaii,China,40112030,"13,107,235","35,839,231",,,,,
1403,shaeed rajaii,China,85395100,"1,567,961","35,457,142",,,,,
1403,shaeed rajaii,China,29419090,"1,524,012","35,267,303",,,,,
1403,shaeed rajaii,China,84772000,"2,673,356","32,933,697",,,,,
1403,shaeed rajaii,China,40112020,"10,281,754","32,734,735",,,,,
1403,shaeed rajaii,China,48025700,"30,609,690","32,669,779",,,,,
1403,shaeed rajaii,China,39021020,"25,704,489","32,210,120",,,,,
1403,shaeed rajaii,China,98870436,"5,270,967","31,641,258",,,,,
1403,shaeed rajaii,China,72101200,"24,599,641","31,563,937",,,,,
1403,shaeed rajaii,China,85011010,"1,752,353","31,106,897",,,,,
1403,shaeed rajaii,China,84778000,"4,314,287","30,745,933",,,,,
1403,shaeed rajaii,China,98870435,"4,743,537","30,286,945",,,,,
1403,shaeed rajaii,China,84821000,"3,814,546","29,808,972",,,,,
1403,shaeed rajaii,China,72193300,"14,898,940","28,916,001",,,,,
1403,shaeed rajaii,China,38089113,"1,583,798","28,889,034",,,,,
1403,shaeed rajaii,China,48142000,"8,653,082","28,750,234",,,,,
1403,shaeed rajaii,China,54023300,"18,051,662","28,315,216",,,,,
1403,shaeed rajaii,China,73043900,"30,001,090","28,194,295",,,,,
1403,shaeed rajaii,China,48101900,"30,106,106","27,823,134",,,,,
1403,shaeed rajaii,China,84752900,"1,932,959","27,537,760",,,,,
1403,shaeed rajaii,China,85340000,"1,266,538","26,998,847",,,,,
1403,shaeed rajaii,China,55041000,"13,976,171","26,700,488",,,,,
1403,shaeed rajaii,China,39100090,"9,246,094","26,316,669",,,,,
1403,shaeed rajaii,China,83099030,"3,330,108","26,221,488",,,,,
1403,shaeed rajaii,China,90318040,"364,061","26,011,777",,,,,
1403,shaeed rajaii,China,84069000,"5,583,194","25,753,989",,,,,
1403,shaeed rajaii,China,73045900,"15,541,086","25,638,223",,,,,
1403,shaeed rajaii,China,98842920,"5,424,730","25,556,590",,,,,
1403,shaeed rajaii,China,70191200,"33,291,167","25,316,070",,,,,
1403,shaeed rajaii,China,84137090,"4,926,104","25,231,798",,,,,
1403,shaeed rajaii,China,39069070,"11,295,553","24,893,179",,,,,
1403,shaeed rajaii,China,84743900,"3,609,784","24,777,707",,,,,
1403,shaeed rajaii,China,27131200,"30,263,596","23,486,490",,,,,
1403,shaeed rajaii,China,72104900,"26,975,558","23,337,277",,,,,
1403,shaeed rajaii,China,84819030,"4,661,466","22,646,403",,,,,
1403,shaeed rajaii,China,48115900,"10,152,473","22,640,783",,,,,
1403,shaeed rajaii,China,40118090,"4,805,885","22,359,243",,,,,
1403,shaeed rajaii,China,29224100,"13,580,450","22,116,536",,,,,
1403,shaeed rajaii,China,29411030,"538,950","22,041,669",,,,,
1403,shaeed rajaii,China,84818090,"2,341,739","21,835,999",,,,,
1403,shaeed rajaii,China,87021000,"1,542,070","21,425,987",,,,,
1403,shaeed rajaii,China,38089313,"4,504,126","21,392,203",,,,,
1403,shaeed rajaii,China,68042290,"6,127,584","21,374,048",,,,,
1403,shaeed rajaii,China,48059110,"8,794,581","20,977,738",,,,,
1403,shaeed rajaii,China,98870442,"2,564,779","20,760,736",,,,,
1403,shaeed rajaii,China,85399030,"3,403,928","20,735,230",,,,,
1403,shaeed rajaii,China,29171200,"14,677,000","20,726,918",,,,,
1403,shaeed rajaii,China,39076120,"17,442,400","20,469,496",,,,,
1403,shaeed rajaii,China,81082000,"527,896","20,126,337",,,,,
1403,shaeed rajaii,China,54024400,"4,436,798","19,946,569",,,,,
1403,shaeed rajaii,China,84139100,"1,910,581","19,823,044",,,,,
1403,shaeed rajaii,China,29415090,"197,879","19,791,582",,,,,
1403,shaeed rajaii,China,84151010,"4,033,716","19,735,915",,,,,
1403,shaeed rajaii,China,40112090,"6,388,268","19,490,633",,,,,
1403,shaeed rajaii,China,29173600,"24,193,600","19,423,825",,,,,
1403,shaeed rajaii,China,85249100,"799,577","19,401,907",,,,,
1403,shaeed rajaii,China,38089124,"2,063,930","19,058,457",,,,,
1403,shaeed rajaii,China,39013000,"9,805,125","18,948,724",,,,,
1403,shaeed rajaii,China,72251900,"20,086,817","18,716,151",,,,,
1403,shaeed rajaii,China,48025500,"19,020,624","18,587,575",,,,,
1403,shaeed rajaii,China,98870122,"2,785,197","18,232,875",,,,,
1403,shaeed rajaii,China,76061290,"3,946,750","17,691,423",,,,,
1403,shaeed rajaii,China,85169000,"1,817,806","17,339,342",,,,,
1403,shaeed rajaii,China,85429000,"645,352","17,257,187",,,,,
1403,shaeed rajaii,China,29291090,"5,030,138","17,088,798",,,,,
1403,shaeed rajaii,China,72091810,"17,135,381","17,042,102",,,,,
1403,shaeed rajaii,China,48101300,"18,314,223","16,971,553",,,,,
1403,shaeed rajaii,China,72169910,"17,816,598","16,884,941",,,,,
1403,shaeed rajaii,China,73042900,"8,875,935","16,744,925",,,,,
1403,shaeed rajaii,China,39076910,"15,534,464","16,253,317",,,,,
1403,shaeed rajaii,China,85299090,"1,380,719","16,215,588",,,,,
1403,shaeed rajaii,China,72105000,"12,545,359","16,182,110",,,,,
1403,shaeed rajaii,China,72106900,"17,901,571","16,105,189",,,,,
1403,shaeed rajaii,China,98870312,"1,566,263","15,904,743",,,,,
1403,shaeed rajaii,China,72193500,"8,602,471","15,777,796",,,,,
1403,shaeed rajaii,China,85389010,"1,435,690","15,711,634",,,,,
1403,shaeed rajaii,China,90328940,"142,513","15,690,538",,,,,
1403,shaeed rajaii,China,84178000,"2,289,145","15,572,439",,,,,
1403,shaeed rajaii,China,38089323,"2,608,205","15,556,033",,,,,
1403,shaeed rajaii,China,84509090,"2,454,065","15,537,694",,,,,
1403,shaeed rajaii,China,48119050,"4,751,737","15,096,309",,,,,
1403,shaeed rajaii,China,84440000,"2,246,651","15,058,618",,,,,
1403,shaeed rajaii,China,40111010,"4,139,359","14,821,943",,,,,
1403,shaeed rajaii,China,87084015,"928,840","14,756,067",,,,,
1403,shaeed rajaii,China,84391000,"2,196,890","14,748,281",,,,,
1403,shaeed rajaii,China,85012000,"2,477,573","14,298,652",,,,,
1403,shaeed rajaii,China,98842940,"2,983,389","14,090,068",,,,,
1403,shaeed rajaii,China,25199090,"24,767,100","14,082,277",,,,,
1403,shaeed rajaii,China,84779000,"2,166,727","13,991,266",,,,,
1403,shaeed rajaii,China,87084030,"1,200,255","13,985,347",,,,,
1403,shaeed rajaii,China,84413000,"1,474,212","13,864,544",,,,,
1403,shaeed rajaii,China,85371040,"337,727","13,769,080",,,,,
1403,shaeed rajaii,China,85272900,"202,477","13,628,528",,,,,
1403,shaeed rajaii,China,38011090,"16,488,839","13,621,703",,,,,
1403,shaeed rajaii,China,38123910,"4,455,925","13,605,303",,,,,
1403,shaeed rajaii,China,98870221,"1,567,770","13,533,351",,,,,
1403,shaeed rajaii,China,85122010,"293,966","13,501,738",,,,,
1403,shaeed rajaii,China,85044050,"428,075","13,497,031",,,,,
1403,shaeed rajaii,China,31056000,"7,566,890","13,432,111",,,,,
1403,shaeed rajaii,China,12129910,"5,862,200","13,301,337",,,,,
1403,shaeed rajaii,China,87034010,"847,098","13,260,224",,,,,
1403,shaeed rajaii,China,85159000,"1,232,845","13,104,716",,,,,
1403,shaeed rajaii,China,87089421,"1,060,251","13,034,759",,,,,
1403,shaeed rajaii,China,73089090,"4,831,811","13,011,466",,,,,
1403,shaeed rajaii,China,70191100,"15,815,405","12,992,978",,,,,
1403,shaeed rajaii,China,38112190,"4,232,373","12,975,919",,,,,
1403,shaeed rajaii,China,85044087,"908,327","12,955,491",,,,,
1403,shaeed rajaii,China,73121010,"9,444,134","12,920,702",,,,,
1403,shaeed rajaii,China,32041790,"1,968,544","12,839,328",,,,,
1403,shaeed rajaii,China,84642000,"1,849,586","12,632,418",,,,,
1403,shaeed rajaii,China,29051610,"6,772,355","12,546,450",,,,,
1403,shaeed rajaii,China,85118090,"135,059","12,397,332",,,,,
1403,shaeed rajaii,China,87084020,"1,462,581","12,392,772",,,,,
1403,shaeed rajaii,China,94054210,"1,476,247","12,240,594",,,,,
1403,shaeed rajaii,China,85049000,"956,501","12,218,017",,,,,
1403,shaeed rajaii,China,48119030,"5,948,780","12,195,757",,,,,
1403,shaeed rajaii,China,28352610,"14,377,000","12,099,844",,,,,
1403,shaeed rajaii,China,40118010,"3,662,439","12,032,046",,,,,
1403,shaeed rajaii,China,84839000,"1,493,618","11,969,965",,,,,
1403,shaeed rajaii,China,39073090,"4,785,899","11,861,158",,,,,
1403,shaeed rajaii,China,39204310,"4,776,847","11,805,644",,,,,
1403,shaeed rajaii,China,90183990,"491,304","11,779,472",,,,,
1403,shaeed rajaii,China,87089510,"569,510","11,757,884",,,,,
1403,shaeed rajaii,China,39209100,"2,814,115","11,740,909",,,,,
1403,shaeed rajaii,China,84749090,"1,898,356","11,727,362",,,,,
1403,shaeed rajaii,China,84149090,"747,388","11,653,647",,,,,
1403,shaeed rajaii,China,84148070,"396,490","11,506,603",,,,,
1403,shaeed rajaii,China,84159090,"1,213,699","11,498,517",,,,,
1403,shaeed rajaii,China,87089419,"1,313,939","11,488,113",,,,,
1403,shaeed rajaii,China,73043100,"9,890,510","11,416,800",,,,,
1403,shaeed rajaii,China,84804900,"2,278,413","11,396,926",,,,,
1403,shaeed rajaii,China,90183914,"2,410,682","11,365,708",,,,,
1403,shaeed rajaii,China,72251100,"6,573,597","11,341,281",,,,,
1403,shaeed rajaii,China,84392000,"2,030,060","11,271,907",,,,,
1403,shaeed rajaii,China,84199010,"785,616","11,178,900",,,,,
1403,shaeed rajaii,China,85030090,"2,877,261","10,771,013",,,,,
1403,shaeed rajaii,China,40111020,"2,972,094","10,654,935",,,,,
1403,shaeed rajaii,China,84551090,"1,706,360","10,555,223",,,,,
1403,shaeed rajaii,China,85030030,"2,620,473","10,536,030",,,,,
1403,shaeed rajaii,China,40111030,"2,921,200","10,391,896",,,,,
1403,shaeed rajaii,China,28112200,"4,343,180","10,236,249",,,,,
1403,shaeed rajaii,China,85013190,"1,486,667","10,217,416",,,,,
1403,shaeed rajaii,China,85044080,"659,500","10,216,598",,,,,
1403,shaeed rajaii,China,98870311,"1,270,607","10,178,526",,,,,
1403,shaeed rajaii,China,55013000,"2,967,981","10,068,844",,,,,
1403,shaeed rajaii,China,84198990,"1,895,733","10,003,668",,,,,
1403,shaeed rajaii,China,28092020,"6,431,340","9,981,470",,,,,
1403,shaeed rajaii,China,38089111,"660,780","9,925,750",,,,,
1403,shaeed rajaii,China,69091920,"42,958","9,887,116",,,,,
1403,shaeed rajaii,China,69022090,"9,903,545","9,758,905",,,,,
1403,shaeed rajaii,China,84834090,"985,392","9,712,495",,,,,
1403,shaeed rajaii,China,85014010,"2,716,317","9,706,165",,,,,
1403,shaeed rajaii,China,72202000,"3,857,799","9,666,214",,,,,
1403,shaeed rajaii,China,90328990,"134,768","9,658,693",,,,,
1403,shaeed rajaii,China,55092100,"5,025,794","9,599,353",,,,,
1403,shaeed rajaii,China,85369010,"413,601","9,586,240",,,,,
1403,shaeed rajaii,China,39205100,"3,644,298","9,561,485",,,,,
1403,shaeed rajaii,China,84141090,"1,664,068","9,536,989",,,,,
1403,shaeed rajaii,China,85423100,"28,453","9,488,558",,,,,
1403,shaeed rajaii,China,39011069,"4,607,760","9,466,574",,,,,
1403,shaeed rajaii,China,28182000,"9,158,015","9,362,302",,,,,
1403,shaeed rajaii,China,38121000,"3,082,951","9,348,201",,,,,
1403,shaeed rajaii,China,84089090,"1,096,012","9,336,697",,,,,
1403,shaeed rajaii,China,84213990,"837,489","9,328,518",,,,,
1403,shaeed rajaii,China,84622900,"1,929,968","9,327,407",,,,,
1403,shaeed rajaii,China,29225090,"3,320,540","9,278,513",,,,,
1403,shaeed rajaii,China,87082910,"913,402","9,218,361",,,,,
1403,shaeed rajaii,China,84193900,"1,718,638","9,198,795",,,,,
1403,shaeed rajaii,China,40023900,"3,885,300","9,171,300",,,,,
1403,shaeed rajaii,China,90328920,"56,513","9,118,639",,,,,
1403,shaeed rajaii,China,27040010,"33,341,860","9,086,058",,,,,
1403,shaeed rajaii,China,39199090,"2,810,649","9,037,829",,,,,
1403,shaeed rajaii,China,76071110,"2,007,865","9,019,241",,,,,
1403,shaeed rajaii,China,29181400,"8,686,000","9,018,218",,,,,
1403,shaeed rajaii,China,29304000,"2,880,300","8,971,029",,,,,
1403,shaeed rajaii,China,39269099,"1,422,402","8,880,773",,,,,
1403,shaeed rajaii,China,84143030,"685,463","8,809,461",,,,,
1403,shaeed rajaii,China,84842010,"386,262","8,648,338",,,,,
1403,shaeed rajaii,China,85099000,"2,032,700","8,607,713",,,,,
1403,shaeed rajaii,China,84393000,"1,254,835","8,547,129",,,,,
1403,shaeed rajaii,China,84159010,"741,115","8,538,734",,,,,
1403,shaeed rajaii,China,84253120,"2,142,142","8,495,244",,,,,
1403,shaeed rajaii,China,84248910,"1,502,773","8,453,263",,,,,
1403,shaeed rajaii,China,90318050,"133,081","8,414,457",,,,,
1403,shaeed rajaii,China,26060000,"15,780,000","8,393,918",,,,,
1403,shaeed rajaii,China,84773000,"1,215,765","8,371,929",,,,,
1403,shaeed rajaii,China,98870123,"1,306,276","8,284,928",,,,,
1403,shaeed rajaii,China,29411020,"234,975","8,257,217",,,,,
1403,shaeed rajaii,China,84552200,"781,968","8,237,962",,,,,
1403,shaeed rajaii,China,73071900,"4,039,509","8,215,075",,,,,
1403,shaeed rajaii,China,32041190,"2,218,775","8,210,077",,,,,
1403,shaeed rajaii,China,28371100,"2,845,400","8,201,710",,,,,
1403,shaeed rajaii,China,38089223,"1,068,429","8,192,438",,,,,
1403,shaeed rajaii,China,73064010,"4,424,622","8,033,563",,,,,
1403,shaeed rajaii,China,39201060,"1,848,094","7,913,405",,,,,
1403,shaeed rajaii,China,39072990,"4,698,364","7,871,161",,,,,
1403,shaeed rajaii,China,85022090,"1,096,807","7,826,326",,,,,
1403,shaeed rajaii,China,84571000,"977,786","7,788,752",,,,,
1403,shaeed rajaii,China,98870434,"1,067,954","7,718,994",,,,,
1403,shaeed rajaii,China,90275030,"107,725","7,700,056",,,,,
1403,shaeed rajaii,China,94059930,"1,605,897","7,601,874",,,,,
1403,shaeed rajaii,China,73044100,"1,346,911","7,581,307",,,,,
1403,shaeed rajaii,China,68042100,"500,645","7,554,229",,,,,
1403,shaeed rajaii,China,85369040,"36,963","7,550,318",,,,,
1403,shaeed rajaii,China,84314990,"2,585,282","7,505,763",,,,,
1403,shaeed rajaii,China,39111000,"4,647,277","7,504,962",,,,,
1403,shaeed rajaii,China,85258910,"128,026","7,500,103",,,,,
1403,shaeed rajaii,China,72112990,"4,826,755","7,478,203",,,,,
1403,shaeed rajaii,China,39093100,"2,938,880","7,465,577",,,,,
1403,shaeed rajaii,China,38089213,"440,775","7,462,582",,,,,
1403,shaeed rajaii,China,84158100,"1,095,422","7,445,758",,,,,
1403,shaeed rajaii,China,39019000,"3,444,655","7,444,824",,,,,
1403,shaeed rajaii,China,38249990,"2,398,091","7,386,939",,,,,
1403,shaeed rajaii,China,31055900,"4,930,025","7,250,174",,,,,
1403,shaeed rajaii,China,38249960,"1,264,031","7,235,374",,,,,
1403,shaeed rajaii,China,95069190,"2,782,241","7,167,272",,,,,
1403,shaeed rajaii,China,39021091,"2,076,895","7,161,228",,,,,
1403,shaeed rajaii,China,28183090,"4,481,250","7,140,214",,,,,
1403,shaeed rajaii,China,31054000,"5,444,900","7,136,392",,,,,
1403,shaeed rajaii,China,72106100,"9,475,363","7,099,529",,,,,
1403,shaeed rajaii,China,9061190,"3,193,000","7,067,660",,,,,
1403,shaeed rajaii,China,73044900,"1,520,695","7,044,534",,,,,
1403,shaeed rajaii,China,84552100,"1,511,261","7,002,162",,,,,
1403,shaeed rajaii,China,84742000,"1,954,171","6,984,399",,,,,
1403,shaeed rajaii,China,84559000,"775,503","6,977,556",,,,,
1403,shaeed rajaii,China,84561190,"1,222,948","6,895,892",,,,,
1403,shaeed rajaii,China,39139000,"1,562,845","6,889,169",,,,,
1403,shaeed rajaii,China,38089212,"767,375","6,851,882",,,,,
1403,shaeed rajaii,China,94059200,"1,352,819","6,849,652",,,,,
1403,shaeed rajaii,China,39123900,"2,252,597","6,773,997",,,,,
1403,shaeed rajaii,China,29270090,"2,152,357","6,757,048",,,,,
1403,shaeed rajaii,China,38013000,"8,354,007","6,756,054",,,,,
1403,shaeed rajaii,China,73121015,"4,710,535","6,691,613",,,,,
1403,shaeed rajaii,China,85176140,"15,328","6,678,940",,,,,
1403,shaeed rajaii,China,84834010,"1,531,556","6,672,258",,,,,
1403,shaeed rajaii,China,72193200,"2,720,796","6,588,988",,,,,
1403,shaeed rajaii,China,39204390,"3,863,611","6,583,776",,,,,
1403,shaeed rajaii,China,86071910,"2,777,687","6,573,597",,,,,
1403,shaeed rajaii,China,98870226,"234,517","6,557,935",,,,,
1403,shaeed rajaii,China,72192100,"1,898,546","6,547,888",,,,,
1403,shaeed rajaii,China,38089211,"557,300","6,534,511",,,,,
1403,shaeed rajaii,China,87088041,"1,013,721","6,506,885",,,,,
1403,shaeed rajaii,China,90183925,"55,368","6,485,815",,,,,
1403,shaeed rajaii,China,38151990,"375,320","6,475,678",,,,,
1403,shaeed rajaii,China,98870222,"748,679","6,448,518",,,,,
1403,shaeed rajaii,China,84828000,"695,413","6,439,794",,,,,
1403,shaeed rajaii,China,39046110,"561,940","6,397,272",,,,,
1403,shaeed rajaii,China,85111000,"327,649","6,369,313",,,,,
1403,shaeed rajaii,China,86090000,"1,934,644","6,344,060",,,,,
1403,shaeed rajaii,China,76071990,"1,107,870","6,334,608",,,,,
1403,shaeed rajaii,China,54022000,"3,394,970","6,327,979",,,,,
1403,shaeed rajaii,China,84818070,"230,866","6,309,111",,,,,
1403,shaeed rajaii,China,90318090,"102,834","6,304,051",,,,,
1403,shaeed rajaii,China,84748010,"1,360,064","6,287,456",,,,,
1403,shaeed rajaii,China,38089312,"690,380","6,267,712",,,,,
1403,shaeed rajaii,China,85291090,"201,845","6,239,833",,,,,
1403,shaeed rajaii,China,68151200,"146,606","6,187,189",,,,,
1403,shaeed rajaii,China,69021000,"3,810,681","6,186,369",,,,,
1403,shaeed rajaii,China,84529020,"465,217","6,180,817",,,,,
1403,shaeed rajaii,China,72083800,"9,545,998","6,174,474",,,,,
1403,shaeed rajaii,China,84399900,"1,170,574","6,146,997",,,,,
1403,shaeed rajaii,China,73063010,"3,568,524","6,141,948",,,,,
1403,shaeed rajaii,China,38089311,"176,422","6,130,865",,,,,
1403,shaeed rajaii,China,39239090,"1,347,490","6,117,034",,,,,
1403,shaeed rajaii,China,38089112,"563,875","6,100,072",,,,,
1403,shaeed rajaii,China,85371030,"42,052","6,097,827",,,,,
1403,shaeed rajaii,China,32151990,"1,162,486","6,086,561",,,,,
1403,shaeed rajaii,China,84189990,"455,463","6,074,693",,,,,
1403,shaeed rajaii,China,84431600,"656,775","6,060,986",,,,,
1403,shaeed rajaii,China,84213210,"123,698","6,017,725",,,,,
1403,shaeed rajaii,China,84807900,"545,983","6,012,138",,,,,
1403,shaeed rajaii,China,84089010,"1,140,537","5,998,556",,,,,
1403,shaeed rajaii,China,85299040,"571,321","5,996,862",,,,,
1403,shaeed rajaii,China,73042300,"3,106,455","5,982,529",,,,,
1403,shaeed rajaii,China,35069900,"2,195,366","5,956,535",,,,,
1403,shaeed rajaii,China,39053000,"2,560,025","5,929,321",,,,,
1403,shaeed rajaii,China,87041090,"1,046,779","5,917,485",,,,,
1403,shaeed rajaii,China,70200091,"2,149,641","5,909,419",,,,,
1403,shaeed rajaii,China,32041590,"883,200","5,872,479",,,,,
1403,shaeed rajaii,China,72029930,"2,977,000","5,854,451",,,,,
1403,shaeed rajaii,China,72191200,"1,944,253","5,845,952",,,,,
1403,shaeed rajaii,China,69091910,"533,577","5,826,740",,,,,
1403,shaeed rajaii,China,81032000,"21,522","5,784,201",,,,,
1403,shaeed rajaii,China,98842700,"937,265","5,766,969",,,,,
1403,shaeed rajaii,China,29319090,"2,025,421","5,760,816",,,,,
1403,shaeed rajaii,China,84099990,"674,766","5,742,678",,,,,
1403,shaeed rajaii,China,32121000,"929,169","5,703,970",,,,,
1403,shaeed rajaii,China,84212110,"574,215","5,703,812",,,,,
1403,shaeed rajaii,China,12024200,"3,461,550","5,702,427",,,,,
1403,shaeed rajaii,China,94059990,"1,286,365","5,698,470",,,,,
1403,shaeed rajaii,China,29231020,"6,207,000","5,675,723",,,,,
1403,shaeed rajaii,China,39074000,"2,069,427","5,673,030",,,,,
1403,shaeed rajaii,China,29413000,"187,360","5,652,207",,,,,
1403,shaeed rajaii,China,90189099,"275,979","5,632,114",,,,,
1403,shaeed rajaii,China,29309090,"1,833,405","5,591,721",,,,,
1403,shaeed rajaii,China,29157090,"2,967,200","5,581,793",,,,,
1403,shaeed rajaii,China,84741000,"1,317,009","5,575,511",,,,,
1403,shaeed rajaii,China,84659400,"876,384","5,573,833",,,,,
1403,shaeed rajaii,China,31026010,"9,475,000","5,553,619",,,,,
1403,shaeed rajaii,China,75021000,"288,873","5,511,135",,,,,
1403,shaeed rajaii,China,85176230,"17,415","5,499,114",,,,,
1403,shaeed rajaii,China,70109010,"2,227,658","5,497,658",,,,,
1403,shaeed rajaii,China,38089221,"524,670","5,471,584",,,,,
1403,shaeed rajaii,China,84213220,"93,858","5,455,902",,,,,
1403,shaeed rajaii,China,84145970,"729,706","5,406,568",,,,,
1403,shaeed rajaii,China,73042400,"512,534","5,405,346",,,,,
1403,shaeed rajaii,China,84219900,"840,299","5,402,037",,,,,
1403,shaeed rajaii,China,55081000,"3,344,831","5,401,576",,,,,
1403,shaeed rajaii,China,85015390,"460,420","5,385,209",,,,,
1403,shaeed rajaii,China,29419010,"94,360","5,376,076",,,,,
1403,shaeed rajaii,China,98870437,"788,580","5,359,136",,,,,
1403,shaeed rajaii,China,39119090,"766,570","5,358,598",,,,,
1403,shaeed rajaii,China,29161200,"2,892,400","5,346,650",,,,,
1403,shaeed rajaii,China,29412000,"720,585","5,330,996",,,,,
1403,shaeed rajaii,China,85322200,"252,002","5,320,610",,,,,
1403,shaeed rajaii,China,85364990,"164,437","5,320,115",,,,,
1403,shaeed rajaii,China,84254900,"2,084,903","5,308,152",,,,,
1403,shaeed rajaii,China,85119000,"828,934","5,304,066",,,,,
1403,shaeed rajaii,China,94059100,"1,858,659","5,262,382",,,,,
1403,shaeed rajaii,China,29335990,"146,994","5,221,812",,,,,
1403,shaeed rajaii,China,39206200,"2,077,122","5,216,821",,,,,
1403,shaeed rajaii,China,84649000,"895,777","5,191,218",,,,,
1403,shaeed rajaii,China,69032090,"2,041,206","5,187,362",,,,,
1403,shaeed rajaii,China,84099960,"555,184","5,165,115",,,,,
1403,shaeed rajaii,China,29420090,"90,445","5,163,392",,,,,
1403,shaeed rajaii,China,48239010,"84,883","5,157,539",,,,,
1403,shaeed rajaii,China,39123110,"1,415,000","5,154,596",,,,,
1403,shaeed rajaii,China,72192400,"3,395,142","5,129,817",,,,,
1403,shaeed rajaii,China,39202020,"2,060,870","5,129,137",,,,,
1403,shaeed rajaii,China,39071000,"1,887,500","5,125,875",,,,,
1403,shaeed rajaii,China,35030000,"525,000","5,108,237",,,,,
1403,shaeed rajaii,China,84229010,"1,091,973","5,054,763",,,,,
1403,shaeed rajaii,China,73110090,"3,086,416","5,048,401",,,,,
1403,shaeed rajaii,China,29337990,"645,300","5,012,504",,,,,
1403,shaeed rajaii,China,84314300,"962,445","5,011,403",,,,,
1403,shaeed rajaii,China,28051200,"1,134,600","5,009,056",,,,,
1403,shaeed rajaii,China,29053900,"2,697,400","4,977,474",,,,,
1403,shaeed rajaii,China,72085190,"1,166,442","4,971,319",,,,,
1403,shaeed rajaii,China,31010010,"2,988,904","4,954,499",,,,,
1403,shaeed rajaii,China,48119020,"1,588,369","4,952,257",,,,,
1403,shaeed rajaii,China,84818050,"449,816","4,934,000",,,,,
1403,shaeed rajaii,China,48114100,"2,529,343","4,926,678",,,,,
1403,shaeed rajaii,China,84774000,"601,678","4,909,713",,,,,
1403,shaeed rajaii,China,29224990,"668,555","4,893,089",,,,,
1403,shaeed rajaii,China,84513010,"450,175","4,889,621",,,,,
1403,shaeed rajaii,China,90192090,"162,907","4,887,389",,,,,
1403,shaeed rajaii,China,39201090,"397,337","4,869,547",,,,,
1403,shaeed rajaii,China,84313190,"902,769","4,866,471",,,,,
1403,shaeed rajaii,China,84248990,"497,875","4,858,916",,,,,
1403,shaeed rajaii,China,84811090,"307,910","4,851,467",,,,,
1403,shaeed rajaii,China,73052000,"3,605,135","4,844,021",,,,,
1403,shaeed rajaii,China,84581190,"502,535","4,838,043",,,,,
1403,shaeed rajaii,China,84195090,"469,604","4,831,297",,,,,
1403,shaeed rajaii,China,85044090,"180,992","4,819,616",,,,,
1403,shaeed rajaii,China,84479000,"508,160","4,804,479",,,,,
1403,shaeed rajaii,China,85414100,"98,121","4,804,086",,,,,
1403,shaeed rajaii,China,70101010,"2,641,662","4,767,869",,,,,
1403,shaeed rajaii,China,90015010,"62,291","4,736,320",,,,,
1403,shaeed rajaii,China,40023100,"2,039,100","4,731,422",,,,,
1403,shaeed rajaii,China,38159090,"229,586","4,723,313",,,,,
1403,shaeed rajaii,China,39191020,"296,776","4,719,066",,,,,
1403,shaeed rajaii,China,84822000,"752,395","4,701,478",,,,,
1403,shaeed rajaii,China,29414000,"154,000","4,600,247",,,,,
1403,shaeed rajaii,China,84199030,"661,437","4,560,683",,,,,
1403,shaeed rajaii,China,13023900,"444,065","4,560,291",,,,,
1403,shaeed rajaii,China,87089590,"207,260","4,557,831",,,,,
1403,shaeed rajaii,China,84439910,"941,948","4,535,000",,,,,
1403,shaeed rajaii,China,85443020,"142,049","4,533,068",,,,,
1403,shaeed rajaii,China,80011000,"150,945","4,528,995",,,,,
1403,shaeed rajaii,China,34049000,"2,431,543","4,480,060",,,,,
1403,shaeed rajaii,China,73066110,"3,021,688","4,474,277",,,,,
1403,shaeed rajaii,China,84748090,"803,507","4,458,004",,,,,
1403,shaeed rajaii,China,84659100,"971,480","4,433,481",,,,,
1403,shaeed rajaii,China,29034500,"1,013,996","4,433,346",,,,,
1403,shaeed rajaii,China,76082000,"686,807","4,424,430",,,,,
1403,shaeed rajaii,China,38112900,"1,206,872","4,420,740",,,,,
1403,shaeed rajaii,China,85364190,"206,858","4,419,215",,,,,
1403,shaeed rajaii,China,13021900,"136,441","4,413,804",,,,,
1403,shaeed rajaii,China,87081010,"539,590","4,403,776",,,,,
1403,shaeed rajaii,China,84224000,"471,255","4,395,636",,,,,
1403,shaeed rajaii,China,84439990,"421,567","4,387,009",,,,,
1403,shaeed rajaii,China,39046120,"546,146","4,384,947",,,,,
1403,shaeed rajaii,China,73269090,"828,513","4,350,438",,,,,
1403,shaeed rajaii,China,87079030,"569,571","4,335,483",,,,,
1403,shaeed rajaii,China,9101190,"2,499,435","4,263,558",,,,,
1403,shaeed rajaii,China,85129090,"111,081","4,257,864",,,,,
1403,shaeed rajaii,China,85285210,"275,057","4,225,872",,,,,
1403,shaeed rajaii,China,29124100,"233,120","4,224,435",,,,,
1403,shaeed rajaii,China,84145960,"221,786","4,209,154",,,,,
1403,shaeed rajaii,China,73079300,"2,782,013","4,205,594",,,,,
1403,shaeed rajaii,China,48109990,"4,192,535","4,184,925",,,,,
1403,shaeed rajaii,China,84339090,"748,638","4,183,629",,,,,
1403,shaeed rajaii,China,90184991,"42,421","4,183,402",,,,,
1403,shaeed rajaii,China,87089190,"706,122","4,161,296",,,,,
1403,shaeed rajaii,China,87083029,"495,498","4,155,466",,,,,
1403,shaeed rajaii,China,87032319,"289,863","4,126,654",,,,,
1403,shaeed rajaii,China,84051000,"308,064","4,120,926",,,,,
1403,shaeed rajaii,China,90181990,"77,360","4,120,857",,,,,
1403,shaeed rajaii,China,37013010,"960,513","4,106,165",,,,,
1403,shaeed rajaii,China,90312000,"195,123","4,092,914",,,,,
1403,shaeed rajaii,China,38221920,"1,018,539","4,066,245",,,,,
1403,shaeed rajaii,China,59031000,"1,441,038","4,063,027",,,,,
1403,shaeed rajaii,China,84388000,"859,659","4,061,709",,,,,
1403,shaeed rajaii,China,85142010,"1,425,281","4,032,462",,,,,
1403,shaeed rajaii,China,85229000,"267,359","4,020,955",,,,,
1403,shaeed rajaii,China,84134000,"1,724,202","4,019,755",,,,,
1403,shaeed rajaii,China,84831010,"382,865","4,013,973",,,,,
1403,shaeed rajaii,China,85446090,"264,323","4,013,838",,,,,
1403,shaeed rajaii,China,84633000,"725,725","4,007,791",,,,,
1403,shaeed rajaii,China,84082090,"336,016","3,969,979",,,,,
1403,shaeed rajaii,China,70099100,"76,566","3,961,668",,,,,
1403,shaeed rajaii,China,85030010,"173,958","3,957,340",,,,,
1403,shaeed rajaii,China,38089222,"374,399","3,942,592",,,,,
1403,shaeed rajaii,China,28230000,"1,495,306","3,926,542",,,,,
1403,shaeed rajaii,China,28152000,"3,334,650","3,923,796",,,,,
1403,shaeed rajaii,China,94019920,"214,013","3,923,381",,,,,
1403,shaeed rajaii,China,76069240,"1,101,685","3,879,272",,,,,
1403,shaeed rajaii,China,85014090,"1,435,524","3,876,271",,,,,
1403,shaeed rajaii,China,85113090,"251,410","3,864,261",,,,,
1403,shaeed rajaii,China,72254010,"2,582,202","3,848,278",,,,,
1403,shaeed rajaii,China,84212120,"451,456","3,847,723",,,,,
1403,shaeed rajaii,China,85051900,"1,353,459","3,846,218",,,,,
1403,shaeed rajaii,China,28182090,"3,536,740","3,827,401",,,,,
1403,shaeed rajaii,China,84862000,"158,169","3,821,492",,,,,
1403,shaeed rajaii,China,98870422,"429,297","3,793,096",,,,,
1403,shaeed rajaii,China,84795000,"227,193","3,787,426",,,,,
1403,shaeed rajaii,China,87083024,"556,970","3,783,287",,,,,
1403,shaeed rajaii,China,40151200,"582,593","3,764,361",,,,,
1403,shaeed rajaii,China,39011050,"1,860,000","3,758,903",,,,,
1403,shaeed rajaii,China,87082190,"190,992","3,745,268",,,,,
1403,shaeed rajaii,China,38089123,"567,245","3,735,938",,,,,
1403,shaeed rajaii,China,76061240,"818,875","3,735,725",,,,,
1403,shaeed rajaii,China,31043000,"3,016,400","3,711,678",,,,,
1403,shaeed rajaii,China,40024900,"732,900","3,681,384",,,,,
1403,shaeed rajaii,China,84196000,"344,070","3,679,068",,,,,
1403,shaeed rajaii,China,72279000,"3,114,330","3,666,594",,,,,
1403,shaeed rajaii,China,72092700,"4,670,837","3,648,806",,,,,
1403,shaeed rajaii,China,84659900,"540,890","3,642,215",,,,,
1403,shaeed rajaii,China,34024290,"1,038,160","3,630,388",,,,,
1403,shaeed rajaii,China,72126000,"1,443,732","3,624,240",,,,,
1403,shaeed rajaii,China,84794000,"554,835","3,614,171",,,,,
1403,shaeed rajaii,China,38241000,"1,243,431","3,603,091",,,,,
1403,shaeed rajaii,China,87036010,"272,120","3,601,370",,,,,
1403,shaeed rajaii,China,84825000,"407,667","3,597,124",,,,,
1403,shaeed rajaii,China,29339999,"163,245","3,593,351",,,,,
1403,shaeed rajaii,China,85044086,"136,864","3,579,288",,,,,
1403,shaeed rajaii,China,84152090,"369,281","3,576,636",,,,,
1403,shaeed rajaii,China,38061000,"1,815,575","3,573,246",,,,,
1403,shaeed rajaii,China,85087000,"487,383","3,563,624",,,,,
1403,shaeed rajaii,China,40029900,"1,181,080","3,557,941",,,,,
1403,shaeed rajaii,China,74102100,"861,250","3,553,920",,,,,
1403,shaeed rajaii,China,84551010,"511,053","3,543,231",,,,,
1403,shaeed rajaii,China,32141000,"1,222,343","3,542,729",,,,,
1403,shaeed rajaii,China,28181000,"4,224,753","3,539,989",,,,,
1403,shaeed rajaii,China,84471200,"447,228","3,524,900",,,,,
1403,shaeed rajaii,China,29362700,"774,800","3,520,359",,,,,
1403,shaeed rajaii,China,84490000,"420,417","3,517,989",,,,,
1403,shaeed rajaii,China,39079999,"1,875,420","3,511,938",,,,,
1403,shaeed rajaii,China,70191310,"1,968,342","3,501,289",,,,,
1403,shaeed rajaii,China,48132000,"1,178,637","3,489,304",,,,,
1403,shaeed rajaii,China,87087021,"768,127","3,485,971",,,,,
1403,shaeed rajaii,China,17023090,"4,129,000","3,475,565",,,,,
1403,shaeed rajaii,China,84212910,"497,254","3,459,549",,,,,
1403,shaeed rajaii,China,54076900,"838,692","3,457,750",,,,,
1403,shaeed rajaii,China,73045100,"1,614,479","3,457,679",,,,,
1403,shaeed rajaii,China,90183922,"445,251","3,447,538",,,,,
1403,shaeed rajaii,China,48103900,"2,828,025","3,443,023",,,,,
1403,shaeed rajaii,China,84433290,"209,242","3,442,962",,,,,
1403,shaeed rajaii,China,39069099,"1,288,172","3,436,722",,,,,
1403,shaeed rajaii,China,21069020,"1,512,250","3,427,312",,,,,
1403,shaeed rajaii,China,84329000,"678,688","3,422,776",,,,,
1403,shaeed rajaii,China,84244100,"834,462","3,413,702",,,,,
1403,shaeed rajaii,China,84149010,"1,263,436","3,400,025",,,,,
1403,shaeed rajaii,China,39199050,"1,504,645","3,387,089",,,,,
1403,shaeed rajaii,China,87082990,"383,309","3,382,488",,,,,
1403,shaeed rajaii,China,87011000,"1,020,650","3,373,835",,,,,
1403,shaeed rajaii,China,87089921,"188,958","3,368,341",,,,,
1403,shaeed rajaii,China,73041100,"1,297,712","3,365,044",,,,,
1403,shaeed rajaii,China,39061000,"1,168,965","3,356,758",,,,,
1403,shaeed rajaii,China,84518000,"524,255","3,350,680",,,,,
1403,shaeed rajaii,China,27101990,"480,033","3,349,084",,,,,
1403,shaeed rajaii,China,72082600,"4,745,361","3,326,634",,,,,
1403,shaeed rajaii,China,29031200,"4,102,400","3,320,972",,,,,
1403,shaeed rajaii,China,29411090,"56,001","3,310,636",,,,,
1403,shaeed rajaii,China,39081090,"1,209,545","3,304,467",,,,,
1403,shaeed rajaii,China,87088011,"849,681","3,300,604",,,,,
1403,shaeed rajaii,China,84138190,"529,228","3,276,709",,,,,
1403,shaeed rajaii,China,40111090,"871,954","3,274,358",,,,,
1403,shaeed rajaii,China,84593100,"612,650","3,272,523",,,,,
1403,shaeed rajaii,China,34042090,"1,977,165","3,257,663",,,,,
1403,shaeed rajaii,China,98871290,"975,715","3,254,627",,,,,
1403,shaeed rajaii,China,85285290,"69,303","3,242,292",,,,,
1403,shaeed rajaii,China,35040000,"1,068,905","3,229,129",,,,,
1403,shaeed rajaii,China,84453000,"309,800","3,222,103",,,,,
1403,shaeed rajaii,China,85142020,"704,384","3,211,096",,,,,
1403,shaeed rajaii,China,34039100,"979,950","3,190,474",,,,,
1403,shaeed rajaii,China,72112920,"1,529,073","3,182,067",,,,,
1403,shaeed rajaii,China,84454000,"257,774","3,175,257",,,,,
1403,shaeed rajaii,China,87085039,"705,100","3,164,822",,,,,
1403,shaeed rajaii,China,84099120,"44,172","3,151,987",,,,,
1403,shaeed rajaii,China,85189090,"645,671","3,145,271",,,,,
1403,shaeed rajaii,China,90229090,"73,145","3,144,315",,,,,
1403,shaeed rajaii,China,85437090,"269,646","3,119,364",,,,,
1403,shaeed rajaii,China,38123930,"380,830","3,105,849",,,,,
1403,shaeed rajaii,China,29269090,"611,372","3,093,548",,,,,
1403,shaeed rajaii,China,85182910,"741,917","3,083,595",,,,,
1403,shaeed rajaii,China,38123940,"327,140","3,075,822",,,,,
1403,shaeed rajaii,China,85365090,"54,377","3,075,520",,,,,
1403,shaeed rajaii,China,84148090,"168,482","3,057,237",,,,,
1403,shaeed rajaii,China,90262000,"137,579","3,050,086",,,,,
1403,shaeed rajaii,China,85013110,"299,810","3,047,285",,,,,
1403,shaeed rajaii,China,84099185,"21,982","3,041,672",,,,,
1403,shaeed rajaii,China,85299030,"19,577","3,039,180",,,,,
1403,shaeed rajaii,China,85158090,"180,642","3,036,093",,,,,
1403,shaeed rajaii,China,31059090,"1,072,098","3,031,984",,,,,
1403,shaeed rajaii,China,72230000,"1,278,004","3,028,691",,,,,
1403,shaeed rajaii,China,87141090,"636,769","3,025,566",,,,,
1403,shaeed rajaii,China,85176980,"19,758","3,024,296",,,,,
1403,shaeed rajaii,China,84295222,"694,520","3,017,314",,,,,
1403,shaeed rajaii,China,38276300,"719,563","3,014,458",,,,,
1403,shaeed rajaii,China,84295221,"569,763","3,005,453",,,,,
1403,shaeed rajaii,China,84201000,"613,523","2,996,195",,,,,
1403,shaeed rajaii,China,85241100,"101,888","2,989,320",,,,,
1403,shaeed rajaii,China,29212910,"25,250","2,977,656",,,,,
1403,shaeed rajaii,China,84805000,"135,381","2,974,098",,,,,
1403,shaeed rajaii,China,85079010,"931,899","2,973,817",,,,,
1403,shaeed rajaii,China,84672990,"502,421","2,966,808",,,,,
1403,shaeed rajaii,China,84623900,"715,405","2,952,025",,,,,
1403,shaeed rajaii,China,47032100,"1,916,721","2,941,176",,,,,
1403,shaeed rajaii,China,28332970,"4,253,000","2,936,176",,,,,
1403,shaeed rajaii,China,85021310,"286,876","2,935,364",,,,,
1403,shaeed rajaii,China,31010090,"1,308,722","2,934,234",,,,,
1403,shaeed rajaii,China,38123960,"593,570","2,929,475",,,,,
1403,shaeed rajaii,China,85168090,"269,970","2,921,411",,,,,
1403,shaeed rajaii,China,84824000,"182,620","2,905,347",,,,,
1403,shaeed rajaii,China,85279190,"575,202","2,901,418",,,,,
1403,shaeed rajaii,China,59113200,"158,967","2,890,448",,,,,
1403,shaeed rajaii,China,85285900,"123,226","2,885,455",,,,,
1403,shaeed rajaii,China,72283090,"2,262,638","2,880,876",,,,,
1403,shaeed rajaii,China,68061010,"1,158,369","2,880,831",,,,,
1403,shaeed rajaii,China,85011020,"444,641","2,877,961",,,,,
1403,shaeed rajaii,China,39079929,"1,568,875","2,863,764",,,,,
1403,shaeed rajaii,China,38123100,"1,471,775","2,863,378",,,,,
1403,shaeed rajaii,China,84081000,"127,250","2,860,695",,,,,
1403,shaeed rajaii,China,87084040,"237,581","2,850,787",,,,,
1403,shaeed rajaii,China,84143090,"351,665","2,842,363",,,,,
1403,shaeed rajaii,China,38021000,"1,280,928","2,837,193",,,,,
1403,shaeed rajaii,China,84148065,"246,260","2,832,872",,,,,
1403,shaeed rajaii,China,39094090,"1,398,815","2,825,988",,,,,
1403,shaeed rajaii,China,84462100,"394,478","2,822,182",,,,,
1403,shaeed rajaii,China,56050000,"838,228","2,820,633",,,,,
1403,shaeed rajaii,China,84463000,"562,855","2,820,195",,,,,
1403,shaeed rajaii,China,84145990,"428,421","2,807,402",,,,,
1403,shaeed rajaii,China,29359090,"103,210","2,802,357",,,,,
1403,shaeed rajaii,China,29061300,"110,050","2,800,196",,,,,
1403,shaeed rajaii,China,85021290,"261,093","2,790,651",,,,,
1403,shaeed rajaii,China,40169300,"120,613","2,784,787",,,,,
1403,shaeed rajaii,China,29362990,"116,625","2,782,780",,,,,
1403,shaeed rajaii,China,84542000,"124,500","2,777,212",,,,,
1403,shaeed rajaii,China,38119000,"1,252,555","2,768,248",,,,,
1403,shaeed rajaii,China,39100010,"941,138","2,747,799",,,,,
1403,shaeed rajaii,China,32042090,"196,629","2,746,536",,,,,
1403,shaeed rajaii,China,39081010,"968,504","2,745,095",,,,,
1403,shaeed rajaii,China,29309990,"998,320","2,741,441",,,,,
1403,shaeed rajaii,China,35030090,"250,000","2,736,656",,,,,
1403,shaeed rajaii,China,49111000,"871,822","2,732,386",,,,,
1403,shaeed rajaii,China,15042000,"197,410","2,731,084",,,,,
1403,shaeed rajaii,China,29171990,"1,981,500","2,722,141",,,,,
1403,shaeed rajaii,China,37019920,"631,154","2,721,580",,,,,
1403,shaeed rajaii,China,84804100,"208,763","2,713,375",,,,,
1403,shaeed rajaii,China,84099150,"128,108","2,706,532",,,,,
1403,shaeed rajaii,China,84775900,"215,059","2,702,300",,,,,
1403,shaeed rajaii,China,84199090,"1,712,179","2,699,148",,,,,
1403,shaeed rajaii,China,74082900,"536,929","2,694,636",,,,,
1403,shaeed rajaii,China,39021030,"2,183,500","2,694,412",,,,,
1403,shaeed rajaii,China,29171400,"2,181,000","2,689,912",,,,,
1403,shaeed rajaii,China,48024000,"1,628,942","2,687,772",,,,,
1403,shaeed rajaii,China,84553000,"578,022","2,674,862",,,,,
1403,shaeed rajaii,China,28353100,"2,079,236","2,672,401",,,,,
1403,shaeed rajaii,China,85021390,"158,244","2,658,006",,,,,
1403,shaeed rajaii,China,29239090,"1,117,895","2,653,071",,,,,
1403,shaeed rajaii,China,29336990,"731,120","2,647,962",,,,,
1403,shaeed rajaii,China,44029000,"2,321,331","2,641,648",,,,,
1403,shaeed rajaii,China,72249000,"2,926,526","2,637,929",,,,,
1403,shaeed rajaii,China,87089321,"465,648","2,626,403",,,,,
1403,shaeed rajaii,China,84799090,"144,426","2,624,751",,,,,
1403,shaeed rajaii,China,84411000,"447,037","2,620,922",,,,,
1403,shaeed rajaii,China,29181590,"2,575,520","2,618,499",,,,,
1403,shaeed rajaii,China,84371000,"538,531","2,617,154",,,,,
1403,shaeed rajaii,China,84369900,"300,748","2,616,322",,,,,
1403,shaeed rajaii,China,84368000,"262,193","2,611,892",,,,,
1403,shaeed rajaii,China,81089000,"125,394","2,607,924",,,,,
1403,shaeed rajaii,China,39269010,"194,302","2,600,824",,,,,
1403,shaeed rajaii,China,55021000,"169,591","2,589,505",,,,,
1403,shaeed rajaii,China,48030000,"2,166,460","2,589,171",,,,,
1403,shaeed rajaii,China,29379000,"16,652","2,582,271",,,,,
1403,shaeed rajaii,China,84272011,"632,818","2,576,571",,,,,
1403,shaeed rajaii,China,96081020,"388,289","2,575,013",,,,,
1403,shaeed rajaii,China,29054420,"1,898,750","2,570,318",,,,,
1403,shaeed rajaii,China,95069110,"875,836","2,567,315",,,,,
1403,shaeed rajaii,China,73011000,"1,842,675","2,565,089",,,,,
1403,shaeed rajaii,China,56060000,"927,490","2,558,575",,,,,
1403,shaeed rajaii,China,90183915,"398,265","2,550,623",,,,,
1403,shaeed rajaii,China,29161900,"627,340","2,547,013",,,,,
1403,shaeed rajaii,China,84148075,"198,732","2,519,516",,,,,
1403,shaeed rajaii,China,69022020,"369,533","2,510,260",,,,,
1403,shaeed rajaii,China,85411000,"58,489","2,502,410",,,,,
1403,shaeed rajaii,China,25041010,"2,252,950","2,494,461",,,,,
1403,shaeed rajaii,China,84819020,"346,963","2,491,094",,,,,
1403,shaeed rajaii,China,38069000,"1,237,600","2,482,876",,,,,
1403,shaeed rajaii,China,72091890,"3,028,045","2,482,549",,,,,
1403,shaeed rajaii,China,85051100,"699,845","2,481,628",,,,,
1403,shaeed rajaii,China,85044060,"52,676","2,469,685",,,,,
1403,shaeed rajaii,China,84481900,"364,640","2,465,893",,,,,
1403,shaeed rajaii,China,84133090,"178,986","2,456,561",,,,,
1403,shaeed rajaii,China,72163300,"2,852,112","2,443,874",,,,,
1403,shaeed rajaii,China,72112390,"2,123,769","2,433,840",,,,,
1403,shaeed rajaii,China,85369090,"108,696","2,427,037",,,,,
1403,shaeed rajaii,China,39059990,"200,282","2,409,720",,,,,
1403,shaeed rajaii,China,72299010,"1,069,913","2,409,526",,,,,
1403,shaeed rajaii,China,39235000,"319,439","2,399,890",,,,,
1403,shaeed rajaii,China,28492090,"1,252,000","2,399,134",,,,,
1403,shaeed rajaii,China,85015310,"279,390","2,392,290",,,,,
1403,shaeed rajaii,China,84672100,"367,518","2,391,233",,,,,
1403,shaeed rajaii,China,29161100,"1,596,580","2,384,084",,,,,
1403,shaeed rajaii,China,85371090,"73,329","2,376,729",,,,,
1403,shaeed rajaii,China,85443030,"36,911","2,375,342",,,,,
1403,shaeed rajaii,China,69039010,"379,245","2,362,689",,,,,
1403,shaeed rajaii,China,39269030,"252,827","2,361,788",,,,,
1403,shaeed rajaii,China,73182200,"390,470","2,359,848",,,,,
1403,shaeed rajaii,China,85182990,"513,783","2,352,500",,,,,
1403,shaeed rajaii,China,84414000,"131,342","2,349,287",,,,,
1403,shaeed rajaii,China,29349930,"30,075","2,348,859",,,,,
1403,shaeed rajaii,China,83021090,"1,035,018","2,346,442",,,,,
1403,shaeed rajaii,China,85451900,"2,267,291","2,339,322",,,,,
1403,shaeed rajaii,China,31051010,"1,746,644","2,338,917",,,,,
1403,shaeed rajaii,China,73049000,"1,747,308","2,334,703",,,,,
1403,shaeed rajaii,China,38089122,"226,665","2,333,556",,,,,
1403,shaeed rajaii,China,73181590,"641,705","2,328,662",,,,,
1403,shaeed rajaii,China,84515000,"281,039","2,316,346",,,,,
1403,shaeed rajaii,China,85122020,"162,349","2,312,580",,,,,
1403,shaeed rajaii,China,30051090,"221,503","2,310,937",,,,,
1403,shaeed rajaii,China,72192200,"837,025","2,304,591",,,,,
1403,shaeed rajaii,China,39022000,"744,200","2,301,723",,,,,
1403,shaeed rajaii,China,84145920,"531,600","2,297,565",,,,,
1403,shaeed rajaii,China,48053000,"1,305,991","2,282,026",,,,,
1403,shaeed rajaii,China,29222910,"642,000","2,280,790",,,,,
1403,shaeed rajaii,China,84659200,"442,741","2,279,934",,,,,
1403,shaeed rajaii,China,85444900,"185,917","2,256,321",,,,,
1403,shaeed rajaii,China,85185000,"271,872","2,249,487",,,,,
1403,shaeed rajaii,China,44081010,"761,400","2,239,985",,,,,
1403,shaeed rajaii,China,29161400,"873,740","2,233,418",,,,,
1403,shaeed rajaii,China,96121000,"238,271","2,227,615",,,,,
1403,shaeed rajaii,China,59021010,"695,574","2,222,848",,,,,
1403,shaeed rajaii,China,70196600,"740,234","2,216,578",,,,,
1403,shaeed rajaii,China,90289020,"145,986","2,205,429",,,,,
1403,shaeed rajaii,China,84831020,"430,221","2,204,879",,,,,
1403,shaeed rajaii,China,54076100,"452,660","2,203,532",,,,,
1403,shaeed rajaii,China,73072100,"377,798","2,202,500",,,,,
1403,shaeed rajaii,China,39140090,"1,311,995","2,196,973",,,,,
1403,shaeed rajaii,China,87085021,"462,221","2,195,185",,,,,
1403,shaeed rajaii,China,48064000,"1,287,006","2,191,794",,,,,
1403,shaeed rajaii,China,39059910,"212,000","2,185,456",,,,,
1403,shaeed rajaii,China,74122000,"172,269","2,184,492",,,,,
1403,shaeed rajaii,China,73061990,"1,051,671","2,183,937",,,,,
1403,shaeed rajaii,China,29241990,"445,190","2,179,358",,,,,
1403,shaeed rajaii,China,34029090,"765,460","2,177,322",,,,,
1403,shaeed rajaii,China,48059290,"3,947,807","2,168,529",,,,,
1403,shaeed rajaii,China,83016010,"292,913","2,166,310",,,,,
1403,shaeed rajaii,China,84419000,"630,618","2,164,827",,,,,
1403,shaeed rajaii,China,84133020,"127,185","2,161,311",,,,,
1403,shaeed rajaii,China,28421020,"972,000","2,156,480",,,,,
1403,shaeed rajaii,China,84623200,"484,850","2,153,123",,,,,
1403,shaeed rajaii,China,3034300,"1,035,803","2,147,968",,,,,
1403,shaeed rajaii,China,29053200,"1,202,136","2,144,928",,,,,
1403,shaeed rajaii,China,72107010,"1,218,128","2,141,866",,,,,
1403,shaeed rajaii,China,38099200,"850,623","2,138,772",,,,,
1403,shaeed rajaii,China,90329000,"62,555","2,120,931",,,,,
1403,shaeed rajaii,China,31010020,"502,534","2,116,983",,,,,
1403,shaeed rajaii,China,56031410,"133,797","2,102,874",,,,,
1403,shaeed rajaii,China,72191300,"892,418","2,093,524",,,,,
1403,shaeed rajaii,China,85219090,"42,518","2,084,144",,,,,
1403,shaeed rajaii,China,35069110,"713,467","2,083,027",,,,,
1403,shaeed rajaii,China,39181090,"1,319,245","2,082,547",,,,,
1403,shaeed rajaii,China,72052900,"1,487,620","2,077,536",,,,,
1403,shaeed rajaii,China,55033000,"1,094,710","2,063,462",,,,,
1403,shaeed rajaii,China,29162000,"306,000","2,053,727",,,,,
1403,shaeed rajaii,China,29252990,"164,200","2,049,760",,,,,
1403,shaeed rajaii,China,84418000,"330,689","2,049,613",,,,,
1403,shaeed rajaii,China,98870431,"329,058","2,044,405",,,,,
1403,shaeed rajaii,China,85149000,"137,028","2,039,073",,,,,
1403,shaeed rajaii,China,39073020,"1,016,500","2,037,571",,,,,
1403,shaeed rajaii,China,83012000,"106,755","2,035,846",,,,,
1403,shaeed rajaii,China,48062000,"759,243","2,034,660",,,,,
1403,shaeed rajaii,China,69039090,"674,792","2,030,809",,,,,
1403,shaeed rajaii,China,69029020,"536,838","2,026,685",,,,,
1403,shaeed rajaii,China,84829100,"428,657","2,025,651",,,,,
1403,shaeed rajaii,China,87089329,"391,952","2,018,483",,,,,
1403,shaeed rajaii,China,90200000,"87,252","2,014,884",,,,,
1403,shaeed rajaii,China,29362210,"89,192","2,007,865",,,,,
1403,shaeed rajaii,China,90011090,"44,501","2,006,495",,,,,
1403,shaeed rajaii,China,72092600,"2,358,457","2,004,019",,,,,
1403,shaeed rajaii,China,82071300,"359,237","2,002,031",,,,,
1403,shaeed rajaii,China,85442000,"223,933","2,000,857",,,,,
1403,shaeed rajaii,China,84471100,"162,250","1,992,759",,,,,
1403,shaeed rajaii,China,85176260,"2,002","1,989,293",,,,,
1403,shaeed rajaii,China,84818011,"287,052","1,987,988",,,,,
1403,shaeed rajaii,China,85444290,"149,267","1,982,575",,,,,
1403,shaeed rajaii,China,85176110,"2,088","1,982,496",,,,,
1403,shaeed rajaii,China,39129000,"376,500","1,980,320",,,,,
1403,shaeed rajaii,China,84841010,"138,350","1,973,382",,,,,
1403,shaeed rajaii,China,84632000,"247,222","1,972,141",,,,,
1403,shaeed rajaii,China,85366910,"67,604","1,971,257",,,,,
1403,shaeed rajaii,China,90322000,"181,942","1,969,695",,,,,
1403,shaeed rajaii,China,87089211,"264,454","1,961,323",,,,,
1403,shaeed rajaii,China,29173990,"1,256,950","1,958,428",,,,,
1403,shaeed rajaii,China,68053090,"297,513","1,954,795",,,,,
1403,shaeed rajaii,China,29072100,"340,850","1,947,169",,,,,
1403,shaeed rajaii,China,84836000,"293,965","1,946,575",,,,,
1403,shaeed rajaii,China,84482000,"158,932","1,944,016",,,,,
1403,shaeed rajaii,China,87059090,"6,600","1,935,684",,,,,
1403,shaeed rajaii,China,69032020,"873,088","1,933,512",,,,,
1403,shaeed rajaii,China,84812090,"103,270","1,928,740",,,,,
1403,shaeed rajaii,China,85042200,"350,551","1,927,413",,,,,
1403,shaeed rajaii,China,48102200,"785,900","1,926,745",,,,,
1403,shaeed rajaii,China,39211390,"742,508","1,922,217",,,,,
1403,shaeed rajaii,China,90223000,"4,008","1,921,536",,,,,
1403,shaeed rajaii,China,32064200,"726,175","1,909,898",,,,,
1403,shaeed rajaii,China,84612000,"197,514","1,908,550",,,,,
1403,shaeed rajaii,China,84361000,"170,470","1,906,986",,,,,
1403,shaeed rajaii,China,90183927,"42,703","1,899,104",,,,,
1403,shaeed rajaii,China,73079100,"892,689","1,896,122",,,,,
1403,shaeed rajaii,China,35069190,"870,170","1,891,404",,,,,
1403,shaeed rajaii,China,72199000,"569,710","1,889,253",,,,,
1403,shaeed rajaii,China,84829900,"280,433","1,882,057",,,,,
1403,shaeed rajaii,China,85076010,"55,967","1,878,617",,,,,
1403,shaeed rajaii,China,72284000,"1,267,893","1,877,039",,,,,
1403,shaeed rajaii,China,29349990,"95,470","1,876,509",,,,,
1403,shaeed rajaii,China,85015290,"513,048","1,874,577",,,,,
1403,shaeed rajaii,China,87084050,"97,924","1,871,512",,,,,
1403,shaeed rajaii,China,29419040,"15,300","1,866,033",,,,,
1403,shaeed rajaii,China,76051900,"358,758","1,862,834",,,,,
1403,shaeed rajaii,China,84522100,"181,768","1,858,174",,,,,
1403,shaeed rajaii,China,72299030,"1,792,832","1,856,233",,,,,
1403,shaeed rajaii,China,75061000,"65,036","1,855,113",,,,,
1403,shaeed rajaii,China,84831090,"340,029","1,850,254",,,,,
1403,shaeed rajaii,China,83024290,"1,033,588","1,847,138",,,,,
1403,shaeed rajaii,China,84629000,"150,578","1,846,882",,,,,
1403,shaeed rajaii,China,85011090,"161,863","1,842,806",,,,,
1403,shaeed rajaii,China,81041100,"559,335","1,841,164",,,,,
1403,shaeed rajaii,China,72259900,"1,073,475","1,832,825",,,,,
1403,shaeed rajaii,China,84303120,"273,097","1,828,708",,,,,
1403,shaeed rajaii,China,85371050,"16,589","1,825,578",,,,,
1403,shaeed rajaii,China,85068010,"567,642","1,824,505",,,,,
1403,shaeed rajaii,China,73249000,"396,737","1,823,404",,,,,
1403,shaeed rajaii,China,73072300,"334,167","1,822,667",,,,,
1403,shaeed rajaii,China,85389090,"37,800","1,820,765",,,,,
1403,shaeed rajaii,China,85176120,"20,805","1,820,361",,,,,
1403,shaeed rajaii,China,40169920,"136,210","1,818,929",,,,,
1403,shaeed rajaii,China,29213090,"430,700","1,817,312",,,,,
1403,shaeed rajaii,China,26140000,"892,822","1,807,448",,,,,
1403,shaeed rajaii,China,76069190,"486,242","1,790,478",,,,,
1403,shaeed rajaii,China,39169090,"565,243","1,790,411",,,,,
1403,shaeed rajaii,China,29181600,"1,667,280","1,787,353",,,,,
1403,shaeed rajaii,China,84223000,"127,205","1,787,189",,,,,
1403,shaeed rajaii,China,40021900,"631,630","1,784,293",,,,,
1403,shaeed rajaii,China,29054200,"1,142,500","1,780,897",,,,,
1403,shaeed rajaii,China,29199000,"916,750","1,778,111",,,,,
1403,shaeed rajaii,China,29333990,"26,485","1,772,230",,,,,
1403,shaeed rajaii,China,29321100,"900,720","1,770,412",,,,,
1403,shaeed rajaii,China,84139200,"436,865","1,769,384",,,,,
1403,shaeed rajaii,China,60012200,"513,234","2,022,711",,,,,
1403,shaeed rajaii,China,25233000,"2,312,050","1,763,178",,,,,
1403,shaeed rajaii,China,38089322,"199,849","1,762,181",,,,,
1403,shaeed rajaii,China,38089990,"543,129","1,754,936",,,,,
1403,shaeed rajaii,China,84431700,"279,145","1,754,454",,,,,
1403,shaeed rajaii,China,84323110,"100,083","1,746,165",,,,,
1403,shaeed rajaii,China,90183210,"230,507","1,745,833",,,,,
1403,shaeed rajaii,China,32071020,"183,295","1,744,988",,,,,
1403,shaeed rajaii,China,90319000,"42,581","1,741,479",,,,,
1403,shaeed rajaii,China,54023100,"644,224","1,740,376",,,,,
1403,shaeed rajaii,China,90183290,"58,920","1,726,385",,,,,
1403,shaeed rajaii,China,84603990,"45,626","1,723,167",,,,,
1403,shaeed rajaii,China,27121090,"858,350","1,720,857",,,,,
1403,shaeed rajaii,China,39094020,"884,130","1,720,004",,,,,
1403,shaeed rajaii,China,75062000,"44,053","1,716,694",,,,,
1403,shaeed rajaii,China,29362820,"137,500","1,713,961",,,,,
1403,shaeed rajaii,China,84626100,"492,977","1,713,300",,,,,
1403,shaeed rajaii,China,83089000,"496,967","1,712,409",,,,,
1403,shaeed rajaii,China,38089321,"249,258","1,711,965",,,,,
1403,shaeed rajaii,China,83022000,"483,116","1,711,926",,,,,
1403,shaeed rajaii,China,82075090,"215,370","1,705,426",,,,,
1403,shaeed rajaii,China,38160090,"1,296,383","1,699,169",,,,,
1403,shaeed rajaii,China,39092090,"1,005,300","1,697,449",,,,,
1403,shaeed rajaii,China,29159090,"193,880","1,691,267",,,,,
1403,shaeed rajaii,China,82071900,"210,533","1,691,246",,,,,
1403,shaeed rajaii,China,84814000,"79,149","1,686,738",,,,,
1403,shaeed rajaii,China,84138120,"111,863","1,677,062",,,,,
1403,shaeed rajaii,China,29362400,"105,080","1,676,307",,,,,
1403,shaeed rajaii,China,85399090,"141,045","1,676,195",,,,,
1403,shaeed rajaii,China,84179000,"257,625","1,666,595",,,,,
1403,shaeed rajaii,China,84718010,"11,185","1,665,869",,,,,
1403,shaeed rajaii,China,27081000,"1,903,800","1,662,118",,,,,
1403,shaeed rajaii,China,51052900,"133,221","1,656,789",,,,,
1403,shaeed rajaii,China,84135020,"255,583","1,653,511",,,,,
1403,shaeed rajaii,China,83071090,"245,174","1,652,181",,,,,
1403,shaeed rajaii,China,85334090,"73,151","1,650,418",,,,,
1403,shaeed rajaii,China,73121090,"702,101","1,645,736",,,,,
1403,shaeed rajaii,China,25309090,"1,103,380","1,645,046",,,,,
1403,shaeed rajaii,China,84798100,"122,857","1,643,117",,,,,
1403,shaeed rajaii,China,84143019,"357,379","1,642,764",,,,,
1403,shaeed rajaii,China,87089110,"155,133","1,640,503",,,,,
1403,shaeed rajaii,China,39263000,"166,507","1,639,542",,,,,
1403,shaeed rajaii,China,85013400,"101,871","1,638,131",,,,,
1403,shaeed rajaii,China,84631000,"244,702","1,636,215",,,,,
1403,shaeed rajaii,China,40012900,"1,012,250","1,632,120",,,,,
1403,shaeed rajaii,China,98843320,"380,172","1,627,686",,,,,
1403,shaeed rajaii,China,29329990,"225,255","1,624,943",,,,,
1403,shaeed rajaii,China,29332990,"149,090","1,621,970",,,,,
1403,shaeed rajaii,China,39079922,"684,200","1,621,044",,,,,
1403,shaeed rajaii,China,38231900,"682,600","1,619,758",,,,,
1403,shaeed rajaii,China,32064990,"246,421","1,615,778",,,,,
1403,shaeed rajaii,China,84624900,"211,920","1,611,113",,,,,
1403,shaeed rajaii,China,85073000,"160,619","1,598,992",,,,,
1403,shaeed rajaii,China,84336090,"59,208","1,598,825",,,,,
1403,shaeed rajaii,China,84662000,"320,072","1,598,823",,,,,
1403,shaeed rajaii,China,85279100,"307,278","1,594,068",,,,,
1403,shaeed rajaii,China,84213920,"32,479","1,593,763",,,,,
1403,shaeed rajaii,China,23099030,"551,070","1,590,126",,,,,
1403,shaeed rajaii,China,59039090,"421,215","1,587,323",,,,,
1403,shaeed rajaii,China,39219099,"428,838","1,586,244",,,,,
1403,shaeed rajaii,China,84813000,"47,935","1,585,125",,,,,
1403,shaeed rajaii,China,84669400,"201,424","1,579,235",,,,,
1403,shaeed rajaii,China,85322510,"29,655","1,578,152",,,,,
1403,shaeed rajaii,China,29362810,"76,670","1,577,452",,,,,
1403,shaeed rajaii,China,84295229,"370,570","1,576,547",,,,,
1403,shaeed rajaii,China,32041990,"836,497","1,572,163",,,,,
1403,shaeed rajaii,China,84212190,"300,869","1,569,176",,,,,
1403,shaeed rajaii,China,84029000,"434,461","1,567,319",,,,,
1403,shaeed rajaii,China,58013600,"321,712","1,566,095",,,,,
1403,shaeed rajaii,China,39233090,"144,203","1,561,737",,,,,
1403,shaeed rajaii,China,84073220,"114,960","1,560,505",,,,,
1403,shaeed rajaii,China,29212990,"353,700","1,560,106",,,,,
1403,shaeed rajaii,China,84244990,"419,722","1,556,274",,,,,
1403,shaeed rajaii,China,90191050,"145,766","1,555,533",,,,,
1403,shaeed rajaii,China,29369000,"33,860","1,555,179",,,,,
1403,shaeed rajaii,China,84659600,"46,135","1,551,665",,,,,
1403,shaeed rajaii,China,87089411,"105,097","1,547,894",,,,,
1403,shaeed rajaii,China,28366000,"1,778,000","1,545,187",,,,,
1403,shaeed rajaii,China,94019990,"454,145","1,542,298",,,,,
1403,shaeed rajaii,China,54021910,"575,367","1,538,309",,,,,
1403,shaeed rajaii,China,81041900,"334,000","1,538,275",,,,,
1403,shaeed rajaii,China,56031319,"233,594","1,532,348",,,,,
1403,shaeed rajaii,China,96071900,"606,172","1,531,066",,,,,
1403,shaeed rajaii,China,28332790,"2,480,100","1,526,199",,,,,
1403,shaeed rajaii,China,84249000,"257,118","1,520,915",,,,,
1403,shaeed rajaii,China,34024210,"788,200","1,520,889",,,,,
1403,shaeed rajaii,China,84798200,"136,312","1,511,229",,,,,
1403,shaeed rajaii,China,85291030,"45,398","1,510,001",,,,,
1403,shaeed rajaii,China,73023090,"696,446","1,507,451",,,,,
1403,shaeed rajaii,China,32041690,"357,930","1,506,914",,,,,
1403,shaeed rajaii,China,87139000,"101,420","1,502,197",,,,,
1403,shaeed rajaii,China,38099100,"681,582","1,501,790",,,,,
1403,shaeed rajaii,China,29419020,"57,500","1,499,553",,,,,
1403,shaeed rajaii,China,32041310,"187,722","1,489,632",,,,,
1403,shaeed rajaii,China,85164000,"167,042","1,485,427",,,,,
1403,shaeed rajaii,China,85114010,"152,823","1,478,877",,,,,
1403,shaeed rajaii,China,84399100,"156,479","1,478,347",,,,,
1403,shaeed rajaii,China,32159090,"306,568","1,472,850",,,,,
1403,shaeed rajaii,China,73261900,"236,513","1,470,589",,,,,
1403,shaeed rajaii,China,38123990,"454,468","1,465,433",,,,,
1403,shaeed rajaii,China,84716010,"127,998","1,465,149",,,,,
1403,shaeed rajaii,China,84304190,"155,798","1,464,479",,,,,
1403,shaeed rajaii,China,84313900,"446,359","1,462,709",,,,,
1403,shaeed rajaii,China,96092010,"223,854","1,460,957",,,,,
1403,shaeed rajaii,China,29291010,"680,000","1,459,819",,,,,
1403,shaeed rajaii,China,28311000,"1,267,500","1,458,372",,,,,
1403,shaeed rajaii,China,68138910,"87,808","1,456,725",,,,,
1403,shaeed rajaii,China,85143900,"225,124","1,453,452",,,,,
1403,shaeed rajaii,China,29212190,"574,571","1,451,195",,,,,
1403,shaeed rajaii,China,84819090,"50,279","1,448,964",,,,,
1403,shaeed rajaii,China,28299090,"808,000","1,442,422",,,,,
1403,shaeed rajaii,China,84254200,"501,102","1,442,342",,,,,
1403,shaeed rajaii,China,29189920,"36,000","1,441,592",,,,,
1403,shaeed rajaii,China,35061010,"546,120","1,440,044",,,,,
1403,shaeed rajaii,China,39042200,"517,108","1,433,026",,,,,
1403,shaeed rajaii,China,28273990,"713,100","1,431,195",,,,,
1403,shaeed rajaii,China,28369900,"2,557,500","1,426,221",,,,,
1403,shaeed rajaii,China,29224290,"930,000","1,425,456",,,,,
1403,shaeed rajaii,China,39209990,"295,671","1,424,717",,,,,
1403,shaeed rajaii,China,29242990,"76,560","1,420,361",,,,,
1403,shaeed rajaii,China,84733010,"330,354","1,419,658",,,,,
1403,shaeed rajaii,China,70023900,"1,256,712","1,419,479",,,,,
1403,shaeed rajaii,China,32089030,"402,020","1,419,439",,,,,
1403,shaeed rajaii,China,28252000,"52,000","1,418,724",,,,,
1403,shaeed rajaii,China,38122090,"382,416","1,412,041",,,,,
1403,shaeed rajaii,China,29280090,"397,575","1,409,176",,,,,
1403,shaeed rajaii,China,39033000,"612,700","1,404,655",,,,,
1403,shaeed rajaii,China,39069010,"519,245","1,395,821",,,,,
1403,shaeed rajaii,China,85366990,"60,834","1,393,223",,,,,
1403,shaeed rajaii,China,85258920,"3,684","1,392,185",,,,,
1403,shaeed rajaii,China,28273200,"2,855,095","1,385,501",,,,,
1403,shaeed rajaii,China,84832000,"325,900","1,384,359",,,,,
1403,shaeed rajaii,China,21069090,"275,538","1,384,028",,,,,
1403,shaeed rajaii,China,28539010,"405,299","1,376,637",,,,,
1403,shaeed rajaii,China,72164010,"1,934,646","1,376,263",,,,,
1403,shaeed rajaii,China,85176220,"16,789","1,375,846",,,,,
1403,shaeed rajaii,China,84452000,"188,926","1,370,002",,,,,
1403,shaeed rajaii,China,84563000,"210,553","1,361,265",,,,,
1403,shaeed rajaii,China,85452000,"36,940","1,353,397",,,,,
1403,shaeed rajaii,China,59119090,"167,112","1,352,277",,,,,
1403,shaeed rajaii,China,54075100,"262,166","1,341,072",,,,,
1403,shaeed rajaii,China,39202030,"201,912","1,340,330",,,,,
1403,shaeed rajaii,China,28261200,"1,000,000","1,340,003",,,,,
1403,shaeed rajaii,China,55101200,"431,450","1,337,380",,,,,
1403,shaeed rajaii,China,84678990,"260,543","1,336,551",,,,,
1403,shaeed rajaii,China,87071010,"148,171","1,333,723",,,,,
1403,shaeed rajaii,China,59069900,"616,170","1,329,230",,,,,
1403,shaeed rajaii,China,30051020,"223,593","1,326,085",,,,,
1403,shaeed rajaii,China,84431990,"99,114","1,324,938",,,,,
1403,shaeed rajaii,China,39173300,"267,363","1,322,647",,,,,
1403,shaeed rajaii,China,96084000,"99,543","1,321,904",,,,,
1403,shaeed rajaii,China,84253190,"304,222","1,321,542",,,,,
1403,shaeed rajaii,China,72023000,"1,484,560","1,319,789",,,,,
1403,shaeed rajaii,China,90183910,"52,542","1,318,793",,,,,
1403,shaeed rajaii,China,98870313,"170,037","1,315,976",,,,,
1403,shaeed rajaii,China,70140000,"154,323","1,314,900",,,,,
1403,shaeed rajaii,China,39232990,"261,004","1,309,174",,,,,
1403,shaeed rajaii,China,85198900,"190,470","1,309,090",,,,,
1403,shaeed rajaii,China,96039090,"434,326","1,307,322",,,,,
1403,shaeed rajaii,China,68051090,"325,489","1,300,956",,,,,
1403,shaeed rajaii,China,29181100,"775,450","1,300,569",,,,,
1403,shaeed rajaii,China,29163990,"97,000","1,299,867",,,,,
1403,shaeed rajaii,China,85423900,"15,044","1,299,720",,,,,
1403,shaeed rajaii,China,70196500,"524,181","1,298,942",,,,,
1403,shaeed rajaii,China,28399010,"1,136,400","1,297,811",,,,,
1403,shaeed rajaii,China,84581990,"342,440","1,294,757",,,,,
1403,shaeed rajaii,China,30024290,"17,600","1,291,137",,,,,
1403,shaeed rajaii,China,84502000,"466,516","1,287,529",,,,,
1403,shaeed rajaii,China,29211990,"334,074","1,286,002",,,,,
1403,shaeed rajaii,China,84715020,"2,354","1,282,437",,,,,
1403,shaeed rajaii,China,84194090,"374,502","1,282,419",,,,,
1403,shaeed rajaii,China,84212990,"152,170","1,281,681",,,,,
1403,shaeed rajaii,China,90184100,"67,279","1,281,633",,,,,
1403,shaeed rajaii,China,28220000,"62,500","1,281,269",,,,,
1403,shaeed rajaii,China,73209090,"166,378","1,278,736",,,,,
1403,shaeed rajaii,China,29262000,"502,500","1,275,713",,,,,
1403,shaeed rajaii,China,39041020,"926,850","1,272,472",,,,,
1403,shaeed rajaii,China,85079090,"106,622","1,271,604",,,,,
1403,shaeed rajaii,China,74112200,"72,720","1,269,286",,,,,
1403,shaeed rajaii,China,52051200,"318,000","1,267,729",,,,,
1403,shaeed rajaii,China,84159060,"116,894","1,265,163",,,,,
1403,shaeed rajaii,China,87088049,"894,419","1,261,154",,,,,
1403,shaeed rajaii,China,84481110,"71,860","1,256,076",,,,,
1403,shaeed rajaii,China,91070000,"118,232","1,256,062",,,,,
1403,shaeed rajaii,China,74093100,"100,926","1,255,156",,,,,
1403,shaeed rajaii,China,76071910,"331,895","1,251,536",,,,,
1403,shaeed rajaii,China,72221100,"463,062","1,250,825",,,,,
1403,shaeed rajaii,China,84716020,"41,278","1,248,904",,,,,
1403,shaeed rajaii,China,40025900,"439,485","1,244,142",,,,,
1403,shaeed rajaii,China,84451300,"33,683","1,242,637",,,,,
1403,shaeed rajaii,China,29221990,"177,200","1,241,354",,,,,
1403,shaeed rajaii,China,72085110,"1,223,524","1,239,270",,,,,
1403,shaeed rajaii,China,85365040,"19,065","1,238,119",,,,,
1403,shaeed rajaii,China,73063020,"1,089,908","1,228,005",,,,,
1403,shaeed rajaii,China,84622300,"430,949","1,226,430",,,,,
1403,shaeed rajaii,China,72022110,"1,054,000","1,224,816",,,,,
1403,shaeed rajaii,China,85331020,"41,285","1,221,652",,,,,
1403,shaeed rajaii,China,55032000,"952,370","1,220,177",,,,,
1403,shaeed rajaii,China,85184000,"171,109","1,218,990",,,,,
1403,shaeed rajaii,China,39032000,"611,695","1,214,246",,,,,
1403,shaeed rajaii,China,72124010,"877,710","1,209,175",,,,,
1403,shaeed rajaii,China,84806000,"317,342","1,208,561",,,,,
1403,shaeed rajaii,China,72029200,"46,083","1,208,427",,,,,
1403,shaeed rajaii,China,90318020,"14,153","1,203,139",,,,,
1403,shaeed rajaii,China,35079000,"132,192","1,200,189",,,,,
1403,shaeed rajaii,China,84091000,"6,133","1,194,853",,,,,
1403,shaeed rajaii,China,84669300,"139,995","1,190,712",,,,,
1403,shaeed rajaii,China,13019090,"182,000","1,180,931",,,,,
1403,shaeed rajaii,China,39011090,"606,072","1,179,382",,,,,
1403,shaeed rajaii,China,48115190,"272,031","1,177,461",,,,,
1403,shaeed rajaii,China,28269010,"1,319,000","1,174,816",,,,,
1403,shaeed rajaii,China,84379090,"159,781","1,172,268",,,,,
1403,shaeed rajaii,China,69029030,"412,828","1,169,666",,,,,
1403,shaeed rajaii,China,98871184,"163,249","1,166,390",,,,,
1403,shaeed rajaii,China,59114000,"188,112","1,165,830",,,,,
1403,shaeed rajaii,China,73051200,"714,843","1,165,365",,,,,
1403,shaeed rajaii,China,38249980,"189,313","1,164,881",,,,,
1403,shaeed rajaii,China,37079020,"254,326","1,164,567",,,,,
1403,shaeed rajaii,China,85269290,"25,432","1,164,548",,,,,
1403,shaeed rajaii,China,28364000,"834,800","1,164,240",,,,,
1403,shaeed rajaii,China,90183921,"13,130","1,163,871",,,,,
1403,shaeed rajaii,China,74111010,"103,726","1,158,283",,,,,
1403,shaeed rajaii,China,81052000,"33,147","1,156,970",,,,,
1403,shaeed rajaii,China,85044070,"22,147","1,155,243",,,,,
1403,shaeed rajaii,China,39011010,"524,510","1,150,904",,,,,
1403,shaeed rajaii,China,39014000,"561,875","1,149,077",,,,,
1403,shaeed rajaii,China,27131100,"2,013,510","1,148,733",,,,,
1403,shaeed rajaii,China,54024900,"668,802","1,146,632",,,,,
1403,shaeed rajaii,China,29341000,"331,175","1,203,017",,,,,
1403,shaeed rajaii,China,94012000,"112,673","1,140,562",,,,,
1403,shaeed rajaii,China,3046100,"314,355","1,140,163",,,,,
1403,shaeed rajaii,China,27101940,"852,290","1,138,188",,,,,
1403,shaeed rajaii,China,84099920,"130,308","1,137,527",,,,,
1403,shaeed rajaii,China,39046900,"67,425","1,136,772",,,,,
1403,shaeed rajaii,China,39205900,"400,197","1,134,466",,,,,
1403,shaeed rajaii,China,48232000,"214,660","1,133,073",,,,,
1403,shaeed rajaii,China,54021920,"303,203","1,130,282",,,,,
1403,shaeed rajaii,China,81029400,"15,000","1,125,000",,,,,
1403,shaeed rajaii,China,39039000,"552,803","1,124,277",,,,,
1403,shaeed rajaii,China,27040020,"4,477,000","1,121,121",,,,,
1403,shaeed rajaii,China,85141990,"167,147","1,118,711",,,,,
1403,shaeed rajaii,China,40161020,"184,437","1,117,022",,,,,
1403,shaeed rajaii,China,84678100,"140,167","1,116,872",,,,,
1403,shaeed rajaii,China,90268090,"151,686","1,114,649",,,,,
1403,shaeed rajaii,China,28259000,"41,300","1,113,010",,,,,
1403,shaeed rajaii,China,84793010,"348,600","1,112,686",,,,,
1403,shaeed rajaii,China,68041000,"353,129","1,111,683",,,,,
1403,shaeed rajaii,China,29419050,"13,370","1,111,405",,,,,
1403,shaeed rajaii,China,29061100,"58,100","1,110,633",,,,,
1403,shaeed rajaii,China,76069230,"227,740","1,108,614",,,,,
1403,shaeed rajaii,China,85068020,"237,361","1,107,555",,,,,
1403,shaeed rajaii,China,32065000,"103,851","1,106,811",,,,,
1403,shaeed rajaii,China,48044900,"1,539,253","1,101,724",,,,,
1403,shaeed rajaii,China,28353990,"571,775","1,101,578",,,,,
1403,shaeed rajaii,China,29321400,"34,775","1,099,815",,,,,
1403,shaeed rajaii,China,84729070,"24,530","1,092,851",,,,,
1403,shaeed rajaii,China,81101000,"44,330","1,092,644",,,,,
1403,shaeed rajaii,China,28020000,"1,122,000","1,091,714",,,,,
1403,shaeed rajaii,China,25070010,"3,162,700","1,087,902",,,,,
1403,shaeed rajaii,China,55039000,"341,540","1,084,945",,,,,
1403,shaeed rajaii,China,22071010,"877,980","1,084,902",,,,,
1403,shaeed rajaii,China,29222990,"118,734","1,078,942",,,,,
1403,shaeed rajaii,China,70196100,"292,179","1,078,404",,,,,
1403,shaeed rajaii,China,58063200,"278,741","1,077,825",,,,,
1403,shaeed rajaii,China,82141010,"139,627","1,075,524",,,,,
1403,shaeed rajaii,China,82129090,"146,330","1,075,395",,,,,
1403,shaeed rajaii,China,90183929,"21,846","1,074,718",,,,,
1403,shaeed rajaii,China,72269200,"511,838","1,074,636",,,,,
1403,shaeed rajaii,China,85461000,"474,020","1,073,835",,,,,
1403,shaeed rajaii,China,29054100,"643,500","1,072,942",,,,,
1403,shaeed rajaii,China,85241200,"48,188","1,072,920",,,,,
1403,shaeed rajaii,China,28291100,"527,100","1,070,250",,,,,
1403,shaeed rajaii,China,84818016,"249,360","1,068,739",,,,,
1403,shaeed rajaii,China,91091000,"69,053","1,067,668",,,,,
1403,shaeed rajaii,China,84569000,"190,265","1,065,134",,,,,
1403,shaeed rajaii,China,72071900,"198,652","1,060,538",,,,,
1403,shaeed rajaii,China,84135090,"218,878","1,059,053",,,,,
1403,shaeed rajaii,China,84229090,"57,047","1,057,305",,,,,
1403,shaeed rajaii,China,34024190,"378,184","1,054,087",,,,,
1403,shaeed rajaii,China,70091000,"108,983","1,053,131",,,,,
1403,shaeed rajaii,China,85392940,"65,211","1,052,806",,,,,
1403,shaeed rajaii,China,48044190,"986,038","1,052,650",,,,,
1403,shaeed rajaii,China,72173090,"907,138","1,050,331",,,,,
1403,shaeed rajaii,China,85322590,"115,863","1,049,116",,,,,
1403,shaeed rajaii,China,84679900,"166,444","1,049,080",,,,,
1403,shaeed rajaii,China,39202090,"288,279","1,047,476",,,,,
1403,shaeed rajaii,China,29214290,"273,440","1,044,363",,,,,
1403,shaeed rajaii,China,29151100,"1,131,150","1,043,696",,,,,
1403,shaeed rajaii,China,85182200,"227,036","1,042,308",,,,,
1403,shaeed rajaii,China,23099039,"379,000","1,040,436",,,,,
1403,shaeed rajaii,China,29339920,"17,000","1,039,563",,,,,
1403,shaeed rajaii,China,29156000,"441,200","1,037,149",,,,,
1403,shaeed rajaii,China,84626200,"247,742","1,036,368",,,,,
1403,shaeed rajaii,China,85045090,"43,355","1,036,091",,,,,
1403,shaeed rajaii,China,84532000,"400,320","1,036,023",,,,,
1403,shaeed rajaii,China,84592900,"283,510","1,036,008",,,,,
1403,shaeed rajaii,China,84312090,"313,510","1,033,071",,,,,
1403,shaeed rajaii,China,44089090,"352,468","1,032,335",,,,,
1403,shaeed rajaii,China,85319000,"73,927","1,032,063",,,,,
1403,shaeed rajaii,China,85098010,"93,763","1,029,796",,,,,
1403,shaeed rajaii,China,84701000,"90,000","1,027,294",,,,,
1403,shaeed rajaii,China,85441100,"69,339","1,026,867",,,,,
1403,shaeed rajaii,China,40022000,"505,120","1,026,722",,,,,
1403,shaeed rajaii,China,69032010,"247,131","1,026,461",,,,,
1403,shaeed rajaii,China,73059000,"570,180","1,025,678",,,,,
1403,shaeed rajaii,China,83024210,"378,509","1,024,847",,,,,
1403,shaeed rajaii,China,90261030,"25,650","1,023,589",,,,,
1403,shaeed rajaii,China,85076090,"44,853","1,022,935",,,,,
1403,shaeed rajaii,China,84589900,"237,303","1,018,109",,,,,
1403,shaeed rajaii,China,29389000,"44,125","1,017,884",,,,,
1403,shaeed rajaii,China,90118000,"15,272","1,016,948",,,,,
1403,shaeed rajaii,China,87085019,"119,154","1,016,575",,,,,
1403,shaeed rajaii,China,59032000,"289,961","1,016,018",,,,,
1403,shaeed rajaii,China,29155000,"587,400","1,013,809",,,,,
1403,shaeed rajaii,China,28341090,"1,016,000","1,009,858",,,,,
1403,shaeed rajaii,China,82023900,"387,756","1,009,715",,,,,
1403,shaeed rajaii,China,29157019,"530,200","1,007,094",,,,,
1403,shaeed rajaii,China,84835000,"117,759","1,006,867",,,,,
1403,shaeed rajaii,China,32082050,"488,020","1,000,233",,,,,
1403,shaeed rajaii,China,84283900,"209,832","999,447",,,,,
1403,shaeed rajaii,China,84513090,"204,262","998,869",,,,,
1403,shaeed rajaii,China,68151100,"38,727","998,718",,,,,
1403,shaeed rajaii,China,73269040,"18,450","996,581",,,,,
1403,shaeed rajaii,China,75071200,"31,923","995,994",,,,,
1403,shaeed rajaii,China,98870119,"202,000","995,214",,,,,
1403,shaeed rajaii,China,39203000,"395,890","994,597",,,,,
1403,shaeed rajaii,China,84798965,"53,003","993,741",,,,,
1403,shaeed rajaii,China,29037100,"264,356","991,123",,,,,
1403,shaeed rajaii,China,83099020,"165,102","989,463",,,,,
1403,shaeed rajaii,China,38249920,"604,100","988,514",,,,,
1403,shaeed rajaii,China,85433090,"73,965","988,016",,,,,
1403,shaeed rajaii,China,90241000,"49,811","987,780",,,,,
1403,shaeed rajaii,China,69029010,"348,482","986,747",,,,,
1403,shaeed rajaii,China,69032030,"964,500","982,949",,,,,
1403,shaeed rajaii,China,39262010,"177,215","977,480",,,,,
1403,shaeed rajaii,China,90321090,"38,764","976,214",,,,,
1403,shaeed rajaii,China,85015210,"124,260","974,479",,,,,
1403,shaeed rajaii,China,29051200,"651,620","974,027",,,,,
1403,shaeed rajaii,China,55101100,"381,174","972,701",,,,,
1403,shaeed rajaii,China,84073490,"76,596","971,823",,,,,
1403,shaeed rajaii,China,84472000,"170,925","967,705",,,,,
1403,shaeed rajaii,China,73262000,"216,381","967,016",,,,,
1403,shaeed rajaii,China,28046900,"389,000","966,674",,,,,
1403,shaeed rajaii,China,44021000,"844,082","961,497",,,,,
1403,shaeed rajaii,China,85043390,"105,061","960,170",,,,,
1403,shaeed rajaii,China,73072990,"199,190","960,006",,,,,
1403,shaeed rajaii,China,90183912,"119,861","958,799",,,,,
1403,shaeed rajaii,China,85441900,"250,556","957,245",,,,,
1403,shaeed rajaii,China,54023900,"657,984","956,298",,,,,
1403,shaeed rajaii,China,84242000,"122,476","955,146",,,,,
1403,shaeed rajaii,China,84159050,"119,808","954,643",,,,,
1403,shaeed rajaii,China,72021100,"980,430","950,279",,,,,
1403,shaeed rajaii,China,29181900,"317,200","941,053",,,,,
1403,shaeed rajaii,China,84071010,"1,290","939,732",,,,,
1403,shaeed rajaii,China,72193100,"341,255","935,448",,,,,
1403,shaeed rajaii,China,29171300,"154,231","931,461",,,,,
1403,shaeed rajaii,China,84251190,"254,040","931,069",,,,,
1403,shaeed rajaii,China,38249970,"93,340","923,552",,,,,
1403,shaeed rajaii,China,85059090,"85,911","923,360",,,,,
1403,shaeed rajaii,China,73102190,"188,719","922,712",,,,,
1403,shaeed rajaii,China,85412900,"7,520","922,426",,,,,
1403,shaeed rajaii,China,70196410,"49,366","922,380",,,,,
1403,shaeed rajaii,China,84733020,"197,085","920,062",,,,,
1403,shaeed rajaii,China,84136020,"103,704","919,138",,,,,
1403,shaeed rajaii,China,40169980,"137,065","917,304",,,,,
1403,shaeed rajaii,China,72259200,"974,655","915,073",,,,,
1403,shaeed rajaii,China,29051300,"697,985","912,878",,,,,
1403,shaeed rajaii,China,87088031,"254,045","912,088",,,,,
1403,shaeed rajaii,China,40103500,"47,673","911,507",,,,,
1403,shaeed rajaii,China,96139000,"63,243","910,471",,,,,
1403,shaeed rajaii,China,85153110,"164,535","909,260",,,,,
1403,shaeed rajaii,China,73229020,"23,771","908,830",,,,,
1403,shaeed rajaii,China,84549000,"121,618","908,285",,,,,
1403,shaeed rajaii,China,29151300,"192,500","908,050",,,,,
1403,shaeed rajaii,China,84818065,"36,234","906,809",,,,,
1403,shaeed rajaii,China,73141400,"220,290","905,824",,,,,
1403,shaeed rajaii,China,28353910,"519,750","903,366",,,,,
1403,shaeed rajaii,China,76042900,"189,369","902,674",,,,,
1403,shaeed rajaii,China,90292010,"10,449","902,061",,,,,
1403,shaeed rajaii,China,72173010,"667,312","900,225",,,,,
1403,shaeed rajaii,China,54072010,"399,804","898,940",,,,,
1403,shaeed rajaii,China,76129020,"96,398","898,929",,,,,
1403,shaeed rajaii,China,39174000,"43,420","897,370",,,,,
1403,shaeed rajaii,China,72192300,"326,267","894,827",,,,,
1403,shaeed rajaii,China,38231100,"542,875","894,505",,,,,
1403,shaeed rajaii,China,76169900,"104,272","894,500",,,,,
1403,shaeed rajaii,China,84378090,"146,214","893,692",,,,,
1403,shaeed rajaii,China,35061090,"243,114","893,527",,,,,
1403,shaeed rajaii,China,85044040,"48,374","891,473",,,,,
1403,shaeed rajaii,China,85362090,"44,012","887,910",,,,,
1403,shaeed rajaii,China,72224000,"312,644","885,815",,,,,
1403,shaeed rajaii,China,72155000,"1,747,968","883,789",,,,,
1403,shaeed rajaii,China,72269100,"880,126","883,308",,,,,
1403,shaeed rajaii,China,39232120,"150,965","874,405",,,,,
1403,shaeed rajaii,China,59111020,"75,390","872,221",,,,,
1403,shaeed rajaii,China,32061990,"342,000","871,234",,,,,
1403,shaeed rajaii,China,29142200,"403,245","871,116",,,,,
1403,shaeed rajaii,China,85016200,"230,187","870,343",,,,,
1403,shaeed rajaii,China,90185090,"4,814","869,803",,,,,
1403,shaeed rajaii,China,85183010,"56,764","867,662",,,,,
1403,shaeed rajaii,China,90311090,"40,790","863,659",,,,,
1403,shaeed rajaii,China,85141100,"31,560","860,861",,,,,
1403,shaeed rajaii,China,25041090,"1,212,358","859,121",,,,,
1403,shaeed rajaii,China,28461000,"26,700","857,080",,,,,
1403,shaeed rajaii,China,84264900,"191,952","856,118",,,,,
1403,shaeed rajaii,China,39204320,"284,000","849,652",,,,,
1403,shaeed rajaii,China,29021900,"310,410","848,167",,,,,
1403,shaeed rajaii,China,83014090,"168,877","846,808",,,,,
1403,shaeed rajaii,China,84212930,"62,953","844,240",,,,,
1403,shaeed rajaii,China,54075200,"177,479","843,085",,,,,
1403,shaeed rajaii,China,83051000,"394,113","842,920",,,,,
1403,shaeed rajaii,China,72164090,"1,122,650","842,562",,,,,
1403,shaeed rajaii,China,84514000,"161,206","841,793",,,,,
1403,shaeed rajaii,China,84238100,"26,376","841,644",,,,,
1403,shaeed rajaii,China,84362900,"343,285","841,170",,,,,
1403,shaeed rajaii,China,84589190,"75,730","838,581",,,,,
1403,shaeed rajaii,China,39089020,"800,000","834,626",,,,,
1403,shaeed rajaii,China,73072200,"255,338","834,507",,,,,
1403,shaeed rajaii,China,38237090,"283,500","833,295",,,,,
1403,shaeed rajaii,China,39094030,"374,825","831,400",,,,,
1403,shaeed rajaii,China,85299050,"14,514","831,357",,,,,
1403,shaeed rajaii,China,29038900,"82,112","828,818",,,,,
1403,shaeed rajaii,China,85309000,"3,400","828,232",,,,,
1403,shaeed rajaii,China,72091500,"946,334","828,145",,,,,
1403,shaeed rajaii,China,85044020,"26,216","827,532",,,,,
1403,shaeed rajaii,China,87085033,"169,984","827,290",,,,,
1403,shaeed rajaii,China,68141000,"157,816","825,388",,,,,
1403,shaeed rajaii,China,48099090,"521,159","823,735",,,,,
1403,shaeed rajaii,China,29224210,"635,200","823,525",,,,,
1403,shaeed rajaii,China,95067000,"107,676","819,159",,,,,
1403,shaeed rajaii,China,85129010,"99,561","818,315",,,,,
1403,shaeed rajaii,China,90058090,"6,242","817,787",,,,,
1403,shaeed rajaii,China,39219091,"211,231","812,751",,,,,
1403,shaeed rajaii,China,28334000,"754,850","811,685",,,,,
1403,shaeed rajaii,China,76072000,"161,019","808,814",,,,,
1403,shaeed rajaii,China,85459030,"20,729","808,497",,,,,
1403,shaeed rajaii,China,82089000,"260,573","807,309",,,,,
1403,shaeed rajaii,China,29171100,"1,241,000","806,973",,,,,
1403,shaeed rajaii,China,85258990,"16,479","806,272",,,,,
1403,shaeed rajaii,China,29161300,"321,300","805,950",,,,,
1403,shaeed rajaii,China,83016090,"85,172","804,104",,,,,
1403,shaeed rajaii,China,39232190,"135,713","803,674",,,,,
1403,shaeed rajaii,China,81130000,"11,122","802,491",,,,,
1403,shaeed rajaii,China,73209020,"90,009","802,390",,,,,
1403,shaeed rajaii,China,68159990,"426,975","801,598",,,,,
1403,shaeed rajaii,China,84672920,"115,481","801,344",,,,,
1403,shaeed rajaii,China,39211990,"178,320","799,554",,,,,
1403,shaeed rajaii,China,84818025,"170,426","797,658",,,,,
1403,shaeed rajaii,China,84596100,"128,600","796,065",,,,,
1403,shaeed rajaii,China,39219010,"194,494","792,485",,,,,
1403,shaeed rajaii,China,32049010,"204,100","791,553",,,,,
1403,shaeed rajaii,China,85286200,"8,015","788,865",,,,,
1403,shaeed rajaii,China,32041490,"330,000","785,287",,,,,
1403,shaeed rajaii,China,84122100,"41,032","784,448",,,,,
1403,shaeed rajaii,China,84433100,"31,214","783,981",,,,,
1403,shaeed rajaii,China,35051090,"373,375","782,767",,,,,
1403,shaeed rajaii,China,32082090,"94,115","781,831",,,,,
1403,shaeed rajaii,China,84717090,"17,187","777,239",,,,,
1403,shaeed rajaii,China,84592100,"83,380","776,386",,,,,
1403,shaeed rajaii,China,82079000,"50,199","775,675",,,,,
1403,shaeed rajaii,China,84385000,"93,184","774,973",,,,,
1403,shaeed rajaii,China,98870424,"98,152","773,835",,,,,
1403,shaeed rajaii,China,73061190,"155,950","772,098",,,,,
1403,shaeed rajaii,China,84833000,"68,286","768,027",,,,,
1403,shaeed rajaii,China,39204330,"424,749","766,564",,,,,
1403,shaeed rajaii,China,85287210,"20,422","762,821",,,,,
1403,shaeed rajaii,China,84431100,"114,940","759,666",,,,,
1403,shaeed rajaii,China,85043290,"34,518","756,896",,,,,
1403,shaeed rajaii,China,39076920,"660,000","756,539",,,,,
1403,shaeed rajaii,China,29372990,"1,460","755,950",,,,,
1403,shaeed rajaii,China,70196490,"276,626","755,676",,,,,
1403,shaeed rajaii,China,29314990,"555,400","755,424",,,,,
1403,shaeed rajaii,China,72159000,"169,261","755,259",,,,,
1403,shaeed rajaii,China,15159090,"41,065","754,770",,,,,
1403,shaeed rajaii,China,39199020,"220,925","754,346",,,,,
1403,shaeed rajaii,China,85444210,"44,435","752,004",,,,,
1403,shaeed rajaii,China,48119090,"372,131","751,805",,,,,
1403,shaeed rajaii,China,39201020,"311,990","750,289",,,,,
1403,shaeed rajaii,China,48043190,"548,924","749,562",,,,,
1403,shaeed rajaii,China,70023200,"744,969","745,989",,,,,
1403,shaeed rajaii,China,96092090,"264,908","743,200",,,,,
1403,shaeed rajaii,China,84128000,"107,915","742,297",,,,,
1403,shaeed rajaii,China,82130000,"133,750","741,975",,,,,
1403,shaeed rajaii,China,28419000,"887,016","740,556",,,,,
1403,shaeed rajaii,China,87041020,"166,940","739,532",,,,,
1403,shaeed rajaii,China,87051010,"217,600","738,989",,,,,
1403,shaeed rajaii,China,72191100,"261,129","738,849",,,,,
1403,shaeed rajaii,China,73158900,"287,531","738,190",,,,,
1403,shaeed rajaii,China,85189010,"125,357","737,214",,,,,
1403,shaeed rajaii,China,90311010,"76,540","736,587",,,,,
1403,shaeed rajaii,China,84639000,"30,841","736,574",,,,,
1403,shaeed rajaii,China,32091050,"167,016","735,885",,,,,
1403,shaeed rajaii,China,73041910,"640,013","735,760",,,,,
1403,shaeed rajaii,China,84209100,"151,946","734,310",,,,,
1403,shaeed rajaii,China,83099090,"209,085","733,018",,,,,
1403,shaeed rajaii,China,74112100,"66,736","732,246",,,,,
1403,shaeed rajaii,China,85022010,"34,950","732,224",,,,,
1403,shaeed rajaii,China,29094900,"211,520","730,623",,,,,
1403,shaeed rajaii,China,85177190,"19,498","730,591",,,,,
1403,shaeed rajaii,China,29153900,"298,229","728,829",,,,,
1403,shaeed rajaii,China,29362910,"86,575","728,493",,,,,
1403,shaeed rajaii,China,85272100,"74,474","727,005",,,,,
1403,shaeed rajaii,China,29362100,"13,880","724,371",,,,,
1403,shaeed rajaii,China,40101100,"152,562","719,633",,,,,
1403,shaeed rajaii,China,74072900,"48,254","719,117",,,,,
1403,shaeed rajaii,China,29335910,"30,000","718,883",,,,,
1403,shaeed rajaii,China,39201040,"238,979","717,345",,,,,
1403,shaeed rajaii,China,32081040,"162,200","715,791",,,,,
1403,shaeed rajaii,China,39131000,"74,250","715,474",,,,,
1403,shaeed rajaii,China,85364920,"28,600","714,297",,,,,
1403,shaeed rajaii,China,29121900,"426,470","713,783",,,,,
1403,shaeed rajaii,China,85176940,"2,095","712,949",,,,,
1403,shaeed rajaii,China,29400010,"135,970","711,790",,,,,
1403,shaeed rajaii,China,90248000,"53,961","711,336",,,,,
1403,shaeed rajaii,China,38160020,"260,320","710,326",,,,,
1403,shaeed rajaii,China,29241290,"189,700","709,303",,,,,
1403,shaeed rajaii,China,84159020,"98,492","707,019",,,,,
1403,shaeed rajaii,China,39052900,"381,100","706,704",,,,,
1403,shaeed rajaii,China,85399010,"142,927","705,051",,,,,
1403,shaeed rajaii,China,40119090,"162,295","704,672",,,,,
1403,shaeed rajaii,China,84459000,"169,211","702,883",,,,,
1403,shaeed rajaii,China,87089429,"78,097","698,294",,,,,
1403,shaeed rajaii,China,84669200,"53,635","697,483",,,,,
1403,shaeed rajaii,China,70171010,"331,642","696,481",,,,,
1403,shaeed rajaii,China,59090000,"145,494","696,438",,,,,
1403,shaeed rajaii,China,39202050,"70,927","695,277",,,,,
1403,shaeed rajaii,China,73182900,"87,308","693,070",,,,,
1403,shaeed rajaii,China,84137010,"120,418","691,504",,,,,
1403,shaeed rajaii,China,72272000,"1,000,000","691,381",,,,,
1403,shaeed rajaii,China,30064090,"10,452","690,065",,,,,
1403,shaeed rajaii,China,28352900,"411,500","688,453",,,,,
1403,shaeed rajaii,China,76129090,"31,761","688,181",,,,,
1403,shaeed rajaii,China,90318030,"59,856","687,687",,,,,
1403,shaeed rajaii,China,70196310,"428,106","685,806",,,,,
1403,shaeed rajaii,China,85334030,"76,484","683,499",,,,,
1403,shaeed rajaii,China,84159030,"108,526","683,116",,,,,
1403,shaeed rajaii,China,28251090,"116,000","681,680",,,,,
1403,shaeed rajaii,China,25120000,"1,030,580","680,337",,,,,
1403,shaeed rajaii,China,60054200,"137,237","677,620",,,,,
1403,shaeed rajaii,China,39204930,"268,153","676,551",,,,,
1403,shaeed rajaii,China,38273100,"152,873","676,310",,,,,
1403,shaeed rajaii,China,39122000,"204,000","676,272",,,,,
1403,shaeed rajaii,China,85219010,"22,209","675,793",,,,,
1403,shaeed rajaii,China,98871220,"196,755","673,173",,,,,
1403,shaeed rajaii,China,96062200,"299,127","672,361",,,,,
1403,shaeed rajaii,China,84132000,"121,716","669,205",,,,,
1403,shaeed rajaii,China,83023090,"142,300","668,260",,,,,
1403,shaeed rajaii,China,39209200,"163,829","667,059",,,,,
1403,shaeed rajaii,China,59119010,"92,748","665,327",,,,,
1403,shaeed rajaii,China,85016300,"137,645","664,075",,,,,
1403,shaeed rajaii,China,29142900,"197,840","663,208",,,,,
1403,shaeed rajaii,China,85363090,"25,739","662,395",,,,,
1403,shaeed rajaii,China,84818021,"158,190","662,325",,,,,
1403,shaeed rajaii,China,70052120,"626,720","661,291",,,,,
1403,shaeed rajaii,China,90184911,"23,401","657,530",,,,,
1403,shaeed rajaii,China,29334920,"5,600","656,925",,,,,
1403,shaeed rajaii,China,39204370,"148,000","656,352",,,,,
1403,shaeed rajaii,China,39211200,"332,316","654,351",,,,,
1403,shaeed rajaii,China,29362500,"25,750","653,947",,,,,
1403,shaeed rajaii,China,72288000,"258,322","653,753",,,,,
1403,shaeed rajaii,China,28332980,"651,000","653,465",,,,,
1403,shaeed rajaii,China,29209090,"576,000","652,141",,,,,
1403,shaeed rajaii,China,70199040,"215,563","651,139",,,,,
1403,shaeed rajaii,China,34023910,"316,300","650,869",,,,,
1403,shaeed rajaii,China,84409000,"126,896","650,281",,,,,
1403,shaeed rajaii,China,29072200,"75,100","649,625",,,,,
1403,shaeed rajaii,China,84519000,"70,164","649,139",,,,,
1403,shaeed rajaii,China,84148010,"25,792","649,022",,,,,
1403,shaeed rajaii,China,76041000,"133,604","648,483",,,,,
1403,shaeed rajaii,China,84135010,"61,861","647,344",,,,,
1403,shaeed rajaii,China,34031990,"162,760","647,284",,,,,
1403,shaeed rajaii,China,76042100,"133,224","646,542",,,,,
1403,shaeed rajaii,China,82077000,"84,292","646,146",,,,,
1403,shaeed rajaii,China,84573000,"51,715","645,739",,,,,
1403,shaeed rajaii,China,85171420,"1,997","645,498",,,,,
1403,shaeed rajaii,China,76081000,"177,428","644,657",,,,,
1403,shaeed rajaii,China,52079000,"16,911","644,534",,,,,
1403,shaeed rajaii,China,39199030,"381,848","643,789",,,,,
1403,shaeed rajaii,China,84289090,"77,400","639,487",,,,,
1403,shaeed rajaii,China,60053700,"106,776","638,839",,,,,
1403,shaeed rajaii,China,90292022,"6,581","638,672",,,,,
1403,shaeed rajaii,China,25081000,"301,750","636,465",,,,,
1403,shaeed rajaii,China,74091100,"60,615","635,464",,,,,
1403,shaeed rajaii,China,90183220,"20,545","635,106",,,,,
1403,shaeed rajaii,China,87141025,"178,151","634,318",,,,,
1403,shaeed rajaii,China,87012100,"76,610","633,903",,,,,
1403,shaeed rajaii,China,40027000,"191,550","633,761",,,,,
1403,shaeed rajaii,China,54025100,"207,377","633,221",,,,,
1403,shaeed rajaii,China,84198970,"56,335","631,713",,,,,
1403,shaeed rajaii,China,29362300,"22,700","630,659",,,,,
1403,shaeed rajaii,China,84715010,"6,373","629,265",,,,,
1403,shaeed rajaii,China,39219070,"80,574","628,450",,,,,
1403,shaeed rajaii,China,84262000,"521,980","628,133",,,,,
1403,shaeed rajaii,China,84292021,"104,000","628,064",,,,,
1403,shaeed rajaii,China,84485900,"88,350","626,560",,,,,
1403,shaeed rajaii,China,59021020,"178,146","626,111",,,,,
1403,shaeed rajaii,China,83015000,"143,987","625,056",,,,,
1403,shaeed rajaii,China,60059000,"131,237","623,614",,,,,
1403,shaeed rajaii,China,90309000,"5,022","622,903",,,,,
1403,shaeed rajaii,China,87084010,"35,511","620,954",,,,,
1403,shaeed rajaii,China,39021099,"270,536","620,413",,,,,
1403,shaeed rajaii,China,29321300,"479,000","619,395",,,,,
1403,shaeed rajaii,China,48139000,"155,764","618,597",,,,,
1403,shaeed rajaii,China,37019910,"25,273","617,458",,,,,
1403,shaeed rajaii,China,84733090,"10,249","615,053",,,,,
1403,shaeed rajaii,China,85016490,"57,217","613,535",,,,,
1403,shaeed rajaii,China,69091990,"57,598","613,337",,,,,
1403,shaeed rajaii,China,32073090,"554,400","612,891",,,,,
1403,shaeed rajaii,China,28211000,"421,400","611,441",,,,,
1403,shaeed rajaii,China,32072010,"282,775","610,019",,,,,
1403,shaeed rajaii,China,32089020,"96,000","609,853",,,,,
1403,shaeed rajaii,China,84261190,"137,573","609,293",,,,,
1403,shaeed rajaii,China,32061110,"280,500","606,990",,,,,
1403,shaeed rajaii,China,28352500,"468,000","603,517",,,,,
1403,shaeed rajaii,China,29054990,"307,860","602,385",,,,,
1403,shaeed rajaii,China,83024900,"110,737","600,759",,,,,
1403,shaeed rajaii,China,98843310,"140,170","598,548",,,,,
1403,shaeed rajaii,China,85114020,"54,208","598,351",,,,,
1403,shaeed rajaii,China,39204910,"223,580","598,158",,,,,
1403,shaeed rajaii,China,73181690,"215,287","598,100",,,,,
1403,shaeed rajaii,China,98870112,"111,434","598,038",,,,,
1403,shaeed rajaii,China,39043000,"161,000","598,004",,,,,
1403,shaeed rajaii,China,85065030,"7,034","596,289",,,,,
1403,shaeed rajaii,China,40169990,"172,213","595,683",,,,,
1403,shaeed rajaii,China,85362020,"50,946","595,027",,,,,
1403,shaeed rajaii,China,76069290,"197,873","595,019",,,,,
1403,shaeed rajaii,China,39094010,"249,410","594,466",,,,,
1403,shaeed rajaii,China,84425090,"80,794","591,090",,,,,
1403,shaeed rajaii,China,28030000,"155,539","589,928",,,,,
1403,shaeed rajaii,China,79050000,"121,894","589,509",,,,,
1403,shaeed rajaii,China,48109210,"802,552","589,412",,,,,
1403,shaeed rajaii,China,32071090,"69,260","589,282",,,,,
1403,shaeed rajaii,China,72024990,"140,000","588,040",,,,,
1403,shaeed rajaii,China,29339930,"8,275","587,364",,,,,
1403,shaeed rajaii,China,85176950,"4,859","586,715",,,,,
1403,shaeed rajaii,China,84819040,"70,354","586,356",,,,,
1403,shaeed rajaii,China,84433900,"38,845","584,263",,,,,
1403,shaeed rajaii,China,29109000,"221,500","584,003",,,,,
1403,shaeed rajaii,China,40103400,"219,342","583,292",,,,,
1403,shaeed rajaii,China,84192090,"42,403","583,008",,,,,
1403,shaeed rajaii,China,29034990,"117,580","581,731",,,,,
1403,shaeed rajaii,China,87141040,"185,023","578,335",,,,,
1403,shaeed rajaii,China,34023990,"185,360","576,804",,,,,
1403,shaeed rajaii,China,29029000,"137,700","574,575",,,,,
1403,shaeed rajaii,China,39012090,"304,410","574,474",,,,,
1403,shaeed rajaii,China,38151100,"36,500","573,984",,,,,
1403,shaeed rajaii,China,84131100,"3,100","573,589",,,,,
1403,shaeed rajaii,China,85322900,"80,823","573,438",,,,,
1403,shaeed rajaii,China,73181510,"70,902","571,131",,,,,
1403,shaeed rajaii,China,39076990,"207,000","570,005",,,,,
1403,shaeed rajaii,China,83111000,"609,712","568,059",,,,,
1403,shaeed rajaii,China,87087029,"91,488","567,567",,,,,
1403,shaeed rajaii,China,73182400,"36,235","565,781",,,,,
1403,shaeed rajaii,China,90148000,"2,384","565,468",,,,,
1403,shaeed rajaii,China,72123020,"719,685","562,354",,,,,
1403,shaeed rajaii,China,84322990,"222,470","562,324",,,,,
1403,shaeed rajaii,China,85479000,"85,595","562,255",,,,,
1403,shaeed rajaii,China,84079000,"132,989","561,411",,,,,
1403,shaeed rajaii,China,28332920,"72,500","558,972",,,,,
1403,shaeed rajaii,China,84243000,"36,998","558,423",,,,,
1403,shaeed rajaii,China,84842020,"107,363","557,713",,,,,
1403,shaeed rajaii,China,40012200,"240,160","557,266",,,,,
1403,shaeed rajaii,China,83026000,"192,817","556,501",,,,,
1403,shaeed rajaii,China,87089311,"13,951","555,633",,,,,
1403,shaeed rajaii,China,39029000,"230,740","554,815",,,,,
1403,shaeed rajaii,China,38063000,"133,020","554,479",,,,,
1403,shaeed rajaii,China,85182100,"95,834","553,899",,,,,
1403,shaeed rajaii,China,72083790,"852,744","551,305",,,,,
1403,shaeed rajaii,China,81019900,"7,729","549,906",,,,,
1403,shaeed rajaii,China,29143990,"126,315","549,458",,,,,
1403,shaeed rajaii,China,84688000,"42,189","549,143",,,,,
1403,shaeed rajaii,China,81110090,"211,100","548,930",,,,,
1403,shaeed rajaii,China,39041090,"373,334","548,566",,,,,
1403,shaeed rajaii,China,85065090,"10,754","548,405",,,,,
1403,shaeed rajaii,China,84581910,"4,515","548,365",,,,,
1403,shaeed rajaii,China,85364120,"33,473","546,554",,,,,
1403,shaeed rajaii,China,39069050,"65,586","546,171",,,,,
1403,shaeed rajaii,China,84602900,"119,911","545,472",,,,,
1403,shaeed rajaii,China,84538000,"78,639","544,118",,,,,
1403,shaeed rajaii,China,44089010,"156,052","542,998",,,,,
1403,shaeed rajaii,China,85311000,"9,854","542,995",,,,,
1403,shaeed rajaii,China,98870111,"76,090","542,869",,,,,
1403,shaeed rajaii,China,84835010,"66,565","542,821",,,,,
1403,shaeed rajaii,China,85371020,"5,870","539,782",,,,,
1403,shaeed rajaii,China,84671100,"67,191","539,494",,,,,
1403,shaeed rajaii,China,84841090,"88,432","538,130",,,,,
1403,shaeed rajaii,China,82083000,"46,217","538,088",,,,,
1403,shaeed rajaii,China,85232970,"49,941","537,789",,,,,
1403,shaeed rajaii,China,84412000,"73,140","537,530",,,,,
1403,shaeed rajaii,China,28261900,"243,200","534,470",,,,,
1403,shaeed rajaii,China,28291990,"200,800","534,000",,,,,
1403,shaeed rajaii,China,76061230,"96,814","533,654",,,,,
1403,shaeed rajaii,China,73141990,"256,701","533,247",,,,,
1403,shaeed rajaii,China,29152920,"638,000","532,697",,,,,
1403,shaeed rajaii,China,96072000,"188,128","531,982",,,,,
1403,shaeed rajaii,China,39079100,"194,006","530,430",,,,,
1403,shaeed rajaii,China,82084000,"136,914","528,800",,,,,
1403,shaeed rajaii,China,29211100,"186,060","528,119",,,,,
1403,shaeed rajaii,China,32151190,"135,931","526,897",,,,,
1403,shaeed rajaii,China,29054300,"158,725","520,484",,,,,
1403,shaeed rajaii,China,40161010,"131,794","518,565",,,,,
1403,shaeed rajaii,China,34070010,"21,225","518,016",,,,,
1403,shaeed rajaii,China,30069100,"9,208","516,645",,,,,
1403,shaeed rajaii,China,68052090,"125,621","516,530",,,,,
1403,shaeed rajaii,China,34039910,"117,715","515,018",,,,,
1403,shaeed rajaii,China,84254100,"244,420","514,933",,,,,
1403,shaeed rajaii,China,84593900,"113,801","514,913",,,,,
1403,shaeed rajaii,China,98871192,"52,698","514,256",,,,,
1403,shaeed rajaii,China,69029090,"299,815","513,419",,,,,
1403,shaeed rajaii,China,84213100,"28,700","513,337",,,,,
1403,shaeed rajaii,China,90303900,"29,785","512,430",,,,,
1403,shaeed rajaii,China,28352400,"322,000","511,059",,,,,
1403,shaeed rajaii,China,84714990,"12,384","509,948",,,,,
1403,shaeed rajaii,China,85014020,"171,700","509,511",,,,,
1403,shaeed rajaii,China,9042290,"279,000","508,703",,,,,
1403,shaeed rajaii,China,90181991,"9,577","507,890",,,,,
1403,shaeed rajaii,China,73151210,"244,499","507,437",,,,,
1403,shaeed rajaii,China,85144000,"34,356","507,132",,,,,
1403,shaeed rajaii,China,72103000,"468,510","506,257",,,,,
1403,shaeed rajaii,China,84136010,"58,334","505,521",,,,,
1403,shaeed rajaii,China,90314900,"20,312","502,461",,,,,
1403,shaeed rajaii,China,85152900,"30,778","501,258",,,,,
1403,shaeed rajaii,China,69091200,"155,079","500,645",,,,,
1403,shaeed rajaii,China,72083690,"594,920","497,429",,,,,
1403,shaeed rajaii,China,90192070,"18,311","497,420",,,,,
1403,shaeed rajaii,China,38151940,"62,400","496,554",,,,,
1403,shaeed rajaii,China,73158200,"380,865","495,640",,,,,
1403,shaeed rajaii,China,39173990,"65,427","495,345",,,,,
1403,shaeed rajaii,China,29062100,"214,770","494,055",,,,,
1403,shaeed rajaii,China,39123190,"111,725","493,052",,,,,
1403,shaeed rajaii,China,84135040,"106,289","492,697",,,,,
1403,shaeed rajaii,China,76052100,"138,031","492,481",,,,,
1403,shaeed rajaii,China,84335120,"91,306","489,048",,,,,
1403,shaeed rajaii,China,40092100,"235,682","488,953",,,,,
1403,shaeed rajaii,China,34024990,"135,465","488,930",,,,,
1403,shaeed rajaii,China,84379010,"26,370","488,395",,,,,
1403,shaeed rajaii,China,76052900,"99,933","487,429",,,,,
1403,shaeed rajaii,China,87081090,"86,418","486,707",,,,,
1403,shaeed rajaii,China,72163200,"579,950","484,555",,,,,
1403,shaeed rajaii,China,90181919,"4,753","483,672",,,,,
1403,shaeed rajaii,China,70197210,"135,637","482,724",,,,,
1403,shaeed rajaii,China,39079930,"58,000","482,060",,,,,
1403,shaeed rajaii,China,84133010,"12,013","481,683",,,,,
1403,shaeed rajaii,China,38244010,"415,865","480,164",,,,,
1403,shaeed rajaii,China,84759000,"16,851","479,467",,,,,
1403,shaeed rajaii,China,73090000,"52,599","479,437",,,,,
1403,shaeed rajaii,China,29231010,"565,400","479,385",,,,,
1403,shaeed rajaii,China,76090000,"62,283","479,105",,,,,
1403,shaeed rajaii,China,72261100,"168,411","478,999",,,,,
1403,shaeed rajaii,China,90269000,"93,767","478,862",,,,,
1403,shaeed rajaii,China,58089000,"160,145","478,764",,,,,
1403,shaeed rajaii,China,55143000,"72,944","478,736",,,,,
1403,shaeed rajaii,China,95079000,"12,179","478,083",,,,,
1403,shaeed rajaii,China,84129000,"74,056","476,261",,,,,
1403,shaeed rajaii,China,28273910,"257,415","476,132",,,,,
1403,shaeed rajaii,China,72191400,"167,443","474,959",,,,,
1403,shaeed rajaii,China,96082000,"76,743","474,485",,,,,
1403,shaeed rajaii,China,84213910,"55,452","474,314",,,,,
1403,shaeed rajaii,China,96020020,"27,143","473,747",,,,,
1403,shaeed rajaii,China,48054000,"112,974","473,615",,,,,
1403,shaeed rajaii,China,85043400,"25,400","471,694",,,,,
1403,shaeed rajaii,China,29152400,"144,000","471,130",,,,,
1403,shaeed rajaii,China,90184921,"11,291","470,974",,,,,
1403,shaeed rajaii,China,90015090,"13,673","470,919",,,,,
1403,shaeed rajaii,China,82023100,"62,883","470,410",,,,,
1403,shaeed rajaii,China,28258000,"33,000","470,084",,,,,
1403,shaeed rajaii,China,28170019,"163,700","470,002",,,,,
1403,shaeed rajaii,China,85269110,"6,056","466,828",,,,,
1403,shaeed rajaii,China,84431390,"130,000","466,734",,,,,
1403,shaeed rajaii,China,21069070,"255,750","465,393",,,,,
1403,shaeed rajaii,China,84823000,"91,805","465,005",,,,,
1403,shaeed rajaii,China,70196900,"153,293","464,773",,,,,
1403,shaeed rajaii,China,48115110,"303,934","464,348",,,,,
1403,shaeed rajaii,China,48059390,"397,150","462,476",,,,,
1403,shaeed rajaii,China,29342000,"106,894","461,228",,,,,
1403,shaeed rajaii,China,39206990,"179,918","461,216",,,,,
1403,shaeed rajaii,China,98870110,"88,500","460,915",,,,,
1403,shaeed rajaii,China,29096090,"110,500","460,856",,,,,
1403,shaeed rajaii,China,85439000,"12,397","460,692",,,,,
1403,shaeed rajaii,China,74121000,"29,202","460,074",,,,,
1403,shaeed rajaii,China,84219100,"45,324","459,519",,,,,
1403,shaeed rajaii,China,84513020,"59,422","459,333",,,,,
1403,shaeed rajaii,China,85045010,"6,259","458,053",,,,,
1403,shaeed rajaii,China,85419000,"16,338","457,133",,,,,
1403,shaeed rajaii,China,87169090,"280,485","456,597",,,,,
1403,shaeed rajaii,China,82122000,"41,006","456,285",,,,,
1403,shaeed rajaii,China,86071990,"45,477","453,238",,,,,
1403,shaeed rajaii,China,32129000,"95,795","452,923",,,,,
1403,shaeed rajaii,China,85122030,"68,306","452,918",,,,,
1403,shaeed rajaii,China,84382000,"20,610","451,598",,,,,
1403,shaeed rajaii,China,84798950,"163,634","451,376",,,,,
1403,shaeed rajaii,China,84484900,"86,102","451,354",,,,,
1403,shaeed rajaii,China,84136090,"45,304","450,216",,,,,
1403,shaeed rajaii,China,84122900,"62,475","450,193",,,,,
1403,shaeed rajaii,China,54071000,"91,742","448,202",,,,,
1403,shaeed rajaii,China,94054290,"47,684","447,547",,,,,
1403,shaeed rajaii,China,38029010,"924,000","445,148",,,,,
1403,shaeed rajaii,China,69099010,"480,528","444,301",,,,,
1403,shaeed rajaii,China,84149030,"86,662","442,061",,,,,
1403,shaeed rajaii,China,28256000,"73,300","441,721",,,,,
1403,shaeed rajaii,China,40169930,"154,791","440,909",,,,,
1403,shaeed rajaii,China,29145000,"102,300","440,397",,,,,
1403,shaeed rajaii,China,83021020,"99,300","439,264",,,,,
1403,shaeed rajaii,China,85414900,"86,710","439,038",,,,,
1403,shaeed rajaii,China,85021100,"134,488","438,989",,,,,
1403,shaeed rajaii,China,84294021,"104,120","438,839",,,,,
1403,shaeed rajaii,China,72292000,"397,440","438,668",,,,,
1403,shaeed rajaii,China,40103990,"33,879","437,912",,,,,
1403,shaeed rajaii,China,90308900,"34,305","436,561",,,,,
1403,shaeed rajaii,China,85322520,"13,275","434,704",,,,,
1403,shaeed rajaii,China,40081190,"106,914","433,862",,,,,
1403,shaeed rajaii,China,83024190,"97,647","433,749",,,,,
1403,shaeed rajaii,China,54011000,"176,703","432,606",,,,,
1403,shaeed rajaii,China,84624200,"61,917","431,730",,,,,
1403,shaeed rajaii,China,82121000,"32,656","431,186",,,,,
1403,shaeed rajaii,China,87091100,"33,300","430,450",,,,,
1403,shaeed rajaii,China,76061220,"102,522","430,319",,,,,
1403,shaeed rajaii,China,29333100,"53,850","430,264",,,,,
1403,shaeed rajaii,China,28191000,"112,047","429,935",,,,,
1403,shaeed rajaii,China,39204990,"217,436","428,057",,,,,
1403,shaeed rajaii,China,39089090,"185,900","427,170",,,,,
1403,shaeed rajaii,China,84211990,"43,302","426,459",,,,,
1403,shaeed rajaii,China,90183120,"11,138","426,286",,,,,
1403,shaeed rajaii,China,84123900,"24,419","425,996",,,,,
1403,shaeed rajaii,China,90183190,"9,891","425,811",,,,,
1403,shaeed rajaii,China,29335935,"46,000","425,619",,,,,
1403,shaeed rajaii,China,90328100,"62,628","425,379",,,,,
1403,shaeed rajaii,China,40029100,"280,000","424,415",,,,,
1403,shaeed rajaii,China,73079900,"174,055","423,677",,,,,
1403,shaeed rajaii,China,52114200,"113,020","423,545",,,,,
1403,shaeed rajaii,China,38019090,"57,789","422,545",,,,,
1403,shaeed rajaii,China,72241010,"100,658","421,011",,,,,
1403,shaeed rajaii,China,84143040,"42,580","420,991",,,,,
1403,shaeed rajaii,China,13023200,"77,000","420,960",,,,,
1403,shaeed rajaii,China,83081000,"173,521","420,940",,,,,
1403,shaeed rajaii,China,32149000,"104,713","419,767",,,,,
1403,shaeed rajaii,China,85044030,"16,125","419,123",,,,,
1403,shaeed rajaii,China,72051000,"456,000","418,962",,,,,
1403,shaeed rajaii,China,72092500,"575,409","418,796",,,,,
1403,shaeed rajaii,China,84791021,"30,000","418,564",,,,,
1403,shaeed rajaii,China,84158200,"48,808","418,285",,,,,
1403,shaeed rajaii,China,29096086,"117,900","418,059",,,,,
1403,shaeed rajaii,China,38089411,"17,500","417,514",,,,,
1403,shaeed rajaii,China,39012030,"201,500","412,054",,,,,
1403,shaeed rajaii,China,85181090,"37,773","411,976",,,,,
1403,shaeed rajaii,China,72253000,"238,974","411,587",,,,,
1403,shaeed rajaii,China,12099190,"3,450","411,512",,,,,
1403,shaeed rajaii,China,29372310,"3,250","410,587",,,,,
1403,shaeed rajaii,China,84801000,"45,096","410,156",,,,,
1403,shaeed rajaii,China,84743200,"45,100","409,939",,,,,
1403,shaeed rajaii,China,32082040,"118,000","408,620",,,,,
1403,shaeed rajaii,China,29362920,"72,925","408,344",,,,,
1403,shaeed rajaii,China,84729090,"62,180","407,746",,,,,
1403,shaeed rajaii,China,84209900,"111,304","407,295",,,,,
1403,shaeed rajaii,China,85152110,"25,485","406,854",,,,,
1403,shaeed rajaii,China,39045000,"76,800","405,287",,,,,
1403,shaeed rajaii,China,84671990,"42,796","404,957",,,,,
1403,shaeed rajaii,China,31051090,"185,413","404,799",,,,,
1403,shaeed rajaii,China,48239090,"122,164","403,510",,,,,
1403,shaeed rajaii,China,85061020,"56,570","402,978",,,,,
1403,shaeed rajaii,China,85271310,"59,149","400,834",,,,,
1403,shaeed rajaii,China,48101400,"203,653","400,138",,,,,
1403,shaeed rajaii,China,70199091,"50,952","399,903",,,,,
1403,shaeed rajaii,China,21011110,"52,980","399,533",,,,,
1403,shaeed rajaii,China,85312000,"13,344","399,152",,,,,
1403,shaeed rajaii,China,73182300,"106,910","398,522",,,,,
1403,shaeed rajaii,China,70191500,"292,078","396,852",,,,,
1403,shaeed rajaii,China,84615090,"61,261","396,486",,,,,
1403,shaeed rajaii,China,32049090,"34,200","396,081",,,,,
1403,shaeed rajaii,China,32064100,"64,250","395,552",,,,,
1403,shaeed rajaii,China,87089412,"16,214","394,373",,,,,
1403,shaeed rajaii,China,85016410,"38,923","393,516",,,,,
1403,shaeed rajaii,China,70199099,"106,411","391,795",,,,,
1403,shaeed rajaii,China,48025800,"352,315","390,878",,,,,
1403,shaeed rajaii,China,29189910,"10,250","389,630",,,,,
1403,shaeed rajaii,China,28111100,"222,100","389,367",,,,,
1403,shaeed rajaii,China,90183250,"3,464","389,327",,,,,
1403,shaeed rajaii,China,84539000,"153,761","389,069",,,,,
1403,shaeed rajaii,China,29163190,"101,000","388,976",,,,,
1403,shaeed rajaii,China,39051200,"134,400","387,767",,,,,
1403,shaeed rajaii,China,54041990,"132,605","385,592",,,,,
1403,shaeed rajaii,China,84716090,"8,994","385,441",,,,,
1403,shaeed rajaii,China,32082060,"108,020","385,264",,,,,
1403,shaeed rajaii,China,74153900,"28,287","384,652",,,,,
1403,shaeed rajaii,China,74112900,"42,429","384,120",,,,,
1403,shaeed rajaii,China,29172000,"169,600","382,448",,,,,
1403,shaeed rajaii,China,28053000,"91,800","381,173",,,,,
1403,shaeed rajaii,China,84301000,"7,969","380,641",,,,,
1403,shaeed rajaii,China,84071090,"32,400","380,000",,,,,
1403,shaeed rajaii,China,90181920,"2,605","379,847",,,,,
1403,shaeed rajaii,China,29251100,"57,100","379,681",,,,,
1403,shaeed rajaii,China,39229000,"30,504","379,673",,,,,
1403,shaeed rajaii,China,29173910,"220,000","379,509",,,,,
1403,shaeed rajaii,China,29072300,"282,000","379,175",,,,,
1403,shaeed rajaii,China,40094100,"46,927","377,320",,,,,
1403,shaeed rajaii,China,28351090,"93,000","376,618",,,,,
1403,shaeed rajaii,China,54031000,"151,500","375,927",,,,,
1403,shaeed rajaii,China,85072010,"149,625","374,443",,,,,
1403,shaeed rajaii,China,85013290,"70,272","373,997",,,,,
1403,shaeed rajaii,China,25030090,"386,100","372,758",,,,,
1403,shaeed rajaii,China,44170000,"192,584","372,695",,,,,
1403,shaeed rajaii,China,85015190,"16,306","372,569",,,,,
1403,shaeed rajaii,China,21022000,"72,150","372,435",,,,,
1403,shaeed rajaii,China,29393000,"28,000","369,796",,,,,
1403,shaeed rajaii,China,28401900,"385,158","368,968",,,,,
1403,shaeed rajaii,China,74153300,"24,949","366,839",,,,,
1403,shaeed rajaii,China,29094300,"179,860","366,698",,,,,
1403,shaeed rajaii,China,84389000,"21,393","365,284",,,,,
1403,shaeed rajaii,China,72029990,"137,000","365,283",,,,,
1403,shaeed rajaii,China,85471090,"113,210","364,772",,,,,
1403,shaeed rajaii,China,29173200,"215,000","363,542",,,,,
1403,shaeed rajaii,China,84661000,"68,351","363,299",,,,,
1403,shaeed rajaii,China,72124090,"284,492","360,366",,,,,
1403,shaeed rajaii,China,69031090,"84,448","359,720",,,,,
1403,shaeed rajaii,China,38089940,"40,000","358,921",,,,,
1403,shaeed rajaii,China,84099970,"14,849","358,091",,,,,
1403,shaeed rajaii,China,54033100,"83,012","357,984",,,,,
1403,shaeed rajaii,China,70196390,"132,001","357,415",,,,,
1403,shaeed rajaii,China,85269190,"1,642","356,775",,,,,
1403,shaeed rajaii,China,87089229,"50,674","356,480",,,,,
1403,shaeed rajaii,China,70197300,"146,387","356,003",,,,,
1403,shaeed rajaii,China,83021030,"155,640","355,974",,,,,
1403,shaeed rajaii,China,85061010,"82,576","355,899",,,,,
1403,shaeed rajaii,China,59112000,"15,858","354,895",,,,,
1403,shaeed rajaii,China,84719090,"5,490","354,404",,,,,
1403,shaeed rajaii,China,85177900,"14,937","354,207",,,,,
1403,shaeed rajaii,China,85131000,"90,653","354,003",,,,,
1403,shaeed rajaii,China,85043120,"4,434","353,496",,,,,
1403,shaeed rajaii,China,90251110,"7,249","352,664",,,,,
1403,shaeed rajaii,China,84295111,"39,925","352,331",,,,,
1403,shaeed rajaii,China,38140000,"190,931","351,970",,,,,
1403,shaeed rajaii,China,87085029,"114,675","351,952",,,,,
1403,shaeed rajaii,China,40169970,"17,000","350,375",,,,,
1403,shaeed rajaii,China,84594900,"52,270","349,985",,,,,
1403,shaeed rajaii,China,29102000,"195,000","348,990",,,,,
1403,shaeed rajaii,China,85361090,"5,365","348,981",,,,,
1403,shaeed rajaii,China,84641000,"64,340","348,805",,,,,
1403,shaeed rajaii,China,96089920,"43,427","348,581",,,,,
1403,shaeed rajaii,China,29400090,"72,100","347,721",,,,,
1403,shaeed rajaii,China,84213950,"27,559","346,113",,,,,
1403,shaeed rajaii,China,82022010,"47,809","345,695",,,,,
1403,shaeed rajaii,China,90152090,"1,644","345,377",,,,,
1403,shaeed rajaii,China,38244020,"342,250","345,180",,,,,
1403,shaeed rajaii,China,75081090,"14,935","344,453",,,,,
1403,shaeed rajaii,China,39172900,"59,072","343,627",,,,,
1403,shaeed rajaii,China,84272021,"71,232","339,950",,,,,
1403,shaeed rajaii,China,84193500,"139,180","339,897",,,,,
1403,shaeed rajaii,China,39204340,"122,327","339,427",,,,,
1403,shaeed rajaii,China,85332910,"16,159","339,038",,,,,
1403,shaeed rajaii,China,84231000,"58,862","337,690",,,,,
1403,shaeed rajaii,China,73141200,"94,270","336,774",,,,,
1403,shaeed rajaii,China,83059000,"118,789","336,182",,,,,
1403,shaeed rajaii,China,29332920,"30,000","336,110",,,,,
1403,shaeed rajaii,China,38249930,"62,999","334,763",,,,,
1403,shaeed rajaii,China,25049000,"280,400","334,761",,,,,
1403,shaeed rajaii,China,48189010,"150,000","333,561",,,,,
1403,shaeed rajaii,China,38160010,"323,500","333,499",,,,,
1403,shaeed rajaii,China,84799010,"40,524","331,848",,,,,
1403,shaeed rajaii,China,54025200,"204,900","330,983",,,,,
1403,shaeed rajaii,China,29181200,"178,500","330,586",,,,,
1403,shaeed rajaii,China,68062090,"494,910","330,408",,,,,
1403,shaeed rajaii,China,72210000,"120,710","329,996",,,,,
1403,shaeed rajaii,China,34024110,"154,000","329,931",,,,,
1403,shaeed rajaii,China,85395290,"52,980","329,792",,,,,
1403,shaeed rajaii,China,12060030,"189,380","329,615",,,,,
1403,shaeed rajaii,China,84271011,"46,949","329,226",,,,,
1403,shaeed rajaii,China,87169030,"233,705","327,918",,,,,
1403,shaeed rajaii,China,73181900,"107,756","326,887",,,,,
1403,shaeed rajaii,China,29041000,"134,985","325,218",,,,,
1403,shaeed rajaii,China,84251110,"87,915","323,843",,,,,
1403,shaeed rajaii,China,73151190,"154,969","323,333",,,,,
1403,shaeed rajaii,China,85042300,"70,270","322,260",,,,,
1403,shaeed rajaii,China,72024920,"74,000","322,093",,,,,
1403,shaeed rajaii,China,85059010,"92,943","320,812",,,,,
1403,shaeed rajaii,China,39023020,"152,750","320,767",,,,,
1403,shaeed rajaii,China,40082190,"136,365","320,130",,,,,
1403,shaeed rajaii,China,59111090,"13,802","320,100",,,,,
1403,shaeed rajaii,China,38244090,"137,300","319,969",,,,,
1403,shaeed rajaii,China,48221000,"200,266","319,675",,,,,
1403,shaeed rajaii,China,54049010,"131,129","319,491",,,,,
1403,shaeed rajaii,China,29163130,"54,400","317,535",,,,,
1403,shaeed rajaii,China,73062900,"308,226","341,044",,,,,
1403,shaeed rajaii,China,85372090,"20,327","316,273",,,,,
1403,shaeed rajaii,China,29189990,"12,900","316,177",,,,,
1403,shaeed rajaii,China,90178090,"85,064","315,845",,,,,
1403,shaeed rajaii,China,12024100,"300,721","315,478",,,,,
1403,shaeed rajaii,China,48116000,"234,813","314,907",,,,,
1403,shaeed rajaii,China,32072090,"14,300","314,373",,,,,
1403,shaeed rajaii,China,84768100,"26,520","314,328",,,,,
1403,shaeed rajaii,China,28369190,"16,075","313,464",,,,,
1403,shaeed rajaii,China,85365010,"27,168","313,200",,,,,
1403,shaeed rajaii,China,94039900,"104,806","312,830",,,,,
1403,shaeed rajaii,China,87083021,"95,171","311,722",,,,,
1403,shaeed rajaii,China,84425010,"35,533","311,305",,,,,
1403,shaeed rajaii,China,47032900,"371,359","310,739",,,,,
1403,shaeed rajaii,China,60063200,"53,568","310,030",,,,,
1403,shaeed rajaii,China,76011000,"32,111","309,500",,,,,
1403,shaeed rajaii,China,73170000,"234,431","308,624",,,,,
1403,shaeed rajaii,China,13023100,"21,000","308,473",,,,,
1403,shaeed rajaii,China,39262090,"140,270","307,727",,,,,
1403,shaeed rajaii,China,84663000,"69,381","307,025",,,,,
1403,shaeed rajaii,China,54041100,"46,870","305,713",,,,,
1403,shaeed rajaii,China,90184992,"27,096","304,706",,,,,
1403,shaeed rajaii,China,84716050,"4,534","304,677",,,,,
1403,shaeed rajaii,China,48041100,"331,796","304,151",,,,,
1403,shaeed rajaii,China,48043110,"233,499","304,094",,,,,
1403,shaeed rajaii,China,85043190,"22,291","303,412",,,,,
1403,shaeed rajaii,China,85322300,"7,303","302,453",,,,,
1403,shaeed rajaii,China,84239010,"10,984","302,254",,,,,
1403,shaeed rajaii,China,85163100,"32,867","301,961",,,,,
1403,shaeed rajaii,China,48022000,"120,310","301,933",,,,,
1403,shaeed rajaii,China,85365050,"2,855","301,829",,,,,
1403,shaeed rajaii,China,29051690,"209,620","301,441",,,,,
1403,shaeed rajaii,China,70023100,"160,515","301,438",,,,,
1403,shaeed rajaii,China,72149900,"247,519","301,083",,,,,
1403,shaeed rajaii,China,29223990,"46,930","300,522",,,,,
1403,shaeed rajaii,China,29215990,"67,750","299,557",,,,,
1403,shaeed rajaii,China,90183918,"27,160","299,224",,,,,
1403,shaeed rajaii,China,96089100,"6,323","298,936",,,,,
1403,shaeed rajaii,China,70060090,"25,748","298,687",,,,,
1403,shaeed rajaii,China,85359010,"15,340","297,972",,,,,
1403,shaeed rajaii,China,90189080,"22,496","297,193",,,,,
1403,shaeed rajaii,China,84749010,"85,443","296,691",,,,,
1403,shaeed rajaii,China,58062000,"84,914","296,432",,,,,
1403,shaeed rajaii,China,83052000,"112,686","295,852",,,,,
1403,shaeed rajaii,China,29071310,"125,400","295,851",,,,,
1403,shaeed rajaii,China,72222000,"129,053","295,700",,,,,
1403,shaeed rajaii,China,87041010,"44,200","295,404",,,,,
1403,shaeed rajaii,China,85367090,"7,510","295,295",,,,,
1403,shaeed rajaii,China,83071010,"35,662","294,921",,,,,
1403,shaeed rajaii,China,48044110,"253,733","294,873",,,,,
1403,shaeed rajaii,China,39059920,"64,005","294,749",,,,,
1403,shaeed rajaii,China,29163930,"19,800","294,636",,,,,
1403,shaeed rajaii,China,87083022,"44,761","293,165",,,,,
1403,shaeed rajaii,China,29161500,"8,760","292,630",,,,,
1403,shaeed rajaii,China,39069091,"62,800","292,339",,,,,
1403,shaeed rajaii,China,29322000,"38,900","292,181",,,,,
1403,shaeed rajaii,China,90181390,"6,011","292,056",,,,,
1403,shaeed rajaii,China,84424000,"10,786","291,880",,,,,
1403,shaeed rajaii,China,28182010,"287,000","291,745",,,,,
1403,shaeed rajaii,China,39189090,"173,043","291,726",,,,,
1403,shaeed rajaii,China,90261090,"14,963","291,374",,,,,
1403,shaeed rajaii,China,81049000,"74,360","291,096",,,,,
1403,shaeed rajaii,China,75051200,"9,903","291,006",,,,,
1403,shaeed rajaii,China,40161090,"107,611","290,953",,,,,
1403,shaeed rajaii,China,85362010,"12,298","290,407",,,,,
1403,shaeed rajaii,China,84842090,"33,684","289,782",,,,,
1403,shaeed rajaii,China,29146200,975,"289,422",,,,,
1403,shaeed rajaii,China,73145000,"100,142","289,016",,,,,
1403,shaeed rajaii,China,85158020,"24,592","288,857",,,,,
1403,shaeed rajaii,China,85416000,"2,413","288,272",,,,,
1403,shaeed rajaii,China,49081000,"31,320","285,254",,,,,
1403,shaeed rajaii,China,28151190,"373,000","284,852",,,,,
1403,shaeed rajaii,China,34039990,"117,565","284,344",,,,,
1403,shaeed rajaii,China,28111990,"127,450","284,235",,,,,
1403,shaeed rajaii,China,72299020,"50,500","283,844",,,,,
1403,shaeed rajaii,China,80030000,"13,955","283,761",,,,,
1403,shaeed rajaii,China,76061190,"54,120","283,494",,,,,
1403,shaeed rajaii,China,94054990,"59,893","282,620",,,,,
1403,shaeed rajaii,China,90221320,120,"282,408",,,,,
1403,shaeed rajaii,China,55109000,"72,481","281,968",,,,,
1403,shaeed rajaii,China,84099950,"44,304","281,435",,,,,
1403,shaeed rajaii,China,17029010,"329,000","281,299",,,,,
1403,shaeed rajaii,China,28275990,"27,000","281,104",,,,,
1403,shaeed rajaii,China,72082500,"402,260","281,082",,,,,
1403,shaeed rajaii,China,28492010,"28,000","281,031",,,,,
1403,shaeed rajaii,China,84597000,"44,020","280,492",,,,,
1403,shaeed rajaii,China,84295921,"51,000","280,471",,,,,
1403,shaeed rajaii,China,90275090,"3,423","280,344",,,,,
1403,shaeed rajaii,China,85153190,"14,328","279,251",,,,,
1403,shaeed rajaii,China,73159000,"127,205","279,030",,,,,
1403,shaeed rajaii,China,84602300,"11,369","278,885",,,,,
1403,shaeed rajaii,China,87089929,"19,143","278,461",,,,,
1403,shaeed rajaii,China,84841020,"24,760","278,189",,,,,
1403,shaeed rajaii,China,84099180,"4,754","277,564",,,,,
1403,shaeed rajaii,China,40059100,"45,062","277,558",,,,,
1403,shaeed rajaii,China,15200000,"300,000","276,219",,,,,
1403,shaeed rajaii,China,84303900,"35,205","276,151",,,,,
1403,shaeed rajaii,China,84241010,"8,582","275,026",,,,,
1403,shaeed rajaii,China,76110000,"7,700","274,182",,,,,
1403,shaeed rajaii,China,83119000,"25,309","274,041",,,,,
1403,shaeed rajaii,China,84119990,"8,744","273,633",,,,,
1403,shaeed rajaii,China,54024500,"69,606","269,102",,,,,
1403,shaeed rajaii,China,40114000,"26,584","268,375",,,,,
1403,shaeed rajaii,China,85443010,"12,532","267,847",,,,,
1403,shaeed rajaii,China,39259000,"150,459","267,628",,,,,
1403,shaeed rajaii,China,94069090,"36,475","266,710",,,,,
1403,shaeed rajaii,China,90183240,"1,792","265,924",,,,,
1403,shaeed rajaii,China,40092200,"20,342","265,072",,,,,
1403,shaeed rajaii,China,38276100,"64,665","265,046",,,,,
1403,shaeed rajaii,China,90251910,"6,346","265,022",,,,,
1403,shaeed rajaii,China,90031900,"6,569","263,894",,,,,
1403,shaeed rajaii,China,72172010,"136,132","263,740",,,,,
1403,shaeed rajaii,China,84212310,"15,725","262,711",,,,,
1403,shaeed rajaii,China,85078000,"44,733","262,497",,,,,
1403,shaeed rajaii,China,87079090,"113,251","262,233",,,,,
1403,shaeed rajaii,China,84123100,"19,723","261,710",,,,,
1403,shaeed rajaii,China,40025100,"140,000","261,578",,,,,
1403,shaeed rajaii,China,28201000,"164,000","260,538",,,,,
1403,shaeed rajaii,China,38040090,"146,140","260,033",,,,,
1403,shaeed rajaii,China,28352200,"137,350","259,472",,,,,
1403,shaeed rajaii,China,73219090,"34,770","259,282",,,,,
1403,shaeed rajaii,China,29146990,"54,450","259,060",,,,,
1403,shaeed rajaii,China,82029900,"27,838","258,800",,,,,
1403,shaeed rajaii,China,90189019,"19,747","258,628",,,,,
1403,shaeed rajaii,China,73061110,"62,750","257,865",,,,,
1403,shaeed rajaii,China,85044010,"35,172","257,827",,,,,
1403,shaeed rajaii,China,29182190,"135,000","257,552",,,,,
1403,shaeed rajaii,China,32110000,"18,000","257,365",,,,,
1403,shaeed rajaii,China,84099930,"37,142","257,025",,,,,
1403,shaeed rajaii,China,87149990,"75,148","256,863",,,,,
1403,shaeed rajaii,China,91099000,"30,572","256,360",,,,,
1403,shaeed rajaii,China,75052200,"8,853","254,233",,,,,
1403,shaeed rajaii,China,84609090,"35,241","254,173",,,,,
1403,shaeed rajaii,China,87149400,"70,589","253,495",,,,,
1403,shaeed rajaii,China,26209910,"5,400","253,290",,,,,
1403,shaeed rajaii,China,33012990,"21,420","252,824",,,,,
1403,shaeed rajaii,China,84331900,"43,245","252,498",,,,,
1403,shaeed rajaii,China,90172010,"61,485","252,145",,,,,
1403,shaeed rajaii,China,84295121,"22,161","252,018",,,,,
1403,shaeed rajaii,China,73144100,"127,310","251,967",,,,,
1403,shaeed rajaii,China,85339000,"4,437","251,573",,,,,
1403,shaeed rajaii,China,76012000,"87,065","251,301",,,,,
1403,shaeed rajaii,China,76121090,"41,115","250,706",,,,,
1403,shaeed rajaii,China,32041110,"23,500","249,396",,,,,
1403,shaeed rajaii,China,84253130,"86,400","249,390",,,,,
1403,shaeed rajaii,China,29025000,"206,980","249,158",,,,,
1403,shaeed rajaii,China,83099010,"4,400","248,270",,,,,
1403,shaeed rajaii,China,74101190,"20,394","248,171",,,,,
1403,shaeed rajaii,China,84734000,"2,216","248,088",,,,,
1403,shaeed rajaii,China,38123980,"159,300","247,629",,,,,
1403,shaeed rajaii,China,29308090,"69,000","247,290",,,,,
1403,shaeed rajaii,China,39031920,"159,050","247,163",,,,,
1403,shaeed rajaii,China,82119400,"74,981","245,555",,,,,
1403,shaeed rajaii,China,56039300,"50,833","245,493",,,,,
1403,shaeed rajaii,China,21061019,"161,000","245,456",,,,,
1403,shaeed rajaii,China,29335915,"8,200","244,954",,,,,
1403,shaeed rajaii,China,39012010,"88,000","244,927",,,,,
1403,shaeed rajaii,China,84451100,"37,700","244,872",,,,,
1403,shaeed rajaii,China,87087040,"111,285","244,854",,,,,
1403,shaeed rajaii,China,40169400,"61,319","244,671",,,,,
1403,shaeed rajaii,China,39206190,"47,954","244,230",,,,,
1403,shaeed rajaii,China,85075000,"8,379","244,097",,,,,
1403,shaeed rajaii,China,48237000,"46,785","243,853",,,,,
1403,shaeed rajaii,China,72029950,"123,000","243,850",,,,,
1403,shaeed rajaii,China,90251990,"6,513","243,217",,,,,
1403,shaeed rajaii,China,39204940,"140,883","242,857",,,,,
1403,shaeed rajaii,China,87083023,"112,277","242,753",,,,,
1403,shaeed rajaii,China,84591000,"107,800","241,761",,,,,
1403,shaeed rajaii,China,29163120,"200,000","240,876",,,,,
1403,shaeed rajaii,China,72201200,"72,905","240,640",,,,,
1403,shaeed rajaii,China,55082000,"127,938","240,523",,,,,
1403,shaeed rajaii,China,90273010,"11,788","240,304",,,,,
1403,shaeed rajaii,China,84678910,"13,193","239,566",,,,,
1403,shaeed rajaii,China,85152190,"15,855","239,516",,,,,
1403,shaeed rajaii,China,69039020,"9,000","238,842",,,,,
1403,shaeed rajaii,China,72189900,"54,725","238,715",,,,,
1403,shaeed rajaii,China,90189097,"4,000","238,684",,,,,
1403,shaeed rajaii,China,39042100,"99,060","238,454",,,,,
1403,shaeed rajaii,China,72029940,"128,000","237,223",,,,,
1403,shaeed rajaii,China,85151100,"7,538","236,207",,,,,
1403,shaeed rajaii,China,84281020,"96,235","235,947",,,,,
1403,shaeed rajaii,China,29072900,"24,005","235,893",,,,,
1403,shaeed rajaii,China,84485100,"4,119","234,109",,,,,
1403,shaeed rajaii,China,85235210,"21,114","233,904",,,,,
1403,shaeed rajaii,China,38101029,"140,000","232,918",,,,,
1403,shaeed rajaii,China,68069000,"138,272","232,438",,,,,
1403,shaeed rajaii,China,29124200,"12,000","232,181",,,,,
1403,shaeed rajaii,China,81019600,"3,050","231,597",,,,,
1403,shaeed rajaii,China,31059010,"67,913","230,584",,,,,
1403,shaeed rajaii,China,72285000,"114,889","230,520",,,,,
1403,shaeed rajaii,China,85261090,"1,670","230,352",,,,,
1403,shaeed rajaii,China,87082940,"13,414","230,055",,,,,
1403,shaeed rajaii,China,84669100,"43,232","229,783",,,,,
1403,shaeed rajaii,China,84595900,"62,015","229,408",,,,,
1403,shaeed rajaii,China,90289010,"23,200","227,855",,,,,
1403,shaeed rajaii,China,85437020,"22,700","227,685",,,,,
1403,shaeed rajaii,China,69099090,"67,000","226,935",,,,,
1403,shaeed rajaii,China,40070000,"51,380","226,914",,,,,
1403,shaeed rajaii,China,87089319,"54,355","225,432",,,,,
1403,shaeed rajaii,China,84148020,"22,108","225,151",,,,,
1403,shaeed rajaii,China,39173200,"52,158","225,022",,,,,
1403,shaeed rajaii,China,84619000,"54,375","224,805",,,,,
1403,shaeed rajaii,China,84248930,"53,919","224,165",,,,,
1403,shaeed rajaii,China,85016100,"71,946","223,934",,,,,
1403,shaeed rajaii,China,82074000,"22,394","223,034",,,,,
1403,shaeed rajaii,China,84283390,"26,352","222,912",,,,,
1403,shaeed rajaii,China,29213030,"32,400","222,570",,,,,
1403,shaeed rajaii,China,28319000,"154,000","222,270",,,,,
1403,shaeed rajaii,China,76069110,"60,000","221,713",,,,,
1403,shaeed rajaii,China,29182390,"9,700","220,205",,,,,
1403,shaeed rajaii,China,84423000,"16,899","219,681",,,,,
1403,shaeed rajaii,China,87042320,"45,566","219,289",,,,,
1403,shaeed rajaii,China,29051490,"98,270","219,191",,,,,
1403,shaeed rajaii,China,55095300,"142,660","219,174",,,,,
1403,shaeed rajaii,China,73069090,"94,666","219,107",,,,,
1403,shaeed rajaii,China,84601900,"34,730","218,805",,,,,
1403,shaeed rajaii,China,29231090,"110,275","218,616",,,,,
1403,shaeed rajaii,China,84651000,"44,242","218,614",,,,,
1403,shaeed rajaii,China,29183090,"15,600","218,321",,,,,
1403,shaeed rajaii,China,87085011,"29,414","218,190",,,,,
1403,shaeed rajaii,China,84295190,"20,055","217,961",,,,,
1403,shaeed rajaii,China,29144000,"56,300","217,919",,,,,
1403,shaeed rajaii,China,84483100,"25,640","217,890",,,,,
1403,shaeed rajaii,China,84729060,"2,950","217,689",,,,,
1403,shaeed rajaii,China,84136030,"8,045","217,065",,,,,
1403,shaeed rajaii,China,70191400,"152,660","215,872",,,,,
1403,shaeed rajaii,China,29032900,"60,000","215,331",,,,,
1403,shaeed rajaii,China,81122900,"22,550","214,964",,,,,
1403,shaeed rajaii,China,87099000,"52,136","214,761",,,,,
1403,shaeed rajaii,China,96035090,"28,292","214,662",,,,,
1403,shaeed rajaii,China,60053600,"49,472","214,563",,,,,
1403,shaeed rajaii,China,40101900,"21,028","214,095",,,,,
1403,shaeed rajaii,China,15050010,"25,450","213,122",,,,,
1403,shaeed rajaii,China,70179090,"72,200","213,043",,,,,
1403,shaeed rajaii,China,84639090,"15,940","211,263",,,,,
1403,shaeed rajaii,China,90181961,"2,342","210,319",,,,,
1403,shaeed rajaii,China,29039900,"103,890","210,098",,,,,
1403,shaeed rajaii,China,84483900,"22,342","208,935",,,,,
1403,shaeed rajaii,China,73151290,"79,757","208,833",,,,,
1403,shaeed rajaii,China,13022000,"12,500","207,352",,,,,
1403,shaeed rajaii,China,84831030,"49,195","207,167",,,,,
1403,shaeed rajaii,China,28391100,"343,050","206,016",,,,,
1403,shaeed rajaii,China,90181130,"32,869","205,080",,,,,
1403,shaeed rajaii,China,95083090,"45,910","204,702",,,,,
1403,shaeed rajaii,China,40059900,"82,500","204,439",,,,,
1403,shaeed rajaii,China,70102000,"150,161","204,024",,,,,
1403,shaeed rajaii,China,73143100,"88,660","203,978",,,,,
1403,shaeed rajaii,China,32089010,"32,000","203,676",,,,,
1403,shaeed rajaii,China,12119099,"68,000","203,315",,,,,
1403,shaeed rajaii,China,85372010,"6,000","202,650",,,,,
1403,shaeed rajaii,China,29214300,"46,720","201,862",,,,,
1403,shaeed rajaii,China,56031312,"21,946","201,742",,,,,
1403,shaeed rajaii,China,73021000,"173,533","201,473",,,,,
1403,shaeed rajaii,China,59021030,"33,100","201,295",,,,,
1403,shaeed rajaii,China,72039000,"240,000","200,957",,,,,
1403,shaeed rajaii,China,30067090,"17,861","200,826",,,,,
1403,shaeed rajaii,China,40093100,"19,611","200,372",,,,,
1403,shaeed rajaii,China,39041010,"147,550","200,366",,,,,
1403,shaeed rajaii,China,39069030,"82,900","199,802",,,,,
1403,shaeed rajaii,China,84679100,"27,687","199,610",,,,,
1403,shaeed rajaii,China,73151100,"55,624","199,482",,,,,
1403,shaeed rajaii,China,83024230,"120,835","199,061",,,,,
1403,shaeed rajaii,China,32061910,"80,000","198,735",,,,,
1403,shaeed rajaii,China,82073000,"25,735","197,964",,,,,
1403,shaeed rajaii,China,29051990,"41,800","197,463",,,,,
1403,shaeed rajaii,China,87141050,"24,857","197,235",,,,,
1403,shaeed rajaii,China,38029090,"87,450","197,204",,,,,
1403,shaeed rajaii,China,28263000,"132,000","197,188",,,,,
1403,shaeed rajaii,China,73102990,"23,086","197,006",,,,,
1403,shaeed rajaii,China,47061000,"93,380","196,031",,,,,
1403,shaeed rajaii,China,32099010,"10,580","195,770",,,,,
1403,shaeed rajaii,China,3048900,"49,000","195,648",,,,,
1403,shaeed rajaii,China,85412100,"4,059","195,119",,,,,
1403,shaeed rajaii,China,84381000,"15,630","195,032",,,,,
1403,shaeed rajaii,China,28161090,"44,550","194,519",,,,,
1403,shaeed rajaii,China,79040090,"1,200","194,153",,,,,
1403,shaeed rajaii,China,35030020,"6,574","193,323",,,,,
1403,shaeed rajaii,China,34031100,"48,800","193,264",,,,,
1403,shaeed rajaii,China,39206910,"101,192","193,197",,,,,
1403,shaeed rajaii,China,73121020,"119,530","192,965",,,,,
1403,shaeed rajaii,China,70196200,"129,876","191,593",,,,,
1403,shaeed rajaii,China,32089090,"37,223","191,320",,,,,
1403,shaeed rajaii,China,84622200,"40,223","190,907",,,,,
1403,shaeed rajaii,China,53089000,"43,220","190,007",,,,,
1403,shaeed rajaii,China,84251900,"65,467","189,772",,,,,
1403,shaeed rajaii,China,84287000,"14,272","189,428",,,,,
1403,shaeed rajaii,China,90279090,"4,083","188,654",,,,,
1403,shaeed rajaii,China,90330020,"6,514","188,469",,,,,
1403,shaeed rajaii,China,48119040,"60,097","188,208",,,,,
1403,shaeed rajaii,China,87042290,"32,855","188,083",,,,,
1403,shaeed rajaii,China,73181110,"2,814","187,628",,,,,
1403,shaeed rajaii,China,70071110,"37,268","187,300",,,,,
1403,shaeed rajaii,China,29141900,"146,200","186,785",,,,,
1403,shaeed rajaii,China,84792000,"26,354","186,764",,,,,
1403,shaeed rajaii,China,55095100,"43,929","185,332",,,,,
1403,shaeed rajaii,China,90191090,"27,256","184,822",,,,,
1403,shaeed rajaii,China,84212320,"10,871","184,354",,,,,
1403,shaeed rajaii,China,27122000,"21,475","183,877",,,,,
1403,shaeed rajaii,China,29182310,"52,000","183,873",,,,,
1403,shaeed rajaii,China,55131300,"30,027","183,600",,,,,
1403,shaeed rajaii,China,48195000,"53,830","183,537",,,,,
1403,shaeed rajaii,China,85362030,"10,372","183,481",,,,,
1403,shaeed rajaii,China,9011190,"39,000","182,410",,,,,
1403,shaeed rajaii,China,7104090,"177,080","182,131",,,,,
1403,shaeed rajaii,China,87141055,"83,859","180,455",,,,,
1403,shaeed rajaii,China,29302000,"82,000","180,303",,,,,
1403,shaeed rajaii,China,76169100,"35,225","180,236",,,,,
1403,shaeed rajaii,China,29339940,"5,000","180,209",,,,,
1403,shaeed rajaii,China,39011040,"49,500","180,171",,,,,
1403,shaeed rajaii,China,85068090,"22,954","179,563",,,,,
1403,shaeed rajaii,China,83079000,"51,750","178,773",,,,,
1403,shaeed rajaii,China,83113000,"8,786","178,070",,,,,
1403,shaeed rajaii,China,84137030,"4,360","177,779",,,,,
1403,shaeed rajaii,China,85065010,"6,957","177,608",,,,,
1403,shaeed rajaii,China,87082950,"13,618","177,566",,,,,
1403,shaeed rajaii,China,29334990,"8,500","177,327",,,,,
1403,shaeed rajaii,China,84604000,"16,082","176,904",,,,,
1403,shaeed rajaii,China,83024110,"27,236","176,834",,,,,
1403,shaeed rajaii,China,84295211,"47,400","176,726",,,,,
1403,shaeed rajaii,China,39173100,"43,233","176,617",,,,,
1403,shaeed rajaii,China,87149200,"67,216","176,591",,,,,
1403,shaeed rajaii,China,84281010,"59,600","176,364",,,,,
1403,shaeed rajaii,China,85101000,"10,346","175,974",,,,,
1403,shaeed rajaii,China,21061010,"55,000","175,546",,,,,
1403,shaeed rajaii,China,70109090,"87,684","174,943",,,,,
1403,shaeed rajaii,China,73181490,"87,155","174,747",,,,,
1403,shaeed rajaii,China,29122900,"24,175","174,727",,,,,
1403,shaeed rajaii,China,96089910,"40,992","174,607",,,,,
1403,shaeed rajaii,China,12112000,"16,400","174,209",,,,,
1403,shaeed rajaii,China,40011000,"101,350","173,847",,,,,
1403,shaeed rajaii,China,29042090,"20,000","173,242",,,,,
1403,shaeed rajaii,China,29251900,"76,100","267,100",,,,,
1403,shaeed rajaii,China,39231090,"49,871","172,623",,,,,
1403,shaeed rajaii,China,85024000,"48,947","172,429",,,,,
1403,shaeed rajaii,China,86079100,"4,800","171,963",,,,,
1403,shaeed rajaii,China,39023099,"76,210","171,659",,,,,
1403,shaeed rajaii,China,28100010,"114,700","171,253",,,,,
1403,shaeed rajaii,China,29152990,"59,000","171,050",,,,,
1403,shaeed rajaii,China,85443090,"18,333","170,970",,,,,
1403,shaeed rajaii,China,84714110,"2,168","170,932",,,,,
1403,shaeed rajaii,China,84462900,"29,433","170,867",,,,,
1403,shaeed rajaii,China,84279090,"14,046","170,820",,,,,
1403,shaeed rajaii,China,87142000,"46,822","170,070",,,,,
1403,shaeed rajaii,China,30012000,"5,000","169,723",,,,,
1403,shaeed rajaii,China,40012100,"50,788","169,452",,,,,
1403,shaeed rajaii,China,73051100,"151,512","168,769",,,,,
1403,shaeed rajaii,China,72209000,"101,822","168,439",,,,,
1403,shaeed rajaii,China,82119390,"39,633","168,349",,,,,
1403,shaeed rajaii,China,72241090,"194,612","168,321",,,,,
1403,shaeed rajaii,China,29052900,"16,920","168,293",,,,,
1403,shaeed rajaii,China,29011090,"55,277","167,786",,,,,
1403,shaeed rajaii,China,85013300,"25,613","167,069",,,,,
1403,shaeed rajaii,China,84099140,"29,728","165,802",,,,,
1403,shaeed rajaii,China,84622600,"27,915","165,158",,,,,
1403,shaeed rajaii,China,38101010,"60,670","165,000",,,,,
1403,shaeed rajaii,China,75089000,"3,631","164,980",,,,,
1403,shaeed rajaii,China,29071900,"36,700","164,791",,,,,
1403,shaeed rajaii,China,84198100,"30,650","164,750",,,,,
1403,shaeed rajaii,China,25084090,"165,000","164,728",,,,,
1403,shaeed rajaii,China,28363090,"111,821","164,228",,,,,
1403,shaeed rajaii,China,40051000,"92,000","163,505",,,,,
1403,shaeed rajaii,China,84099130,"29,865","163,453",,,,,
1403,shaeed rajaii,China,59061000,"20,138","163,211",,,,,
1403,shaeed rajaii,China,70179010,"67,844","162,768",,,,,
1403,shaeed rajaii,China,84283290,"36,130","162,507",,,,,
1403,shaeed rajaii,China,39093990,"28,000","162,364",,,,,
1403,shaeed rajaii,China,72123090,"237,888","161,987",,,,,
1403,shaeed rajaii,China,29242940,"22,500","161,490",,,,,
1403,shaeed rajaii,China,74081900,"8,351","161,355",,,,,
1403,shaeed rajaii,China,49089000,"64,120","161,037",,,,,
1403,shaeed rajaii,China,74094000,"5,814","161,010",,,,,
1403,shaeed rajaii,China,40094200,"8,125","160,791",,,,,
1403,shaeed rajaii,China,39191090,"34,956","160,550",,,,,
1403,shaeed rajaii,China,83014010,"50,120","160,389",,,,,
1403,shaeed rajaii,China,85369020,"20,011","160,217",,,,,
1403,shaeed rajaii,China,90308400,"1,644","160,000",,,,,
1403,shaeed rajaii,China,90330010,"31,023","159,996",,,,,
1403,shaeed rajaii,China,85123010,"24,023","159,087",,,,,
1403,shaeed rajaii,China,96033090,"86,557","159,076",,,,,
1403,shaeed rajaii,China,84073290,"31,856","159,069",,,,,
1403,shaeed rajaii,China,70072900,"8,267","158,869",,,,,
1403,shaeed rajaii,China,85359090,497,"158,822",,,,,
1403,shaeed rajaii,China,31026090,"405,000","158,803",,,,,
1403,shaeed rajaii,China,85331010,"7,563","158,606",,,,,
1403,shaeed rajaii,China,54075400,"17,650","157,989",,,,,
1403,shaeed rajaii,China,84401000,"44,807","157,945",,,,,
1403,shaeed rajaii,China,28164000,"12,800","157,555",,,,,
1403,shaeed rajaii,China,32041390,"19,400","157,252",,,,,
1403,shaeed rajaii,China,85163200,"23,684","157,083",,,,,
1403,shaeed rajaii,China,84681000,"15,436","157,058",,,,,
1403,shaeed rajaii,China,73144990,"20,077","156,986",,,,,
1403,shaeed rajaii,China,95071000,"7,457","156,850",,,,,
1403,shaeed rajaii,China,85141910,"5,512","156,616",,,,,
1403,shaeed rajaii,China,32062090,"31,000","156,596",,,,,
1403,shaeed rajaii,China,85043110,"6,790","156,591",,,,,
1403,shaeed rajaii,China,85121000,"7,878","156,497",,,,,
1403,shaeed rajaii,China,32081010,"45,900","156,325",,,,,
1403,shaeed rajaii,China,39209910,"11,386","155,991",,,,,
1403,shaeed rajaii,China,70052990,"180,760","155,497",,,,,
1403,shaeed rajaii,China,72119000,"104,038","155,421",,,,,
1403,shaeed rajaii,China,60019200,"36,986","155,387",,,,,
1403,shaeed rajaii,China,84622500,"26,325","155,316",,,,,
1403,shaeed rajaii,China,84803000,"6,136","155,057",,,,,
1403,shaeed rajaii,China,28323090,"212,300","153,965",,,,,
1403,shaeed rajaii,China,23099020,"17,250","153,937",,,,,
1403,shaeed rajaii,China,81011000,"2,985","153,091",,,,,
1403,shaeed rajaii,China,29224930,"5,000","153,014",,,,,
1403,shaeed rajaii,China,34023190,"25,180","152,664",,,,,
1403,shaeed rajaii,China,64062000,"54,189","151,386",,,,,
1403,shaeed rajaii,China,72201100,"87,105","149,923",,,,,
1403,shaeed rajaii,China,85392930,"11,020","149,288",,,,,
1403,shaeed rajaii,China,29329920,"1,000","149,101",,,,,
1403,shaeed rajaii,China,28391990,"55,000","148,839",,,,,
1403,shaeed rajaii,China,29182900,"28,150","148,807",,,,,
1403,shaeed rajaii,China,84119100,"4,000","148,803",,,,,
1403,shaeed rajaii,China,48089000,"69,389","148,768",,,,,
1403,shaeed rajaii,China,29214990,"15,400","148,592",,,,,
1403,shaeed rajaii,China,82129010,"12,418","148,425",,,,,
1403,shaeed rajaii,China,84614000,"61,820","147,903",,,,,
1403,shaeed rajaii,China,48234000,"39,096","147,701",,,,,
1403,shaeed rajaii,China,84623300,"27,150","146,940",,,,,
1403,shaeed rajaii,China,25030010,"160,000","146,614",,,,,
1403,shaeed rajaii,China,29362600,"3,855","145,869",,,,,
1403,shaeed rajaii,China,73239310,"19,462","145,674",,,,,
1403,shaeed rajaii,China,39119010,"75,000","145,355",,,,,
1403,shaeed rajaii,China,84565000,"36,220","145,160",,,,,
1403,shaeed rajaii,China,87112013,"14,470","145,121",,,,,
1403,shaeed rajaii,China,29071200,"35,000","144,900",,,,,
1403,shaeed rajaii,China,84137040,"8,084","144,862",,,,,
1403,shaeed rajaii,China,65061020,"17,640","144,709",,,,,
1403,shaeed rajaii,China,58110000,"32,721","143,865",,,,,
1403,shaeed rajaii,China,21061011,"110,000","142,959",,,,,
1403,shaeed rajaii,China,84189940,"13,935","142,695",,,,,
1403,shaeed rajaii,China,90330090,"10,895","142,371",,,,,
1403,shaeed rajaii,China,40101290,"67,510","142,032",,,,,
1403,shaeed rajaii,China,72261900,"50,052","141,751",,,,,
1403,shaeed rajaii,China,28112990,"34,840","141,709",,,,,
1403,shaeed rajaii,China,34029040,"108,700","140,998",,,,,
1403,shaeed rajaii,China,58023000,"70,790","140,617",,,,,
1403,shaeed rajaii,China,85153900,"20,115","140,521",,,,,
1403,shaeed rajaii,China,90211090,"7,001","140,315",,,,,
1403,shaeed rajaii,China,87085031,"46,695","139,573",,,,,
1403,shaeed rajaii,China,59113100,"9,553","139,271",,,,,
1403,shaeed rajaii,China,90271000,"4,738","138,836",,,,,
1403,shaeed rajaii,China,29359030,"11,000","138,647",,,,,
1403,shaeed rajaii,China,90172090,"35,856","138,639",,,,,
1403,shaeed rajaii,China,87043110,"18,075","137,516",,,,,
1403,shaeed rajaii,China,90259000,"13,915","137,138",,,,,
1403,shaeed rajaii,China,29261000,"72,960","137,080",,,,,
1403,shaeed rajaii,China,85331090,"2,887","136,937",,,,,
1403,shaeed rajaii,China,84659500,"20,023","136,636",,,,,
1403,shaeed rajaii,China,29335940,"3,000","136,561",,,,,
1403,shaeed rajaii,China,28499000,"11,180","135,886",,,,,
1403,shaeed rajaii,China,39052100,"94,000","135,076",,,,,
1403,shaeed rajaii,China,85043130,"7,326","134,818",,,,,
1403,shaeed rajaii,China,74099000,"7,969","134,724",,,,,
1403,shaeed rajaii,China,84793090,"11,157","134,627",,,,,
1403,shaeed rajaii,China,38101090,"9,122","134,613",,,,,
1403,shaeed rajaii,China,84142000,"20,291","134,614",,,,,
1403,shaeed rajaii,China,33012500,"8,280","134,503",,,,,
1403,shaeed rajaii,China,84378030,"3,580","134,346",,,,,
1403,shaeed rajaii,China,90184941,"1,112","133,937",,,,,
1403,shaeed rajaii,China,91021200,"2,553","133,894",,,,,
1403,shaeed rajaii,China,87089219,"8,000","133,704",,,,,
1403,shaeed rajaii,China,85399020,"32,477","133,302",,,,,
1403,shaeed rajaii,China,90292021,"11,397","133,286",,,,,
1403,shaeed rajaii,China,90183919,"17,660","133,172",,,,,
1403,shaeed rajaii,China,29032300,"67,500","132,725",,,,,
1403,shaeed rajaii,China,21069010,"22,000","132,659",,,,,
1403,shaeed rajaii,China,72025000,"81,000","132,259",,,,,
1403,shaeed rajaii,China,38276400,"28,138","131,921",,,,,
1403,shaeed rajaii,China,26151010,"50,000","131,710",,,,,
1403,shaeed rajaii,China,84564000,"7,270","130,996",,,,,
1403,shaeed rajaii,China,90321010,911,"130,994",,,,,
1403,shaeed rajaii,China,48192010,"32,200","130,863",,,,,
1403,shaeed rajaii,China,29163210,"46,000","130,756",,,,,
1403,shaeed rajaii,China,72111400,"97,265","130,086",,,,,
1403,shaeed rajaii,China,29151200,"165,100","129,980",,,,,
1403,shaeed rajaii,China,44079900,"256,100","129,884",,,,,
1403,shaeed rajaii,China,38249940,"46,509","129,763",,,,,
1403,shaeed rajaii,China,85413000,"2,211","129,536",,,,,
1403,shaeed rajaii,China,84311000,"19,659","128,493",,,,,
1403,shaeed rajaii,China,85472000,"14,491","128,412",,,,,
1403,shaeed rajaii,China,84752100,"11,530","128,145",,,,,
1403,shaeed rajaii,China,82072090,"1,714","128,137",,,,,
1403,shaeed rajaii,China,28092090,"41,000","128,054",,,,,
1403,shaeed rajaii,China,32041320,"27,350","127,885",,,,,
1403,shaeed rajaii,China,55099200,"12,000","127,749",,,,,
1403,shaeed rajaii,China,85332990,"14,589","127,688",,,,,
1403,shaeed rajaii,China,29395900,"3,000","127,260",,,,,
1403,shaeed rajaii,China,83024220,"36,400","127,234",,,,,
1403,shaeed rajaii,China,90261010,"5,131","127,201",,,,,
1403,shaeed rajaii,China,29141200,"250,800","126,607",,,,,
1403,shaeed rajaii,China,84596900,"18,020","126,200",,,,,
1403,shaeed rajaii,China,74092900,"8,546","126,136",,,,,
1403,shaeed rajaii,China,73202000,"30,054","126,043",,,,,
1403,shaeed rajaii,China,40103200,"17,821","125,955",,,,,
1403,shaeed rajaii,China,59100090,"24,511","125,427",,,,,
1403,shaeed rajaii,China,32081060,"23,600","124,758",,,,,
1403,shaeed rajaii,China,48063000,"60,289","124,415",,,,,
1403,shaeed rajaii,China,87082110,"6,816","124,415",,,,,
1403,shaeed rajaii,China,87089221,"19,906","124,197",,,,,
1403,shaeed rajaii,China,85015110,"23,815","123,937",,,,,
1403,shaeed rajaii,China,25199010,"47,000","123,623",,,,,
1403,shaeed rajaii,China,56031122,"39,532","123,356",,,,,
1403,shaeed rajaii,China,90308290,"7,124","123,118",,,,,
1403,shaeed rajaii,China,73151900,"61,031","123,115",,,,,
1403,shaeed rajaii,China,98870443,"20,732","122,186",,,,,
1403,shaeed rajaii,China,72125010,"99,055","122,079",,,,,
1403,shaeed rajaii,China,95045010,"7,541","121,682",,,,,
1403,shaeed rajaii,China,29173300,"70,000","121,294",,,,,
1403,shaeed rajaii,China,70051090,"182,000","120,696",,,,,
1403,shaeed rajaii,China,29182110,"28,200","120,349",,,,,
1403,shaeed rajaii,China,3034200,"56,000","120,204",,,,,
1403,shaeed rajaii,China,28272000,"338,000","120,043",,,,,
1403,shaeed rajaii,China,54074100,"18,680","120,000",,,,,
1403,shaeed rajaii,China,29159020,"56,480","119,981",,,,,
1403,shaeed rajaii,China,78060090,"20,915","119,601",,,,,
1403,shaeed rajaii,China,85061090,"24,245","119,332",,,,,
1403,shaeed rajaii,China,74111090,"10,830","119,071",,,,,
1403,shaeed rajaii,China,39269020,"20,000","119,050",,,,,
1403,shaeed rajaii,China,39091010,"92,000","118,998",,,,,
1403,shaeed rajaii,China,29036990,"33,280","118,429",,,,,
1403,shaeed rajaii,China,76069210,"24,100","118,395",,,,,
1403,shaeed rajaii,China,73083090,"26,550","118,103",,,,,
1403,shaeed rajaii,China,75072000,"1,988","118,020",,,,,
1403,shaeed rajaii,China,85332100,"2,682","117,983",,,,,
1403,shaeed rajaii,China,31052000,"40,000","116,380",,,,,
1403,shaeed rajaii,China,34029020,"32,694","116,380",,,,,
1403,shaeed rajaii,China,40103600,"2,237","116,251",,,,,
1403,shaeed rajaii,China,54021100,"5,700","116,087",,,,,
1403,shaeed rajaii,China,29126000,"130,750","115,900",,,,,
1403,shaeed rajaii,China,29222100,"26,002","115,330",,,,,
1403,shaeed rajaii,China,52094200,"27,200","114,916",,,,,
1403,shaeed rajaii,China,84621100,"20,000","114,784",,,,,
1403,shaeed rajaii,China,54026100,"13,714","114,731",,,,,
1403,shaeed rajaii,China,83024130,"27,420","114,220",,,,,
1403,shaeed rajaii,China,70172010,"79,738","113,947",,,,,
1403,shaeed rajaii,China,84439920,"11,391","113,437",,,,,
1403,shaeed rajaii,China,60011000,"27,236","113,153",,,,,
1403,shaeed rajaii,China,25161100,"668,960","112,862",,,,,
1403,shaeed rajaii,China,39059190,"16,000","112,847",,,,,
1403,shaeed rajaii,China,90051000,"3,387","112,362",,,,,
1403,shaeed rajaii,China,85329000,"4,662","112,186",,,,,
1403,shaeed rajaii,China,84879000,"31,956","112,003",,,,,
1403,shaeed rajaii,China,29215100,"22,075","111,992",,,,,
1403,shaeed rajaii,China,29094400,"47,500","111,847",,,,,
1403,shaeed rajaii,China,87088021,"10,298","111,842",,,,,
1403,shaeed rajaii,China,90119000,"2,920","111,654",,,,,
1403,shaeed rajaii,China,39075010,"23,920","111,651",,,,,
1403,shaeed rajaii,China,82076000,"13,120","111,637",,,,,
1403,shaeed rajaii,China,39121100,"6,000","111,089",,,,,
1403,shaeed rajaii,China,39031990,"59,850","110,687",,,,,
1403,shaeed rajaii,China,90019000,"15,739","110,530",,,,,
1403,shaeed rajaii,China,38089419,"20,480","110,500",,,,,
1403,shaeed rajaii,China,32071010,100,"110,336",,,,,
1403,shaeed rajaii,China,84021900,"48,309","110,260",,,,,
1403,shaeed rajaii,China,73144910,"6,741","110,032",,,,,
1403,shaeed rajaii,China,40103100,"26,980","109,697",,,,,
1403,shaeed rajaii,China,84818045,"10,200","109,407",,,,,
1403,shaeed rajaii,China,85284900,"7,117","108,985",,,,,
1403,shaeed rajaii,China,59022010,"39,500","108,839",,,,,
1403,shaeed rajaii,China,31053000,"96,000","108,725",,,,,
1403,shaeed rajaii,China,90278960,615,"107,889",,,,,
1403,shaeed rajaii,China,54024800,"73,708","107,633",,,,,
1403,shaeed rajaii,China,84189920,"41,510","107,576",,,,,
1403,shaeed rajaii,China,73129000,"23,125","107,330",,,,,
1403,shaeed rajaii,China,39199010,"10,986","107,094",,,,,
1403,shaeed rajaii,China,59111010,"12,063","107,052",,,,,
1403,shaeed rajaii,China,85291010,"7,160","107,000",,,,,
1403,shaeed rajaii,China,91022900,"1,623","106,901",,,,,
1403,shaeed rajaii,China,40129020,"45,530","106,803",,,,,
1403,shaeed rajaii,China,84798989,"29,138","106,748",,,,,
1403,shaeed rajaii,China,69010090,"124,500","106,552",,,,,
1403,shaeed rajaii,China,39219093,"26,390","106,494",,,,,
1403,shaeed rajaii,China,70021000,"103,590","106,441",,,,,
1403,shaeed rajaii,China,90221920,"8,255","106,268",,,,,
1403,shaeed rajaii,China,48169010,"75,272","106,118",,,,,
1403,shaeed rajaii,China,28273100,"40,000","106,030",,,,,
1403,shaeed rajaii,China,87149910,"30,808","105,958",,,,,
1403,shaeed rajaii,China,84306990,"20,300","105,868",,,,,
1403,shaeed rajaii,China,85361050,477,"105,723",,,,,
1403,shaeed rajaii,China,73072910,"2,367","105,697",,,,,
1403,shaeed rajaii,China,39204350,"49,830","105,640",,,,,
1403,shaeed rajaii,China,84621900,"30,955","105,372",,,,,
1403,shaeed rajaii,China,29375000,15,"105,349",,,,,
1403,shaeed rajaii,China,44121000,"28,171","104,971",,,,,
1403,shaeed rajaii,China,28048000,"96,000","104,893",,,,,
1403,shaeed rajaii,China,29081990,"15,000","104,823",,,,,
1403,shaeed rajaii,China,3047500,"47,250","104,744",,,,,
1403,shaeed rajaii,China,53101000,"91,837","104,515",,,,,
1403,shaeed rajaii,China,82090000,"12,800","104,300",,,,,
1403,shaeed rajaii,China,90066100,"7,650","103,977",,,,,
1403,shaeed rajaii,China,29031300,"27,150","103,571",,,,,
1403,shaeed rajaii,China,82022090,"31,783","103,530",,,,,
1403,shaeed rajaii,China,55131900,"15,380","103,500",,,,,
1403,shaeed rajaii,China,84849090,"6,544","103,328",,,,,
1403,shaeed rajaii,China,84562000,"3,824","103,263",,,,,
1403,shaeed rajaii,China,85158010,"5,000","103,171",,,,,
1403,shaeed rajaii,China,56081100,"50,113","102,879",,,,,
1403,shaeed rajaii,China,18050090,"50,000","102,458",,,,,
1403,shaeed rajaii,China,72171000,"85,372","102,400",,,,,
1403,shaeed rajaii,China,85423200,379,"102,183",,,,,
1403,shaeed rajaii,China,29153100,"90,000","101,845",,,,,
1403,shaeed rajaii,China,72021920,"52,000","101,800",,,,,
1403,shaeed rajaii,China,87082210,"3,798","101,775",,,,,
1403,shaeed rajaii,China,85143200,"16,370","101,156",,,,,
1403,shaeed rajaii,China,39079993,"18,000","100,800",,,,,
1403,shaeed rajaii,China,87149620,"40,191","100,708",,,,,
1403,shaeed rajaii,China,90183917,"7,300","100,496",,,,,
1403,shaeed rajaii,China,28199010,"24,500","100,437",,,,,
1403,shaeed rajaii,China,85361020,"1,798","100,069",,,,,
1403,shaeed rajaii,China,29034600,"17,000","100,296",,,,,
1403,shaeed rajaii,China,85322400,883,"99,754",,,,,
1403,shaeed rajaii,China,56074990,"77,000","99,662",,,,,
1403,shaeed rajaii,China,84199040,"6,934","99,183",,,,,
1403,shaeed rajaii,China,70134290,"76,732","99,057",,,,,
1403,shaeed rajaii,China,84378020,"21,894","98,695",,,,,
1403,shaeed rajaii,China,48102900,"97,485","98,318",,,,,
1403,shaeed rajaii,China,74061000,"6,185","98,264",,,,,
1403,shaeed rajaii,China,74072100,"6,985","98,249",,,,,
1403,shaeed rajaii,China,72163100,"115,264","98,207",,,,,
1403,shaeed rajaii,China,74101210,"10,000","98,126",,,,,
1403,shaeed rajaii,China,32159010,"22,300","97,912",,,,,
1403,shaeed rajaii,China,84603910,"15,919","97,624",,,,,
1403,shaeed rajaii,China,40117010,"27,780","97,401",,,,,
1403,shaeed rajaii,China,84689000,"7,682","97,261",,,,,
1403,shaeed rajaii,China,29054410,"147,960","97,152",,,,,
1403,shaeed rajaii,China,47050000,"84,000","97,117",,,,,
1403,shaeed rajaii,China,39077000,"23,670","96,845",,,,,
1403,shaeed rajaii,China,48084000,"68,331","96,719",,,,,
1403,shaeed rajaii,China,84713090,"1,488","96,571",,,,,
1403,shaeed rajaii,China,37021000,"1,394","96,050",,,,,
1403,shaeed rajaii,China,72021930,"40,000","95,809",,,,,
1403,shaeed rajaii,China,11081210,"36,000","95,740",,,,,
1403,shaeed rajaii,China,29071500,"14,400","95,560",,,,,
1403,shaeed rajaii,China,74192000,"7,300","95,448",,,,,
1403,shaeed rajaii,China,90181190,"4,190","95,436",,,,,
1403,shaeed rajaii,China,94021000,"24,550","95,056",,,,,
1403,shaeed rajaii,China,38210040,"2,105","94,812",,,,,
1403,shaeed rajaii,China,85444220,"9,084","94,785",,,,,
1403,shaeed rajaii,China,54026900,"65,200","94,520",,,,,
1403,shaeed rajaii,China,72172090,"78,797","94,370",,,,,
1403,shaeed rajaii,China,84222000,"5,000","94,338",,,,,
1403,shaeed rajaii,China,70119000,"36,600","94,284",,,,,
1403,shaeed rajaii,China,28342990,"20,200","93,847",,,,,
1403,shaeed rajaii,China,28332100,"276,000","93,525",,,,,
1403,shaeed rajaii,China,39172100,"23,073","92,659",,,,,
1403,shaeed rajaii,China,84099940,"19,737","92,636",,,,,
1403,shaeed rajaii,China,81029600,"1,010","92,541",,,,,
1403,shaeed rajaii,China,72255000,"51,919","92,506",,,,,
1403,shaeed rajaii,China,29037900,"20,400","92,446",,,,,
1403,shaeed rajaii,China,72109000,"71,900","92,424",,,,,
1403,shaeed rajaii,China,32071030,"10,000","92,371",,,,,
1403,shaeed rajaii,China,73259100,"122,135","92,065",,,,,
1403,shaeed rajaii,China,82060000,"34,594","91,946",,,,,
1403,shaeed rajaii,China,87131090,"16,790","91,602",,,,,
1403,shaeed rajaii,China,84842030,"6,084","90,969",,,,,
1403,shaeed rajaii,China,39069020,"58,000","90,711",,,,,
1403,shaeed rajaii,China,29335920,"3,000","90,467",,,,,
1403,shaeed rajaii,China,54072020,"39,521","90,229",,,,,
1403,shaeed rajaii,China,83013000,"12,950","90,122",,,,,
1403,shaeed rajaii,China,32081020,"16,767","89,986",,,,,
1403,shaeed rajaii,China,28276010,"1,500","89,626",,,,,
1403,shaeed rajaii,China,28274900,"60,000","89,588",,,,,
1403,shaeed rajaii,China,90049000,"2,825","89,305",,,,,
1403,shaeed rajaii,China,48045900,"47,419","88,710",,,,,
1403,shaeed rajaii,China,84751000,"8,374","88,594",,,,,
1403,shaeed rajaii,China,29089990,"27,250","87,905",,,,,
1403,shaeed rajaii,China,40149000,"32,074","87,837",,,,,
1403,shaeed rajaii,China,39234000,"19,690","87,719",,,,,
1403,shaeed rajaii,China,76109090,"18,953","87,616",,,,,
1403,shaeed rajaii,China,85369050,"13,004","87,588",,,,,
1403,shaeed rajaii,China,29051410,"53,648","87,500",,,,,
1403,shaeed rajaii,China,73081000,"20,108","87,441",,,,,
1403,shaeed rajaii,China,90221990,"1,000","87,236",,,,,
1403,shaeed rajaii,China,85351000,"3,074","86,750",,,,,
1403,shaeed rajaii,China,90021900,"2,481","86,632",,,,,
1403,shaeed rajaii,China,72052100,"18,050","86,169",,,,,
1403,shaeed rajaii,China,92099190,"9,817","86,100",,,,,
1403,shaeed rajaii,China,76031000,"18,000","85,242",,,,,
1403,shaeed rajaii,China,68053010,"6,446","85,045",,,,,
1403,shaeed rajaii,China,90221910,"8,688","85,040",,,,,
1403,shaeed rajaii,China,39202010,"27,281","84,916",,,,,
1403,shaeed rajaii,China,27121010,"38,820","84,886",,,,,
1403,shaeed rajaii,China,60053900,"23,034","84,841",,,,,
1403,shaeed rajaii,China,86079900,"20,073","84,651",,,,,
1403,shaeed rajaii,China,29037300,"20,000","84,628",,,,,
1403,shaeed rajaii,China,59100010,"25,410","84,604",,,,,
1403,shaeed rajaii,China,90181115,"1,100","84,431",,,,,
1403,shaeed rajaii,China,84212200,"2,284","84,234",,,,,
1403,shaeed rajaii,China,29214210,"22,964","84,096",,,,,
1403,shaeed rajaii,China,90299000,"9,994","84,086",,,,,
1403,shaeed rajaii,China,85308000,"17,340","83,780",,,,,
1403,shaeed rajaii,China,84705090,"2,255","83,010",,,,,
1403,shaeed rajaii,China,84775100,"22,000","82,966",,,,,
1403,shaeed rajaii,China,84159040,"6,887","82,849",,,,,
1403,shaeed rajaii,China,84313110,"28,702","82,830",,,,,
1403,shaeed rajaii,China,84671920,"6,414","82,585",,,,,
1403,shaeed rajaii,China,94062000,"24,110","82,436",,,,,
1403,shaeed rajaii,China,84136040,"1,350","82,396",,,,,
1403,shaeed rajaii,China,54023200,"25,500","82,033",,,,,
1403,shaeed rajaii,China,29337100,"51,200","81,827",,,,,
1403,shaeed rajaii,China,39206120,"24,249","81,755",,,,,
1403,shaeed rajaii,China,58013390,"31,054","81,738",,,,,
1403,shaeed rajaii,China,86012000,"10,590","81,711",,,,,
1403,shaeed rajaii,China,30064030,"3,600","81,503",,,,,
1403,shaeed rajaii,China,84461000,"7,210","81,354",,,,,
1403,shaeed rajaii,China,85352110,665,"81,285",,,,,
1403,shaeed rajaii,China,28051100,"12,000","81,233",,,,,
1403,shaeed rajaii,China,90272000,152,"81,019",,,,,
1403,shaeed rajaii,China,84835090,"16,485","80,811",,,,,
1403,shaeed rajaii,China,39076190,"40,580","80,605",,,,,
1403,shaeed rajaii,China,85176190,547,"80,463",,,,,
1403,shaeed rajaii,China,51123000,"2,708","80,460",,,,,
1403,shaeed rajaii,China,28129090,"2,100","80,434",,,,,
1403,shaeed rajaii,China,72162100,"90,757","80,346",,,,,
1403,shaeed rajaii,China,23021000,"110,000","79,648",,,,,
1403,shaeed rajaii,China,84152010,"6,164","79,444",,,,,
1403,shaeed rajaii,China,72179010,"44,000","79,140",,,,,
1403,shaeed rajaii,China,81029900,730,"78,281",,,,,
1403,shaeed rajaii,China,87034020,"5,760","78,176",,,,,
1403,shaeed rajaii,China,15180000,"48,000","78,144",,,,,
1403,shaeed rajaii,China,56031221,"20,824","77,819",,,,,
1403,shaeed rajaii,China,39211310,"15,931","77,678",,,,,
1403,shaeed rajaii,China,38109000,"4,635","77,357",,,,,
1403,shaeed rajaii,China,29145090,"15,250","77,337",,,,,
1403,shaeed rajaii,China,72111990,"49,742","77,205",,,,,
1403,shaeed rajaii,China,84138200,"20,255","77,149",,,,,
1403,shaeed rajaii,China,84733030,"1,536","77,142",,,,,
1403,shaeed rajaii,China,6021030,"4,200","77,125",,,,,
1403,shaeed rajaii,China,81099990,"3,684","76,898",,,,,
1403,shaeed rajaii,China,84304110,"12,000","76,863",,,,,
1403,shaeed rajaii,China,90069900,"18,505","76,805",,,,,
1403,shaeed rajaii,China,84509010,"22,500","76,515",,,,,
1403,shaeed rajaii,China,25251010,"15,000","76,234",,,,,
1403,shaeed rajaii,China,29333950,"1,600","76,129",,,,,
1403,shaeed rajaii,China,54034100,"13,284","75,948",,,,,
1403,shaeed rajaii,China,39046190,"7,650","75,944",,,,,
1403,shaeed rajaii,China,28051900,"25,000","75,816",,,,,
1403,shaeed rajaii,China,84798970,"3,754","75,710",,,,,
1403,shaeed rajaii,China,28111910,"108,000","75,403",,,,,
1403,shaeed rajaii,China,28415000,"18,000","75,209",,,,,
1403,shaeed rajaii,China,87088039,"16,087","74,984",,,,,
1403,shaeed rajaii,China,73182100,"6,691","74,903",,,,,
1403,shaeed rajaii,China,84282000,"4,371","74,582",,,,,
1403,shaeed rajaii,China,44123900,"48,633","74,449",,,,,
1403,shaeed rajaii,China,56081900,"26,102","74,449",,,,,
1403,shaeed rajaii,China,40091110,"19,766","74,277",,,,,
1403,shaeed rajaii,China,40117090,"16,026","74,208",,,,,
1403,shaeed rajaii,China,90273020,"3,093","74,198",,,,,
1403,shaeed rajaii,China,85393290,"1,985","74,142",,,,,
1403,shaeed rajaii,China,84099160,"5,591","73,655",,,,,
1403,shaeed rajaii,China,38089429,"35,200","73,630",,,,,
1403,shaeed rajaii,China,82100000,"26,901","73,406",,,,,
1403,shaeed rajaii,China,64061000,"20,252","73,089",,,,,
1403,shaeed rajaii,China,72223000,"9,635","72,494",,,,,
1403,shaeed rajaii,China,73181610,"17,922","72,307",,,,,
1403,shaeed rajaii,China,87149120,"21,249","72,113",,,,,
1403,shaeed rajaii,China,48111000,"34,999","71,704",,,,,
1403,shaeed rajaii,China,84841030,"6,319","71,686",,,,,
1403,shaeed rajaii,China,90289040,"1,515","71,365",,,,,
1403,shaeed rajaii,China,30064020,650,"71,323",,,,,
1403,shaeed rajaii,China,87046000,"5,205","71,292",,,,,
1403,shaeed rajaii,China,28352690,"49,000","71,224",,,,,
1403,shaeed rajaii,China,32099040,"24,000","71,038",,,,,
1403,shaeed rajaii,China,28399090,"23,500","70,992",,,,,
1403,shaeed rajaii,China,73158100,"52,954","70,989",,,,,
1403,shaeed rajaii,China,29182340,"23,000","70,940",,,,,
1403,shaeed rajaii,China,29061200,"38,000","70,680",,,,,
1403,shaeed rajaii,China,90251190,"3,785","70,672",,,,,
1403,shaeed rajaii,China,87042190,"8,665","70,233",,,,,
1403,shaeed rajaii,China,54026300,"50,292","70,079",,,,,
1403,shaeed rajaii,China,40091190,"9,760","69,600",,,,,
1403,shaeed rajaii,China,87088019,"11,091","69,551",,,,,
1403,shaeed rajaii,China,72083710,"36,560","69,356",,,,,
1403,shaeed rajaii,China,48042900,"50,842","69,275",,,,,
1403,shaeed rajaii,China,29331990,"4,000","69,262",,,,,
1403,shaeed rajaii,China,90292023,937,"69,134",,,,,
1403,shaeed rajaii,China,85124000,"3,612","69,005",,,,,
1403,shaeed rajaii,China,29154090,"12,800","68,427",,,,,
1403,shaeed rajaii,China,96071100,"25,746","68,405",,,,,
1403,shaeed rajaii,China,83017000,"23,271","68,253",,,,,
1403,shaeed rajaii,China,40082900,"25,272","68,087",,,,,
1403,shaeed rajaii,China,85469090,"49,117","68,047",,,,,
1403,shaeed rajaii,China,84386000,"8,146","67,960",,,,,
1403,shaeed rajaii,China,76032000,"15,300","67,925",,,,,
1403,shaeed rajaii,China,85151990,"8,975","67,906",,,,,
1403,shaeed rajaii,China,85381000,"12,818","67,807",,,,,
1403,shaeed rajaii,China,37013030,"7,680","67,796",,,,,
1403,shaeed rajaii,China,82082000,"1,254","67,779",,,,,
1403,shaeed rajaii,China,29141100,"49,600","67,703",,,,,
1403,shaeed rajaii,China,27101910,"3,276","67,634",,,,,
1403,shaeed rajaii,China,96161000,"9,325","67,609",,,,,
1403,shaeed rajaii,China,87149500,"22,493","67,484",,,,,
1403,shaeed rajaii,China,84189910,"4,880","67,089",,,,,
1403,shaeed rajaii,China,37019930,"7,514","67,088",,,,,
1403,shaeed rajaii,China,44119210,"133,599","67,018",,,,,
1403,shaeed rajaii,China,28209000,"15,000","66,946",,,,,
1403,shaeed rajaii,China,28342970,"135,000","66,335",,,,,
1403,shaeed rajaii,China,39049000,"48,000","66,074",,,,,
1403,shaeed rajaii,China,29321990,"6,625","66,058",,,,,
1403,shaeed rajaii,China,74102200,"3,028","66,040",,,,,
1403,shaeed rajaii,China,72085210,"127,704","65,583",,,,,
1403,shaeed rajaii,China,39011030,"30,250","65,317",,,,,
1403,shaeed rajaii,China,56075010,"21,220","65,063",,,,,
1403,shaeed rajaii,China,96122000,"4,000","64,768",,,,,
1403,shaeed rajaii,China,28402000,"20,000","64,609",,,,,
1403,shaeed rajaii,China,48052590,"60,801","64,424",,,,,
1403,shaeed rajaii,China,68151900,"8,549","64,413",,,,,
1403,shaeed rajaii,China,55019000,"3,710","64,189",,,,,
1403,shaeed rajaii,China,84049000,"6,047","64,144",,,,,
1403,shaeed rajaii,China,38099300,"28,285","64,125",,,,,
1403,shaeed rajaii,China,39089010,"19,430","64,101",,,,,
1403,shaeed rajaii,China,70052920,"119,200","64,053",,,,,
1403,shaeed rajaii,China,95066930,"23,000","63,915",,,,,
1403,shaeed rajaii,China,85123090,"1,258","63,070",,,,,
1403,shaeed rajaii,China,29332100,"12,054","62,853",,,,,
1403,shaeed rajaii,China,72122000,"34,310","62,804",,,,,
1403,shaeed rajaii,China,84733050,"15,979","62,673",,,,,
1403,shaeed rajaii,China,84679200,"17,399","62,487",,,,,
1403,shaeed rajaii,China,32074010,"13,500","62,337",,,,,
1403,shaeed rajaii,China,98870305,"6,555","61,693",,,,,
1403,shaeed rajaii,China,84331100,"14,625","61,622",,,,,
1403,shaeed rajaii,China,90192010,"6,610","61,598",,,,,
1403,shaeed rajaii,China,58012300,"11,653","61,508",,,,,
1403,shaeed rajaii,China,38276800,"12,426","61,475",,,,,
1403,shaeed rajaii,China,95069990,"15,880","61,278",,,,,
1403,shaeed rajaii,China,74082200,"3,946","61,136",,,,,
1403,shaeed rajaii,China,9103090,"26,000","61,053",,,,,
1403,shaeed rajaii,China,21069030,"38,000","61,040",,,,,
1403,shaeed rajaii,China,87141080,"29,630","60,768",,,,,
1403,shaeed rajaii,China,70171090,"15,178","60,582",,,,,
1403,shaeed rajaii,China,84271021,"9,869","60,546",,,,,
1403,shaeed rajaii,China,68051020,"10,057","60,476",,,,,
1403,shaeed rajaii,China,70200030,"11,146","60,453",,,,,
1403,shaeed rajaii,China,84072100,"2,865","60,447",,,,,
1403,shaeed rajaii,China,48043900,"50,000","60,439",,,,,
1403,shaeed rajaii,China,84818082,"27,790","60,415",,,,,
1403,shaeed rajaii,China,29096010,"14,400","60,309",,,,,
1403,shaeed rajaii,China,84483200,"3,265","60,040",,,,,
1403,shaeed rajaii,China,84272012,"22,000","60,014",,,,,
1403,shaeed rajaii,China,84149020,"4,130","59,731",,,,,
1403,shaeed rajaii,China,84541000,"3,912","59,219",,,,,
1403,shaeed rajaii,China,32064910,"23,500","58,916",,,,,
1403,shaeed rajaii,China,87141020,"12,308","58,911",,,,,
1403,shaeed rajaii,China,39121200,"51,000","58,907",,,,,
1403,shaeed rajaii,China,29103000,"29,760","58,820",,,,,
1403,shaeed rajaii,China,85414200,"11,135","58,796",,,,,
1403,shaeed rajaii,China,29096015,"12,480","58,187",,,,,
1403,shaeed rajaii,China,52052600,"14,969","58,167",,,,,
1403,shaeed rajaii,China,85171890,460,"58,162",,,,,
1403,shaeed rajaii,China,84133030,"5,015","58,016",,,,,
1403,shaeed rajaii,China,72286000,"3,402","57,803",,,,,
1403,shaeed rajaii,China,58061000,"11,160","57,698",,,,,
1403,shaeed rajaii,China,29372290,"6,000","57,611",,,,,
1403,shaeed rajaii,China,39011061,"52,000","57,580",,,,,
1403,shaeed rajaii,China,40081120,"7,038","57,552",,,,,
1403,shaeed rajaii,China,84131900,"2,344","57,497",,,,,
1403,shaeed rajaii,China,85118040,"6,225","57,245",,,,,
1403,shaeed rajaii,China,84762100,"5,545","57,062",,,,,
1403,shaeed rajaii,China,84192010,"2,798","57,049",,,,,
1403,shaeed rajaii,China,84295990,"45,550","56,822",,,,,
1403,shaeed rajaii,China,28470000,"61,200","56,744",,,,,
1403,shaeed rajaii,China,55031900,"16,440","56,711",,,,,
1403,shaeed rajaii,China,84198930,"7,700","56,568",,,,,
1403,shaeed rajaii,China,29171910,800,"56,554",,,,,
1403,shaeed rajaii,China,85391000,"2,365","56,317",,,,,
1403,shaeed rajaii,China,84603100,"3,387","56,240",,,,,
1403,shaeed rajaii,China,84238910,"8,112","56,224",,,,,
1403,shaeed rajaii,China,28271000,"172,000","56,164",,,,,
1403,shaeed rajaii,China,84849020,"6,172","56,008",,,,,
1403,shaeed rajaii,China,28421090,"55,370","55,890",,,,,
1403,shaeed rajaii,China,44187500,"25,165","55,851",,,,,
1403,shaeed rajaii,China,84239020,"3,549","55,648",,,,,
1403,shaeed rajaii,China,70071920,"1,841","55,265",,,,,
1403,shaeed rajaii,China,39051900,"19,000","55,109",,,,,
1403,shaeed rajaii,China,40170090,"31,744","54,992",,,,,
1403,shaeed rajaii,China,28249010,"5,000","54,750",,,,,
1403,shaeed rajaii,China,85042100,"3,392","54,587",,,,,
1403,shaeed rajaii,China,40026000,"25,000","54,586",,,,,
1403,shaeed rajaii,China,38276200,"12,995","54,463",,,,,
1403,shaeed rajaii,China,28342950,"124,000","54,362",,,,,
1403,shaeed rajaii,China,40103910,"9,515","54,241",,,,,
1403,shaeed rajaii,China,35052000,"86,000","54,144",,,,,
1403,shaeed rajaii,China,85447010,862,"54,108",,,,,
1403,shaeed rajaii,China,84639010,"12,279","54,040",,,,,
1403,shaeed rajaii,China,84672200,"10,006","53,778",,,,,
1403,shaeed rajaii,China,86080000,"8,237","53,760",,,,,
1403,shaeed rajaii,China,85389020,"1,258","53,691",,,,,
1403,shaeed rajaii,China,28429040,"40,000","53,590",,,,,
1403,shaeed rajaii,China,28429090,"28,320","53,587",,,,,
1403,shaeed rajaii,China,40169590,"8,510","53,551",,,,,
1403,shaeed rajaii,China,95030090,"15,663","53,447",,,,,
1403,shaeed rajaii,China,32099090,"13,980","53,232",,,,,
1403,shaeed rajaii,China,56049000,"9,087","52,992",,,,,
1403,shaeed rajaii,China,38273200,"14,375","52,984",,,,,
1403,shaeed rajaii,China,30059010,"7,986","52,762",,,,,
1403,shaeed rajaii,China,74082100,"5,998","52,623",,,,,
1403,shaeed rajaii,China,96082010,"8,955","52,497",,,,,
1403,shaeed rajaii,China,84144030,"1,770","52,332",,,,,
1403,shaeed rajaii,China,55049000,"23,547","52,255",,,,,
1403,shaeed rajaii,China,28321020,"107,600","52,201",,,,,
1403,shaeed rajaii,China,84328000,"15,478","52,109",,,,,
1403,shaeed rajaii,China,80012000,"2,500","51,426",,,,,
1403,shaeed rajaii,China,73194000,"15,748","51,394",,,,,
1403,shaeed rajaii,China,84659300,"10,130","51,345",,,,,
1403,shaeed rajaii,China,84682000,"7,232","51,146",,,,,
1403,shaeed rajaii,China,87087019,"35,591","51,005",,,,,
1403,shaeed rajaii,China,28013000,"10,000","51,000",,,,,
1403,shaeed rajaii,China,29333200,"10,000","50,965",,,,,
1403,shaeed rajaii,China,27101920,"4,998","50,957",,,,,
1403,shaeed rajaii,China,84059000,"8,394","50,850",,,,,
1403,shaeed rajaii,China,29241910,"47,500","50,816",,,,,
1403,shaeed rajaii,China,38276500,"13,180","50,742",,,,,
1403,shaeed rajaii,China,40118020,"30,315","50,643",,,,,
1403,shaeed rajaii,China,90289090,"5,965","50,586",,,,,
1403,shaeed rajaii,China,96083000,"4,790","50,424",,,,,
1403,shaeed rajaii,China,33043090,"1,170","50,289",,,,,
1403,shaeed rajaii,China,28255000,"5,000","50,166",,,,,
1403,shaeed rajaii,China,70189020,"2,000","50,072",,,,,
1403,shaeed rajaii,China,70099200,"19,545","49,990",,,,,
1403,shaeed rajaii,China,85171810,"3,740","49,883",,,,,
1403,shaeed rajaii,China,73069010,"35,350","49,629",,,,,
1403,shaeed rajaii,China,84295119,"8,500","49,207",,,,,
1403,shaeed rajaii,China,96032100,"10,648","49,014",,,,,
1403,shaeed rajaii,China,84211910,"5,660","48,989",,,,,
1403,shaeed rajaii,China,72112910,"29,278","48,913",,,,,
1403,shaeed rajaii,China,29095000,"4,710","48,878",,,,,
1403,shaeed rajaii,China,72092800,"49,561","48,849",,,,,
1403,shaeed rajaii,China,29224910,"4,050","48,609",,,,,
1403,shaeed rajaii,China,84818055,440,"48,098",,,,,
1403,shaeed rajaii,China,82081000,"4,028","48,024",,,,,
1403,shaeed rajaii,China,48196000,"24,640","47,974",,,,,
1403,shaeed rajaii,China,73181410,"11,105","47,955",,,,,
1403,shaeed rajaii,China,72026000,"20,000","47,837",,,,,
1403,shaeed rajaii,China,72125090,"17,393","47,768",,,,,
1403,shaeed rajaii,China,29055990,"15,000","47,266",,,,,
1403,shaeed rajaii,China,70199030,"31,380","47,058",,,,,
1403,shaeed rajaii,China,87141015,"17,742","46,906",,,,,
1403,shaeed rajaii,China,29339991,"1,000","46,769",,,,,
1403,shaeed rajaii,China,54021990,"16,801","46,746",,,,,
1403,shaeed rajaii,China,84626900,"2,400","46,696",,,,,
1403,shaeed rajaii,China,11082000,"10,000","46,603",,,,,
1403,shaeed rajaii,China,72089000,"56,000","46,422",,,,,
1403,shaeed rajaii,China,32081030,"13,950","46,227",,,,,
1403,shaeed rajaii,China,56031222,"13,052","46,185",,,,,
1403,shaeed rajaii,China,70200099,"18,576","46,059",,,,,
1403,shaeed rajaii,China,85043210,316,"45,780",,,,,
1403,shaeed rajaii,China,85255090,"1,210","45,776",,,,,
1403,shaeed rajaii,China,87149610,"17,268","45,451",,,,,
1403,shaeed rajaii,China,85367010,"7,558","45,426",,,,,
1403,shaeed rajaii,China,39219094,"24,000","45,393",,,,,
1403,shaeed rajaii,China,84213940,"21,173","45,164",,,,,
1403,shaeed rajaii,China,84561110,"10,358","44,991",,,,,
1403,shaeed rajaii,China,85369030,"2,061","44,966",,,,,
1403,shaeed rajaii,China,68151300,"24,757","44,924",,,,,
1403,shaeed rajaii,China,29232010,"20,120","44,871",,,,,
1403,shaeed rajaii,China,39206310,"5,000","44,671",,,,,
1403,shaeed rajaii,China,87149300,"19,502","44,379",,,,,
1403,shaeed rajaii,China,25132090,"89,134","44,214",,,,,
1403,shaeed rajaii,China,28241000,"12,000","44,177",,,,,
1403,shaeed rajaii,China,84625900,"3,170","44,035",,,,,
1403,shaeed rajaii,China,73079200,"20,192","43,734",,,,,
1403,shaeed rajaii,China,29252910,"10,000","43,646",,,,,
1403,shaeed rajaii,China,58071000,"19,351","43,645",,,,,
1403,shaeed rajaii,China,60012900,"49,051","295,871",,,,,
1403,shaeed rajaii,China,69022010,"18,386","43,546",,,,,
1403,shaeed rajaii,China,39012059,"12,300","43,302",,,,,
1403,shaeed rajaii,China,84109000,"3,803","43,219",,,,,
1403,shaeed rajaii,China,95066210,"6,799","43,055",,,,,
1403,shaeed rajaii,China,25070090,"150,300","43,042",,,,,
1403,shaeed rajaii,China,32081050,"2,400","42,913",,,,,
1403,shaeed rajaii,China,14049030,"108,000","42,772",,,,,
1403,shaeed rajaii,China,52103100,"5,687","42,522",,,,,
1403,shaeed rajaii,China,94032090,"8,696","42,222",,,,,
1403,shaeed rajaii,China,59011000,"15,050","42,163",,,,,
1403,shaeed rajaii,China,55092200,"19,500","42,159",,,,,
1403,shaeed rajaii,China,48052490,"38,417","42,090",,,,,
1403,shaeed rajaii,China,73065010,"11,150","42,050",,,,,
1403,shaeed rajaii,China,55094200,"7,443","42,022",,,,,
1403,shaeed rajaii,China,29163110,"33,000","42,012",,,,,
1403,shaeed rajaii,China,72269900,"27,500","41,975",,,,,
1403,shaeed rajaii,China,82141090,"13,072","41,771",,,,,
1403,shaeed rajaii,China,98870361,"3,450","41,742",,,,,
1403,shaeed rajaii,China,72061000,"5,000","41,550",,,,,
1403,shaeed rajaii,China,72221900,"15,500","41,534",,,,,
1403,shaeed rajaii,China,85061030,"4,343","41,443",,,,,
1403,shaeed rajaii,China,84121000,"1,200","41,307",,,,,
1403,shaeed rajaii,China,44101210,"83,370","41,287",,,,,
1403,shaeed rajaii,China,35051020,"58,500","41,026",,,,,
1403,shaeed rajaii,China,28413000,"20,000","40,967",,,,,
1403,shaeed rajaii,China,90189069,"6,800","40,959",,,,,
1403,shaeed rajaii,China,39011020,"23,000","40,795",,,,,
1403,shaeed rajaii,China,95073000,"3,452","40,641",,,,,
1403,shaeed rajaii,China,29062990,"6,500","40,462",,,,,
1403,shaeed rajaii,China,56039200,"11,200","40,313",,,,,
1403,shaeed rajaii,China,34059000,"38,345","40,243",,,,,
1403,shaeed rajaii,China,90183260,200,"40,200",,,,,
1403,shaeed rajaii,China,48051990,"38,997","40,043",,,,,
1403,shaeed rajaii,China,39161090,"3,852","39,763",,,,,
1403,shaeed rajaii,China,95064010,"1,480","39,541",,,,,
1403,shaeed rajaii,China,17021910,"11,000","39,471",,,,,
1403,shaeed rajaii,China,83112000,"7,500","39,128",,,,,
1403,shaeed rajaii,China,87141030,"7,405","38,897",,,,,
1403,shaeed rajaii,China,85181010,440,"38,628",,,,,
1403,shaeed rajaii,China,84279010,"6,765","38,436",,,,,
1403,shaeed rajaii,China,98870314,"9,114","38,349",,,,,
1403,shaeed rajaii,China,87141060,"5,344","38,224",,,,,
1403,shaeed rajaii,China,81043000,"5,500","37,837",,,,,
1403,shaeed rajaii,China,70111090,"12,339","37,815",,,,,
1403,shaeed rajaii,China,28269090,"22,000","37,532",,,,,
1403,shaeed rajaii,China,70191390,"25,171","37,525",,,,,
1403,shaeed rajaii,China,74050000,"13,880","37,511",,,,,
1403,shaeed rajaii,China,39204360,"16,200","37,509",,,,,
1403,shaeed rajaii,China,84609010,"9,272","37,321",,,,,
1403,shaeed rajaii,China,84193400,"7,617","37,256",,,,,
1403,shaeed rajaii,China,29051700,"15,500","37,121",,,,,
1403,shaeed rajaii,China,85249200,"4,163","37,073",,,,,
1403,shaeed rajaii,China,17029090,"12,000","36,431",,,,,
1403,shaeed rajaii,China,28365000,"65,000","36,402",,,,,
1403,shaeed rajaii,China,90153000,657,"36,231",,,,,
1403,shaeed rajaii,China,73259900,"3,572","36,142",,,,,
1403,shaeed rajaii,China,55012000,"13,128","35,959",,,,,
1403,shaeed rajaii,China,73042200,"5,513","35,828",,,,,
1403,shaeed rajaii,China,84193300,"1,270","35,600",,,,,
1403,shaeed rajaii,China,54041910,"8,036","35,577",,,,,
1403,shaeed rajaii,China,39209300,"15,669","35,160",,,,,
1403,shaeed rajaii,China,79040010,"10,000","35,066",,,,,
1403,shaeed rajaii,China,29331100,"2,000","34,956",,,,,
1403,shaeed rajaii,China,87089922,"18,278","34,938",,,,,
1403,shaeed rajaii,China,85437010,"1,005","34,886",,,,,
1403,shaeed rajaii,China,84652000,"6,000","34,539",,,,,
1403,shaeed rajaii,China,72029300,"1,010","34,447",,,,,
1403,shaeed rajaii,China,84797100,"1,400","34,266",,,,,
1403,shaeed rajaii,China,87032120,"1,365","34,200",,,,,
1403,shaeed rajaii,China,84619090,"10,292","34,052",,,,,
1403,shaeed rajaii,China,48103200,"45,978","34,024",,,,,
1403,shaeed rajaii,China,73269070,"2,060","33,989",,,,,
1403,shaeed rajaii,China,79070090,"1,055","33,894",,,,,
1403,shaeed rajaii,China,85361030,243,"33,840",,,,,
1403,shaeed rajaii,China,90318010,"6,540","33,766",,,,,
1403,shaeed rajaii,China,40115000,"16,357","33,345",,,,,
1403,shaeed rajaii,China,28403000,"16,800","33,329",,,,,
1403,shaeed rajaii,China,25309020,"43,000","33,169",,,,,
1403,shaeed rajaii,China,84332000,"7,054","32,949",,,,,
1403,shaeed rajaii,China,76061120,"11,000","32,806",,,,,
1403,shaeed rajaii,China,29299090,"21,000","32,740",,,,,
1403,shaeed rajaii,China,29091900,"7,920","32,647",,,,,
1403,shaeed rajaii,China,40151920,"17,460","32,641",,,,,
1403,shaeed rajaii,China,39075090,"5,971","32,557",,,,,
1403,shaeed rajaii,China,84581110,"3,010","32,525",,,,,
1403,shaeed rajaii,China,44072900,"53,379","32,359",,,,,
1403,shaeed rajaii,China,82024000,"11,877","32,225",,,,,
1403,shaeed rajaii,China,85354090,"6,493","32,106",,,,,
1403,shaeed rajaii,China,72162200,"7,000","31,957",,,,,
1403,shaeed rajaii,China,15131990,"15,200","31,893",,,,,
1403,shaeed rajaii,China,85114090,"7,659","31,829",,,,,
1403,shaeed rajaii,China,84797900,"5,890","31,611",,,,,
1403,shaeed rajaii,China,72029100,"6,000","31,491",,,,,
1403,shaeed rajaii,China,29202900,"20,000","31,469",,,,,
1403,shaeed rajaii,China,76161090,"7,063","31,323",,,,,
1403,shaeed rajaii,China,89059000,123,"31,300",,,,,
1403,shaeed rajaii,China,44079590,"54,400","31,003",,,,,
1403,shaeed rajaii,China,87113013,"1,553","30,927",,,,,
1403,shaeed rajaii,China,85462049,"2,662","30,674",,,,,
1403,shaeed rajaii,China,55014000,"29,500","30,595",,,,,
1403,shaeed rajaii,China,84359000,"55,779","30,552",,,,,
1403,shaeed rajaii,China,90159000,"1,635","30,477",,,,,
1403,shaeed rajaii,China,39219040,"18,676","30,282",,,,,
1403,shaeed rajaii,China,87083011,"2,494","30,217",,,,,
1403,shaeed rajaii,China,90303300,795,"30,151",,,,,
1403,shaeed rajaii,China,90151090,82,"29,989",,,,,
1403,shaeed rajaii,China,84511000,"2,240","29,642",,,,,
1403,shaeed rajaii,China,85323000,"4,463","29,575",,,,,
1403,shaeed rajaii,China,81122100,"5,800","29,516",,,,,
1403,shaeed rajaii,China,48045100,"28,604","29,469",,,,,
1403,shaeed rajaii,China,90179000,"6,964","29,359",,,,,
1403,shaeed rajaii,China,73181390,228,"29,111",,,,,
1403,shaeed rajaii,China,90138090,"4,368","29,098",,,,,
1403,shaeed rajaii,China,98870362,"4,401","29,067",,,,,
1403,shaeed rajaii,China,28332939,"48,000","29,059",,,,,
1403,shaeed rajaii,China,29201900,"17,600","28,892",,,,,
1403,shaeed rajaii,China,15211010,"5,000","28,838",,,,,
1403,shaeed rajaii,China,95066290,"3,953","28,827",,,,,
1403,shaeed rajaii,China,73053100,"90,000","28,754",,,,,
1403,shaeed rajaii,China,6021010,"12,700","28,658",,,,,
1403,shaeed rajaii,China,84283100,"8,782","28,563",,,,,
1403,shaeed rajaii,China,90066900,"3,950","28,468",,,,,
1403,shaeed rajaii,China,39059110,"5,850","28,364",,,,,
1403,shaeed rajaii,China,74152900,"2,133","28,288",,,,,
1403,shaeed rajaii,China,29173500,"18,000","28,187",,,,,
1403,shaeed rajaii,China,33021090,"1,530","28,185",,,,,
1403,shaeed rajaii,China,85361040,594,"28,053",,,,,
1403,shaeed rajaii,China,54026200,"17,425","28,036",,,,,
1403,shaeed rajaii,China,29012300,"6,300","27,974",,,,,
1403,shaeed rajaii,China,84261200,"17,000","27,561",,,,,
1403,shaeed rajaii,China,84729040,"5,550","27,553",,,,,
1403,shaeed rajaii,China,60052100,"8,228","27,325",,,,,
1403,shaeed rajaii,China,70052110,"24,500","27,319",,,,,
1403,shaeed rajaii,China,83021010,"6,670","27,230",,,,,
1403,shaeed rajaii,China,90111000,769,"27,196",,,,,
1403,shaeed rajaii,China,38130000,"19,000","27,047",,,,,
1403,shaeed rajaii,China,89079090,"10,800","26,984",,,,,
1403,shaeed rajaii,China,70072120,"6,535","26,976",,,,,
1403,shaeed rajaii,China,81059000,"1,080","26,942",,,,,
1403,shaeed rajaii,China,90230090,"3,950","26,880",,,,,
1403,shaeed rajaii,China,85183090,"1,000","26,877",,,,,
1403,shaeed rajaii,China,73181290,"26,000","26,730",,,,,
1403,shaeed rajaii,China,87149130,"15,895","26,582",,,,,
1403,shaeed rajaii,China,85394900,175,"26,543",,,,,
1403,shaeed rajaii,China,85068030,"1,735","26,476",,,,,
1403,shaeed rajaii,China,87164000,"4,300","26,272",,,,,
1403,shaeed rajaii,China,29032200,"22,400","26,256",,,,,
1403,shaeed rajaii,China,72101100,"39,896","26,153",,,,,
1403,shaeed rajaii,China,83023010,"3,433","26,131",,,,,
1403,shaeed rajaii,China,87113092,"7,793","26,128",,,,,
1403,shaeed rajaii,China,29039100,"16,000","26,105",,,,,
1403,shaeed rajaii,China,70022090,"30,302","25,959",,,,,
1403,shaeed rajaii,China,60052200,"3,877","25,956",,,,,
1403,shaeed rajaii,China,72085390,"10,380","25,703",,,,,
1403,shaeed rajaii,China,74032100,"1,421","25,670",,,,,
1403,shaeed rajaii,China,72287000,"19,050","25,621",,,,,
1403,shaeed rajaii,China,34070090,"7,438","25,619",,,,,
1403,shaeed rajaii,China,87013010,"8,184","25,488",,,,,
1403,shaeed rajaii,China,91129000,"1,007","25,484",,,,,
1403,shaeed rajaii,China,85258300,"2,549","25,472",,,,,
1403,shaeed rajaii,China,90189061,"1,200","25,325",,,,,
1403,shaeed rajaii,China,87045190,"3,693","25,243",,,,,
1403,shaeed rajaii,China,38059000,"14,800","25,242",,,,,
1403,shaeed rajaii,China,72299090,"22,680","25,173",,,,,
1403,shaeed rajaii,China,74091900,"2,145","24,891",,,,,
1403,shaeed rajaii,China,48114900,"6,800","24,728",,,,,
1403,shaeed rajaii,China,28539090,"2,400","24,658",,,,,
1403,shaeed rajaii,China,85462090,809,"24,529",,,,,
1403,shaeed rajaii,China,91061000,854,"24,421",,,,,
1403,shaeed rajaii,China,87149690,"7,464","24,367",,,,,
1403,shaeed rajaii,China,96062900,"6,605","24,269",,,,,
1403,shaeed rajaii,China,82059000,"9,891","24,244",,,,,
1403,shaeed rajaii,China,80070090,"1,000","24,161",,,,,
1403,shaeed rajaii,China,76130090,"2,337","24,104",,,,,
1403,shaeed rajaii,China,85151910,"1,270","23,974",,,,,
1403,shaeed rajaii,China,91149000,"1,995","23,898",,,,,
1403,shaeed rajaii,China,28289090,"10,000","23,888",,,,,
1403,shaeed rajaii,China,70049090,"26,480","23,834",,,,,
1403,shaeed rajaii,China,84335990,"1,100","23,813",,,,,
1403,shaeed rajaii,China,82054090,"5,813","23,717",,,,,
1403,shaeed rajaii,China,85459010,"14,991","23,686",,,,,
1403,shaeed rajaii,China,87149920,"5,874","23,629",,,,,
1403,shaeed rajaii,China,68091900,"22,135","23,550",,,,,
1403,shaeed rajaii,China,29191000,"20,000","23,503",,,,,
1403,shaeed rajaii,China,87083019,"6,727","23,466",,,,,
1403,shaeed rajaii,China,42021900,493,"23,340",,,,,
1403,shaeed rajaii,China,40069010,282,"23,217",,,,,
1403,shaeed rajaii,China,90160010,460,"23,115",,,,,
1403,shaeed rajaii,China,70051020,"21,895","23,036",,,,,
1403,shaeed rajaii,China,84451900,"5,960","23,036",,,,,
1403,shaeed rajaii,China,32091010,"2,400","23,009",,,,,
1403,shaeed rajaii,China,70179030,"1,339","22,904",,,,,
1403,shaeed rajaii,China,73239910,"5,900","22,677",,,,,
1403,shaeed rajaii,China,85334020,779,"22,667",,,,,
1403,shaeed rajaii,China,25293010,"48,000","22,411",,,,,
1403,shaeed rajaii,China,39239010,"1,981","22,384",,,,,
1403,shaeed rajaii,China,90159090,739,"22,270",,,,,
1403,shaeed rajaii,China,38122020,"12,500","22,236",,,,,
1403,shaeed rajaii,China,75071100,"2,009","22,235",,,,,
1403,shaeed rajaii,China,28332990,"27,000","22,099",,,,,
1403,shaeed rajaii,China,90278920,72,"22,084",,,,,
1403,shaeed rajaii,China,81019400,800,"22,045",,,,,
1403,shaeed rajaii,China,84238290,"3,048","22,006",,,,,
1403,shaeed rajaii,China,84269100,"2,560","22,000",,,,,
1403,shaeed rajaii,China,73201000,"9,118","21,969",,,,,
1403,shaeed rajaii,China,90289030,"1,080","21,896",,,,,
1403,shaeed rajaii,China,29221110,"14,280","21,648",,,,,
1403,shaeed rajaii,China,72254090,"20,936","21,634",,,,,
1403,shaeed rajaii,China,82029100,216,"21,385",,,,,
1403,shaeed rajaii,China,84802000,874,"21,324",,,,,
1403,shaeed rajaii,China,90011019,800,"21,221",,,,,
1403,shaeed rajaii,China,29034200,"5,462","21,155",,,,,
1403,shaeed rajaii,China,84818081,"5,042","20,414",,,,,
1403,shaeed rajaii,China,85462041,"3,447","20,411",,,,,
1403,shaeed rajaii,China,53071000,"13,000","20,208",,,,,
1403,shaeed rajaii,China,85066010,"7,538","20,199",,,,,
1403,shaeed rajaii,China,90278990,470,"20,030",,,,,
1403,shaeed rajaii,China,38012000,"5,800","20,017",,,,,
1403,shaeed rajaii,China,25083000,"19,000","20,000",,,,,
1403,shaeed rajaii,China,87032329,"2,030","19,815",,,,,
1403,shaeed rajaii,China,84523000,243,"19,537",,,,,
1403,shaeed rajaii,China,84613000,"2,320","19,459",,,,,
1403,shaeed rajaii,China,90160090,524,"19,380",,,,,
1403,shaeed rajaii,China,48026900,"18,000","19,234",,,,,
1403,shaeed rajaii,China,54079100,"2,995","19,159",,,,,
1403,shaeed rajaii,China,84295212,"23,600","19,008",,,,,
1403,shaeed rajaii,China,58079000,"4,862","18,835",,,,,
1403,shaeed rajaii,China,74130000,567,"18,833",,,,,
1403,shaeed rajaii,China,85459090,"8,990","18,831",,,,,
1403,shaeed rajaii,China,85446030,140,"18,808",,,,,
1403,shaeed rajaii,China,81083000,"1,170","18,800",,,,,
1403,shaeed rajaii,China,68138990,"1,737","18,585",,,,,
1403,shaeed rajaii,China,39201030,"11,920","18,557",,,,,
1403,shaeed rajaii,China,85407100,996,"18,472",,,,,
1403,shaeed rajaii,China,37079010,"7,110","18,247",,,,,
1403,shaeed rajaii,China,84284000,"23,985","18,218",,,,,
1403,shaeed rajaii,China,84431400,930,"18,090",,,,,
1403,shaeed rajaii,China,75022000,150,"17,732",,,,,
1403,shaeed rajaii,China,56089000,"3,618","17,686",,,,,
1403,shaeed rajaii,China,94013900,"3,750","17,321",,,,,
1403,shaeed rajaii,China,44123100,"26,000","17,249",,,,,
1403,shaeed rajaii,China,68042230,"2,527","17,192",,,,,
1403,shaeed rajaii,China,39233010,"5,437","17,174",,,,,
1403,shaeed rajaii,China,82055100,"3,640","17,090",,,,,
1403,shaeed rajaii,China,29213020,"15,621","16,815",,,,,
1403,shaeed rajaii,China,87116030,"1,813","16,803",,,,,
1403,shaeed rajaii,China,39219050,"2,403","16,723",,,,,
1403,shaeed rajaii,China,85321000,"1,856","16,681",,,,,
1403,shaeed rajaii,China,73110020,"7,639","16,671",,,,,
1403,shaeed rajaii,China,68062010,"5,500","16,546",,,,,
1403,shaeed rajaii,China,73151110,"5,030","16,533",,,,,
1403,shaeed rajaii,China,59080000,"1,018","16,465",,,,,
1403,shaeed rajaii,China,90278910,4,"16,461",,,,,
1403,shaeed rajaii,China,37024300,435,"16,317",,,,,
1403,shaeed rajaii,China,85480000,331,"16,300",,,,,
1403,shaeed rajaii,China,39172300,"3,976","16,212",,,,,
1403,shaeed rajaii,China,28371990,"5,000","16,061",,,,,
1403,shaeed rajaii,China,75081010,214,"16,033",,,,,
1403,shaeed rajaii,China,39093920,"4,000","15,970",,,,,
1403,shaeed rajaii,China,29093090,700,"15,658",,,,,
1403,shaeed rajaii,China,90278190,19,"15,575",,,,,
1403,shaeed rajaii,China,33019090,"2,000","15,548",,,,,
1403,shaeed rajaii,China,85366100,"1,430","15,477",,,,,
1403,shaeed rajaii,China,85072090,"1,538","15,471",,,,,
1403,shaeed rajaii,China,98870371,"1,400","15,412",,,,,
1403,shaeed rajaii,China,90059000,904,"15,404",,,,,
1403,shaeed rajaii,China,70199010,"9,880","15,387",,,,,
1403,shaeed rajaii,China,29312000,"21,600","15,336",,,,,
1403,shaeed rajaii,China,85052000,"3,045","15,239",,,,,
1403,shaeed rajaii,China,85235110,4,"15,194",,,,,
1403,shaeed rajaii,China,39211100,"5,207","15,184",,,,,
1403,shaeed rajaii,China,56012190,"2,550","15,062",,,,,
1403,shaeed rajaii,China,85363020,"1,026","15,062",,,,,
1403,shaeed rajaii,China,29031900,"3,500","15,031",,,,,
1403,shaeed rajaii,China,76129030,340,"14,922",,,,,
1403,shaeed rajaii,China,31049090,"3,180","14,861",,,,,
1403,shaeed rajaii,China,25020000,"28,000","14,816",,,,,
1403,shaeed rajaii,China,79070010,"3,299","14,731",,,,,
1403,shaeed rajaii,China,87042110,"2,000","14,639",,,,,
1403,shaeed rajaii,China,60033000,987,"14,561",,,,,
1403,shaeed rajaii,China,84729050,790,"14,262",,,,,
1403,shaeed rajaii,China,84718090,184,"14,261",,,,,
1403,shaeed rajaii,China,72028000,500,"13,938",,,,,
1403,shaeed rajaii,China,82032000,"4,522","13,927",,,,,
1403,shaeed rajaii,China,70071990,746,"13,651",,,,,
1403,shaeed rajaii,China,85364110,510,"13,626",,,,,
1403,shaeed rajaii,China,30019090,1,"13,597",,,,,
1403,shaeed rajaii,China,27101950,"3,000","13,445",,,,,
1403,shaeed rajaii,China,40081900,"1,391","13,340",,,,,
1403,shaeed rajaii,China,52052700,"3,175","13,339",,,,,
1403,shaeed rajaii,China,84306910,"2,106","13,209",,,,,
1403,shaeed rajaii,China,84186920,"2,745","13,179",,,,,
1403,shaeed rajaii,China,54049090,"5,570","13,026",,,,,
1403,shaeed rajaii,China,87082290,594,"13,025",,,,,
1403,shaeed rajaii,China,9022090,"8,000","12,974",,,,,
1403,shaeed rajaii,China,85447020,"1,700","12,923",,,,,
1403,shaeed rajaii,China,95065910,"1,210","12,859",,,,,
1403,shaeed rajaii,China,32041910,250,"12,503",,,,,
1403,shaeed rajaii,China,60062200,325,"12,256",,,,,
1403,shaeed rajaii,China,85015120,79,"12,230",,,,,
1403,shaeed rajaii,China,85153120,"1,274","12,128",,,,,
1403,shaeed rajaii,China,84729030,690,"12,086",,,,,
1403,shaeed rajaii,China,34031910,150,"12,081",,,,,
1403,shaeed rajaii,China,29371990,110,"12,039",,,,,
1403,shaeed rajaii,China,84735000,984,"12,026",,,,,
1403,shaeed rajaii,China,82078000,710,"11,983",,,,,
1403,shaeed rajaii,China,87088029,"1,582","11,854",,,,,
1403,shaeed rajaii,China,28332400,"1,650","11,828",,,,,
1403,shaeed rajaii,China,25262090,"22,100","11,823",,,,,
1403,shaeed rajaii,China,87079010,"1,940","11,726",,,,,
1403,shaeed rajaii,China,73218200,849,"11,529",,,,,
1403,shaeed rajaii,China,56031420,503,"11,520",,,,,
1403,shaeed rajaii,China,84729080,645,"11,480",,,,,
1403,shaeed rajaii,China,84119910,920,"11,369",,,,,
1403,shaeed rajaii,China,39169010,"4,142","11,308",,,,,
1403,shaeed rajaii,China,48045200,"2,830","11,251",,,,,
1403,shaeed rajaii,China,85168010,"2,706","11,246",,,,,
1403,shaeed rajaii,China,28161020,"1,875","11,232",,,,,
1403,shaeed rajaii,China,84304900,"2,000","11,200",,,,,
1403,shaeed rajaii,China,84232000,260,"11,189",,,,,
1403,shaeed rajaii,China,85114030,"1,627","11,167",,,,,
1403,shaeed rajaii,China,90251930,32,"10,851",,,,,
1403,shaeed rajaii,China,40121300,"1,138","10,848",,,,,
1403,shaeed rajaii,China,73269010,"3,830","10,762",,,,,
1403,shaeed rajaii,China,90291000,18,"10,703",,,,,
1403,shaeed rajaii,China,84743100,830,"10,669",,,,,
1403,shaeed rajaii,China,85471010,"2,859","10,603",,,,,
1403,shaeed rajaii,China,39269050,"5,623","10,442",,,,,
1403,shaeed rajaii,China,26100090,"18,000","10,431",,,,,
1403,shaeed rajaii,China,73181190,"1,546","10,366",,,,,
1403,shaeed rajaii,China,87091900,"2,000","10,358",,,,,
1403,shaeed rajaii,China,31022100,"25,000","10,282",,,,,
1403,shaeed rajaii,China,82075010,"1,283","10,213",,,,,
1403,shaeed rajaii,China,84733060,19,"10,211",,,,,
1403,shaeed rajaii,China,68061090,"2,700","10,111",,,,,
1403,shaeed rajaii,China,84852000,363,"10,083",,,,,
1403,shaeed rajaii,China,48070000,"1,850","10,073",,,,,
1403,shaeed rajaii,China,92019000,"2,370","9,869",,,,,
1403,shaeed rajaii,China,44071900,"10,483","9,864",,,,,
1403,shaeed rajaii,China,84241090,229,"9,726",,,,,
1403,shaeed rajaii,China,84199020,720,"9,726",,,,,
1403,shaeed rajaii,China,56031110,885,"9,528",,,,,
1403,shaeed rajaii,China,85118030,860,"9,485",,,,,
1403,shaeed rajaii,China,85065020,"1,426","9,393",,,,,
1403,shaeed rajaii,China,28323020,"13,500","9,379",,,,,
1403,shaeed rajaii,China,87044190,"2,210","9,326",,,,,
1403,shaeed rajaii,China,90249000,54,"9,264",,,,,
1403,shaeed rajaii,China,84253900,"2,721","9,181",,,,,
1403,shaeed rajaii,China,85043320,603,"9,170",,,,,
1403,shaeed rajaii,China,56039400,"2,369","9,091",,,,,
1403,shaeed rajaii,China,87141010,"2,269","9,017",,,,,
1403,shaeed rajaii,China,29012900,"1,400","9,006",,,,,
1403,shaeed rajaii,China,32041290,"1,000","8,995",,,,,
1403,shaeed rajaii,China,32050000,950,"8,937",,,,,
1403,shaeed rajaii,China,85122090,875,"8,934",,,,,
1403,shaeed rajaii,China,29061900,"1,110","8,795",,,,,
1403,shaeed rajaii,China,85333900,162,"8,682",,,,,
1403,shaeed rajaii,China,64069090,"1,020","8,634",,,,,
1403,shaeed rajaii,China,38245000,"26,486","8,547",,,,,
1403,shaeed rajaii,China,85066020,"2,091","8,492",,,,,
1403,shaeed rajaii,China,9109990,"5,500","8,487",,,,,
1403,shaeed rajaii,China,85352190,87,"8,373",,,,,
1403,shaeed rajaii,China,69039030,"4,030","8,372",,,,,
1403,shaeed rajaii,China,68043000,"1,610","8,359",,,,,
1403,shaeed rajaii,China,90292029,32,"8,326",,,,,
1403,shaeed rajaii,China,90258090,5,"8,308",,,,,
1403,shaeed rajaii,China,84798960,"1,140","8,214",,,,,
1403,shaeed rajaii,China,40091200,393,"8,113",,,,,
1403,shaeed rajaii,China,28275100,"2,000","8,049",,,,,
1403,shaeed rajaii,China,58109200,"2,395","7,990",,,,,
1403,shaeed rajaii,China,84141010,850,"7,907",,,,,
1403,shaeed rajaii,China,28332200,"5,400","7,868",,,,,
1403,shaeed rajaii,China,85256000,343,"7,853",,,,,
1403,shaeed rajaii,China,70071190,"2,732","7,812",,,,,
1403,shaeed rajaii,China,85334010,141,"7,809",,,,,
1403,shaeed rajaii,China,38231200,"7,000","7,780",,,,,
1403,shaeed rajaii,China,69091100,"1,020","7,742",,,,,
1403,shaeed rajaii,China,84039090,"2,505","7,475",,,,,
1403,shaeed rajaii,China,85353010,314,"7,457",,,,,
1403,shaeed rajaii,China,28331900,"2,000","7,424",,,,,
1403,shaeed rajaii,China,68052020,870,"7,294",,,,,
1403,shaeed rajaii,China,95082900,"1,727","7,252",,,,,
1403,shaeed rajaii,China,85015220,509,"7,192",,,,,
1403,shaeed rajaii,China,84186990,880,"7,169",,,,,
1403,shaeed rajaii,China,39162090,580,"7,163",,,,,
1403,shaeed rajaii,China,53110000,"4,150","7,022",,,,,
1403,shaeed rajaii,China,86039000,490,"7,011",,,,,
1403,shaeed rajaii,China,87087011,"1,538","6,989",,,,,
1403,shaeed rajaii,China,15153000,"8,400","6,987",,,,,
1403,shaeed rajaii,China,15219010,"3,000","6,965",,,,,
1403,shaeed rajaii,China,85354010,"1,040","6,960",,,,,
1403,shaeed rajaii,China,28323010,"11,700","6,954",,,,,
1403,shaeed rajaii,China,85023990,475,"6,944",,,,,
1403,shaeed rajaii,China,94017900,180,"6,677",,,,,
1403,shaeed rajaii,China,29201190,"10,000","6,613",,,,,
1403,shaeed rajaii,China,85043310,"1,157","6,553",,,,,
1403,shaeed rajaii,China,68149090,500,"6,552",,,,,
1403,shaeed rajaii,China,28469000,200,"6,519",,,,,
1403,shaeed rajaii,China,85177140,330,"6,512",,,,,
1403,shaeed rajaii,China,38062000,"1,000","6,487",,,,,
1403,shaeed rajaii,China,95072000,410,"6,481",,,,,
1403,shaeed rajaii,China,85407900,600,"6,444",,,,,
1403,shaeed rajaii,China,84625100,"1,600","6,402",,,,,
1403,shaeed rajaii,China,94032020,"2,250","6,387",,,,,
1403,shaeed rajaii,China,84349000,"1,969","6,249",,,,,
1403,shaeed rajaii,China,39269080,500,"6,088",,,,,
1403,shaeed rajaii,China,72141000,"2,898","6,042",,,,,
1403,shaeed rajaii,China,48229000,"4,474","6,030",,,,,
1403,shaeed rajaii,China,74152100,176,"6,001",,,,,
1403,shaeed rajaii,China,84221900,"1,079","5,967",,,,,
1403,shaeed rajaii,China,87149110,459,"5,914",,,,,
1403,shaeed rajaii,China,29303000,120,"5,891",,,,,
1403,shaeed rajaii,China,25252090,"1,550","5,862",,,,,
1403,shaeed rajaii,China,90152010,520,"5,841",,,,,
1403,shaeed rajaii,China,90109000,"1,343","5,822",,,,,
1403,shaeed rajaii,China,78019920,858,"5,809",,,,,
1403,shaeed rajaii,China,48059190,"3,575","5,626",,,,,
1403,shaeed rajaii,China,56072900,"1,922","5,520",,,,,
1403,shaeed rajaii,China,91069010,250,"5,351",,,,,
1403,shaeed rajaii,China,85363010,85,"5,310",,,,,
1403,shaeed rajaii,China,27101290,"3,000","5,310",,,,,
1403,shaeed rajaii,China,85143100,193,"5,170",,,,,
1403,shaeed rajaii,China,25302020,"2,000","5,025",,,,,
1403,shaeed rajaii,China,37024400,"1,062","4,995",,,,,
1403,shaeed rajaii,China,84335910,200,"4,900",,,,,
1403,shaeed rajaii,China,39207900,"1,950","4,826",,,,,
1403,shaeed rajaii,China,90158090,715,"4,809",,,,,
1403,shaeed rajaii,China,94054910,202,"4,799",,,,,
1403,shaeed rajaii,China,95064020,180,"4,796",,,,,
1403,shaeed rajaii,China,95069920,825,"4,632",,,,,
1403,shaeed rajaii,China,25252010,"7,200","4,621",,,,,
1403,shaeed rajaii,China,84051090,312,"4,598",,,,,
1403,shaeed rajaii,China,38249290,"1,280","4,560",,,,,
1403,shaeed rajaii,China,90221490,150,"4,447",,,,,
1403,shaeed rajaii,China,84431310,950,"4,391",,,,,
1403,shaeed rajaii,China,27129090,"1,153","4,093",,,,,
1403,shaeed rajaii,China,84335190,760,"4,053",,,,,
1403,shaeed rajaii,China,39172200,641,"4,040",,,,,
1403,shaeed rajaii,China,85393190,63,"4,004",,,,,
1403,shaeed rajaii,China,56013000,"2,064","4,000",,,,,
1403,shaeed rajaii,China,70182010,"2,000","3,950",,,,,
1403,shaeed rajaii,China,76161010,700,"3,834",,,,,
1403,shaeed rajaii,China,85415900,105,"3,709",,,,,
1403,shaeed rajaii,China,73144200,"2,070","3,678",,,,,
1403,shaeed rajaii,China,92071000,"1,350","3,630",,,,,
1403,shaeed rajaii,China,84183010,"3,220","3,572",,,,,
1403,shaeed rajaii,China,90278940,36,"3,569",,,,,
1403,shaeed rajaii,China,82119290,975,"3,552",,,,,
1403,shaeed rajaii,China,84864000,650,"3,532",,,,,
1403,shaeed rajaii,China,25152010,"26,450","3,514",,,,,
1403,shaeed rajaii,China,56041000,"1,186","3,486",,,,,
1403,shaeed rajaii,China,74092100,200,"3,435",,,,,
1403,shaeed rajaii,China,90189086,670,"3,373",,,,,
1403,shaeed rajaii,China,74151000,300,"3,369",,,,,
1403,shaeed rajaii,China,75051100,102,"3,357",,,,,
1403,shaeed rajaii,China,29021100,"1,200","3,337",,,,,
1403,shaeed rajaii,China,58081000,780,"3,286",,,,,
1403,shaeed rajaii,China,28309090,"3,000","3,254",,,,,
1403,shaeed rajaii,China,39251000,665,"3,239",,,,,
1403,shaeed rajaii,China,37071000,600,"3,207",,,,,
1403,shaeed rajaii,China,95065100,34,"3,108",,,,,
1403,shaeed rajaii,China,85446010,440,"3,075",,,,,
1403,shaeed rajaii,China,84871010,448,"2,927",,,,,
1403,shaeed rajaii,China,79031000,730,"2,862",,,,,
1403,shaeed rajaii,China,34023110,"1,600","2,821",,,,,
1403,shaeed rajaii,China,84283210,"1,652","2,803",,,,,
1403,shaeed rajaii,China,95064090,800,"2,800",,,,,
1403,shaeed rajaii,China,48051100,"4,100","2,771",,,,,
1403,shaeed rajaii,China,73084000,"1,647","2,759",,,,,
1403,shaeed rajaii,China,38249910,143,"2,707",,,,,
1403,shaeed rajaii,China,95066100,265,"2,662",,,,,
1403,shaeed rajaii,China,84723000,742,"2,610",,,,,
1403,shaeed rajaii,China,28254000,100,"2,611",,,,,
1403,shaeed rajaii,China,73071100,265,"2,588",,,,,
1403,shaeed rajaii,China,82055990,495,"2,574",,,,,
1403,shaeed rajaii,China,85113030,75,"2,486",,,,,
1403,shaeed rajaii,China,85118010,15,"2,482",,,,,
1403,shaeed rajaii,China,25262010,"10,000","2,481",,,,,
1403,shaeed rajaii,China,94053100,200,"2,477",,,,,
1403,shaeed rajaii,China,90303100,975,"2,458",,,,,
1403,shaeed rajaii,China,84162000,80,"2,382",,,,,
1403,shaeed rajaii,China,73199090,"1,090","2,244",,,,,
1403,shaeed rajaii,China,32151130,500,"2,233",,,,,
1403,shaeed rajaii,China,69031010,15,"2,206",,,,,
1403,shaeed rajaii,China,90292090,55,"2,174",,,,,
1403,shaeed rajaii,China,84099170,510,"2,163",,,,,
1403,shaeed rajaii,China,76130010,326,"2,128",,,,,
1403,shaeed rajaii,China,35029000,350,"2,127",,,,,
1403,shaeed rajaii,China,84501100,804,"2,093",,,,,
1403,shaeed rajaii,China,85333100,28,"2,091",,,,,
1403,shaeed rajaii,China,40169960,372,"2,078",,,,,
1403,shaeed rajaii,China,84351090,480,"2,057",,,,,
1403,shaeed rajaii,China,76149000,70,"2,039",,,,,
1403,shaeed rajaii,China,39073010,"1,000","1,988",,,,,
1403,shaeed rajaii,China,40101210,480,"1,986",,,,,
1403,shaeed rajaii,China,84321090,490,"1,844",,,,,
1403,shaeed rajaii,China,85392990,750,"1,813",,,,,
1403,shaeed rajaii,China,56031210,"1,018","1,800",,,,,
1403,shaeed rajaii,China,32082010,182,"1,796",,,,,
1403,shaeed rajaii,China,87112093,286,"1,700",,,,,
1403,shaeed rajaii,China,70182090,"3,025","1,698",,,,,
1403,shaeed rajaii,China,56022900,165,"1,675",,,,,
1403,shaeed rajaii,China,84769000,290,"1,656",,,,,
1403,shaeed rajaii,China,85069000,"1,019","1,635",,,,,
1403,shaeed rajaii,China,74032900,24,"1,623",,,,,
1403,shaeed rajaii,China,73064090,520,"1,547",,,,,
1403,shaeed rajaii,China,74081100,50,"1,504",,,,,
1403,shaeed rajaii,China,84717010,47,"1,479",,,,,
1403,shaeed rajaii,China,39069040,540,"1,468",,,,,
1403,shaeed rajaii,China,90058010,53,"1,468",,,,,
1403,shaeed rajaii,China,87168010,853,"1,462",,,,,
1403,shaeed rajaii,China,86072900,30,"1,449",,,,,
1403,shaeed rajaii,China,38248900,700,"1,418",,,,,
1403,shaeed rajaii,China,30039010,200,"1,410",,,,,
1403,shaeed rajaii,China,29053100,55,"1,390",,,,,
1403,shaeed rajaii,China,85392100,1,"1,384",,,,,
1403,shaeed rajaii,China,85362040,175,"1,268",,,,,
1403,shaeed rajaii,China,34054000,525,"1,261",,,,,
1403,shaeed rajaii,China,94029090,103,"1,115",,,,,
1403,shaeed rajaii,China,63079090,19,"1,100",,,,,
1403,shaeed rajaii,China,90275020,8,"1,056",,,,,
1403,shaeed rajaii,China,90273090,150,"1,038",,,,,
1403,shaeed rajaii,China,84819010,60,"1,004",,,,,
1403,shaeed rajaii,China,72169990,"3,174",944,,,,,
1403,shaeed rajaii,China,81092900,250,862,,,,,
1403,shaeed rajaii,China,29035100,114,858,,,,,
1403,shaeed rajaii,China,76109010,750,836,,,,,
1403,shaeed rajaii,China,78042000,130,772,,,,,
1403,shaeed rajaii,China,32081070,640,763,,,,,
1403,shaeed rajaii,China,85353090,13,738,,,,,
1403,shaeed rajaii,China,72069000,275,721,,,,,
1403,shaeed rajaii,China,90072000,58,679,,,,,
1403,shaeed rajaii,China,84169000,12,579,,,,,
1403,shaeed rajaii,China,84869000,22,577,,,,,
1403,shaeed rajaii,China,85118020,42,572,,,,,
1403,shaeed rajaii,China,90106000,117,547,,,,,
1403,shaeed rajaii,China,55061000,499,542,,,,,
1403,shaeed rajaii,China,56022100,30,483,,,,,
1403,shaeed rajaii,China,38221990,60,443,,,,,
1403,shaeed rajaii,China,54012000,405,424,,,,,
1403,shaeed rajaii,China,76101000,96,400,,,,,
1403,shaeed rajaii,China,85167100,33,376,,,,,
1403,shaeed rajaii,China,39173910,67,368,,,,,
1403,shaeed rajaii,China,29181510,40,347,,,,,
1403,shaeed rajaii,China,84145100,61,345,,,,,
1403,shaeed rajaii,China,84181090,182,299,,,,,
1403,shaeed rajaii,China,60064200,103,207,,,,,
1403,shaeed rajaii,China,82041200,25,206,,,,,
1403,shaeed rajaii,China,84221100,115,180,,,,,
1403,shaeed rajaii,China,90258010,2,161,,,,,
1403,shaeed rajaii,China,28199090,3,149,,,,,
1403,shaeed rajaii,China,94019120,8,137,,,,,
1403,shaeed rajaii,China,85291020,21,135,,,,,
1403,shaeed rajaii,China,85361010,45,93,,,,,
1403,shaeed rajaii,China,68138100,1,67,,,,,
1403,shaeed rajaii,China,25085000,25,19,,,,,
1403,shaeed rajaii,China,82041190,3,8,,,,,
1403,shaeed rajaii,UAE,84798990,"7,391,094","144,481,873",,,,,
1403,shaeed rajaii,UAE,2023090,"26,026,745","125,700,694",,,,,
1403,shaeed rajaii,UAE,39076120,"101,786,095","120,386,124",,,,,
1403,shaeed rajaii,UAE,9011190,"28,028,967","117,045,180",,,,,
1403,shaeed rajaii,UAE,10063020,"101,148,680","106,561,030",,,,,
1403,shaeed rajaii,UAE,29304000,"31,531,800","99,539,887",,,,,
1403,shaeed rajaii,UAE,38112190,"19,217,189","81,602,841",,,,,
1403,shaeed rajaii,UAE,98870305,"7,232,160","76,854,119",,,,,
1403,shaeed rajaii,UAE,24012010,"6,072,193","74,975,615",,,,,
1403,shaeed rajaii,UAE,48025500,"76,833,974","74,154,893",,,,,
1403,shaeed rajaii,UAE,72021100,"65,530,715","73,832,822",,,,,
1403,shaeed rajaii,UAE,21069090,"12,842,014","72,585,168",,,,,
1403,shaeed rajaii,UAE,27101940,"51,271,538","68,316,871",,,,,
1403,shaeed rajaii,UAE,32061190,"19,574,665","58,341,382",,,,,
1403,shaeed rajaii,UAE,55041000,"27,767,085","58,161,023",,,,,
1403,shaeed rajaii,UAE,48025700,"54,973,285","57,169,210",,,,,
1403,shaeed rajaii,UAE,98870436,"5,713,865","49,996,362",,,,,
1403,shaeed rajaii,UAE,98870315,"2,842,675","45,354,400",,,,,
1403,shaeed rajaii,UAE,85414300,"12,769,936","41,859,175",,,,,
1403,shaeed rajaii,UAE,56012200,"1,398,198","41,748,017",,,,,
1403,shaeed rajaii,UAE,84069000,"7,210,532","41,540,097",,,,,
1403,shaeed rajaii,UAE,12060090,"23,942,920","40,043,565",,,,,
1403,shaeed rajaii,UAE,39095000,"19,564,254","38,909,200",,,,,
1403,shaeed rajaii,UAE,98870121,"4,465,483","38,879,963",,,,,
1403,shaeed rajaii,UAE,40118090,"5,308,799","37,790,677",,,,,
1403,shaeed rajaii,UAE,38237020,"20,085,490","37,244,469",,,,,
1403,shaeed rajaii,UAE,98871182,"2,224,502","35,262,025",,,,,
1403,shaeed rajaii,UAE,39093100,"13,875,225","34,493,778",,,,,
1403,shaeed rajaii,UAE,7134090,"19,081,519","33,095,197",,,,,
1403,shaeed rajaii,UAE,87034010,"2,378,305","32,797,501",,,,,
1403,shaeed rajaii,UAE,98870435,"4,779,199","32,754,654",,,,,
1403,shaeed rajaii,UAE,48109290,"31,836,931","30,957,789",,,,,
1403,shaeed rajaii,UAE,72029300,"983,100","30,768,801",,,,,
1403,shaeed rajaii,UAE,17011300,"47,423,600","28,024,823",,,,,
1403,shaeed rajaii,UAE,55021000,"1,624,794","27,992,874",,,,,
1403,shaeed rajaii,UAE,3034300,"11,909,350","26,347,944",,,,,
1403,shaeed rajaii,UAE,40112010,"7,682,893","26,239,718",,,,,
1403,shaeed rajaii,UAE,7132040,"25,308,350","26,172,501",,,,,
1403,shaeed rajaii,UAE,72091700,"32,495,080","25,403,619",,,,,
1403,shaeed rajaii,UAE,21011110,"2,330,663","24,575,288",,,,,
1403,shaeed rajaii,UAE,40012900,"13,849,920","24,407,571",,,,,
1403,shaeed rajaii,UAE,38112900,"6,028,638","24,252,409",,,,,
1403,shaeed rajaii,UAE,84223000,"301,107","24,056,118",,,,,
1403,shaeed rajaii,UAE,29291090,"6,304,160","21,656,095",,,,,
1403,shaeed rajaii,UAE,52010090,"8,999,756","20,693,233",,,,,
1403,shaeed rajaii,UAE,73042300,"8,313,422","20,297,220",,,,,
1403,shaeed rajaii,UAE,72083900,"31,694,070","20,039,037",,,,,
1403,shaeed rajaii,UAE,48115900,"9,490,806","19,314,865",,,,,
1403,shaeed rajaii,UAE,85272900,"302,562","19,205,748",,,,,
1403,shaeed rajaii,UAE,39073090,"4,618,533","19,195,778",,,,,
1403,shaeed rajaii,UAE,87041090,"2,333,354","19,021,158",,,,,
1403,shaeed rajaii,UAE,72107090,"22,355,649","18,600,691",,,,,
1403,shaeed rajaii,UAE,84821000,"2,733,033","18,348,646",,,,,
1403,shaeed rajaii,UAE,27131200,"22,496,992","18,056,847",,,,,
1403,shaeed rajaii,UAE,26140000,"8,346,100","17,821,330",,,,,
1403,shaeed rajaii,UAE,40111090,"3,662,262","17,751,456",,,,,
1403,shaeed rajaii,UAE,29161200,"11,145,630","17,581,946",,,,,
1403,shaeed rajaii,UAE,40112090,"4,855,472","17,312,835",,,,,
1403,shaeed rajaii,UAE,40112020,"5,074,737","17,089,012",,,,,
1403,shaeed rajaii,UAE,40027000,"4,990,498","16,427,351",,,,,
1403,shaeed rajaii,UAE,75061000,"870,071","16,190,751",,,,,
1403,shaeed rajaii,UAE,27040090,"46,895,290","16,185,463",,,,,
1403,shaeed rajaii,UAE,47032100,"12,422,782","15,904,269",,,,,
1403,shaeed rajaii,UAE,12129910,"5,930,000","15,861,684",,,,,
1403,shaeed rajaii,UAE,29157090,"9,327,070","15,844,984",,,,,
1403,shaeed rajaii,UAE,40011000,"8,847,800","15,820,948",,,,,
1403,shaeed rajaii,UAE,87032319,"1,063,778","15,419,320",,,,,
1403,shaeed rajaii,UAE,84314990,"3,426,779","15,363,546",,,,,
1403,shaeed rajaii,UAE,24011000,"1,221,662","15,330,637",,,,,
1403,shaeed rajaii,UAE,12024200,"9,970,965","15,139,993",,,,,
1403,shaeed rajaii,UAE,72082700,"20,758,720","14,940,015",,,,,
1403,shaeed rajaii,UAE,9024010,"3,101,480","14,914,322",,,,,
1403,shaeed rajaii,UAE,72021990,"11,016,000","14,766,574",,,,,
1403,shaeed rajaii,UAE,30049092,"147,077","14,690,173",,,,,
1403,shaeed rajaii,UAE,29224100,"8,393,475","14,614,368",,,,,
1403,shaeed rajaii,UAE,15131990,"8,212,530","14,364,585",,,,,
1403,shaeed rajaii,UAE,25199090,"23,857,450","14,312,956",,,,,
1403,shaeed rajaii,UAE,84778000,"539,669","14,298,636",,,,,
1403,shaeed rajaii,UAE,47032900,"16,007,660","14,112,967",,,,,
1403,shaeed rajaii,UAE,15162010,"7,202,800","13,881,247",,,,,
1403,shaeed rajaii,UAE,80011000,"430,943","13,827,409",,,,,
1403,shaeed rajaii,UAE,75021000,"649,840","13,401,448",,,,,
1403,shaeed rajaii,UAE,9103090,"8,450,740","13,307,264",,,,,
1403,shaeed rajaii,UAE,85241900,"383,932","13,147,305",,,,,
1403,shaeed rajaii,UAE,72023000,"12,659,000","12,942,549",,,,,
1403,shaeed rajaii,UAE,72029200,"573,230","12,782,084",,,,,
1403,shaeed rajaii,UAE,84386000,"78,010","12,740,458",,,,,
1403,shaeed rajaii,UAE,84295221,"1,693,300","12,689,141",,,,,
1403,shaeed rajaii,UAE,3034200,"4,781,279","12,537,221",,,,,
1403,shaeed rajaii,UAE,87084015,"864,497","12,384,710",,,,,
1403,shaeed rajaii,UAE,39012030,"8,717,500","12,267,542",,,,,
1403,shaeed rajaii,UAE,38231100,"9,227,100","11,856,803",,,,,
1403,shaeed rajaii,UAE,40111010,"3,189,930","11,753,691",,,,,
1403,shaeed rajaii,UAE,24031910,"1,076,750","11,742,447",,,,,
1403,shaeed rajaii,UAE,84071090,"26,489","11,708,713",,,,,
1403,shaeed rajaii,UAE,40111030,"2,835,981","11,526,200",,,,,
1403,shaeed rajaii,UAE,73044100,"1,527,254","11,250,048",,,,,
1403,shaeed rajaii,UAE,84193900,"459,070","11,149,538",,,,,
1403,shaeed rajaii,UAE,85022010,"395,709","11,056,676",,,,,
1403,shaeed rajaii,UAE,40111020,"2,878,496","11,005,102",,,,,
1403,shaeed rajaii,UAE,26151010,"4,102,000","10,926,906",,,,,
1403,shaeed rajaii,UAE,9041190,"2,432,480","10,874,833",,,,,
1403,shaeed rajaii,UAE,85021310,"952,109","10,797,152",,,,,
1403,shaeed rajaii,UAE,72193300,"4,752,610","10,766,186",,,,,
1403,shaeed rajaii,UAE,40118010,"2,932,796","10,717,460",,,,,
1403,shaeed rajaii,UAE,26020000,"31,463,276","10,516,708",,,,,
1403,shaeed rajaii,UAE,84399900,"591,562","10,461,548",,,,,
1403,shaeed rajaii,UAE,84743900,"272,790","10,106,610",,,,,
1403,shaeed rajaii,UAE,39019000,"3,255,757","10,066,813",,,,,
1403,shaeed rajaii,UAE,84742000,"477,007","9,938,253",,,,,
1403,shaeed rajaii,UAE,84793010,"101,662","9,905,351",,,,,
1403,shaeed rajaii,UAE,84295229,"2,132,688","9,893,780",,,,,
1403,shaeed rajaii,UAE,40112030,"3,399,018","9,890,790",,,,,
1403,shaeed rajaii,UAE,72193400,"4,771,149","9,830,854",,,,,
1403,shaeed rajaii,UAE,2044200,"1,434,541","9,669,974",,,,,
1403,shaeed rajaii,UAE,84392000,"221,200","9,512,668",,,,,
1403,shaeed rajaii,UAE,38123930,"1,005,743","9,230,254",,,,,
1403,shaeed rajaii,UAE,84413000,"503,960","8,939,374",,,,,
1403,shaeed rajaii,UAE,12074090,"4,803,130","8,931,843",,,,,
1403,shaeed rajaii,UAE,38112110,"3,622,120","8,904,142",,,,,
1403,shaeed rajaii,UAE,72083620,"12,479,396","8,860,410",,,,,
1403,shaeed rajaii,UAE,29094300,"4,788,603","8,802,318",,,,,
1403,shaeed rajaii,UAE,2071200,"4,339,370","8,681,392",,,,,
1403,shaeed rajaii,UAE,87033329,"87,540","8,437,290",,,,,
1403,shaeed rajaii,UAE,90183916,"308,128","8,435,680",,,,,
1403,shaeed rajaii,UAE,32041790,"1,093,100","8,397,191",,,,,
1403,shaeed rajaii,UAE,39073020,"2,705,500","8,311,118",,,,,
1403,shaeed rajaii,UAE,84143020,"905,059","8,297,794",,,,,
1403,shaeed rajaii,UAE,85044087,"199,470","8,274,890",,,,,
1403,shaeed rajaii,UAE,87032290,"585,497","8,073,157",,,,,
1403,shaeed rajaii,UAE,72024920,"2,419,000","8,065,863",,,,,
1403,shaeed rajaii,UAE,85451100,"2,019,438","8,056,954",,,,,
1403,shaeed rajaii,UAE,39204310,"2,345,999","8,040,855",,,,,
1403,shaeed rajaii,UAE,38159090,"302,352","7,937,287",,,,,
1403,shaeed rajaii,UAE,84119990,"264,001","7,930,831",,,,,
1403,shaeed rajaii,UAE,28100010,"7,916,953","7,913,369",,,,,
1403,shaeed rajaii,UAE,84149090,"133,506","7,888,039",,,,,
1403,shaeed rajaii,UAE,84388000,"363,296","7,841,177",,,,,
1403,shaeed rajaii,UAE,73041990,"8,581,507","7,788,424",,,,,
1403,shaeed rajaii,UAE,29051200,"4,654,987","7,775,815",,,,,
1403,shaeed rajaii,UAE,84143011,"1,324,458","7,755,485",,,,,
1403,shaeed rajaii,UAE,29225090,"2,421,768","7,726,305",,,,,
1403,shaeed rajaii,UAE,29051610,"4,658,500","7,661,419",,,,,
1403,shaeed rajaii,UAE,87038000,"479,650","7,618,165",,,,,
1403,shaeed rajaii,UAE,84451100,"222,390","7,569,423",,,,,
1403,shaeed rajaii,UAE,84717090,"44,500","7,555,292",,,,,
1403,shaeed rajaii,UAE,72091600,"9,764,186","7,555,160",,,,,
1403,shaeed rajaii,UAE,73043900,"7,204,187","7,437,098",,,,,
1403,shaeed rajaii,UAE,98842940,"1,405,042","7,427,818",,,,,
1403,shaeed rajaii,UAE,84818090,"1,401,887","7,401,726",,,,,
1403,shaeed rajaii,UAE,48103900,"5,424,539","7,369,127",,,,,
1403,shaeed rajaii,UAE,29362990,"126,198","7,274,454",,,,,
1403,shaeed rajaii,UAE,39076110,"6,641,250","7,178,184",,,,,
1403,shaeed rajaii,UAE,39029000,"1,588,948","7,170,140",,,,,
1403,shaeed rajaii,UAE,84051000,"762,466","7,138,451",,,,,
1403,shaeed rajaii,UAE,17021910,"1,989,730","7,135,564",,,,,
1403,shaeed rajaii,UAE,85176120,"57,445","7,051,866",,,,,
1403,shaeed rajaii,UAE,38249990,"1,089,223","6,707,883",,,,,
1403,shaeed rajaii,UAE,85044080,"300,800","6,528,867",,,,,
1403,shaeed rajaii,UAE,84099190,"422,521","6,437,685",,,,,
1403,shaeed rajaii,UAE,54024600,"4,584,273","6,400,769",,,,,
1403,shaeed rajaii,UAE,39069070,"2,051,084","6,387,040",,,,,
1403,shaeed rajaii,UAE,84189990,"623,288","6,352,127",,,,,
1403,shaeed rajaii,UAE,18050090,"1,098,925","6,339,073",,,,,
1403,shaeed rajaii,UAE,84431990,"185,512","6,297,971",,,,,
1403,shaeed rajaii,UAE,34024210,"2,952,190","6,274,094",,,,,
1403,shaeed rajaii,UAE,15200000,"12,163,660","6,260,148",,,,,
1403,shaeed rajaii,UAE,39013000,"2,927,600","6,242,255",,,,,
1403,shaeed rajaii,UAE,48192010,"1,967,872","6,225,624",,,,,
1403,shaeed rajaii,UAE,29419090,"78,012","6,225,354",,,,,
1403,shaeed rajaii,UAE,29291010,"2,520,000","6,173,700",,,,,
1403,shaeed rajaii,UAE,39079929,"2,851,100","6,170,297",,,,,
1403,shaeed rajaii,UAE,29420090,"138,016","6,155,233",,,,,
1403,shaeed rajaii,UAE,98842920,"1,200,645","6,143,001",,,,,
1403,shaeed rajaii,UAE,85285290,"109,556","6,105,737",,,,,
1403,shaeed rajaii,UAE,84029000,"330,980","6,083,921",,,,,
1403,shaeed rajaii,UAE,29051300,"3,829,850","6,076,729",,,,,
1403,shaeed rajaii,UAE,29094900,"2,764,600","6,048,931",,,,,
1403,shaeed rajaii,UAE,18010090,"714,500","6,029,854",,,,,
1403,shaeed rajaii,UAE,84151010,"851,883","5,898,058",,,,,
1403,shaeed rajaii,UAE,84807100,"650,176","5,897,997",,,,,
1403,shaeed rajaii,UAE,85021390,"297,328","5,879,962",,,,,
1403,shaeed rajaii,UAE,28182000,"5,894,590","5,740,306",,,,,
1403,shaeed rajaii,UAE,84082090,"281,720","5,735,954",,,,,
1403,shaeed rajaii,UAE,72101200,"4,927,885","5,735,223",,,,,
1403,shaeed rajaii,UAE,85258910,"124,713","5,729,814",,,,,
1403,shaeed rajaii,UAE,84842010,"104,399","5,687,764",,,,,
1403,shaeed rajaii,UAE,29212990,"1,858,950","5,682,941",,,,,
1403,shaeed rajaii,UAE,29054410,"7,968,100","5,656,914",,,,,
1403,shaeed rajaii,UAE,85395100,"129,794","5,650,151",,,,,
1403,shaeed rajaii,UAE,84304190,"251,800","5,613,130",,,,,
1403,shaeed rajaii,UAE,39012040,"1,495,000","5,554,730",,,,,
1403,shaeed rajaii,UAE,48101900,"5,498,082","5,528,805",,,,,
1403,shaeed rajaii,UAE,29224990,"697,695","5,502,018",,,,,
1403,shaeed rajaii,UAE,76129020,"322,058","5,492,269",,,,,
1403,shaeed rajaii,UAE,48101300,"4,523,174","5,483,259",,,,,
1403,shaeed rajaii,UAE,98870312,"443,252","5,481,224",,,,,
1403,shaeed rajaii,UAE,73044900,"545,128","5,445,840",,,,,
1403,shaeed rajaii,UAE,39074000,"1,997,155","5,436,831",,,,,
1403,shaeed rajaii,UAE,87079030,"213,029","5,374,863",,,,,
1403,shaeed rajaii,UAE,38119000,"975,219","5,358,859",,,,,
1403,shaeed rajaii,UAE,84792000,"413,264","5,355,159",,,,,
1403,shaeed rajaii,UAE,29031200,"7,083,961","5,335,017",,,,,
1403,shaeed rajaii,UAE,72193200,"1,853,801","5,324,797",,,,,
1403,shaeed rajaii,UAE,29270090,"1,499,729","5,323,901",,,,,
1403,shaeed rajaii,UAE,29053200,"2,626,300","5,294,912",,,,,
1403,shaeed rajaii,UAE,84158100,"785,528","5,291,754",,,,,
1403,shaeed rajaii,UAE,84224000,"65,236","5,169,797",,,,,
1403,shaeed rajaii,UAE,39100090,"1,297,684","5,168,690",,,,,
1403,shaeed rajaii,UAE,72254010,"2,618,442","5,135,077",,,,,
1403,shaeed rajaii,UAE,95045090,"56,806","5,132,550",,,,,
1403,shaeed rajaii,UAE,84099990,"388,073","5,082,627",,,,,
1403,shaeed rajaii,UAE,39071000,"1,877,000","5,055,488",,,,,
1403,shaeed rajaii,UAE,84431600,"34,823","5,003,525",,,,,
1403,shaeed rajaii,UAE,39123900,"877,875","4,935,957",,,,,
1403,shaeed rajaii,UAE,73269090,"627,103","4,854,558",,,,,
1403,shaeed rajaii,UAE,8011100,"2,170,500","4,854,543",,,,,
1403,shaeed rajaii,UAE,84148070,"143,596","4,794,000",,,,,
1403,shaeed rajaii,UAE,84137090,"413,308","4,792,998",,,,,
1403,shaeed rajaii,UAE,10059090,"5,676,350","4,773,988",,,,,
1403,shaeed rajaii,UAE,29141100,"3,040,654","4,773,578",,,,,
1403,shaeed rajaii,UAE,85182910,"701,877","4,756,744",,,,,
1403,shaeed rajaii,UAE,85198900,"283,169","4,743,204",,,,,
1403,shaeed rajaii,UAE,38231900,"3,103,070","4,719,498",,,,,
1403,shaeed rajaii,UAE,26060000,"9,359,500","4,689,299",,,,,
1403,shaeed rajaii,UAE,84171000,"418,742","4,604,512",,,,,
1403,shaeed rajaii,UAE,26151090,"1,805,774","4,513,909",,,,,
1403,shaeed rajaii,UAE,39023010,"2,814,000","4,506,976",,,,,
1403,shaeed rajaii,UAE,90181260,"16,167","4,505,738",,,,,
1403,shaeed rajaii,UAE,87085019,"1,372,717","4,475,464",,,,,
1403,shaeed rajaii,UAE,84295222,"1,068,500","4,456,934",,,,,
1403,shaeed rajaii,UAE,48192090,"588,856","4,430,356",,,,,
1403,shaeed rajaii,UAE,86021000,"643,230","4,389,442",,,,,
1403,shaeed rajaii,UAE,24012030,"2,097,600","4,368,461",,,,,
1403,shaeed rajaii,UAE,84771000,"1,079,976","4,357,415",,,,,
1403,shaeed rajaii,UAE,90015090,"136,289","4,339,483",,,,,
1403,shaeed rajaii,UAE,55033000,"2,122,671","4,320,009",,,,,
1403,shaeed rajaii,UAE,85045090,"181,885","4,304,317",,,,,
1403,shaeed rajaii,UAE,85111000,"227,037","4,253,838",,,,,
1403,shaeed rajaii,UAE,85249900,"139,875","4,239,659",,,,,
1403,shaeed rajaii,UAE,39174000,"27,256","4,216,909",,,,,
1403,shaeed rajaii,UAE,15119010,"3,985,380","4,206,402",,,,,
1403,shaeed rajaii,UAE,84212120,"144,959","4,203,163",,,,,
1403,shaeed rajaii,UAE,87085032,"960,828","4,194,246",,,,,
1403,shaeed rajaii,UAE,72192100,"1,311,182","4,189,529",,,,,
1403,shaeed rajaii,UAE,72193500,"2,948,371","4,182,691",,,,,
1403,shaeed rajaii,UAE,29332990,"93,080","4,178,162",,,,,
1403,shaeed rajaii,UAE,85076090,"212,835","4,173,043",,,,,
1403,shaeed rajaii,UAE,90181240,"1,616","4,144,895",,,,,
1403,shaeed rajaii,UAE,39081090,"1,458,155","4,142,778",,,,,
1403,shaeed rajaii,UAE,90318040,"20,870","4,138,959",,,,,
1403,shaeed rajaii,UAE,87089429,"536,717","4,134,713",,,,,
1403,shaeed rajaii,UAE,72105000,"2,880,351","4,128,337",,,,,
1403,shaeed rajaii,UAE,84152090,"409,976","4,119,918",,,,,
1403,shaeed rajaii,UAE,39059920,"1,081,900","4,119,864",,,,,
1403,shaeed rajaii,UAE,13023900,"325,438","4,087,269",,,,,
1403,shaeed rajaii,UAE,38123910,"982,900","4,048,916",,,,,
1403,shaeed rajaii,UAE,30044990,"74,216","4,043,158",,,,,
1403,shaeed rajaii,UAE,85030090,"137,717","3,992,125",,,,,
1403,shaeed rajaii,UAE,48139000,"768,843","3,989,055",,,,,
1403,shaeed rajaii,UAE,98842930,"649,409","3,952,923",,,,,
1403,shaeed rajaii,UAE,31059090,"947,615","3,828,090",,,,,
1403,shaeed rajaii,UAE,84401000,"180,466","3,821,655",,,,,
1403,shaeed rajaii,UAE,29071100,"2,667,200","3,801,834",,,,,
1403,shaeed rajaii,UAE,85258990,"5,412","3,800,430",,,,,
1403,shaeed rajaii,UAE,17021100,"1,048,110","3,791,523",,,,,
1403,shaeed rajaii,UAE,12079900,"1,039,700","3,783,363",,,,,
1403,shaeed rajaii,UAE,29142200,"1,997,420","3,774,584",,,,,
1403,shaeed rajaii,UAE,85169000,"367,372","3,752,707",,,,,
1403,shaeed rajaii,UAE,29319090,"879,674","3,750,957",,,,,
1403,shaeed rajaii,UAE,29419030,"21,000","3,736,152",,,,,
1403,shaeed rajaii,UAE,76071190,"801,222","3,733,969",,,,,
1403,shaeed rajaii,UAE,72091890,"4,997,465","3,729,592",,,,,
1403,shaeed rajaii,UAE,39041010,"3,202,200","3,712,709",,,,,
1403,shaeed rajaii,UAE,39059990,"219,575","3,682,770",,,,,
1403,shaeed rajaii,UAE,32062090,"868,950","3,676,490",,,,,
1403,shaeed rajaii,UAE,39014000,"1,279,825","3,664,075",,,,,
1403,shaeed rajaii,UAE,9061190,"1,712,670","3,661,595",,,,,
1403,shaeed rajaii,UAE,85149000,"305,703","3,650,322",,,,,
1403,shaeed rajaii,UAE,87036010,"278,526","3,640,864",,,,,
1403,shaeed rajaii,UAE,7133320,"2,744,600","3,582,641",,,,,
1403,shaeed rajaii,UAE,39053000,"1,162,600","3,582,532",,,,,
1403,shaeed rajaii,UAE,84143090,"318,366","3,571,417",,,,,
1403,shaeed rajaii,UAE,85249100,"176,683","3,570,264",,,,,
1403,shaeed rajaii,UAE,85013190,"159,546","3,570,122",,,,,
1403,shaeed rajaii,UAE,85022090,"139,303","3,559,846",,,,,
1403,shaeed rajaii,UAE,29181400,"4,023,050","3,558,536",,,,,
1403,shaeed rajaii,UAE,84229010,"650,463","3,548,910",,,,,
1403,shaeed rajaii,UAE,29181590,"444,477","3,544,897",,,,,
1403,shaeed rajaii,UAE,28182090,"3,493,520","3,544,511",,,,,
1403,shaeed rajaii,UAE,28371100,"929,000","3,537,684",,,,,
1403,shaeed rajaii,UAE,29124100,"111,500","3,523,344",,,,,
1403,shaeed rajaii,UAE,84139100,"432,389","3,519,520",,,,,
1403,shaeed rajaii,UAE,29213090,"782,193","3,500,991",,,,,
1403,shaeed rajaii,UAE,84551090,"290,607","3,470,553",,,,,
1403,shaeed rajaii,UAE,98842910,"669,397","3,466,247",,,,,
1403,shaeed rajaii,UAE,73110090,"2,084,166","3,422,521",,,,,
1403,shaeed rajaii,UAE,48043190,"3,133,336","3,415,808",,,,,
1403,shaeed rajaii,UAE,73121010,"2,494,080","3,388,744",,,,,
1403,shaeed rajaii,UAE,30043190,"35,780","3,373,821",,,,,
1403,shaeed rajaii,UAE,72191200,"1,271,147","3,372,721",,,,,
1403,shaeed rajaii,UAE,90011090,"50,034","3,365,355",,,,,
1403,shaeed rajaii,UAE,73042900,"1,418,640","3,335,701",,,,,
1403,shaeed rajaii,UAE,84248990,"169,832","3,328,457",,,,,
1403,shaeed rajaii,UAE,84552100,"207,507","3,314,431",,,,,
1403,shaeed rajaii,UAE,32151990,"418,460","3,300,484",,,,,
1403,shaeed rajaii,UAE,23099030,"941,330","3,281,381",,,,,
1403,shaeed rajaii,UAE,84212190,"150,073","3,262,953",,,,,
1403,shaeed rajaii,UAE,90183914,"641,823","3,251,511",,,,,
1403,shaeed rajaii,UAE,84772000,"354,008","3,250,206",,,,,
1403,shaeed rajaii,UAE,39021020,"2,666,100","3,249,476",,,,,
1403,shaeed rajaii,UAE,84831090,"49,616","3,234,722",,,,,
1403,shaeed rajaii,UAE,28112200,"1,590,880","3,217,220",,,,,
1403,shaeed rajaii,UAE,39204910,"460,948","3,207,556",,,,,
1403,shaeed rajaii,UAE,90183190,"51,181","3,204,807",,,,,
1403,shaeed rajaii,UAE,84264100,"690,887","3,180,786",,,,,
1403,shaeed rajaii,UAE,85142010,"258,638","3,162,166",,,,,
1403,shaeed rajaii,UAE,85176220,"60,119","3,159,958",,,,,
1403,shaeed rajaii,UAE,84752900,"222,370","3,143,984",,,,,
1403,shaeed rajaii,UAE,84148020,"69,385","3,140,224",,,,,
1403,shaeed rajaii,UAE,28252000,"185,000","3,127,088",,,,,
1403,shaeed rajaii,UAE,25233000,"2,579,550","3,100,579",,,,,
1403,shaeed rajaii,UAE,29211100,"1,202,600","3,088,155",,,,,
1403,shaeed rajaii,UAE,7132030,"2,315,375","3,087,169",,,,,
1403,shaeed rajaii,UAE,54021910,"1,047,556","3,062,171",,,,,
1403,shaeed rajaii,UAE,29094400,"1,259,220","3,042,289",,,,,
1403,shaeed rajaii,UAE,28230000,"1,104,040","3,039,973",,,,,
1403,shaeed rajaii,UAE,27101930,"1,964,534","3,015,209",,,,,
1403,shaeed rajaii,UAE,84198990,"183,564","3,013,612",,,,,
1403,shaeed rajaii,UAE,84543000,"448,071","3,012,288",,,,,
1403,shaeed rajaii,UAE,72169910,"3,773,768","2,996,543",,,,,
1403,shaeed rajaii,UAE,39129000,"618,258","2,986,062",,,,,
1403,shaeed rajaii,UAE,39079999,"913,665","2,968,968",,,,,
1403,shaeed rajaii,UAE,28201000,"3,565,500","2,962,209",,,,,
1403,shaeed rajaii,UAE,39205100,"1,094,120","2,956,656",,,,,
1403,shaeed rajaii,UAE,85049000,"75,914","2,954,611",,,,,
1403,shaeed rajaii,UAE,25070010,"7,316,900","2,942,635",,,,,
1403,shaeed rajaii,UAE,28364000,"1,705,000","2,940,291",,,,,
1403,shaeed rajaii,UAE,90189099,"82,778","2,938,588",,,,,
1403,shaeed rajaii,UAE,72029100,"613,500","2,870,888",,,,,
1403,shaeed rajaii,UAE,84295111,"284,500","2,836,626",,,,,
1403,shaeed rajaii,UAE,21069010,"219,875","2,817,371",,,,,
1403,shaeed rajaii,UAE,31052000,"1,323,416","2,788,820",,,,,
1403,shaeed rajaii,UAE,84439910,"471,722","2,776,089",,,,,
1403,shaeed rajaii,UAE,84798200,"38,011","2,773,259",,,,,
1403,shaeed rajaii,UAE,84159010,"285,700","2,770,506",,,,,
1403,shaeed rajaii,UAE,73079300,"1,440,162","2,761,870",,,,,
1403,shaeed rajaii,UAE,85219090,"80,007","2,752,486",,,,,
1403,shaeed rajaii,UAE,39022000,"1,161,750","2,740,160",,,,,
1403,shaeed rajaii,UAE,73053100,"2,089,162","2,730,869",,,,,
1403,shaeed rajaii,UAE,90181250,"9,854","2,715,080",,,,,
1403,shaeed rajaii,UAE,40025900,"1,057,440","2,714,417",,,,,
1403,shaeed rajaii,UAE,29173990,"1,482,490","2,710,118",,,,,
1403,shaeed rajaii,UAE,39111000,"1,473,105","2,686,492",,,,,
1403,shaeed rajaii,UAE,38231200,"1,791,430","2,685,825",,,,,
1403,shaeed rajaii,UAE,34029090,"584,451","2,682,503",,,,,
1403,shaeed rajaii,UAE,28369900,"2,990,000","2,681,530",,,,,
1403,shaeed rajaii,UAE,31051010,"1,150,994","2,680,758",,,,,
1403,shaeed rajaii,UAE,54024700,"1,337,033","2,676,922",,,,,
1403,shaeed rajaii,UAE,38021000,"423,000","2,664,605",,,,,
1403,shaeed rajaii,UAE,72104900,"2,869,000","2,650,142",,,,,
1403,shaeed rajaii,UAE,84715020,"9,422","2,632,206",,,,,
1403,shaeed rajaii,UAE,85291030,"36,500","2,627,644",,,,,
1403,shaeed rajaii,UAE,29222910,"348,000","2,618,768",,,,,
1403,shaeed rajaii,UAE,84439990,"503,659","2,615,979",,,,,
1403,shaeed rajaii,UAE,84433290,"91,519","2,615,759",,,,,
1403,shaeed rajaii,UAE,28181000,"3,364,000","2,613,875",,,,,
1403,shaeed rajaii,UAE,32041690,"488,650","2,613,293",,,,,
1403,shaeed rajaii,UAE,73121015,"1,988,027","2,610,329",,,,,
1403,shaeed rajaii,UAE,54024400,"484,756","2,606,071",,,,,
1403,shaeed rajaii,UAE,85389010,"139,509","2,580,105",,,,,
1403,shaeed rajaii,UAE,87087021,"558,073","2,576,820",,,,,
1403,shaeed rajaii,UAE,90328990,"18,502","2,574,669",,,,,
1403,shaeed rajaii,UAE,48109210,"3,685,431","2,565,299",,,,,
1403,shaeed rajaii,UAE,29153900,"1,110,320","2,564,786",,,,,
1403,shaeed rajaii,UAE,28352610,"3,150,000","2,555,343",,,,,
1403,shaeed rajaii,UAE,72029990,"1,486,060","2,551,898",,,,,
1403,shaeed rajaii,UAE,87089211,"78,966","2,546,806",,,,,
1403,shaeed rajaii,UAE,84141090,"436,295","2,541,033",,,,,
1403,shaeed rajaii,UAE,37019920,"569,126","2,513,869",,,,,
1403,shaeed rajaii,UAE,33029010,"156,645","2,513,698",,,,,
1403,shaeed rajaii,UAE,84433900,"79,639","2,506,338",,,,,
1403,shaeed rajaii,UAE,29032300,"1,215,660","2,498,752",,,,,
1403,shaeed rajaii,UAE,84134000,"685,890","2,484,978",,,,,
1403,shaeed rajaii,UAE,39139000,"404,075","2,483,562",,,,,
1403,shaeed rajaii,UAE,85447020,"199,332","2,438,137",,,,,
1403,shaeed rajaii,UAE,48025800,"2,092,653","2,435,907",,,,,
1403,shaeed rajaii,UAE,40029900,"589,050","2,433,022",,,,,
1403,shaeed rajaii,UAE,84081000,"17,472","2,428,068",,,,,
1403,shaeed rajaii,UAE,29411020,"64,700","2,414,258",,,,,
1403,shaeed rajaii,UAE,25041010,"2,273,000","2,410,470",,,,,
1403,shaeed rajaii,UAE,85011010,"153,469","2,385,974",,,,,
1403,shaeed rajaii,UAE,84199090,"139,302","2,384,083",,,,,
1403,shaeed rajaii,UAE,9083190,"188,624","2,378,415",,,,,
1403,shaeed rajaii,UAE,84303900,"203,975","2,377,586",,,,,
1403,shaeed rajaii,UAE,84213210,"49,726","2,373,198",,,,,
1403,shaeed rajaii,UAE,86090000,"1,081,880","2,353,626",,,,,
1403,shaeed rajaii,UAE,87088019,"126,833","2,346,366",,,,,
1403,shaeed rajaii,UAE,84411000,"292,090","2,344,437",,,,,
1403,shaeed rajaii,UAE,84291121,"213,606","2,325,221",,,,,
1403,shaeed rajaii,UAE,35069900,"477,889","2,307,301",,,,,
1403,shaeed rajaii,UAE,7134020,"2,417,000","2,295,304",,,,,
1403,shaeed rajaii,UAE,29159090,"501,690","2,291,775",,,,,
1403,shaeed rajaii,UAE,34049000,"674,780","2,288,660",,,,,
1403,shaeed rajaii,UAE,29321100,"971,280","2,285,270",,,,,
1403,shaeed rajaii,UAE,48132000,"573,222","2,282,564",,,,,
1403,shaeed rajaii,UAE,39201040,"999,283","2,277,646",,,,,
1403,shaeed rajaii,UAE,84122900,"306,667","2,277,264",,,,,
1403,shaeed rajaii,UAE,39081010,"805,300","2,276,881",,,,,
1403,shaeed rajaii,UAE,29413000,"20,500","2,270,542",,,,,
1403,shaeed rajaii,UAE,48043900,"1,349,377","2,267,894",,,,,
1403,shaeed rajaii,UAE,84716010,"188,718","2,253,484",,,,,
1403,shaeed rajaii,UAE,84262000,"1,926,940","2,249,687",,,,,
1403,shaeed rajaii,UAE,38123990,"390,544","2,242,406",,,,,
1403,shaeed rajaii,UAE,84389000,"36,085","2,236,391",,,,,
1403,shaeed rajaii,UAE,30051090,"64,422","2,216,199",,,,,
1403,shaeed rajaii,UAE,76072000,"369,989","2,214,981",,,,,
1403,shaeed rajaii,UAE,90058090,"8,462","2,213,697",,,,,
1403,shaeed rajaii,UAE,90183925,"15,992","2,204,745",,,,,
1403,shaeed rajaii,UAE,48142000,"624,736","2,200,935",,,,,
1403,shaeed rajaii,UAE,84552200,"141,617","2,197,176",,,,,
1403,shaeed rajaii,UAE,40023100,"955,560","2,194,024",,,,,
1403,shaeed rajaii,UAE,29054500,"2,007,617","2,193,086",,,,,
1403,shaeed rajaii,UAE,32042090,"142,230","2,186,338",,,,,
1403,shaeed rajaii,UAE,84179000,"170,655","2,185,044",,,,,
1403,shaeed rajaii,UAE,84199040,"14,870","2,183,551",,,,,
1403,shaeed rajaii,UAE,40024900,"339,000","2,168,287",,,,,
1403,shaeed rajaii,UAE,54023300,"1,523,940","2,164,779",,,,,
1403,shaeed rajaii,UAE,39205900,"795,389","2,158,393",,,,,
1403,shaeed rajaii,UAE,83099030,"557,944","2,149,288",,,,,
1403,shaeed rajaii,UAE,84453000,"198,439","2,140,463",,,,,
1403,shaeed rajaii,UAE,28161090,"250,354","2,139,469",,,,,
1403,shaeed rajaii,UAE,34023990,"849,191","2,124,744",,,,,
1403,shaeed rajaii,UAE,84194090,"135,998","2,122,111",,,,,
1403,shaeed rajaii,UAE,21069070,"755,385","2,098,923",,,,,
1403,shaeed rajaii,UAE,84089090,"163,635","2,098,013",,,,,
1403,shaeed rajaii,UAE,86071910,"663,477","2,089,048",,,,,
1403,shaeed rajaii,UAE,8013200,"461,600","2,086,339",,,,,
1403,shaeed rajaii,UAE,32081040,"406,200","2,085,556",,,,,
1403,shaeed rajaii,UAE,29400090,"210,688","2,082,423",,,,,
1403,shaeed rajaii,UAE,29053900,"714,946","2,074,216",,,,,
1403,shaeed rajaii,UAE,70191100,"1,630,857","2,072,320",,,,,
1403,shaeed rajaii,UAE,29359090,"67,965","2,068,822",,,,,
1403,shaeed rajaii,UAE,84659900,"354,931","2,066,848",,,,,
1403,shaeed rajaii,UAE,24039100,"349,470","2,062,662",,,,,
1403,shaeed rajaii,UAE,38123960,"420,670","2,057,820",,,,,
1403,shaeed rajaii,UAE,90221460,"23,089","2,044,939",,,,,
1403,shaeed rajaii,UAE,84718010,"13,718","2,035,048",,,,,
1403,shaeed rajaii,UAE,29362700,"370,275","2,028,723",,,,,
1403,shaeed rajaii,UAE,84716050,"24,059","2,023,639",,,,,
1403,shaeed rajaii,UAE,85429000,"34,924","2,019,109",,,,,
1403,shaeed rajaii,UAE,72193100,"733,284","2,004,408",,,,,
1403,shaeed rajaii,UAE,29415020,"13,000","1,999,165",,,,,
1403,shaeed rajaii,UAE,84440000,"307,191","1,996,111",,,,,
1403,shaeed rajaii,UAE,84291129,"208,680","1,989,794",,,,,
1403,shaeed rajaii,UAE,39069099,"737,893","1,979,980",,,,,
1403,shaeed rajaii,UAE,48059210,"1,500,388","1,979,043",,,,,
1403,shaeed rajaii,UAE,29252990,"108,130","1,969,025",,,,,
1403,shaeed rajaii,UAE,34012030,"1,699,000","1,961,777",,,,,
1403,shaeed rajaii,UAE,84264900,"1,021,800","1,960,361",,,,,
1403,shaeed rajaii,UAE,84522900,"543,571","1,959,756",,,,,
1403,shaeed rajaii,UAE,39072990,"792,415","1,930,604",,,,,
1403,shaeed rajaii,UAE,84775100,"15,059","1,920,909",,,,,
1403,shaeed rajaii,UAE,85159000,"153,175","1,912,994",,,,,
1403,shaeed rajaii,UAE,29189910,"38,800","1,907,715",,,,,
1403,shaeed rajaii,UAE,85285210,"93,862","1,905,148",,,,,
1403,shaeed rajaii,UAE,73151210,"398,630","1,905,004",,,,,
1403,shaeed rajaii,UAE,25199010,"6,165,600","1,897,384",,,,,
1403,shaeed rajaii,UAE,73079100,"388,185","1,891,658",,,,,
1403,shaeed rajaii,UAE,84716020,"48,970","1,888,930",,,,,
1403,shaeed rajaii,UAE,23099039,"557,931","1,884,989",,,,,
1403,shaeed rajaii,UAE,85023990,"915,000","1,881,557",,,,,
1403,shaeed rajaii,UAE,28211000,"1,115,830","1,879,613",,,,,
1403,shaeed rajaii,UAE,90221390,"14,560","1,875,580",,,,,
1403,shaeed rajaii,UAE,35029000,"163,340","1,872,886",,,,,
1403,shaeed rajaii,UAE,84729070,"26,112","1,871,318",,,,,
1403,shaeed rajaii,UAE,39039000,"544,800","1,853,957",,,,,
1403,shaeed rajaii,UAE,35030090,"237,000","1,853,472",,,,,
1403,shaeed rajaii,UAE,39191090,"81,514","1,846,497",,,,,
1403,shaeed rajaii,UAE,29171990,"1,361,100","1,843,849",,,,,
1403,shaeed rajaii,UAE,48119030,"892,184","1,839,328",,,,,
1403,shaeed rajaii,UAE,39076990,"1,567,000","1,814,940",,,,,
1403,shaeed rajaii,UAE,84509090,"462,376","1,805,892",,,,,
1403,shaeed rajaii,UAE,31010090,"385,982","1,799,648",,,,,
1403,shaeed rajaii,UAE,48030000,"1,294,192","1,783,915",,,,,
1403,shaeed rajaii,UAE,38089113,"106,500","1,782,162",,,,,
1403,shaeed rajaii,UAE,39140090,"307,558","1,771,937",,,,,
1403,shaeed rajaii,UAE,85389090,"6,909","1,769,062",,,,,
1403,shaeed rajaii,UAE,29161400,"712,720","1,766,949",,,,,
1403,shaeed rajaii,UAE,84834090,"59,325","1,766,744",,,,,
1403,shaeed rajaii,UAE,87088031,"399,959","1,762,687",,,,,
1403,shaeed rajaii,UAE,85176230,"37,882","1,761,566",,,,,
1403,shaeed rajaii,UAE,38089223,"184,380","1,757,228",,,,,
1403,shaeed rajaii,UAE,84314300,"412,371","1,751,193",,,,,
1403,shaeed rajaii,UAE,29051700,"700,000","1,747,752",,,,,
1403,shaeed rajaii,UAE,76071110,"412,042","1,741,850",,,,,
1403,shaeed rajaii,UAE,90183990,"18,217","1,739,334",,,,,
1403,shaeed rajaii,UAE,35051090,"812,320","1,736,961",,,,,
1403,shaeed rajaii,UAE,29141200,"717,193","1,729,193",,,,,
1403,shaeed rajaii,UAE,72024190,"627,500","1,724,634",,,,,
1403,shaeed rajaii,UAE,38089124,"194,065","1,718,096",,,,,
1403,shaeed rajaii,UAE,15042000,"85,692","1,706,281",,,,,
1403,shaeed rajaii,UAE,9101190,"863,300","1,697,288",,,,,
1403,shaeed rajaii,UAE,39011030,"783,875","1,694,323",,,,,
1403,shaeed rajaii,UAE,38121000,"453,550","1,692,336",,,,,
1403,shaeed rajaii,UAE,84148090,"45,461","1,683,354",,,,,
1403,shaeed rajaii,UAE,85184000,"210,881","1,679,121",,,,,
1403,shaeed rajaii,UAE,34024290,"488,289","1,662,894",,,,,
1403,shaeed rajaii,UAE,39123110,"366,020","1,658,845",,,,,
1403,shaeed rajaii,UAE,85299090,"82,907","1,654,839",,,,,
1403,shaeed rajaii,UAE,84145920,"137,624","1,637,698",,,,,
1403,shaeed rajaii,UAE,29171200,"920,950","1,631,495",,,,,
1403,shaeed rajaii,UAE,55032000,"1,507,450","1,631,466",,,,,
1403,shaeed rajaii,UAE,90181220,"5,253","1,623,719",,,,,
1403,shaeed rajaii,UAE,39089010,"424,690","1,623,207",,,,,
1403,shaeed rajaii,UAE,28492090,"1,027,000","1,611,895",,,,,
1403,shaeed rajaii,UAE,32061990,"553,345","1,607,150",,,,,
1403,shaeed rajaii,UAE,84213920,"30,944","1,606,131",,,,,
1403,shaeed rajaii,UAE,29161100,"1,182,400","1,602,391",,,,,
1403,shaeed rajaii,UAE,84642000,"103,957","1,591,179",,,,,
1403,shaeed rajaii,UAE,84272011,"146,510","1,590,129",,,,,
1403,shaeed rajaii,UAE,84799090,"52,635","1,588,813",,,,,
1403,shaeed rajaii,UAE,84212310,"106,126","1,566,444",,,,,
1403,shaeed rajaii,UAE,90229090,"29,305","1,544,780",,,,,
1403,shaeed rajaii,UAE,38011090,"1,688,102","1,533,609",,,,,
1403,shaeed rajaii,UAE,76032000,"242,380","1,532,847",,,,,
1403,shaeed rajaii,UAE,84748010,"128,088","1,516,567",,,,,
1403,shaeed rajaii,UAE,39269099,"314,993","1,508,883",,,,,
1403,shaeed rajaii,UAE,39061000,"458,915","1,506,659",,,,,
1403,shaeed rajaii,UAE,28042990,"5,550","1,503,047",,,,,
1403,shaeed rajaii,UAE,69021000,"771,274","1,498,135",,,,,
1403,shaeed rajaii,UAE,84832000,"589,374","1,492,193",,,,,
1403,shaeed rajaii,UAE,29242990,"25,030","1,470,544",,,,,
1403,shaeed rajaii,UAE,28275990,"489,600","1,460,101",,,,,
1403,shaeed rajaii,UAE,29061300,"30,704","1,457,831",,,,,
1403,shaeed rajaii,UAE,84148075,"87,539","1,456,504",,,,,
1403,shaeed rajaii,UAE,84145990,"61,162","1,456,135",,,,,
1403,shaeed rajaii,UAE,84138190,"529,960","1,448,003",,,,,
1403,shaeed rajaii,UAE,85171810,"34,462","1,444,816",,,,,
1403,shaeed rajaii,UAE,73064010,"885,399","1,440,387",,,,,
1403,shaeed rajaii,UAE,85319000,"37,171","1,425,285",,,,,
1403,shaeed rajaii,UAE,29231020,"1,503,000","1,422,360",,,,,
1403,shaeed rajaii,UAE,87089421,"127,451","1,414,424",,,,,
1403,shaeed rajaii,UAE,87051010,"547,660","1,405,005",,,,,
1403,shaeed rajaii,UAE,84822000,"186,698","1,399,556",,,,,
1403,shaeed rajaii,UAE,72221100,"970,097","1,398,895",,,,,
1403,shaeed rajaii,UAE,84481110,"225,719","1,392,320",,,,,
1403,shaeed rajaii,UAE,85044050,"44,273","1,391,043",,,,,
1403,shaeed rajaii,UAE,72029930,"850,291","1,387,789",,,,,
1403,shaeed rajaii,UAE,37079020,"273,169","1,386,979",,,,,
1403,shaeed rajaii,UAE,72254090,"251,566","1,386,359",,,,,
1403,shaeed rajaii,UAE,84253120,"250,100","1,385,802",,,,,
1403,shaeed rajaii,UAE,84158200,"197,628","1,385,002",,,,,
1403,shaeed rajaii,UAE,84195090,"127,531","1,375,360",,,,,
1403,shaeed rajaii,UAE,28152000,"1,032,000","1,375,273",,,,,
1403,shaeed rajaii,UAE,84143030,"124,874","1,364,157",,,,,
1403,shaeed rajaii,UAE,35040000,"328,200","1,357,685",,,,,
1403,shaeed rajaii,UAE,85099000,"95,089","1,357,354",,,,,
1403,shaeed rajaii,UAE,39033000,"603,000","1,350,911",,,,,
1403,shaeed rajaii,UAE,21061010,"45,130","1,350,736",,,,,
1403,shaeed rajaii,UAE,29025000,"1,040,700","1,339,105",,,,,
1403,shaeed rajaii,UAE,44089010,"406,634","1,339,013",,,,,
1403,shaeed rajaii,UAE,29362210,"24,920","1,336,571",,,,,
1403,shaeed rajaii,UAE,29171400,"1,153,000","1,328,657",,,,,
1403,shaeed rajaii,UAE,84814000,"15,325","1,320,404",,,,,
1403,shaeed rajaii,UAE,90312000,"23,912","1,318,590",,,,,
1403,shaeed rajaii,UAE,40023900,"490,440","1,318,436",,,,,
1403,shaeed rajaii,UAE,29222990,"70,848","1,314,333",,,,,
1403,shaeed rajaii,UAE,96020020,"53,989","1,310,649",,,,,
1403,shaeed rajaii,UAE,29414000,"21,750","1,302,397",,,,,
1403,shaeed rajaii,UAE,82121000,"70,601","1,300,515",,,,,
1403,shaeed rajaii,UAE,27101990,"281,624","1,300,356",,,,,
1403,shaeed rajaii,UAE,90272000,"2,167","1,296,163",,,,,
1403,shaeed rajaii,UAE,39023099,"347,650","1,290,551",,,,,
1403,shaeed rajaii,UAE,84472000,"81,988","1,284,271",,,,,
1403,shaeed rajaii,UAE,85182990,"353,224","1,281,351",,,,,
1403,shaeed rajaii,UAE,39069091,"249,526","1,281,341",,,,,
1403,shaeed rajaii,UAE,87082910,"132,778","1,277,522",,,,,
1403,shaeed rajaii,UAE,55049000,"600,842","1,273,410",,,,,
1403,shaeed rajaii,UAE,26100090,"2,018,000","1,269,904",,,,,
1403,shaeed rajaii,UAE,90221320,771,"1,266,015",,,,,
1403,shaeed rajaii,UAE,85272100,"43,976","1,263,614",,,,,
1403,shaeed rajaii,UAE,84213990,"60,167","1,262,381",,,,,
1403,shaeed rajaii,UAE,85176130,"34,468","1,262,144",,,,,
1403,shaeed rajaii,UAE,85340000,"31,489","1,261,547",,,,,
1403,shaeed rajaii,UAE,38013000,"1,584,620","1,260,216",,,,,
1403,shaeed rajaii,UAE,85183010,"18,405","1,255,986",,,,,
1403,shaeed rajaii,UAE,7133590,"1,051,695","1,254,735",,,,,
1403,shaeed rajaii,UAE,84839000,"94,395","1,252,015",,,,,
1403,shaeed rajaii,UAE,29419010,"16,140","1,248,689",,,,,
1403,shaeed rajaii,UAE,39092090,"371,350","1,247,279",,,,,
1403,shaeed rajaii,UAE,84463000,"308,602","1,246,199",,,,,
1403,shaeed rajaii,UAE,85021290,"164,193","1,246,125",,,,,
1403,shaeed rajaii,UAE,84433100,"66,481","1,245,456",,,,,
1403,shaeed rajaii,UAE,98842700,"192,600","1,243,978",,,,,
1403,shaeed rajaii,UAE,31010010,"337,428","1,241,912",,,,,
1403,shaeed rajaii,UAE,85030030,"211,251","1,234,276",,,,,
1403,shaeed rajaii,UAE,20083010,"850,140","1,232,168",,,,,
1403,shaeed rajaii,UAE,84099180,"4,793","1,229,853",,,,,
1403,shaeed rajaii,UAE,32041310,"120,600","1,220,912",,,,,
1403,shaeed rajaii,UAE,29213030,"198,265","1,219,331",,,,,
1403,shaeed rajaii,UAE,83014090,"358,263","1,217,338",,,,,
1403,shaeed rajaii,UAE,29213020,"214,400","1,214,852",,,,,
1403,shaeed rajaii,UAE,86040000,"45,100","1,205,855",,,,,
1403,shaeed rajaii,UAE,25199020,"3,000,000","1,205,721",,,,,
1403,shaeed rajaii,UAE,84834010,"73,094","1,204,661",,,,,
1403,shaeed rajaii,UAE,73045100,"186,344","1,204,156",,,,,
1403,shaeed rajaii,UAE,38140000,"620,043","1,201,932",,,,,
1403,shaeed rajaii,UAE,29395900,"23,265","1,197,904",,,,,
1403,shaeed rajaii,UAE,48119090,"356,321","1,194,908",,,,,
1403,shaeed rajaii,UAE,85241200,"94,573","1,186,275",,,,,
1403,shaeed rajaii,UAE,32089030,"140,888","1,186,171",,,,,
1403,shaeed rajaii,UAE,20082090,"673,246","1,176,263",,,,,
1403,shaeed rajaii,UAE,34024990,"327,330","1,174,571",,,,,
1403,shaeed rajaii,UAE,37021000,"36,246","1,174,290",,,,,
1403,shaeed rajaii,UAE,29232010,"528,650","1,173,050",,,,,
1403,shaeed rajaii,UAE,23099020,"371,000","1,171,400",,,,,
1403,shaeed rajaii,UAE,84659100,"284,240","1,170,486",,,,,
1403,shaeed rajaii,UAE,84624200,"55,000","1,170,003",,,,,
1403,shaeed rajaii,UAE,39199090,"431,970","1,165,057",,,,,
1403,shaeed rajaii,UAE,29309090,"250,275","1,154,283",,,,,
1403,shaeed rajaii,UAE,37019930,"108,147","1,148,711",,,,,
1403,shaeed rajaii,UAE,25291000,"7,306,620","1,141,957",,,,,
1403,shaeed rajaii,UAE,76061290,"396,285","1,141,048",,,,,
1403,shaeed rajaii,UAE,31056000,"586,000","1,136,100",,,,,
1403,shaeed rajaii,UAE,39069010,"422,912","1,135,244",,,,,
1403,shaeed rajaii,UAE,39181090,"1,082,931","1,131,168",,,,,
1403,shaeed rajaii,UAE,73051100,"978,789","1,130,315",,,,,
1403,shaeed rajaii,UAE,72155000,"2,706,786","1,129,245",,,,,
1403,shaeed rajaii,UAE,35030000,"122,602","1,122,639",,,,,
1403,shaeed rajaii,UAE,90314900,"46,391","1,117,352",,,,,
1403,shaeed rajaii,UAE,70101010,"72,284","1,115,908",,,,,
1403,shaeed rajaii,UAE,74032900,"84,000","1,115,366",,,,,
1403,shaeed rajaii,UAE,72024990,"380,000","1,112,966",,,,,
1403,shaeed rajaii,UAE,84261200,"152,200","1,144,038",,,,,
1403,shaeed rajaii,UAE,53101000,"988,699","1,108,366",,,,,
1403,shaeed rajaii,UAE,87089329,"214,361","1,105,500",,,,,
1403,shaeed rajaii,UAE,73065010,"73,220","1,102,144",,,,,
1403,shaeed rajaii,UAE,27040010,"3,569,758","1,101,226",,,,,
1403,shaeed rajaii,UAE,21069020,"302,500","1,098,911",,,,,
1403,shaeed rajaii,UAE,21033000,"171,000","1,097,814",,,,,
1403,shaeed rajaii,UAE,98870434,"102,915","1,097,014",,,,,
1403,shaeed rajaii,UAE,28332950,"450,000","1,095,250",,,,,
1403,shaeed rajaii,UAE,32121000,"143,601","1,093,965",,,,,
1403,shaeed rajaii,UAE,90184991,"7,373","1,093,839",,,,,
1403,shaeed rajaii,UAE,84553000,"231,484","1,090,640",,,,,
1403,shaeed rajaii,UAE,28353100,"388,000","1,090,238",,,,,
1403,shaeed rajaii,UAE,51052900,"212,482","1,085,375",,,,,
1403,shaeed rajaii,UAE,12119055,"455,000","1,085,176",,,,,
1403,shaeed rajaii,UAE,29362820,"85,000","1,082,870",,,,,
1403,shaeed rajaii,UAE,29393000,"71,017","1,074,756",,,,,
1403,shaeed rajaii,UAE,38089221,"192,900","1,073,057",,,,,
1403,shaeed rajaii,UAE,73181590,"657,645","1,067,326",,,,,
1403,shaeed rajaii,UAE,39059910,"66,025","1,066,664",,,,,
1403,shaeed rajaii,UAE,39059930,"184,780","1,065,868",,,,,
1403,shaeed rajaii,UAE,90011019,"58,032","1,065,147",,,,,
1403,shaeed rajaii,UAE,29329990,"71,761","1,064,340",,,,,
1403,shaeed rajaii,UAE,84672100,"172,450","1,062,178",,,,,
1403,shaeed rajaii,UAE,40012200,"564,480","1,058,983",,,,,
1403,shaeed rajaii,UAE,30021230,"1,091","1,053,127",,,,,
1403,shaeed rajaii,UAE,72202000,"477,727","1,053,104",,,,,
1403,shaeed rajaii,UAE,29071310,"492,400","1,048,035",,,,,
1403,shaeed rajaii,UAE,82071300,"43,719","1,042,576",,,,,
1403,shaeed rajaii,UAE,84189940,"61,358","1,041,948",,,,,
1403,shaeed rajaii,UAE,12119099,"439,567","1,035,833",,,,,
1403,shaeed rajaii,UAE,87084020,"77,516","1,034,517",,,,,
1403,shaeed rajaii,UAE,72222000,"465,649","1,030,644",,,,,
1403,shaeed rajaii,UAE,87012100,"87,540","1,030,109",,,,,
1403,shaeed rajaii,UAE,84099120,"10,590","1,030,097",,,,,
1403,shaeed rajaii,UAE,51012110,"288,407","1,023,500",,,,,
1403,shaeed rajaii,UAE,38099200,"663,350","1,014,944",,,,,
1403,shaeed rajaii,UAE,84159090,"241,576","1,014,438",,,,,
1403,shaeed rajaii,UAE,28183090,"1,818,600","1,010,875",,,,,
1403,shaeed rajaii,UAE,8031000,"1,666,212","1,010,656",,,,,
1403,shaeed rajaii,UAE,73121090,"353,869","1,009,042",,,,,
1403,shaeed rajaii,UAE,29371990,200,"1,006,831",,,,,
1403,shaeed rajaii,UAE,75052100,"25,000","1,005,567",,,,,
1403,shaeed rajaii,UAE,87021000,"77,800","1,005,213",,,,,
1403,shaeed rajaii,UAE,39239090,"325,663","1,003,941",,,,,
1403,shaeed rajaii,UAE,29161900,"202,035","1,003,659",,,,,
1403,shaeed rajaii,UAE,84624900,"9,551","1,002,708",,,,,
1403,shaeed rajaii,UAE,84212320,"48,332","997,923",,,,,
1403,shaeed rajaii,UAE,40151200,"85,429","997,806",,,,,
1403,shaeed rajaii,UAE,72230000,"326,249","997,789",,,,,
1403,shaeed rajaii,UAE,7133120,"1,060,360","992,379",,,,,
1403,shaeed rajaii,UAE,48041100,"1,376,130","991,341",,,,,
1403,shaeed rajaii,UAE,94019920,"55,279","990,447",,,,,
1403,shaeed rajaii,UAE,38160090,"699,825","986,725",,,,,
1403,shaeed rajaii,UAE,8039010,"2,058,660","980,719",,,,,
1403,shaeed rajaii,UAE,84471200,"135,445","979,203",,,,,
1403,shaeed rajaii,UAE,30043212,"22,128","978,304",,,,,
1403,shaeed rajaii,UAE,28353910,"500,000","976,703",,,,,
1403,shaeed rajaii,UAE,73083090,"62,073","975,099",,,,,
1403,shaeed rajaii,UAE,72191300,"368,857","973,004",,,,,
1403,shaeed rajaii,UAE,48109990,"621,267","971,561",,,,,
1403,shaeed rajaii,UAE,94054210,"166,219","970,232",,,,,
1403,shaeed rajaii,UAE,28092020,"724,800","968,333",,,,,
1403,shaeed rajaii,UAE,85369010,"98,874","965,829",,,,,
1403,shaeed rajaii,UAE,39073030,"324,497","965,320",,,,,
1403,shaeed rajaii,UAE,38089112,"85,675","962,210",,,,,
1403,shaeed rajaii,UAE,29339999,"45,700","960,292",,,,,
1403,shaeed rajaii,UAE,90189087,"2,600","960,258",,,,,
1403,shaeed rajaii,UAE,84254100,"464,133","938,809",,,,,
1403,shaeed rajaii,UAE,85444900,"98,361","936,097",,,,,
1403,shaeed rajaii,UAE,38089323,"125,927","935,359",,,,,
1403,shaeed rajaii,UAE,38151100,"62,150","931,056",,,,,
1403,shaeed rajaii,UAE,85122010,"18,458","920,447",,,,,
1403,shaeed rajaii,UAE,68051090,"59,672","913,594",,,,,
1403,shaeed rajaii,UAE,85269110,"3,475","912,891",,,,,
1403,shaeed rajaii,UAE,40021900,"342,028","910,118",,,,,
1403,shaeed rajaii,UAE,48059110,"310,647","909,733",,,,,
1403,shaeed rajaii,UAE,84295129,"153,900","908,943",,,,,
1403,shaeed rajaii,UAE,84271021,"37,930","907,674",,,,,
1403,shaeed rajaii,UAE,32041190,"189,195","907,554",,,,,
1403,shaeed rajaii,UAE,84222000,830,"904,757",,,,,
1403,shaeed rajaii,UAE,33021090,"78,275","900,338",,,,,
1403,shaeed rajaii,UAE,38249960,"504,200","895,867",,,,,
1403,shaeed rajaii,UAE,90183910,"21,660","895,480",,,,,
1403,shaeed rajaii,UAE,29021900,"285,120","893,332",,,,,
1403,shaeed rajaii,UAE,76061220,"202,484","893,332",,,,,
1403,shaeed rajaii,UAE,70191200,"703,218","891,231",,,,,
1403,shaeed rajaii,UAE,40169300,"86,057","885,510",,,,,
1403,shaeed rajaii,UAE,87088011,"101,274","872,456",,,,,
1403,shaeed rajaii,UAE,29054200,"516,000","872,409",,,,,
1403,shaeed rajaii,UAE,12119035,"280,505","869,592",,,,,
1403,shaeed rajaii,UAE,30069100,"16,064","869,553",,,,,
1403,shaeed rajaii,UAE,68042290,"202,187","866,741",,,,,
1403,shaeed rajaii,UAE,29349990,"10,270","858,943",,,,,
1403,shaeed rajaii,UAE,84841020,"23,259","854,573",,,,,
1403,shaeed rajaii,UAE,53071000,"632,000","852,183",,,,,
1403,shaeed rajaii,UAE,9042290,"561,500","847,784",,,,,
1403,shaeed rajaii,UAE,32082060,"202,560","847,520",,,,,
1403,shaeed rajaii,UAE,29241990,"549,000","843,111",,,,,
1403,shaeed rajaii,UAE,69022090,"573,216","838,941",,,,,
1403,shaeed rajaii,UAE,70199099,"149,668","835,617",,,,,
1403,shaeed rajaii,UAE,32129000,"66,077","834,685",,,,,
1403,shaeed rajaii,UAE,39041020,"480,800","832,744",,,,,
1403,shaeed rajaii,UAE,73045900,"383,194","831,026",,,,,
1403,shaeed rajaii,UAE,90301000,40,"828,865",,,,,
1403,shaeed rajaii,UAE,29335990,"18,980","827,132",,,,,
1403,shaeed rajaii,UAE,48064000,"473,349","825,623",,,,,
1403,shaeed rajaii,UAE,69031090,"251,867","823,236",,,,,
1403,shaeed rajaii,UAE,84414000,"13,600","821,171",,,,,
1403,shaeed rajaii,UAE,29209090,"707,600","819,770",,,,,
1403,shaeed rajaii,UAE,32141000,"237,062","819,283",,,,,
1403,shaeed rajaii,UAE,59031000,"395,742","819,088",,,,,
1403,shaeed rajaii,UAE,72028000,"20,000","816,601",,,,,
1403,shaeed rajaii,UAE,29362810,"41,070","816,338",,,,,
1403,shaeed rajaii,UAE,40070000,"162,617","814,572",,,,,
1403,shaeed rajaii,UAE,85044086,"22,374","814,089",,,,,
1403,shaeed rajaii,UAE,34029020,"256,847","810,341",,,,,
1403,shaeed rajaii,UAE,48102200,"299,306","808,761",,,,,
1403,shaeed rajaii,UAE,73041100,"149,356","808,277",,,,,
1403,shaeed rajaii,UAE,44089090,"177,859","807,761",,,,,
1403,shaeed rajaii,UAE,33029090,"17,975","807,618",,,,,
1403,shaeed rajaii,UAE,21069030,"293,100","805,701",,,,,
1403,shaeed rajaii,UAE,33012990,"20,448","805,567",,,,,
1403,shaeed rajaii,UAE,35030020,"34,089","800,566",,,,,
1403,shaeed rajaii,UAE,29224910,"50,000","796,881",,,,,
1403,shaeed rajaii,UAE,15119020,"660,610","796,332",,,,,
1403,shaeed rajaii,UAE,70200091,"318,132","794,996",,,,,
1403,shaeed rajaii,UAE,29415090,"4,300","793,492",,,,,
1403,shaeed rajaii,UAE,39169090,"208,427","787,657",,,,,
1403,shaeed rajaii,UAE,85102090,"47,926","785,839",,,,,
1403,shaeed rajaii,UAE,28255000,"71,860","784,194",,,,,
1403,shaeed rajaii,UAE,73072100,"69,391","781,193",,,,,
1403,shaeed rajaii,UAE,28332970,"1,122,515","779,328",,,,,
1403,shaeed rajaii,UAE,84133020,"12,906","779,184",,,,,
1403,shaeed rajaii,UAE,85015290,"74,229","774,606",,,,,
1403,shaeed rajaii,UAE,39219091,"199,914","773,841",,,,,
1403,shaeed rajaii,UAE,84143040,"66,337","771,583",,,,,
1403,shaeed rajaii,UAE,29309990,"165,040","767,731",,,,,
1403,shaeed rajaii,UAE,29337990,"5,754","763,905",,,,,
1403,shaeed rajaii,UAE,73059000,"396,313","762,414",,,,,
1403,shaeed rajaii,UAE,84717010,"28,537","759,840",,,,,
1403,shaeed rajaii,UAE,84339090,"59,258","757,769",,,,,
1403,shaeed rajaii,UAE,83024290,"432,233","755,996",,,,,
1403,shaeed rajaii,UAE,84281010,"240,000","755,618",,,,,
1403,shaeed rajaii,UAE,44079900,"908,124","753,344",,,,,
1403,shaeed rajaii,UAE,84295990,"149,628","752,936",,,,,
1403,shaeed rajaii,UAE,84818050,"107,290","746,930",,,,,
1403,shaeed rajaii,UAE,84312090,"365,614","745,347",,,,,
1403,shaeed rajaii,UAE,84313190,"150,412","742,844",,,,,
1403,shaeed rajaii,UAE,7133310,"522,000","740,080",,,,,
1403,shaeed rajaii,UAE,84369100,"128,000","740,014",,,,,
1403,shaeed rajaii,UAE,29362100,"25,815","738,237",,,,,
1403,shaeed rajaii,UAE,20079910,"613,840","736,551",,,,,
1403,shaeed rajaii,UAE,20082010,"687,480","736,398",,,,,
1403,shaeed rajaii,UAE,87088021,"54,895","735,999",,,,,
1403,shaeed rajaii,UAE,72279000,"635,389","733,566",,,,,
1403,shaeed rajaii,UAE,29242940,"85,000","733,480",,,,,
1403,shaeed rajaii,UAE,70191310,"491,923","732,591",,,,,
1403,shaeed rajaii,UAE,85367090,"2,599","730,010",,,,,
1403,shaeed rajaii,UAE,85352120,"34,337","729,271",,,,,
1403,shaeed rajaii,UAE,98871183,"104,045","728,618",,,,,
1403,shaeed rajaii,UAE,84779000,"176,692","726,711",,,,,
1403,shaeed rajaii,UAE,84523000,"10,368","724,313",,,,,
1403,shaeed rajaii,UAE,85163100,"57,371","723,778",,,,,
1403,shaeed rajaii,UAE,85322200,"38,783","722,783",,,,,
1403,shaeed rajaii,UAE,85101000,"17,518","721,869",,,,,
1403,shaeed rajaii,UAE,39076910,"742,000","721,556",,,,,
1403,shaeed rajaii,UAE,28281000,"300,780","720,289",,,,,
1403,shaeed rajaii,UAE,48232000,"235,591","720,016",,,,,
1403,shaeed rajaii,UAE,90191050,"60,818","718,044",,,,,
1403,shaeed rajaii,UAE,90211010,"1,003","711,359",,,,,
1403,shaeed rajaii,UAE,13021900,"16,290","708,805",,,,,
1403,shaeed rajaii,UAE,84248910,"229,057","707,779",,,,,
1403,shaeed rajaii,UAE,86072100,"44,440","705,380",,,,,
1403,shaeed rajaii,UAE,84186920,"174,936","700,419",,,,,
1403,shaeed rajaii,UAE,39201020,"226,467","690,831",,,,,
1403,shaeed rajaii,UAE,39219099,"317,476","690,593",,,,,
1403,shaeed rajaii,UAE,29159020,"162,000","689,467",,,,,
1403,shaeed rajaii,UAE,84813000,"32,128","685,468",,,,,
1403,shaeed rajaii,UAE,84819030,"186,607","684,102",,,,,
1403,shaeed rajaii,UAE,29362600,"19,890","682,267",,,,,
1403,shaeed rajaii,UAE,38123940,"57,760","672,477",,,,,
1403,shaeed rajaii,UAE,84295211,"104,270","669,790",,,,,
1403,shaeed rajaii,UAE,25161100,"1,525,545","665,628",,,,,
1403,shaeed rajaii,UAE,44111411,"2,012,469","664,948",,,,,
1403,shaeed rajaii,UAE,73072300,"255,231","664,902",,,,,
1403,shaeed rajaii,UAE,84532000,"300,105","662,682",,,,,
1403,shaeed rajaii,UAE,87089921,"15,767","660,118",,,,,
1403,shaeed rajaii,UAE,35079000,"101,575","659,721",,,,,
1403,shaeed rajaii,UAE,62059000,"10,124","656,292",,,,,
1403,shaeed rajaii,UAE,29163930,"54,187","655,821",,,,,
1403,shaeed rajaii,UAE,29211990,"174,450","654,989",,,,,
1403,shaeed rajaii,UAE,29054420,"387,500","652,581",,,,,
1403,shaeed rajaii,UAE,73063020,"583,565","651,968",,,,,
1403,shaeed rajaii,UAE,70099100,"5,501","651,920",,,,,
1403,shaeed rajaii,UAE,32064990,"90,150","648,292",,,,,
1403,shaeed rajaii,UAE,85015210,"25,225","647,510",,,,,
1403,shaeed rajaii,UAE,82071900,"152,354","647,444",,,,,
1403,shaeed rajaii,UAE,34039990,"157,795","647,207",,,,,
1403,shaeed rajaii,UAE,84733010,"109,345","645,135",,,,,
1403,shaeed rajaii,UAE,15159090,"25,670","644,006",,,,,
1403,shaeed rajaii,UAE,85044030,"14,877","641,688",,,,,
1403,shaeed rajaii,UAE,13023200,"294,500","640,498",,,,,
1403,shaeed rajaii,UAE,38089123,"100,090","640,153",,,,,
1403,shaeed rajaii,UAE,90262000,"13,847","634,801",,,,,
1403,shaeed rajaii,UAE,48119050,"172,797","634,179",,,,,
1403,shaeed rajaii,UAE,75062000,"11,801","632,919",,,,,
1403,shaeed rajaii,UAE,7135090,"847,318","631,890",,,,,
1403,shaeed rajaii,UAE,90278950,"5,900","631,639",,,,,
1403,shaeed rajaii,UAE,74112100,"55,572","631,311",,,,,
1403,shaeed rajaii,UAE,85177900,"1,754","627,199",,,,,
1403,shaeed rajaii,UAE,39094090,"356,500","626,836",,,,,
1403,shaeed rajaii,UAE,84292021,"48,840","625,393",,,,,
1403,shaeed rajaii,UAE,44029000,"532,300","622,844",,,,,
1403,shaeed rajaii,UAE,39262010,"89,851","622,575",,,,,
1403,shaeed rajaii,UAE,39211200,"294,547","622,117",,,,,
1403,shaeed rajaii,UAE,84649000,"13,273","621,600",,,,,
1403,shaeed rajaii,UAE,87081010,"66,164","619,313",,,,,
1403,shaeed rajaii,UAE,30059030,"4,516","617,044",,,,,
1403,shaeed rajaii,UAE,84119910,"1,574","614,081",,,,,
1403,shaeed rajaii,UAE,84133090,"31,143","612,842",,,,,
1403,shaeed rajaii,UAE,29072300,"358,000","612,306",,,,,
1403,shaeed rajaii,UAE,29054990,"237,000","609,333",,,,,
1403,shaeed rajaii,UAE,29269090,"61,500","607,588",,,,,
1403,shaeed rajaii,UAE,85446020,"84,480","607,217",,,,,
1403,shaeed rajaii,UAE,17011400,"996,000","606,400",,,,,
1403,shaeed rajaii,UAE,68042100,"18,932","605,696",,,,,
1403,shaeed rajaii,UAE,31051090,"125,638","605,619",,,,,
1403,shaeed rajaii,UAE,39011090,"204,250","604,307",,,,,
1403,shaeed rajaii,UAE,96084000,"29,606","603,528",,,,,
1403,shaeed rajaii,UAE,55031900,"200,928","603,455",,,,,
1403,shaeed rajaii,UAE,85369090,"45,696","601,586",,,,,
1403,shaeed rajaii,UAE,39123190,"75,600","600,868",,,,,
1403,shaeed rajaii,UAE,84662000,"105,807","600,654",,,,,
1403,shaeed rajaii,UAE,21069050,"39,300","600,369",,,,,
1403,shaeed rajaii,UAE,85015390,"50,170","599,474",,,,,
1403,shaeed rajaii,UAE,81089000,"43,440","598,178",,,,,
1403,shaeed rajaii,UAE,84099920,"34,882","594,408",,,,,
1403,shaeed rajaii,UAE,39089090,"210,670","592,006",,,,,
1403,shaeed rajaii,UAE,76071990,"156,425","589,618",,,,,
1403,shaeed rajaii,UAE,39122000,"160,000","589,300",,,,,
1403,shaeed rajaii,UAE,29242950,"45,000","587,567",,,,,
1403,shaeed rajaii,UAE,96121000,"38,840","587,359",,,,,
1403,shaeed rajaii,UAE,29412000,"24,350","584,172",,,,,
1403,shaeed rajaii,UAE,48024000,"238,250","584,072",,,,,
1403,shaeed rajaii,UAE,95069190,"189,806","582,647",,,,,
1403,shaeed rajaii,UAE,84091000,"16,389","582,076",,,,,
1403,shaeed rajaii,UAE,39206200,"257,996","581,294",,,,,
1403,shaeed rajaii,UAE,31026010,"716,000","579,958",,,,,
1403,shaeed rajaii,UAE,28332990,"19,025","579,120",,,,,
1403,shaeed rajaii,UAE,85073000,"50,998","574,973",,,,,
1403,shaeed rajaii,UAE,73049000,"119,380","574,969",,,,,
1403,shaeed rajaii,UAE,29221990,"84,545","574,046",,,,,
1403,shaeed rajaii,UAE,34039910,"126,410","573,909",,,,,
1403,shaeed rajaii,UAE,84633000,"106,069","573,290",,,,,
1403,shaeed rajaii,UAE,29054300,"101,500","572,970",,,,,
1403,shaeed rajaii,UAE,84431100,"128,500","572,665",,,,,
1403,shaeed rajaii,UAE,94016900,"40,450","572,656",,,,,
1403,shaeed rajaii,UAE,59113200,"17,387","572,021",,,,,
1403,shaeed rajaii,UAE,84212910,"26,629","571,823",,,,,
1403,shaeed rajaii,UAE,29341000,"186,350","569,121",,,,,
1403,shaeed rajaii,UAE,28417000,"18,000","568,552",,,,,
1403,shaeed rajaii,UAE,70109010,"115,580","568,107",,,,,
1403,shaeed rajaii,UAE,30024990,"3,290","566,159",,,,,
1403,shaeed rajaii,UAE,84145960,"27,312","565,009",,,,,
1403,shaeed rajaii,UAE,96089910,"48,201","564,757",,,,,
1403,shaeed rajaii,UAE,29214490,"106,400","564,006",,,,,
1403,shaeed rajaii,UAE,29331100,"8,860","563,507",,,,,
1403,shaeed rajaii,UAE,30051020,"34,447","562,683",,,,,
1403,shaeed rajaii,UAE,84135020,"169,894","561,208",,,,,
1403,shaeed rajaii,UAE,84336090,"31,323","561,191",,,,,
1403,shaeed rajaii,UAE,85432000,"31,255","560,000",,,,,
1403,shaeed rajaii,UAE,29262000,"120,000","557,853",,,,,
1403,shaeed rajaii,UAE,34031990,"65,528","556,637",,,,,
1403,shaeed rajaii,UAE,28030000,"105,030","556,083",,,,,
1403,shaeed rajaii,UAE,39021010,"346,000","555,870",,,,,
1403,shaeed rajaii,UAE,85364990,"5,571","554,007",,,,,
1403,shaeed rajaii,UAE,48052490,"982,162","553,453",,,,,
1403,shaeed rajaii,UAE,83099020,"56,486","550,494",,,,,
1403,shaeed rajaii,UAE,84099960,"24,696","550,141",,,,,
1403,shaeed rajaii,UAE,29096090,"69,670","548,097",,,,,
1403,shaeed rajaii,UAE,39204390,"317,812","547,024",,,,,
1403,shaeed rajaii,UAE,48026100,"622,228","545,165",,,,,
1403,shaeed rajaii,UAE,82130000,"134,554","543,282",,,,,
1403,shaeed rajaii,UAE,84833000,"13,048","542,088",,,,,
1403,shaeed rajaii,UAE,72192400,"178,350","539,667",,,,,
1403,shaeed rajaii,UAE,84807900,"67,110","539,204",,,,,
1403,shaeed rajaii,UAE,29362400,"39,020","537,154",,,,,
1403,shaeed rajaii,UAE,84148065,"185,834","536,682",,,,,
1403,shaeed rajaii,UAE,40113000,"24,263","536,455",,,,,
1403,shaeed rajaii,UAE,85118090,"7,498","536,398",,,,,
1403,shaeed rajaii,UAE,38061000,"263,700","535,889",,,,,
1403,shaeed rajaii,UAE,74062000,"35,200","532,678",,,,,
1403,shaeed rajaii,UAE,28365000,"430,450","531,428",,,,,
1403,shaeed rajaii,UAE,84198100,"23,943","530,607",,,,,
1403,shaeed rajaii,UAE,85407100,"35,463","529,200",,,,,
1403,shaeed rajaii,UAE,52114200,"127,950","529,077",,,,,
1403,shaeed rajaii,UAE,48043110,"151,785","526,193",,,,,
1403,shaeed rajaii,UAE,84211990,"29,977","524,859",,,,,
1403,shaeed rajaii,UAE,84715090,"5,195","524,846",,,,,
1403,shaeed rajaii,UAE,31043000,"376,088","521,182",,,,,
1403,shaeed rajaii,UAE,85182200,"33,436","519,628",,,,,
1403,shaeed rajaii,UAE,38249940,"100,100","519,020",,,,,
1403,shaeed rajaii,UAE,90221440,"6,622","518,080",,,,,
1403,shaeed rajaii,UAE,29161300,"207,200","516,993",,,,,
1403,shaeed rajaii,UAE,48089000,"222,474","513,831",,,,,
1403,shaeed rajaii,UAE,85016490,"209,330","513,170",,,,,
1403,shaeed rajaii,UAE,73090000,"60,728","512,767",,,,,
1403,shaeed rajaii,UAE,72223000,"301,835","512,316",,,,,
1403,shaeed rajaii,UAE,73043100,"348,872","512,281",,,,,
1403,shaeed rajaii,UAE,28334000,"281,000","511,571",,,,,
1403,shaeed rajaii,UAE,84749090,"59,109","511,210",,,,,
1403,shaeed rajaii,UAE,90221990,"1,878","509,190",,,,,
1403,shaeed rajaii,UAE,72082600,"614,000","507,420",,,,,
1403,shaeed rajaii,UAE,29072200,"41,625","505,318",,,,,
1403,shaeed rajaii,UAE,85321000,"45,055","504,126",,,,,
1403,shaeed rajaii,UAE,73066110,"212,965","503,878",,,,,
1403,shaeed rajaii,UAE,90183915,"70,090","503,742",,,,,
1403,shaeed rajaii,UAE,24013000,"257,400","503,252",,,,,
1403,shaeed rajaii,UAE,87087029,"80,429","498,783",,,,,
1403,shaeed rajaii,UAE,90183921,"5,021","495,727",,,,,
1403,shaeed rajaii,UAE,84419000,"113,680","495,308",,,,,
1403,shaeed rajaii,UAE,82023900,"132,673","493,347",,,,,
1403,shaeed rajaii,UAE,90192090,"27,535","492,390",,,,,
1403,shaeed rajaii,UAE,76129090,"5,260","491,093",,,,,
1403,shaeed rajaii,UAE,15162020,"80,000","489,158",,,,,
1403,shaeed rajaii,UAE,38160010,"340,500","487,674",,,,,
1403,shaeed rajaii,UAE,39202020,"187,225","485,552",,,,,
1403,shaeed rajaii,UAE,85122020,"22,383","484,300",,,,,
1403,shaeed rajaii,UAE,84671990,"37,301","484,054",,,,,
1403,shaeed rajaii,UAE,84773000,"26,652","482,744",,,,,
1403,shaeed rajaii,UAE,87084040,"69,457","481,248",,,,,
1403,shaeed rajaii,UAE,85365090,"9,218","479,351",,,,,
1403,shaeed rajaii,UAE,84452000,"86,869","478,081",,,,,
1403,shaeed rajaii,UAE,40022000,"175,192","478,053",,,,,
1403,shaeed rajaii,UAE,87085039,"77,940","476,400",,,,,
1403,shaeed rajaii,UAE,48062000,"214,657","475,291",,,,,
1403,shaeed rajaii,UAE,85234990,"7,034","474,211",,,,,
1403,shaeed rajaii,UAE,29212190,"209,900","472,868",,,,,
1403,shaeed rajaii,UAE,39119090,"108,100","472,199",,,,,
1403,shaeed rajaii,UAE,38151990,"35,990","472,178",,,,,
1403,shaeed rajaii,UAE,76061240,"49,778","471,798",,,,,
1403,shaeed rajaii,UAE,38062000,"276,200","471,161",,,,,
1403,shaeed rajaii,UAE,84051090,"67,905","470,931",,,,,
1403,shaeed rajaii,UAE,72249000,"1,336,804","470,558",,,,,
1403,shaeed rajaii,UAE,32041290,"7,650","470,061",,,,,
1403,shaeed rajaii,UAE,72024910,"54,000","469,913",,,,,
1403,shaeed rajaii,UAE,84819020,"93,310","469,411",,,,,
1403,shaeed rajaii,UAE,28299010,"8,200","468,649",,,,,
1403,shaeed rajaii,UAE,15153000,"210,600","468,344",,,,,
1403,shaeed rajaii,UAE,29146200,"1,281","466,288",,,,,
1403,shaeed rajaii,UAE,28259000,"83,200","465,415",,,,,
1403,shaeed rajaii,UAE,38099100,"199,655","465,326",,,,,
1403,shaeed rajaii,UAE,59100090,"182,065","464,602",,,,,
1403,shaeed rajaii,UAE,13012000,"62,120","463,655",,,,,
1403,shaeed rajaii,UAE,39204990,"171,329","463,406",,,,,
1403,shaeed rajaii,UAE,73269040,"5,512","460,518",,,,,
1403,shaeed rajaii,UAE,31010020,"58,325","460,161",,,,,
1403,shaeed rajaii,UAE,28363090,"696,000","458,952",,,,,
1403,shaeed rajaii,UAE,84219900,"112,060","456,457",,,,,
1403,shaeed rajaii,UAE,85087000,"75,072","454,611",,,,,
1403,shaeed rajaii,UAE,21069080,"18,180","454,246",,,,,
1403,shaeed rajaii,UAE,48053000,"403,334","453,326",,,,,
1403,shaeed rajaii,UAE,90273020,"1,760","447,056",,,,,
1403,shaeed rajaii,UAE,73181490,"245,362","445,395",,,,,
1403,shaeed rajaii,UAE,48191000,"173,201","444,781",,,,,
1403,shaeed rajaii,UAE,29239090,"45,350","444,362",,,,,
1403,shaeed rajaii,UAE,37029710,"6,880","443,948",,,,,
1403,shaeed rajaii,UAE,31054000,"342,000","443,831",,,,,
1403,shaeed rajaii,UAE,84733020,"143,449","443,767",,,,,
1403,shaeed rajaii,UAE,48221000,"228,710","442,479",,,,,
1403,shaeed rajaii,UAE,28111990,"180,025","440,895",,,,,
1403,shaeed rajaii,UAE,39203000,"113,351","440,775",,,,,
1403,shaeed rajaii,UAE,39232120,"63,501","440,516",,,,,
1403,shaeed rajaii,UAE,85114010,"88,589","437,978",,,,,
1403,shaeed rajaii,UAE,48045100,"474,109","434,038",,,,,
1403,shaeed rajaii,UAE,40026000,"201,940","433,793",,,,,
1403,shaeed rajaii,UAE,44111499,"1,343,272","432,686",,,,,
1403,shaeed rajaii,UAE,72163300,"530,522","432,181",,,,,
1403,shaeed rajaii,UAE,84462100,"175,999","431,351",,,,,
1403,shaeed rajaii,UAE,85014090,"58,121","430,688",,,,,
1403,shaeed rajaii,UAE,75052200,"12,360","429,290",,,,,
1403,shaeed rajaii,UAE,85399030,"61,694","428,794",,,,,
1403,shaeed rajaii,UAE,28170019,"13,220","425,368",,,,,
1403,shaeed rajaii,UAE,85171410,"3,733","424,780",,,,,
1403,shaeed rajaii,UAE,85129010,"111,510","423,286",,,,,
1403,shaeed rajaii,UAE,84371000,"74,227","422,685",,,,,
1403,shaeed rajaii,UAE,39199050,"147,365","422,476",,,,,
1403,shaeed rajaii,UAE,72192200,"115,777","420,010",,,,,
1403,shaeed rajaii,UAE,28353990,"118,060","419,832",,,,,
1403,shaeed rajaii,UAE,84774000,"88,960","419,814",,,,,
1403,shaeed rajaii,UAE,84828000,"32,784","418,880",,,,,
1403,shaeed rajaii,UAE,90292022,544,"417,912",,,,,
1403,shaeed rajaii,UAE,85371040,"9,609","416,847",,,,,
1403,shaeed rajaii,UAE,29411090,"9,000","415,833",,,,,
1403,shaeed rajaii,UAE,29214290,"49,645","415,351",,,,,
1403,shaeed rajaii,UAE,29362500,"15,053","415,291",,,,,
1403,shaeed rajaii,UAE,90322000,"24,016","415,017",,,,,
1403,shaeed rajaii,UAE,29151100,"470,800","412,046",,,,,
1403,shaeed rajaii,UAE,32071020,"36,340","411,997",,,,,
1403,shaeed rajaii,UAE,38029090,"23,400","411,041",,,,,
1403,shaeed rajaii,UAE,84812090,"90,668","408,718",,,,,
1403,shaeed rajaii,UAE,29121900,"156,120","408,348",,,,,
1403,shaeed rajaii,UAE,84841090,"117,227","408,061",,,,,
1403,shaeed rajaii,UAE,39219020,"162,328","407,765",,,,,
1403,shaeed rajaii,UAE,29062100,"201,600","407,077",,,,,
1403,shaeed rajaii,UAE,20094910,"135,000","406,786",,,,,
1403,shaeed rajaii,UAE,96039090,"94,679","404,609",,,,,
1403,shaeed rajaii,UAE,84099150,"27,884","404,291",,,,,
1403,shaeed rajaii,UAE,38089122,"14,800","403,503",,,,,
1403,shaeed rajaii,UAE,84718090,"5,436","403,338",,,,,
1403,shaeed rajaii,UAE,29109000,"117,880","403,160",,,,,
1403,shaeed rajaii,UAE,85185000,"43,150","403,129",,,,,
1403,shaeed rajaii,UAE,29321200,"249,600","401,857",,,,,
1403,shaeed rajaii,UAE,27075000,"266,040","400,498",,,,,
1403,shaeed rajaii,UAE,84836000,"52,690","399,011",,,,,
1403,shaeed rajaii,UAE,55013000,"189,465","399,001",,,,,
1403,shaeed rajaii,UAE,38237090,"190,970","398,878",,,,,
1403,shaeed rajaii,UAE,29153100,"277,600","398,505",,,,,
1403,shaeed rajaii,UAE,94059930,"89,492","398,143",,,,,
1403,shaeed rajaii,UAE,15211010,"36,000","397,571",,,,,
1403,shaeed rajaii,UAE,29389000,"5,077","395,697",,,,,
1403,shaeed rajaii,UAE,31042000,"647,995","393,474",,,,,
1403,shaeed rajaii,UAE,40101900,"133,899","392,492",,,,,
1403,shaeed rajaii,UAE,29415010,"3,350","389,450",,,,,
1403,shaeed rajaii,UAE,29221710,"165,760","389,223",,,,,
1403,shaeed rajaii,UAE,39235000,"38,280","388,850",,,,,
1403,shaeed rajaii,UAE,73261900,"50,420","387,553",,,,,
1403,shaeed rajaii,UAE,39211390,"179,241","385,104",,,,,
1403,shaeed rajaii,UAE,90072000,"5,370","384,720",,,,,
1403,shaeed rajaii,UAE,32159090,"85,998","384,701",,,,,
1403,shaeed rajaii,UAE,39209990,"103,236","384,317",,,,,
1403,shaeed rajaii,UAE,91021900,"4,171","383,525",,,,,
1403,shaeed rajaii,UAE,59039090,"134,927","383,250",,,,,
1403,shaeed rajaii,UAE,72125090,"149,225","382,513",,,,,
1403,shaeed rajaii,UAE,29155000,"165,000","382,486",,,,,
1403,shaeed rajaii,UAE,84137020,"18,500","381,683",,,,,
1403,shaeed rajaii,UAE,34023910,"212,502","381,249",,,,,
1403,shaeed rajaii,UAE,84136030,"18,033","380,416",,,,,
1403,shaeed rajaii,UAE,72173010,"299,000","378,611",,,,,
1403,shaeed rajaii,UAE,84797900,"17,760","378,214",,,,,
1403,shaeed rajaii,UAE,84672920,"60,846","377,585",,,,,
1403,shaeed rajaii,UAE,76012000,"73,000","375,227",,,,,
1403,shaeed rajaii,UAE,38122090,"73,000","374,735",,,,,
1403,shaeed rajaii,UAE,28311000,"165,000","372,785",,,,,
1403,shaeed rajaii,UAE,84678990,"52,557","372,603",,,,,
1403,shaeed rajaii,UAE,85362090,"8,408","372,243",,,,,
1403,shaeed rajaii,UAE,35061010,"110,500","369,392",,,,,
1403,shaeed rajaii,UAE,85015310,"33,040","364,712",,,,,
1403,shaeed rajaii,UAE,39032000,"200,000","364,010",,,,,
1403,shaeed rajaii,UAE,29144000,"126,900","363,624",,,,,
1403,shaeed rajaii,UAE,29181100,"218,510","360,434",,,,,
1403,shaeed rajaii,UAE,85299040,"29,431","359,951",,,,,
1403,shaeed rajaii,UAE,28352900,"122,600","359,416",,,,,
1403,shaeed rajaii,UAE,73042400,"336,895","358,581",,,,,
1403,shaeed rajaii,UAE,40092100,"126,429","357,273",,,,,
1403,shaeed rajaii,UAE,85279100,"19,260","356,280",,,,,
1403,shaeed rajaii,UAE,35069190,"59,779","355,799",,,,,
1403,shaeed rajaii,UAE,84213100,"46,962","355,414",,,,,
1403,shaeed rajaii,UAE,85044040,"9,123","354,893",,,,,
1403,shaeed rajaii,UAE,48052410,"608,342","354,714",,,,,
1403,shaeed rajaii,UAE,28220000,"20,000","353,162",,,,,
1403,shaeed rajaii,UAE,85366990,"7,913","352,827",,,,,
1403,shaeed rajaii,UAE,40101100,"183,100","352,458",,,,,
1403,shaeed rajaii,UAE,29252910,"64,000","351,820",,,,,
1403,shaeed rajaii,UAE,94059200,"57,093","351,552",,,,,
1403,shaeed rajaii,UAE,84831010,"16,406","349,617",,,,,
1403,shaeed rajaii,UAE,85051100,"43,397","349,358",,,,,
1403,shaeed rajaii,UAE,90261010,"3,623","348,816",,,,,
1403,shaeed rajaii,UAE,84244100,"95,141","348,300",,,,,
1403,shaeed rajaii,UAE,72085190,"282,240","348,131",,,,,
1403,shaeed rajaii,UAE,38089419,"101,920","346,527",,,,,
1403,shaeed rajaii,UAE,73170000,"213,358","346,415",,,,,
1403,shaeed rajaii,UAE,29339920,"5,000","345,999",,,,,
1403,shaeed rajaii,UAE,72103000,"267,398","345,061",,,,,
1403,shaeed rajaii,UAE,29335910,"11,000","344,701",,,,,
1403,shaeed rajaii,UAE,85044090,"30,410","343,497",,,,,
1403,shaeed rajaii,UAE,85168090,"20,007","343,420",,,,,
1403,shaeed rajaii,UAE,34039100,"96,035","343,252",,,,,
1403,shaeed rajaii,UAE,85334090,"1,400","341,277",,,,,
1403,shaeed rajaii,UAE,29335940,"5,875","341,266",,,,,
1403,shaeed rajaii,UAE,84198970,"2,400","341,028",,,,,
1403,shaeed rajaii,UAE,84099950,"141,679","340,002",,,,,
1403,shaeed rajaii,UAE,29102000,"195,000","338,500",,,,,
1403,shaeed rajaii,UAE,29280090,"136,000","338,084",,,,,
1403,shaeed rajaii,UAE,25070090,"813,000","337,998",,,,,
1403,shaeed rajaii,UAE,94059100,"105,354","337,308",,,,,
1403,shaeed rajaii,UAE,85443020,"5,293","336,962",,,,,
1403,shaeed rajaii,UAE,83016010,"50,435","334,467",,,,,
1403,shaeed rajaii,UAE,84819090,"17,138","332,970",,,,,
1403,shaeed rajaii,UAE,69029090,"191,086","331,481",,,,,
1403,shaeed rajaii,UAE,87084030,"52,072","330,046",,,,,
1403,shaeed rajaii,UAE,13019090,"53,400","330,009",,,,,
1403,shaeed rajaii,UAE,56050000,"72,982","327,967",,,,,
1403,shaeed rajaii,UAE,39094030,"96,000","326,674",,,,,
1403,shaeed rajaii,UAE,84669400,"35,090","326,472",,,,,
1403,shaeed rajaii,UAE,39202050,"38,955","325,972",,,,,
1403,shaeed rajaii,UAE,85030010,"3,605","324,046",,,,,
1403,shaeed rajaii,UAE,27101920,"27,637","323,927",,,,,
1403,shaeed rajaii,UAE,84571000,"28,720","323,673",,,,,
1403,shaeed rajaii,UAE,84713090,585,"323,405",,,,,
1403,shaeed rajaii,UAE,39021099,"220,470","322,431",,,,,
1403,shaeed rajaii,UAE,85431000,"9,880","321,574",,,,,
1403,shaeed rajaii,UAE,72092700,"394,000","320,922",,,,,
1403,shaeed rajaii,UAE,90248000,"4,682","318,777",,,,,
1403,shaeed rajaii,UAE,29153200,"106,050","318,331",,,,,
1403,shaeed rajaii,UAE,84612000,"49,532","316,547",,,,,
1403,shaeed rajaii,UAE,83089000,"105,487","316,485",,,,,
1403,shaeed rajaii,UAE,96071900,"162,898","316,206",,,,,
1403,shaeed rajaii,UAE,90183912,"30,293","316,150",,,,,
1403,shaeed rajaii,UAE,85423100,476,"316,115",,,,,
1403,shaeed rajaii,UAE,85198190,"17,200","315,862",,,,,
1403,shaeed rajaii,UAE,84589190,"25,183","315,273",,,,,
1403,shaeed rajaii,UAE,14042000,"565,280","313,799",,,,,
1403,shaeed rajaii,UAE,84242000,"15,412","311,620",,,,,
1403,shaeed rajaii,UAE,72106900,"233,700","310,299",,,,,
1403,shaeed rajaii,UAE,28421020,"221,200","310,215",,,,,
1403,shaeed rajaii,UAE,29034500,"41,344","310,164",,,,,
1403,shaeed rajaii,UAE,29199000,"132,950","309,485",,,,,
1403,shaeed rajaii,UAE,84483100,"34,037","309,197",,,,,
1403,shaeed rajaii,UAE,8011900,"548,749","309,022",,,,,
1403,shaeed rajaii,UAE,29369000,"1,618","308,619",,,,,
1403,shaeed rajaii,UAE,84131900,"32,364","308,514",,,,,
1403,shaeed rajaii,UAE,84749010,"38,906","308,154",,,,,
1403,shaeed rajaii,UAE,90189030,"2,330","308,007",,,,,
1403,shaeed rajaii,UAE,22071010,"250,000","307,500",,,,,
1403,shaeed rajaii,UAE,28012020,"4,000","307,395",,,,,
1403,shaeed rajaii,UAE,29037900,"93,643","307,027",,,,,
1403,shaeed rajaii,UAE,90221200,"1,265","306,351",,,,,
1403,shaeed rajaii,UAE,90318030,"3,828","305,699",,,,,
1403,shaeed rajaii,UAE,69032020,"45,336","303,688",,,,,
1403,shaeed rajaii,UAE,29095000,"34,200","303,561",,,,,
1403,shaeed rajaii,UAE,90183917,"16,612","302,867",,,,,
1403,shaeed rajaii,UAE,38089111,"11,000","302,371",,,,,
1403,shaeed rajaii,UAE,96082000,"37,377","301,942",,,,,
1403,shaeed rajaii,UAE,90271000,"1,693","301,378",,,,,
1403,shaeed rajaii,UAE,35022000,"27,000","300,788",,,,,
1403,shaeed rajaii,UAE,85364190,"4,578","299,681",,,,,
1403,shaeed rajaii,UAE,85371050,"1,500","298,871",,,,,
1403,shaeed rajaii,UAE,87089110,"18,287","298,642",,,,,
1403,shaeed rajaii,UAE,40169950,"233,450","298,408",,,,,
1403,shaeed rajaii,UAE,39233090,"33,175","297,069",,,,,
1403,shaeed rajaii,UAE,39100010,"75,785","296,855",,,,,
1403,shaeed rajaii,UAE,84631000,"31,564","296,628",,,,,
1403,shaeed rajaii,UAE,17023090,"260,000","296,552",,,,,
1403,shaeed rajaii,UAE,37013010,"70,000","295,984",,,,,
1403,shaeed rajaii,UAE,39202090,"129,841","295,911",,,,,
1403,shaeed rajaii,UAE,69032090,"374,616","295,509",,,,,
1403,shaeed rajaii,UAE,39059110,"24,500","295,001",,,,,
1403,shaeed rajaii,UAE,84714190,"17,808","293,840",,,,,
1403,shaeed rajaii,UAE,38271100,"71,040","292,968",,,,,
1403,shaeed rajaii,UAE,87141090,"93,640","292,139",,,,,
1403,shaeed rajaii,UAE,84099930,"37,240","291,712",,,,,
1403,shaeed rajaii,UAE,29231090,"61,100","290,129",,,,,
1403,shaeed rajaii,UAE,84479000,"42,265","289,359",,,,,
1403,shaeed rajaii,UAE,28421090,"156,114","288,679",,,,,
1403,shaeed rajaii,UAE,90015010,"6,966","287,754",,,,,
1403,shaeed rajaii,UAE,28470000,"242,114","287,670",,,,,
1403,shaeed rajaii,UAE,90292023,"1,687","286,737",,,,,
1403,shaeed rajaii,UAE,29362300,"19,730","284,106",,,,,
1403,shaeed rajaii,UAE,85399090,"7,073","283,385",,,,,
1403,shaeed rajaii,UAE,35030010,"8,659","282,407",,,,,
1403,shaeed rajaii,UAE,84099160,"24,022","281,043",,,,,
1403,shaeed rajaii,UAE,74102100,"63,637","277,858",,,,,
1403,shaeed rajaii,UAE,25081000,"115,800","277,438",,,,,
1403,shaeed rajaii,UAE,87083029,"11,373","277,158",,,,,
1403,shaeed rajaii,UAE,40093100,"19,220","275,610",,,,,
1403,shaeed rajaii,UAE,38029010,"480,000","275,362",,,,,
1403,shaeed rajaii,UAE,84248930,"45,912","275,298",,,,,
1403,shaeed rajaii,UAE,84089010,"15,197","274,886",,,,,
1403,shaeed rajaii,UAE,72209000,"67,798","274,315",,,,,
1403,shaeed rajaii,UAE,39079922,"132,000","272,202",,,,,
1403,shaeed rajaii,UAE,85163200,"10,075","272,083",,,,,
1403,shaeed rajaii,UAE,32151190,"27,363","272,025",,,,,
1403,shaeed rajaii,UAE,84716090,"3,812","271,352",,,,,
1403,shaeed rajaii,UAE,32110000,"35,800","270,866",,,,,
1403,shaeed rajaii,UAE,95067000,"33,162","270,715",,,,,
1403,shaeed rajaii,UAE,29181510,"10,000","270,389",,,,,
1403,shaeed rajaii,UAE,84514000,"6,140","270,116",,,,,
1403,shaeed rajaii,UAE,75040000,"6,452","270,039",,,,,
1403,shaeed rajaii,UAE,60054200,"51,711","269,341",,,,,
1403,shaeed rajaii,UAE,38040090,"369,600","269,022",,,,,
1403,shaeed rajaii,UAE,81041100,"70,000","268,335",,,,,
1403,shaeed rajaii,UAE,68159990,"211,828","268,235",,,,,
1403,shaeed rajaii,UAE,85286200,"2,700","266,678",,,,,
1403,shaeed rajaii,UAE,13022000,"19,000","266,305",,,,,
1403,shaeed rajaii,UAE,9041220,"62,300","265,854",,,,,
1403,shaeed rajaii,UAE,68151100,"7,138","264,123",,,,,
1403,shaeed rajaii,UAE,44021000,"258,900","262,596",,,,,
1403,shaeed rajaii,UAE,96020010,"9,726","262,348",,,,,
1403,shaeed rajaii,UAE,76069190,"78,261","261,452",,,,,
1403,shaeed rajaii,UAE,82083000,"19,562","260,613",,,,,
1403,shaeed rajaii,UAE,87083024,"39,174","258,231",,,,,
1403,shaeed rajaii,UAE,85129090,"18,503","258,195",,,,,
1403,shaeed rajaii,UAE,9081190,"32,000","257,882",,,,,
1403,shaeed rajaii,UAE,84199010,"19,376","257,261",,,,,
1403,shaeed rajaii,UAE,84349000,"6,887","256,718",,,,,
1403,shaeed rajaii,UAE,48103200,"333,084","255,865",,,,,
1403,shaeed rajaii,UAE,32041990,"47,130","254,930",,,,,
1403,shaeed rajaii,UAE,29215990,"11,000","254,713",,,,,
1403,shaeed rajaii,UAE,83021090,"113,717","254,014",,,,,
1403,shaeed rajaii,UAE,32089090,"29,593","253,640",,,,,
1403,shaeed rajaii,UAE,27081000,"335,818","253,174",,,,,
1403,shaeed rajaii,UAE,25041090,"338,000","252,604",,,,,
1403,shaeed rajaii,UAE,72179010,"132,000","252,251",,,,,
1403,shaeed rajaii,UAE,59113100,"2,929","251,516",,,,,
1403,shaeed rajaii,UAE,59119090,"36,361","249,753",,,,,
1403,shaeed rajaii,UAE,82089000,"30,012","249,474",,,,,
1403,shaeed rajaii,UAE,85176240,"4,729","248,764",,,,,
1403,shaeed rajaii,UAE,40025100,"107,600","248,678",,,,,
1403,shaeed rajaii,UAE,72112390,"190,330","247,598",,,,,
1403,shaeed rajaii,UAE,90261030,"2,117","247,408",,,,,
1403,shaeed rajaii,UAE,29182190,"66,000","247,353",,,,,
1403,shaeed rajaii,UAE,39199020,"95,016","247,307",,,,,
1403,shaeed rajaii,UAE,85021100,"40,242","244,549",,,,,
1403,shaeed rajaii,UAE,40169990,"76,530","243,915",,,,,
1403,shaeed rajaii,UAE,25084090,"123,600","243,908",,,,,
1403,shaeed rajaii,UAE,30064050,"1,232","242,601",,,,,
1403,shaeed rajaii,UAE,84129000,"6,313","242,425",,,,,
1403,shaeed rajaii,UAE,84342000,"10,654","241,021",,,,,
1403,shaeed rajaii,UAE,40029100,"143,200","240,562",,,,,
1403,shaeed rajaii,UAE,84418000,"79,450","240,339",,,,,
1403,shaeed rajaii,UAE,12040000,"397,569","239,949",,,,,
1403,shaeed rajaii,UAE,25061010,"2,341,968","239,630",,,,,
1403,shaeed rajaii,UAE,48115190,"41,734","238,906",,,,,
1403,shaeed rajaii,UAE,85189090,"65,028","238,793",,,,,
1403,shaeed rajaii,UAE,30039090,"1,463","238,371",,,,,
1403,shaeed rajaii,UAE,32050000,"5,825","238,312",,,,,
1403,shaeed rajaii,UAE,85371020,"2,256","238,056",,,,,
1403,shaeed rajaii,UAE,84804100,"6,354","237,645",,,,,
1403,shaeed rajaii,UAE,54075100,"54,369","237,163",,,,,
1403,shaeed rajaii,UAE,84818016,"60,945","236,469",,,,,
1403,shaeed rajaii,UAE,84818021,"30,891","235,906",,,,,
1403,shaeed rajaii,UAE,90221310,"3,840","234,813",,,,,
1403,shaeed rajaii,UAE,85279900,"15,020","234,429",,,,,
1403,shaeed rajaii,UAE,10085090,"70,000","233,249",,,,,
1403,shaeed rajaii,UAE,76121090,"24,675","233,012",,,,,
1403,shaeed rajaii,UAE,74050000,"17,000","232,812",,,,,
1403,shaeed rajaii,UAE,87024000,"13,240","231,818",,,,,
1403,shaeed rajaii,UAE,39206990,"71,319","231,353",,,,,
1403,shaeed rajaii,UAE,39094020,"55,000","230,420",,,,,
1403,shaeed rajaii,UAE,59100010,"66,607","230,282",,,,,
1403,shaeed rajaii,UAE,48116000,"71,992","229,525",,,,,
1403,shaeed rajaii,UAE,38244090,"159,500","229,273",,,,,
1403,shaeed rajaii,UAE,72029940,"100,000","228,284",,,,,
1403,shaeed rajaii,UAE,84719090,"1,864","227,887",,,,,
1403,shaeed rajaii,UAE,55095100,"83,112","227,876",,,,,
1403,shaeed rajaii,UAE,39049000,"53,235","227,494",,,,,
1403,shaeed rajaii,UAE,90318050,"5,534","227,372",,,,,
1403,shaeed rajaii,UAE,84561190,"19,836","227,361",,,,,
1403,shaeed rajaii,UAE,84272021,"39,600","227,018",,,,,
1403,shaeed rajaii,UAE,29156000,"89,000","226,980",,,,,
1403,shaeed rajaii,UAE,85044020,"6,520","226,074",,,,,
1403,shaeed rajaii,UAE,38123980,"63,800","225,591",,,,,
1403,shaeed rajaii,UAE,85291090,"3,412","224,908",,,,,
1403,shaeed rajaii,UAE,7132090,"155,130","224,890",,,,,
1403,shaeed rajaii,UAE,84842020,"9,426","224,535",,,,,
1403,shaeed rajaii,UAE,74082100,"22,137","224,005",,,,,
1403,shaeed rajaii,UAE,85052000,"9,107","223,660",,,,,
1403,shaeed rajaii,UAE,84238990,"1,258","223,261",,,,,
1403,shaeed rajaii,UAE,35061090,"41,360","221,551",,,,,
1403,shaeed rajaii,UAE,72259200,"100,000","221,217",,,,,
1403,shaeed rajaii,UAE,69039030,288,"220,430",,,,,
1403,shaeed rajaii,UAE,40103990,"2,506","220,411",,,,,
1403,shaeed rajaii,UAE,38089990,"33,880","220,259",,,,,
1403,shaeed rajaii,UAE,30042021,"4,800","219,522",,,,,
1403,shaeed rajaii,UAE,58089000,"54,190","219,478",,,,,
1403,shaeed rajaii,UAE,73202000,"24,558","218,287",,,,,
1403,shaeed rajaii,UAE,90183929,"1,330","218,215",,,,,
1403,shaeed rajaii,UAE,34031910,"58,130","217,990",,,,,
1403,shaeed rajaii,UAE,38123100,"106,000","217,467",,,,,
1403,shaeed rajaii,UAE,84249000,"41,107","217,402",,,,,
1403,shaeed rajaii,UAE,69022010,"223,250","217,249",,,,,
1403,shaeed rajaii,UAE,38246000,"312,000","216,925",,,,,
1403,shaeed rajaii,UAE,84564000,"34,114","216,163",,,,,
1403,shaeed rajaii,UAE,85011090,"7,710","215,383",,,,,
1403,shaeed rajaii,UAE,85364120,"17,162","215,371",,,,,
1403,shaeed rajaii,UAE,32064100,"65,600","214,243",,,,,
1403,shaeed rajaii,UAE,84713020,805,"214,111",,,,,
1403,shaeed rajaii,UAE,85312000,"3,833","213,193",,,,,
1403,shaeed rajaii,UAE,85013110,"15,358","213,039",,,,,
1403,shaeed rajaii,UAE,72171000,"47,000","212,974",,,,,
1403,shaeed rajaii,UAE,29315990,"100,800","212,717",,,,,
1403,shaeed rajaii,UAE,90183210,"5,097","212,115",,,,,
1403,shaeed rajaii,UAE,87071010,"19,281","212,090",,,,,
1403,shaeed rajaii,UAE,39011010,"157,500","211,806",,,,,
1403,shaeed rajaii,UAE,84669200,"60,452","211,406",,,,,
1403,shaeed rajaii,UAE,29342000,"18,000","211,205",,,,,
1403,shaeed rajaii,UAE,29336990,"72,700","210,203",,,,,
1403,shaeed rajaii,UAE,29221290,"10,650","209,340",,,,,
1403,shaeed rajaii,UAE,38089313,"43,000","208,209",,,,,
1403,shaeed rajaii,UAE,84539000,"102,229","208,208",,,,,
1403,shaeed rajaii,UAE,82119400,"73,092","207,966",,,,,
1403,shaeed rajaii,UAE,85051900,"87,195","207,235",,,,,
1403,shaeed rajaii,UAE,72124010,"130,100","207,124",,,,,
1403,shaeed rajaii,UAE,84136020,"122,980","206,811",,,,,
1403,shaeed rajaii,UAE,29173600,"206,400","206,420",,,,,
1403,shaeed rajaii,UAE,38276300,"57,815","206,016",,,,,
1403,shaeed rajaii,UAE,39069020,"162,808","205,892",,,,,
1403,shaeed rajaii,UAE,85061010,"57,240","204,720",,,,,
1403,shaeed rajaii,UAE,84831020,"31,494","204,097",,,,,
1403,shaeed rajaii,UAE,31055900,"108,000","203,513",,,,,
1403,shaeed rajaii,UAE,28332790,"291,200","203,231",,,,,
1403,shaeed rajaii,UAE,85285900,"4,373","203,222",,,,,
1403,shaeed rajaii,UAE,85119000,"31,606","203,093",,,,,
1403,shaeed rajaii,UAE,29362920,"32,700","203,045",,,,,
1403,shaeed rajaii,UAE,28051200,"47,600","202,860",,,,,
1403,shaeed rajaii,UAE,84136010,"5,285","202,597",,,,,
1403,shaeed rajaii,UAE,29333950,"1,060","202,538",,,,,
1403,shaeed rajaii,UAE,29225030,"1,060","202,538",,,,,
1403,shaeed rajaii,UAE,12060030,"102,000","202,062",,,,,
1403,shaeed rajaii,UAE,29339996,"1,888","201,987",,,,,
1403,shaeed rajaii,UAE,48195000,"33,038","201,680",,,,,
1403,shaeed rajaii,UAE,82075090,"34,382","199,967",,,,,
1403,shaeed rajaii,UAE,28419000,"243,002","199,823",,,,,
1403,shaeed rajaii,UAE,39269030,"17,921","198,497",,,,,
1403,shaeed rajaii,UAE,32041910,"26,200","197,876",,,,,
1403,shaeed rajaii,UAE,84515000,"33,204","197,474",,,,,
1403,shaeed rajaii,UAE,84212990,"17,631","197,204",,,,,
1403,shaeed rajaii,UAE,29154090,"57,440","195,533",,,,,
1403,shaeed rajaii,UAE,73249000,"52,719","195,398",,,,,
1403,shaeed rajaii,UAE,95069110,"51,066","195,325",,,,,
1403,shaeed rajaii,UAE,76141000,"123,740","194,930",,,,,
1403,shaeed rajaii,UAE,73158900,"102,003","194,514",,,,,
1403,shaeed rajaii,UAE,39052900,"82,325","194,116",,,,,
1403,shaeed rajaii,UAE,9071090,"113,275","194,098",,,,,
1403,shaeed rajaii,UAE,84159020,"27,898","194,058",,,,,
1403,shaeed rajaii,UAE,84295929,"40,000","194,018",,,,,
1403,shaeed rajaii,UAE,84229090,"1,093","193,904",,,,,
1403,shaeed rajaii,UAE,32030000,"5,030","193,880",,,,,
1403,shaeed rajaii,UAE,84701000,"9,727","193,423",,,,,
1403,shaeed rajaii,UAE,15180000,"89,000","192,782",,,,,
1403,shaeed rajaii,UAE,84099970,"8,541","192,742",,,,,
1403,shaeed rajaii,UAE,84149010,"49,719","191,378",,,,,
1403,shaeed rajaii,UAE,39209200,"80,001","191,293",,,,,
1403,shaeed rajaii,UAE,85359090,"2,540","190,936",,,,,
1403,shaeed rajaii,UAE,72072000,"103,321","190,879",,,,,
1403,shaeed rajaii,UAE,73063010,"80,301","190,513",,,,,
1403,shaeed rajaii,UAE,68053090,"35,543","189,971",,,,,
1403,shaeed rajaii,UAE,96086000,"5,623","189,762",,,,,
1403,shaeed rajaii,UAE,72029950,"62,000","188,455",,,,,
1403,shaeed rajaii,UAE,84794000,"21,280","188,352",,,,,
1403,shaeed rajaii,UAE,84596900,"116,480","187,752",,,,,
1403,shaeed rajaii,UAE,76090000,"17,700","187,522",,,,,
1403,shaeed rajaii,UAE,85462030,"20,984","187,522",,,,,
1403,shaeed rajaii,UAE,72173090,"96,220","187,512",,,,,
1403,shaeed rajaii,UAE,12024100,"133,500","186,548",,,,,
1403,shaeed rajaii,UAE,85353010,330,"185,916",,,,,
1403,shaeed rajaii,UAE,84213910,"13,364","185,097",,,,,
1403,shaeed rajaii,UAE,39076190,"154,000","184,287",,,,,
1403,shaeed rajaii,UAE,29163210,"46,500","183,776",,,,,
1403,shaeed rajaii,UAE,96139000,"51,031","183,774",,,,,
1403,shaeed rajaii,UAE,28129090,"21,358","183,118",,,,,
1403,shaeed rajaii,UAE,73151900,"32,901","182,354",,,,,
1403,shaeed rajaii,UAE,48119040,"139,597","181,832",,,,,
1403,shaeed rajaii,UAE,12030000,"132,500","181,639",,,,,
1403,shaeed rajaii,UAE,25086000,"72,000","181,582",,,,,
1403,shaeed rajaii,UAE,84629000,"29,990","181,134",,,,,
1403,shaeed rajaii,UAE,85176270,"1,806","181,084",,,,,
1403,shaeed rajaii,UAE,84715010,"3,300","181,076",,,,,
1403,shaeed rajaii,UAE,85446090,"4,687","181,051",,,,,
1403,shaeed rajaii,UAE,84099940,"8,582","180,683",,,,,
1403,shaeed rajaii,UAE,85479000,"24,518","180,185",,,,,
1403,shaeed rajaii,UAE,84805000,"8,664","179,580",,,,,
1403,shaeed rajaii,UAE,73079900,"16,390","179,470",,,,,
1403,shaeed rajaii,UAE,72283090,"20,712","179,148",,,,,
1403,shaeed rajaii,UAE,40117090,"39,176","178,782",,,,,
1403,shaeed rajaii,UAE,84192090,"3,000","178,394",,,,,
1403,shaeed rajaii,UAE,21061019,"25,549","178,340",,,,,
1403,shaeed rajaii,UAE,29261000,"99,980","176,958",,,,,
1403,shaeed rajaii,UAE,76082000,"12,582","176,854",,,,,
1403,shaeed rajaii,UAE,84232000,"8,486","176,208",,,,,
1403,shaeed rajaii,UAE,90303200,252,"175,864",,,,,
1403,shaeed rajaii,UAE,32082040,"9,340","175,629",,,,,
1403,shaeed rajaii,UAE,28251090,"44,600","175,359",,,,,
1403,shaeed rajaii,UAE,76130010,"17,019","175,096",,,,,
1403,shaeed rajaii,UAE,76169100,"34,263","174,508",,,,,
1403,shaeed rajaii,UAE,29171300,"14,000","173,932",,,,,
1403,shaeed rajaii,UAE,29339994,"4,950","173,282",,,,,
1403,shaeed rajaii,UAE,84563000,"31,692","173,208",,,,,
1403,shaeed rajaii,UAE,25221000,"189,000","173,011",,,,,
1403,shaeed rajaii,UAE,83099090,"19,700","171,510",,,,,
1403,shaeed rajaii,UAE,85367010,38,"170,879",,,,,
1403,shaeed rajaii,UAE,84542000,"21,469","170,536",,,,,
1403,shaeed rajaii,UAE,73159000,"25,149","170,334",,,,,
1403,shaeed rajaii,UAE,21012000,"11,000","169,788",,,,,
1403,shaeed rajaii,UAE,84483900,"4,490","169,355",,,,,
1403,shaeed rajaii,UAE,28261200,"100,000","168,752",,,,,
1403,shaeed rajaii,UAE,28020000,"166,000","168,564",,,,,
1403,shaeed rajaii,UAE,29036990,"20,000","168,067",,,,,
1403,shaeed rajaii,UAE,29039900,"93,600","168,015",,,,,
1403,shaeed rajaii,UAE,84679900,"41,890","167,917",,,,,
1403,shaeed rajaii,UAE,84439920,"46,618","167,789",,,,,
1403,shaeed rajaii,UAE,76129030,"1,650","167,771",,,,,
1403,shaeed rajaii,UAE,84593900,"35,500","167,671",,,,,
1403,shaeed rajaii,UAE,83071010,"13,451","167,620",,,,,
1403,shaeed rajaii,UAE,84615090,"10,250","167,296",,,,,
1403,shaeed rajaii,UAE,9081290,"17,500","167,198",,,,,
1403,shaeed rajaii,UAE,85012000,"20,955","167,111",,,,,
1403,shaeed rajaii,UAE,9109990,"135,000","166,822",,,,,
1403,shaeed rajaii,UAE,85164000,"5,379","166,527",,,,,
1403,shaeed rajaii,UAE,44187300,"92,615","166,317",,,,,
1403,shaeed rajaii,UAE,84189910,"31,940","166,237",,,,,
1403,shaeed rajaii,UAE,29096065,"53,160","166,059",,,,,
1403,shaeed rajaii,UAE,84775900,"33,525","165,861",,,,,
1403,shaeed rajaii,UAE,37011000,"8,930","165,595",,,,,
1403,shaeed rajaii,UAE,29061100,"7,880","165,592",,,,,
1403,shaeed rajaii,UAE,73182400,"5,439","165,555",,,,,
1403,shaeed rajaii,UAE,87084050,"16,301","165,207",,,,,
1403,shaeed rajaii,UAE,39012020,"104,625","165,048",,,,,
1403,shaeed rajaii,UAE,84835000,"5,348","165,011",,,,,
1403,shaeed rajaii,UAE,84671100,"17,091","164,498",,,,,
1403,shaeed rajaii,UAE,73071900,"56,337","164,163",,,,,
1403,shaeed rajaii,UAE,84303190,"52,000","162,487",,,,,
1403,shaeed rajaii,UAE,39079991,"25,120","161,507",,,,,
1403,shaeed rajaii,UAE,13023100,"10,000","160,772",,,,,
1403,shaeed rajaii,UAE,54078400,"1,198","160,200",,,,,
1403,shaeed rajaii,UAE,38063000,"46,000","159,886",,,,,
1403,shaeed rajaii,UAE,84549000,"33,831","159,825",,,,,
1403,shaeed rajaii,UAE,69091910,"9,232","159,532",,,,,
1403,shaeed rajaii,UAE,29157019,"99,740","158,663",,,,,
1403,shaeed rajaii,UAE,73072200,"15,333","158,285",,,,,
1403,shaeed rajaii,UAE,40082190,"55,335","157,703",,,,,
1403,shaeed rajaii,UAE,84622900,"30,473","157,197",,,,,
1403,shaeed rajaii,UAE,85339000,95,"156,156",,,,,
1403,shaeed rajaii,UAE,39023020,"57,000","155,372",,,,,
1403,shaeed rajaii,UAE,10083000,"249,975","155,317",,,,,
1403,shaeed rajaii,UAE,28321020,"104,125","155,148",,,,,
1403,shaeed rajaii,UAE,39079910,"28,100","154,767",,,,,
1403,shaeed rajaii,UAE,85361090,"2,892","154,179",,,,,
1403,shaeed rajaii,UAE,54041100,"14,088","154,060",,,,,
1403,shaeed rajaii,UAE,38244020,"107,700","153,922",,,,,
1403,shaeed rajaii,UAE,39204930,"60,822","153,573",,,,,
1403,shaeed rajaii,UAE,29332960,"2,000","153,564",,,,,
1403,shaeed rajaii,UAE,29191000,"58,000","153,319",,,,,
1403,shaeed rajaii,UAE,85366910,"25,253","153,263",,,,,
1403,shaeed rajaii,UAE,29051490,"105,600","153,225",,,,,
1403,shaeed rajaii,UAE,84139200,"12,994","153,099",,,,,
1403,shaeed rajaii,UAE,54072010,"29,767","152,234",,,,,
1403,shaeed rajaii,UAE,84759000,"5,328","152,130",,,,,
1403,shaeed rajaii,UAE,95065100,"4,869","151,634",,,,,
1403,shaeed rajaii,UAE,76042900,"9,190","151,432",,,,,
1403,shaeed rajaii,UAE,69039090,"23,124","151,291",,,,,
1403,shaeed rajaii,UAE,68129100,330,"151,266",,,,,
1403,shaeed rajaii,UAE,39021030,"123,750","151,011",,,,,
1403,shaeed rajaii,UAE,29162000,"17,200","150,801",,,,,
1403,shaeed rajaii,UAE,84551010,"47,000","150,779",,,,,
1403,shaeed rajaii,UAE,29224920,435,"150,074",,,,,
1403,shaeed rajaii,UAE,73229020,"6,070","150,034",,,,,
1403,shaeed rajaii,UAE,84798100,"18,457","149,425",,,,,
1403,shaeed rajaii,UAE,28261900,"325,300","149,110",,,,,
1403,shaeed rajaii,UAE,39269010,"10,711","149,106",,,,,
1403,shaeed rajaii,UAE,85181090,"1,122","148,880",,,,,
1403,shaeed rajaii,UAE,96020090,"21,000","148,873",,,,,
1403,shaeed rajaii,UAE,85016410,"8,179","148,401",,,,,
1403,shaeed rajaii,UAE,84251190,"11,733","147,734",,,,,
1403,shaeed rajaii,UAE,87042290,"23,620","147,710",,,,,
1403,shaeed rajaii,UAE,85363090,"11,329","147,497",,,,,
1403,shaeed rajaii,UAE,38249930,"41,948","147,415",,,,,
1403,shaeed rajaii,UAE,33012400,"1,559","147,298",,,,,
1403,shaeed rajaii,UAE,84841010,"3,741","146,119",,,,,
1403,shaeed rajaii,UAE,39211400,"21,440","146,114",,,,,
1403,shaeed rajaii,UAE,72288000,"20,586","145,803",,,,,
1403,shaeed rajaii,UAE,85198100,"13,370","145,146",,,,,
1403,shaeed rajaii,UAE,85459030,"3,788","144,826",,,,,
1403,shaeed rajaii,UAE,81019900,"1,960","144,755",,,,,
1403,shaeed rajaii,UAE,38248900,"169,600","144,298",,,,,
1403,shaeed rajaii,UAE,25049000,"90,000","144,238",,,,,
1403,shaeed rajaii,UAE,81052000,"5,500","144,062",,,,,
1403,shaeed rajaii,UAE,84798965,"2,810","143,935",,,,,
1403,shaeed rajaii,UAE,85069000,"29,598","143,858",,,,,
1403,shaeed rajaii,UAE,37039000,"25,024","143,747",,,,,
1403,shaeed rajaii,UAE,84818011,"16,932","143,649",,,,,
1403,shaeed rajaii,UAE,84622600,"9,340","143,592",,,,,
1403,shaeed rajaii,UAE,74072900,"12,026","143,563",,,,,
1403,shaeed rajaii,UAE,84518000,"48,959","143,453",,,,,
1403,shaeed rajaii,UAE,29359040,"2,430","143,293",,,,,
1403,shaeed rajaii,UAE,72192300,"51,386","143,228",,,,,
1403,shaeed rajaii,UAE,82122000,"5,406","142,570",,,,,
1403,shaeed rajaii,UAE,29332910,"5,000","142,358",,,,,
1403,shaeed rajaii,UAE,40101290,"106,160","142,111",,,,,
1403,shaeed rajaii,UAE,85433090,"32,912","141,978",,,,,
1403,shaeed rajaii,UAE,84079000,"7,520","141,717",,,,,
1403,shaeed rajaii,UAE,86079900,"10,892","141,371",,,,,
1403,shaeed rajaii,UAE,90329000,829,"141,326",,,,,
1403,shaeed rajaii,UAE,84482000,"6,634","141,308",,,,,
1403,shaeed rajaii,UAE,85143900,"54,845","141,288",,,,,
1403,shaeed rajaii,UAE,85182100,"48,400","140,618",,,,,
1403,shaeed rajaii,UAE,15155000,"25,080","140,000",,,,,
1403,shaeed rajaii,UAE,84261190,"7,026","139,861",,,,,
1403,shaeed rajaii,UAE,73141400,"42,693","139,744",,,,,
1403,shaeed rajaii,UAE,85452000,"8,644","139,677",,,,,
1403,shaeed rajaii,UAE,29321400,"4,000","139,657",,,,,
1403,shaeed rajaii,UAE,39204370,"15,989","138,619",,,,,
1403,shaeed rajaii,UAE,87083022,"18,462","138,355",,,,,
1403,shaeed rajaii,UAE,84672200,"28,310","137,707",,,,,
1403,shaeed rajaii,UAE,84178000,"7,960","137,321",,,,,
1403,shaeed rajaii,UAE,85444290,"25,576","136,948",,,,,
1403,shaeed rajaii,UAE,54075200,"24,226","135,872",,,,,
1403,shaeed rajaii,UAE,29362910,"17,602","135,864",,,,,
1403,shaeed rajaii,UAE,85043290,"62,160","135,416",,,,,
1403,shaeed rajaii,UAE,90259000,601,"135,258",,,,,
1403,shaeed rajaii,UAE,85462090,"53,257","134,952",,,,,
1403,shaeed rajaii,UAE,39069030,"14,000","134,323",,,,,
1403,shaeed rajaii,UAE,87042190,"10,900","133,960",,,,,
1403,shaeed rajaii,UAE,48041900,"163,500","133,934",,,,,
1403,shaeed rajaii,UAE,39211990,"71,264","133,560",,,,,
1403,shaeed rajaii,UAE,85472000,"10,558","133,085",,,,,
1403,shaeed rajaii,UAE,83026000,"41,353","132,909",,,,,
1403,shaeed rajaii,UAE,48194000,"16,637","132,590",,,,,
1403,shaeed rajaii,UAE,84622300,"26,845","132,427",,,,,
1403,shaeed rajaii,UAE,28046900,"50,000","132,424",,,,,
1403,shaeed rajaii,UAE,85362020,"5,640","132,400",,,,,
1403,shaeed rajaii,UAE,29334990,"1,250","132,396",,,,,
1403,shaeed rajaii,UAE,38089940,"5,184","132,099",,,,,
1403,shaeed rajaii,UAE,84672990,"5,599","132,078",,,,,
1403,shaeed rajaii,UAE,37079010,"32,971","132,066",,,,,
1403,shaeed rajaii,UAE,85059090,"18,044","131,682",,,,,
1403,shaeed rajaii,UAE,39173300,"5,263","131,667",,,,,
1403,shaeed rajaii,UAE,73158200,"56,978","131,524",,,,,
1403,shaeed rajaii,UAE,82054090,"31,540","131,432",,,,,
1403,shaeed rajaii,UAE,90261090,"4,237","131,158",,,,,
1403,shaeed rajaii,UAE,29173200,"64,000","130,701",,,,,
1403,shaeed rajaii,UAE,84329000,"48,767","130,531",,,,,
1403,shaeed rajaii,UAE,12092910,"20,000","130,477",,,,,
1403,shaeed rajaii,UAE,84798950,"51,142","130,350",,,,,
1403,shaeed rajaii,UAE,83099010,"9,486","129,594",,,,,
1403,shaeed rajaii,UAE,39046120,"16,284","129,447",,,,,
1403,shaeed rajaii,UAE,72251900,"144,600","128,997",,,,,
1403,shaeed rajaii,UAE,29241290,"80,800","128,949",,,,,
1403,shaeed rajaii,UAE,84209100,"8,260","128,764",,,,,
1403,shaeed rajaii,UAE,85447010,"7,555","128,602",,,,,
1403,shaeed rajaii,UAE,84490000,"40,340","128,540",,,,,
1403,shaeed rajaii,UAE,84596100,"43,400","126,599",,,,,
1403,shaeed rajaii,UAE,29037100,"31,280","126,552",,,,,
1403,shaeed rajaii,UAE,29221500,"72,800","126,552",,,,,
1403,shaeed rajaii,UAE,84614000,"15,060","126,231",,,,,
1403,shaeed rajaii,UAE,29359030,"8,900","125,840",,,,,
1403,shaeed rajaii,UAE,38069000,"54,000","125,765",,,,,
1403,shaeed rajaii,UAE,38229000,850,"125,605",,,,,
1403,shaeed rajaii,UAE,84735000,425,"125,343",,,,,
1403,shaeed rajaii,UAE,73144100,"52,934","125,029",,,,,
1403,shaeed rajaii,UAE,29163120,"105,000","124,372",,,,,
1403,shaeed rajaii,UAE,84313110,"33,090","124,049",,,,,
1403,shaeed rajaii,UAE,73181690,"3,528","123,648",,,,,
1403,shaeed rajaii,UAE,72201200,"142,530","123,288",,,,,
1403,shaeed rajaii,UAE,52094200,"28,480","123,279",,,,,
1403,shaeed rajaii,UAE,83014010,"61,105","123,271",,,,,
1403,shaeed rajaii,UAE,38089222,"19,300","122,893",,,,,
1403,shaeed rajaii,UAE,84818065,"1,824","121,903",,,,,
1403,shaeed rajaii,UAE,69022020,"2,030","121,500",,,,,
1403,shaeed rajaii,UAE,32041410,"12,925","120,964",,,,,
1403,shaeed rajaii,UAE,65061010,"16,300","120,376",,,,,
1403,shaeed rajaii,UAE,29181900,"44,350","119,759",,,,,
1403,shaeed rajaii,UAE,85366100,"15,123","119,750",,,,,
1403,shaeed rajaii,UAE,73151290,"55,167","119,591",,,,,
1403,shaeed rajaii,UAE,76052900,"25,832","119,355",,,,,
1403,shaeed rajaii,UAE,87082940,"6,834","119,027",,,,,
1403,shaeed rajaii,UAE,85392940,"3,012","118,713",,,,,
1403,shaeed rajaii,UAE,29039100,"105,000","118,367",,,,,
1403,shaeed rajaii,UAE,84732900,"2,250","118,114",,,,,
1403,shaeed rajaii,UAE,84459000,"31,943","117,902",,,,,
1403,shaeed rajaii,UAE,29055990,"100,000","116,998",,,,,
1403,shaeed rajaii,UAE,29054100,"58,000","116,825",,,,,
1403,shaeed rajaii,UAE,12119050,"15,600","116,814",,,,,
1403,shaeed rajaii,UAE,85354090,"1,307","116,202",,,,,
1403,shaeed rajaii,UAE,29161500,"22,991","116,174",,,,,
1403,shaeed rajaii,UAE,87149990,"5,602","116,133",,,,,
1403,shaeed rajaii,UAE,84304900,"26,080","115,686",,,,,
1403,shaeed rajaii,UAE,38101029,"20,100","115,626",,,,,
1403,shaeed rajaii,UAE,87088029,"2,386","115,509",,,,,
1403,shaeed rajaii,UAE,85079090,"1,310","115,195",,,,,
1403,shaeed rajaii,UAE,55091200,"24,549","113,963",,,,,
1403,shaeed rajaii,UAE,40101210,"12,044","113,945",,,,,
1403,shaeed rajaii,UAE,85061020,"21,248","113,672",,,,,
1403,shaeed rajaii,UAE,84021900,"53,314","113,396",,,,,
1403,shaeed rajaii,UAE,27101290,"25,786","113,382",,,,,
1403,shaeed rajaii,UAE,87089321,"16,766","113,016",,,,,
1403,shaeed rajaii,UAE,83071090,"23,826","112,443",,,,,
1403,shaeed rajaii,UAE,91099000,"4,030","112,297",,,,,
1403,shaeed rajaii,UAE,85076010,"2,176","112,254",,,,,
1403,shaeed rajaii,UAE,59090000,"11,650","112,212",,,,,
1403,shaeed rajaii,UAE,70196600,"70,334","112,185",,,,,
1403,shaeed rajaii,UAE,83024230,"71,260","111,912",,,,,
1403,shaeed rajaii,UAE,84148010,803,"111,495",,,,,
1403,shaeed rajaii,UAE,84669300,"30,976","111,418",,,,,
1403,shaeed rajaii,UAE,72125010,"98,020","111,175",,,,,
1403,shaeed rajaii,UAE,29181200,"5,425","110,982",,,,,
1403,shaeed rajaii,UAE,84559000,"3,210","110,741",,,,,
1403,shaeed rajaii,UAE,40103910,"4,005","110,724",,,,,
1403,shaeed rajaii,UAE,90223000,700,"110,436",,,,,
1403,shaeed rajaii,UAE,29224290,"26,000","110,276",,,,,
1403,shaeed rajaii,UAE,59111090,"11,300","110,261",,,,,
1403,shaeed rajaii,UAE,85414900,"61,860","109,897",,,,,
1403,shaeed rajaii,UAE,84272012,"29,600","109,871",,,,,
1403,shaeed rajaii,UAE,81110090,"49,000","109,274",,,,,
1403,shaeed rajaii,UAE,85437090,"20,685","109,263",,,,,
1403,shaeed rajaii,UAE,68061010,"19,132","109,215",,,,,
1403,shaeed rajaii,UAE,84592100,"19,200","109,164",,,,,
1403,shaeed rajaii,UAE,84818025,"20,230","108,918",,,,,
1403,shaeed rajaii,UAE,98870441,"25,625","108,918",,,,,
1403,shaeed rajaii,UAE,84825000,"4,360","108,257",,,,,
1403,shaeed rajaii,UAE,84251900,"18,090","107,409",,,,,
1403,shaeed rajaii,UAE,29153300,"52,380","106,971",,,,,
1403,shaeed rajaii,UAE,84132000,"46,301","106,874",,,,,
1403,shaeed rajaii,UAE,85042200,"15,400","106,835",,,,,
1403,shaeed rajaii,UAE,94054990,"22,642","106,825",,,,,
1403,shaeed rajaii,UAE,39012090,"23,000","106,490",,,,,
1403,shaeed rajaii,UAE,48115110,"82,273","106,476",,,,,
1403,shaeed rajaii,UAE,90278990,258,"106,400",,,,,
1403,shaeed rajaii,UAE,84135010,"1,253","106,260",,,,,
1403,shaeed rajaii,UAE,73182200,"9,969","106,246",,,,,
1403,shaeed rajaii,UAE,28429090,"40,000","106,086",,,,,
1403,shaeed rajaii,UAE,72112990,"74,670","105,928",,,,,
1403,shaeed rajaii,UAE,84241090,"16,850","105,736",,,,,
1403,shaeed rajaii,UAE,90269000,"5,143","105,413",,,,,
1403,shaeed rajaii,UAE,84729080,"1,120","105,351",,,,,
1403,shaeed rajaii,UAE,34024190,"20,000","105,339",,,,,
1403,shaeed rajaii,UAE,75089000,"1,161","104,965",,,,,
1403,shaeed rajaii,UAE,28366000,"108,000","104,833",,,,,
1403,shaeed rajaii,UAE,84123900,"19,215","104,767",,,,,
1403,shaeed rajaii,UAE,44050000,"34,000","104,757",,,,,
1403,shaeed rajaii,UAE,84801000,"5,179","104,757",,,,,
1403,shaeed rajaii,UAE,73061110,"25,499","104,461",,,,,
1403,shaeed rajaii,UAE,84806000,"49,200","104,419",,,,,
1403,shaeed rajaii,UAE,90318090,"2,569","104,286",,,,,
1403,shaeed rajaii,UAE,39021091,"31,525","103,766",,,,,
1403,shaeed rajaii,UAE,49111000,"46,772","103,724",,,,,
1403,shaeed rajaii,UAE,72021920,"50,000","103,703",,,,,
1403,shaeed rajaii,UAE,90101090,"12,994","103,618",,,,,
1403,shaeed rajaii,UAE,94069020,"141,230","103,472",,,,,
1403,shaeed rajaii,UAE,37032000,"17,830","103,311",,,,,
1403,shaeed rajaii,UAE,29321300,"80,000","103,286",,,,,
1403,shaeed rajaii,UAE,48099090,"49,671","103,070",,,,,
1403,shaeed rajaii,UAE,69091990,"8,200","102,780",,,,,
1403,shaeed rajaii,UAE,84135090,"8,003","102,533",,,,,
1403,shaeed rajaii,UAE,82129090,"14,912","102,439",,,,,
1403,shaeed rajaii,UAE,87082990,"13,482","102,341",,,,,
1403,shaeed rajaii,UAE,60063100,"56,240","101,676",,,,,
1403,shaeed rajaii,UAE,90058010,"6,102","101,344",,,,,
1403,shaeed rajaii,UAE,32065000,"12,900","101,233",,,,,
1403,shaeed rajaii,UAE,39045000,"19,200","100,714",,,,,
1403,shaeed rajaii,UAE,85103000,"1,040","100,447",,,,,
1403,shaeed rajaii,UAE,94011000,"2,300","100,000",,,,,
1403,shaeed rajaii,UAE,38089321,"14,038","99,730",,,,,
1403,shaeed rajaii,UAE,73182300,"50,057","99,706",,,,,
1403,shaeed rajaii,UAE,38101090,"1,067","99,133",,,,,
1403,shaeed rajaii,UAE,70179010,"30,720","98,895",,,,,
1403,shaeed rajaii,UAE,59021050,"12,000","98,745",,,,,
1403,shaeed rajaii,UAE,25030090,"96,000","98,543",,,,,
1403,shaeed rajaii,UAE,39173200,"24,190","98,399",,,,,
1403,shaeed rajaii,UAE,95071000,"5,718","97,785",,,,,
1403,shaeed rajaii,UAE,39172900,"14,428","97,735",,,,,
1403,shaeed rajaii,UAE,85141990,"22,442","97,632",,,,,
1403,shaeed rajaii,UAE,81041900,"27,300","97,567",,,,,
1403,shaeed rajaii,UAE,35051010,"33,875","97,523",,,,,
1403,shaeed rajaii,UAE,55081000,"158,893","97,293",,,,,
1403,shaeed rajaii,UAE,29071200,"5,000","97,005",,,,,
1403,shaeed rajaii,UAE,82129010,"7,853","96,735",,,,,
1403,shaeed rajaii,UAE,85412900,"3,397","96,731",,,,,
1403,shaeed rajaii,UAE,54022000,"10,560","96,480",,,,,
1403,shaeed rajaii,UAE,85043120,740,"95,784",,,,,
1403,shaeed rajaii,UAE,96081020,"5,392","95,570",,,,,
1403,shaeed rajaii,UAE,92071000,"15,510","95,314",,,,,
1403,shaeed rajaii,UAE,85371090,"9,510","95,182",,,,,
1403,shaeed rajaii,UAE,59019000,"32,400","95,145",,,,,
1403,shaeed rajaii,UAE,84138200,"7,219","94,879",,,,,
1403,shaeed rajaii,UAE,19030000,"100,000","94,784",,,,,
1403,shaeed rajaii,UAE,39075090,"32,000","94,740",,,,,
1403,shaeed rajaii,UAE,98870432,"13,792","94,659",,,,,
1403,shaeed rajaii,UAE,84678100,"26,098","93,889",,,,,
1403,shaeed rajaii,UAE,29173490,"36,000","93,733",,,,,
1403,shaeed rajaii,UAE,84399100,"11,289","93,459",,,,,
1403,shaeed rajaii,UAE,32064200,"23,000","93,272",,,,,
1403,shaeed rajaii,UAE,94054290,"16,974","92,761",,,,,
1403,shaeed rajaii,UAE,34070010,"21,800","92,609",,,,,
1403,shaeed rajaii,UAE,70072120,"4,626","92,498",,,,,
1403,shaeed rajaii,UAE,84269100,"6,000","92,036",,,,,
1403,shaeed rajaii,UAE,76052100,"22,500","92,025",,,,,
1403,shaeed rajaii,UAE,58071000,"41,075","91,637",,,,,
1403,shaeed rajaii,UAE,81130000,"1,600","91,491",,,,,
1403,shaeed rajaii,UAE,83112000,"2,947","91,413",,,,,
1403,shaeed rajaii,UAE,48101400,"35,860","91,145",,,,,
1403,shaeed rajaii,UAE,32041590,"4,000","90,996",,,,,
1403,shaeed rajaii,UAE,32082010,"7,920","90,900",,,,,
1403,shaeed rajaii,UAE,90106000,"33,022","90,773",,,,,
1403,shaeed rajaii,UAE,54076100,"23,970","90,379",,,,,
1403,shaeed rajaii,UAE,72163200,"125,263","90,152",,,,,
1403,shaeed rajaii,UAE,15162040,"36,000","90,047",,,,,
1403,shaeed rajaii,UAE,75071200,"2,130","89,903",,,,,
1403,shaeed rajaii,UAE,25132090,"378,840","89,867",,,,,
1403,shaeed rajaii,UAE,29189990,"16,000","89,417",,,,,
1403,shaeed rajaii,UAE,29071900,"13,900","89,118",,,,,
1403,shaeed rajaii,UAE,84581990,"25,900","89,079",,,,,
1403,shaeed rajaii,UAE,64062000,"40,342","88,956",,,,,
1403,shaeed rajaii,UAE,84119100,522,"88,776",,,,,
1403,shaeed rajaii,UAE,96089100,"2,276","88,748",,,,,
1403,shaeed rajaii,UAE,28369190,"4,000","88,534",,,,,
1403,shaeed rajaii,UAE,85182930,"7,547","88,229",,,,,
1403,shaeed rajaii,UAE,38109000,"3,034","88,161",,,,,
1403,shaeed rajaii,UAE,40051000,"4,500","88,042",,,,,
1403,shaeed rajaii,UAE,72022900,"50,000","87,951",,,,,
1403,shaeed rajaii,UAE,84849090,960,"87,622",,,,,
1403,shaeed rajaii,UAE,29312000,"2,000","87,543",,,,,
1403,shaeed rajaii,UAE,48169010,"10,320","87,520",,,,,
1403,shaeed rajaii,UAE,38190090,"6,854","87,360",,,,,
1403,shaeed rajaii,UAE,83024190,"29,219","87,213",,,,,
1403,shaeed rajaii,UAE,48084000,"24,373","86,926",,,,,
1403,shaeed rajaii,UAE,84425010,"2,621","86,928",,,,,
1403,shaeed rajaii,UAE,40169980,"4,799","86,804",,,,,
1403,shaeed rajaii,UAE,70091000,"2,123","86,705",,,,,
1403,shaeed rajaii,UAE,84513020,"7,998","86,145",,,,,
1403,shaeed rajaii,UAE,58041000,"28,520","85,424",,,,,
1403,shaeed rajaii,UAE,34023190,"56,040","85,190",,,,,
1403,shaeed rajaii,UAE,70196390,"67,049","84,815",,,,,
1403,shaeed rajaii,UAE,84381000,"1,530","84,544",,,,,
1403,shaeed rajaii,UAE,76081000,"12,072","84,433",,,,,
1403,shaeed rajaii,UAE,39201060,"22,700","84,260",,,,,
1403,shaeed rajaii,UAE,21022000,"2,790","83,610",,,,,
1403,shaeed rajaii,UAE,73064090,"6,123","83,511",,,,,
1403,shaeed rajaii,UAE,90318020,"7,638","83,289",,,,,
1403,shaeed rajaii,UAE,87082190,"19,001","83,282",,,,,
1403,shaeed rajaii,UAE,87079090,"64,210","83,125",,,,,
1403,shaeed rajaii,UAE,83059000,"35,052","83,056",,,,,
1403,shaeed rajaii,UAE,85193000,"6,251","83,050",,,,,
1403,shaeed rajaii,UAE,83013000,"12,125","82,931",,,,,
1403,shaeed rajaii,UAE,95030090,"12,135","82,777",,,,,
1403,shaeed rajaii,UAE,76069230,"17,000","82,417",,,,,
1403,shaeed rajaii,UAE,84705020,"1,710","82,392",,,,,
1403,shaeed rajaii,UAE,72052900,"51,000","82,114",,,,,
1403,shaeed rajaii,UAE,29221220,500,"82,098",,,,,
1403,shaeed rajaii,UAE,29141900,"17,000","82,012",,,,,
1403,shaeed rajaii,UAE,38241000,"89,760","81,992",,,,,
1403,shaeed rajaii,UAE,39041090,"68,200","81,717",,,,,
1403,shaeed rajaii,UAE,84311000,"1,271","81,313",,,,,
1403,shaeed rajaii,UAE,84145970,"2,455","80,840",,,,,
1403,shaeed rajaii,UAE,32149000,"56,000","80,815",,,,,
1403,shaeed rajaii,UAE,72201100,"52,438","80,511",,,,,
1403,shaeed rajaii,UAE,84589900,"7,050","80,398",,,,,
1403,shaeed rajaii,UAE,73219010,"5,348","80,353",,,,,
1403,shaeed rajaii,UAE,68041000,"9,889","79,864",,,,,
1403,shaeed rajaii,UAE,90200000,505,"79,582",,,,,
1403,shaeed rajaii,UAE,39201090,"37,000","79,551",,,,,
1403,shaeed rajaii,UAE,84189920,"17,279","79,510",,,,,
1403,shaeed rajaii,UAE,84385000,"1,912","79,470",,,,,
1403,shaeed rajaii,UAE,84282000,"3,500","79,116",,,,,
1403,shaeed rajaii,UAE,40094100,"4,445","79,088",,,,,
1403,shaeed rajaii,UAE,39263000,"11,276","78,835",,,,,
1403,shaeed rajaii,UAE,9092290,"37,000","78,340",,,,,
1403,shaeed rajaii,UAE,31039000,"40,960","77,961",,,,,
1403,shaeed rajaii,UAE,28401900,"100,000","77,928",,,,,
1403,shaeed rajaii,UAE,40091200,"24,072","77,760",,,,,
1403,shaeed rajaii,UAE,84244990,"3,622","77,638",,,,,
1403,shaeed rajaii,UAE,84603100,258,"77,402",,,,,
1403,shaeed rajaii,UAE,84519000,"5,857","77,383",,,,,
1403,shaeed rajaii,UAE,25051010,"108,000","77,240",,,,,
1403,shaeed rajaii,UAE,32041490,"44,000","77,051",,,,,
1403,shaeed rajaii,UAE,73102990,865,"76,746",,,,,
1403,shaeed rajaii,UAE,82079000,"9,747","76,703",,,,,
1403,shaeed rajaii,UAE,84623900,"3,193","76,314",,,,,
1403,shaeed rajaii,UAE,85411000,"3,745","75,950",,,,,
1403,shaeed rajaii,UAE,70199010,"3,032","75,733",,,,,
1403,shaeed rajaii,UAE,86079100,"3,581","75,541",,,,,
1403,shaeed rajaii,UAE,29172000,"30,570","75,410",,,,,
1403,shaeed rajaii,UAE,85446030,"6,343","75,183",,,,,
1403,shaeed rajaii,UAE,28500090,"3,000","75,000",,,,,
1403,shaeed rajaii,UAE,84733050,"19,737","74,962",,,,,
1403,shaeed rajaii,UAE,72124090,"45,671","74,940",,,,,
1403,shaeed rajaii,UAE,74122000,"3,757","74,870",,,,,
1403,shaeed rajaii,UAE,48119010,"26,614","74,654",,,,,
1403,shaeed rajaii,UAE,56013000,"31,000","72,678",,,,,
1403,shaeed rajaii,UAE,85153900,"17,760","72,466",,,,,
1403,shaeed rajaii,UAE,14049030,"155,130","72,269",,,,,
1403,shaeed rajaii,UAE,60012200,"21,170","71,897",,,,,
1403,shaeed rajaii,UAE,17029090,"11,200","71,851",,,,,
1403,shaeed rajaii,UAE,29032900,"20,000","71,777",,,,,
1403,shaeed rajaii,UAE,48114100,"25,200","71,707",,,,,
1403,shaeed rajaii,UAE,87083023,"22,309","71,396",,,,,
1403,shaeed rajaii,UAE,84159050,"8,694","71,372",,,,,
1403,shaeed rajaii,UAE,29145090,"2,000","71,323",,,,,
1403,shaeed rajaii,UAE,48114900,"23,572","70,997",,,,,
1403,shaeed rajaii,UAE,28209000,"60,002","70,994",,,,,
1403,shaeed rajaii,UAE,73141990,"37,074","70,957",,,,,
1403,shaeed rajaii,UAE,90251990,652,"70,877",,,,,
1403,shaeed rajaii,UAE,39121100,"3,560","70,486",,,,,
1403,shaeed rajaii,UAE,31049090,"37,849","69,962",,,,,
1403,shaeed rajaii,UAE,28253000,"10,000","69,898",,,,,
1403,shaeed rajaii,UAE,28341090,"75,000","69,490",,,,,
1403,shaeed rajaii,UAE,72299010,"23,397","69,331",,,,,
1403,shaeed rajaii,UAE,28469000,"101,000","69,320",,,,,
1403,shaeed rajaii,UAE,54012000,"10,272","69,151",,,,,
1403,shaeed rajaii,UAE,84829900,"29,810","69,018",,,,,
1403,shaeed rajaii,UAE,28170011,"1,140","68,966",,,,,
1403,shaeed rajaii,UAE,32089010,"7,000","68,741",,,,,
1403,shaeed rajaii,UAE,73089090,"18,758","68,622",,,,,
1403,shaeed rajaii,UAE,73262000,"11,270","68,470",,,,,
1403,shaeed rajaii,UAE,85362010,"2,518","68,431",,,,,
1403,shaeed rajaii,UAE,84378090,"15,815","68,377",,,,,
1403,shaeed rajaii,UAE,85016200,"24,100","68,172",,,,,
1403,shaeed rajaii,UAE,82072090,"2,161","68,079",,,,,
1403,shaeed rajaii,UAE,70109090,"58,488","68,040",,,,,
1403,shaeed rajaii,UAE,76069240,"23,119","67,918",,,,,
1403,shaeed rajaii,UAE,94059990,"16,448","67,760",,,,,
1403,shaeed rajaii,UAE,84137040,"3,528","67,717",,,,,
1403,shaeed rajaii,UAE,83111000,"13,320","67,681",,,,,
1403,shaeed rajaii,UAE,84041000,"1,362","67,600",,,,,
1403,shaeed rajaii,UAE,84729090,"13,625","67,587",,,,,
1403,shaeed rajaii,UAE,90221910,10,"67,529",,,,,
1403,shaeed rajaii,UAE,70191400,"23,640","67,348",,,,,
1403,shaeed rajaii,UAE,29151200,"75,000","66,986",,,,,
1403,shaeed rajaii,UAE,96062200,"25,277","66,762",,,,,
1403,shaeed rajaii,UAE,90275090,350,"66,517",,,,,
1403,shaeed rajaii,UAE,85459090,38,"66,277",,,,,
1403,shaeed rajaii,UAE,39131000,"4,425","66,155",,,,,
1403,shaeed rajaii,UAE,95069990,886,"66,080",,,,,
1403,shaeed rajaii,UAE,28091000,"17,800","66,059",,,,,
1403,shaeed rajaii,UAE,73021000,"36,580","65,862",,,,,
1403,shaeed rajaii,UAE,40081120,"16,500","65,698",,,,,
1403,shaeed rajaii,UAE,48059390,"112,962","65,607",,,,,
1403,shaeed rajaii,UAE,90221920,"2,500","65,606",,,,,
1403,shaeed rajaii,UAE,40012100,"21,000","65,138",,,,,
1403,shaeed rajaii,UAE,72085290,"100,000","65,044",,,,,
1403,shaeed rajaii,UAE,28399090,"63,000","64,731",,,,,
1403,shaeed rajaii,UAE,85331090,"1,484","64,724",,,,,
1403,shaeed rajaii,UAE,85189010,"27,208","64,575",,,,,
1403,shaeed rajaii,UAE,85462020,"7,647","64,454",,,,,
1403,shaeed rajaii,UAE,60012900,"7,176","64,446",,,,,
1403,shaeed rajaii,UAE,27030010,"171,853","64,097",,,,,
1403,shaeed rajaii,UAE,72191400,"62,250","63,943",,,,,
1403,shaeed rajaii,UAE,40117010,"16,904","63,864",,,,,
1403,shaeed rajaii,UAE,28273200,"110,518","63,712",,,,,
1403,shaeed rajaii,UAE,90183285,975,"63,595",,,,,
1403,shaeed rajaii,UAE,85024000,"20,000","63,532",,,,,
1403,shaeed rajaii,UAE,98870304,"12,731","63,521",,,,,
1403,shaeed rajaii,UAE,84412000,"3,200","63,484",,,,,
1403,shaeed rajaii,UAE,28070000,"6,805","63,335",,,,,
1403,shaeed rajaii,UAE,85444210,"3,676","63,207",,,,,
1403,shaeed rajaii,UAE,17029010,"68,000","63,162",,,,,
1403,shaeed rajaii,UAE,27121010,"35,000","62,755",,,,,
1403,shaeed rajaii,UAE,39234000,"2,454","62,403",,,,,
1403,shaeed rajaii,UAE,84661000,"8,553","61,760",,,,,
1403,shaeed rajaii,UAE,85299030,"1,497","61,575",,,,,
1403,shaeed rajaii,UAE,70196310,"7,839","61,157",,,,,
1403,shaeed rajaii,UAE,70171090,"13,290","60,494",,,,,
1403,shaeed rajaii,UAE,31059010,"7,200","60,330",,,,,
1403,shaeed rajaii,UAE,39206190,"17,750","60,305",,,,,
1403,shaeed rajaii,UAE,28276010,"1,001","59,930",,,,,
1403,shaeed rajaii,UAE,73084000,"26,220","59,901",,,,,
1403,shaeed rajaii,UAE,83024210,"19,060","59,606",,,,,
1403,shaeed rajaii,UAE,89033120,"1,500","59,578",,,,,
1403,shaeed rajaii,UAE,84842090,"5,048","59,457",,,,,
1403,shaeed rajaii,UAE,85153120,"2,281","59,273",,,,,
1403,shaeed rajaii,UAE,84823000,"6,909","59,243",,,,,
1403,shaeed rajaii,UAE,39209100,"9,767","59,164",,,,,
1403,shaeed rajaii,UAE,72083790,"98,630","59,141",,,,,
1403,shaeed rajaii,UAE,85311000,"5,825","59,058",,,,,
1403,shaeed rajaii,UAE,21061011,"40,000","59,031",,,,,
1403,shaeed rajaii,UAE,87141025,"15,981","59,023",,,,,
1403,shaeed rajaii,UAE,68062090,"45,500","58,845",,,,,
1403,shaeed rajaii,UAE,9101290,"17,500","58,805",,,,,
1403,shaeed rajaii,UAE,87046000,"6,374","58,763",,,,,
1403,shaeed rajaii,UAE,38089213,"10,000","58,710",,,,,
1403,shaeed rajaii,UAE,83024900,"19,342","58,544",,,,,
1403,shaeed rajaii,UAE,90304090,"2,986","58,201",,,,,
1403,shaeed rajaii,UAE,84136090,"1,405","57,932",,,,,
1403,shaeed rajaii,UAE,85353090,"1,430","57,630",,,,,
1403,shaeed rajaii,UAE,84123100,"21,651","57,121",,,,,
1403,shaeed rajaii,UAE,40103500,"2,924","57,075",,,,,
1403,shaeed rajaii,UAE,83051000,"28,920","57,016",,,,,
1403,shaeed rajaii,UAE,70200099,"23,048","56,966",,,,,
1403,shaeed rajaii,UAE,84149020,"34,200","56,773",,,,,
1403,shaeed rajaii,UAE,90241000,"2,988","56,626",,,,,
1403,shaeed rajaii,UAE,27129020,"37,600","56,569",,,,,
1403,shaeed rajaii,UAE,29152920,"66,000","56,202",,,,,
1403,shaeed rajaii,UAE,84811090,"1,613","55,907",,,,,
1403,shaeed rajaii,UAE,39204330,"7,000","55,815",,,,,
1403,shaeed rajaii,UAE,72021930,"28,000","55,782",,,,,
1403,shaeed rajaii,UAE,24012020,"9,200","55,768",,,,,
1403,shaeed rajaii,UAE,94039900,"17,210","55,628",,,,,
1403,shaeed rajaii,UAE,96033090,"21,828","55,521",,,,,
1403,shaeed rajaii,UAE,32041720,"10,000","55,196",,,,,
1403,shaeed rajaii,UAE,85171100,399,"54,955",,,,,
1403,shaeed rajaii,UAE,11041200,"130,000","54,761",,,,,
1403,shaeed rajaii,UAE,85423200,320,"54,641",,,,,
1403,shaeed rajaii,UAE,39204340,"24,000","54,484",,,,,
1403,shaeed rajaii,UAE,90303900,"1,131","54,421",,,,,
1403,shaeed rajaii,UAE,72091500,"66,800","54,004",,,,,
1403,shaeed rajaii,UAE,73072990,"11,880","53,898",,,,,
1403,shaeed rajaii,UAE,84454000,"4,500","53,868",,,,,
1403,shaeed rajaii,UAE,44123300,"50,300","53,813",,,,,
1403,shaeed rajaii,UAE,72027000,"1,100","53,297",,,,,
1403,shaeed rajaii,UAE,30043912,"12,700","53,254",,,,,
1403,shaeed rajaii,UAE,82141010,"22,039","53,235",,,,,
1403,shaeed rajaii,UAE,72179090,"52,000","52,978",,,,,
1403,shaeed rajaii,UAE,82041190,"6,556","52,930",,,,,
1403,shaeed rajaii,UAE,90183922,"5,576","52,847",,,,,
1403,shaeed rajaii,UAE,84804900,"7,390","52,794",,,,,
1403,shaeed rajaii,UAE,81122100,"3,600","52,732",,,,,
1403,shaeed rajaii,UAE,95083090,"11,700","52,485",,,,,
1403,shaeed rajaii,UAE,85369020,"11,931","52,390",,,,,
1403,shaeed rajaii,UAE,85044060,"3,386","52,291",,,,,
1403,shaeed rajaii,UAE,96072000,"24,882","52,234",,,,,
1403,shaeed rajaii,UAE,84251110,"1,397","52,063",,,,,
1403,shaeed rajaii,UAE,73259100,"23,000","51,888",,,,,
1403,shaeed rajaii,UAE,84253130,"1,150","51,736",,,,,
1403,shaeed rajaii,UAE,33019090,"1,300","51,709",,,,,
1403,shaeed rajaii,UAE,29381000,550,"51,637",,,,,
1403,shaeed rajaii,UAE,32082070,"11,628","51,280",,,,,
1403,shaeed rajaii,UAE,29029000,"6,400","51,235",,,,,
1403,shaeed rajaii,UAE,9022020,"5,000","51,205",,,,,
1403,shaeed rajaii,UAE,29181600,"28,100","51,196",,,,,
1403,shaeed rajaii,UAE,84271011,"5,700","50,869",,,,,
1403,shaeed rajaii,UAE,40121300,"4,985","50,800",,,,,
1403,shaeed rajaii,UAE,87032410,"4,200","50,777",,,,,
1403,shaeed rajaii,UAE,39092010,"40,000","50,652",,,,,
1403,shaeed rajaii,UAE,87082210,"1,793","50,470",,,,,
1403,shaeed rajaii,UAE,56089000,"12,900","50,051",,,,,
1403,shaeed rajaii,UAE,55092100,"20,966","50,041",,,,,
1403,shaeed rajaii,UAE,20071010,"34,400","50,034",,,,,
1403,shaeed rajaii,UAE,90181990,"1,918","49,726",,,,,
1403,shaeed rajaii,UAE,90181280,"1,918","49,726",,,,,
1403,shaeed rajaii,UAE,96092090,"19,800","49,579",,,,,
1403,shaeed rajaii,UAE,85241100,"2,630","49,417",,,,,
1403,shaeed rajaii,UAE,30049016,"2,640","49,178",,,,,
1403,shaeed rajaii,UAE,38210090,"200,000","49,011",,,,,
1403,shaeed rajaii,UAE,48044190,"48,400","48,970",,,,,
1403,shaeed rajaii,UAE,87085033,"4,460","48,654",,,,,
1403,shaeed rajaii,UAE,39031920,"30,800","48,491",,,,,
1403,shaeed rajaii,UAE,90321090,809,"48,404",,,,,
1403,shaeed rajaii,UAE,28061090,"4,480","48,217",,,,,
1403,shaeed rajaii,UAE,29349920,500,"47,642",,,,,
1403,shaeed rajaii,UAE,85114020,"13,858","47,267",,,,,
1403,shaeed rajaii,UAE,84133030,558,"47,249",,,,,
1403,shaeed rajaii,UAE,72191100,"18,974","47,150",,,,,
1403,shaeed rajaii,UAE,29291020,"16,450","46,835",,,,,
1403,shaeed rajaii,UAE,85158090,290,"46,644",,,,,
1403,shaeed rajaii,UAE,65061020,"13,096","46,459",,,,,
1403,shaeed rajaii,UAE,90192010,"6,275","46,450",,,,,
1403,shaeed rajaii,UAE,84289090,"12,580","46,262",,,,,
1403,shaeed rajaii,UAE,84581190,"8,500","46,156",,,,,
1403,shaeed rajaii,UAE,28199010,"10,000","45,931",,,,,
1403,shaeed rajaii,UAE,29032200,"22,400","45,419",,,,,
1403,shaeed rajaii,UAE,84213950,798,"45,051",,,,,
1403,shaeed rajaii,UAE,59011000,"15,900","44,957",,,,,
1403,shaeed rajaii,UAE,94021000,"28,303","44,886",,,,,
1403,shaeed rajaii,UAE,39231090,"2,300","44,850",,,,,
1403,shaeed rajaii,UAE,48103100,"49,799","44,847",,,,,
1403,shaeed rajaii,UAE,73181510,"2,897","44,784",,,,,
1403,shaeed rajaii,UAE,90181991,62,"44,711",,,,,
1403,shaeed rajaii,UAE,69032030,"25,000","44,684",,,,,
1403,shaeed rajaii,UAE,90181961,164,"44,572",,,,,
1403,shaeed rajaii,UAE,74152900,"2,400","44,384",,,,,
1403,shaeed rajaii,UAE,48059290,"52,115","44,340",,,,,
1403,shaeed rajaii,UAE,29042090,"3,000","44,025",,,,,
1403,shaeed rajaii,UAE,84484900,"3,466","44,014",,,,,
1403,shaeed rajaii,UAE,38019090,"89,028","43,952",,,,,
1403,shaeed rajaii,UAE,40059100,"20,860","43,930",,,,,
1403,shaeed rajaii,UAE,87089419,"2,386","43,861",,,,,
1403,shaeed rajaii,UAE,90251920,141,"43,611",,,,,
1403,shaeed rajaii,UAE,84625900,"1,600","43,515",,,,,
1403,shaeed rajaii,UAE,83016090,"17,529","43,354",,,,,
1403,shaeed rajaii,UAE,39023091,"5,928","43,101",,,,,
1403,shaeed rajaii,UAE,81092900,337,"43,038",,,,,
1403,shaeed rajaii,UAE,85363020,908,"43,033",,,,,
1403,shaeed rajaii,UAE,81011000,415,"42,682",,,,,
1403,shaeed rajaii,UAE,29331990,"6,000","42,605",,,,,
1403,shaeed rajaii,UAE,29173500,"8,000","42,478",,,,,
1403,shaeed rajaii,UAE,29163230,"20,000","41,999",,,,,
1403,shaeed rajaii,UAE,84626100,"32,000","41,879",,,,,
1403,shaeed rajaii,UAE,85113090,"2,321","41,723",,,,,
1403,shaeed rajaii,UAE,73061990,"2,847","41,621",,,,,
1403,shaeed rajaii,UAE,84852000,"1,411","41,473",,,,,
1403,shaeed rajaii,UAE,34023930,"18,000","41,455",,,,,
1403,shaeed rajaii,UAE,90183928,"4,111","41,409",,,,,
1403,shaeed rajaii,UAE,85334020,"4,620","40,953",,,,,
1403,shaeed rajaii,UAE,68138100,"1,162","40,875",,,,,
1403,shaeed rajaii,UAE,28342950,"74,000","40,807",,,,,
1403,shaeed rajaii,UAE,40114000,"7,550","40,806",,,,,
1403,shaeed rajaii,UAE,39052100,"5,950","40,633",,,,,
1403,shaeed rajaii,UAE,29163190,"5,725","40,624",,,,,
1403,shaeed rajaii,UAE,39042200,"12,284","40,386",,,,,
1403,shaeed rajaii,UAE,29335950,300,"40,220",,,,,
1403,shaeed rajaii,UAE,84159030,"10,876","39,931",,,,,
1403,shaeed rajaii,UAE,56031420,"1,000","39,755",,,,,
1403,shaeed rajaii,UAE,84122100,"2,834","39,700",,,,,
1403,shaeed rajaii,UAE,96062100,"12,550","39,668",,,,,
1403,shaeed rajaii,UAE,29182900,800,"39,442",,,,,
1403,shaeed rajaii,UAE,29183090,"20,000","39,347",,,,,
1403,shaeed rajaii,UAE,38245000,"50,530","39,265",,,,,
1403,shaeed rajaii,UAE,90289020,"9,388","39,248",,,,,
1403,shaeed rajaii,UAE,85392990,995,"39,198",,,,,
1403,shaeed rajaii,UAE,90019000,801,"39,112",,,,,
1403,shaeed rajaii,UAE,84522100,"7,924","38,956",,,,,
1403,shaeed rajaii,UAE,25309010,"25,000","38,928",,,,,
1403,shaeed rajaii,UAE,90069900,"11,413","38,910",,,,,
1403,shaeed rajaii,UAE,84149030,"6,510","38,907",,,,,
1403,shaeed rajaii,UAE,85362040,166,"38,529",,,,,
1403,shaeed rajaii,UAE,85065030,"1,600","38,512",,,,,
1403,shaeed rajaii,UAE,85072090,"7,200","38,366",,,,,
1403,shaeed rajaii,UAE,32082090,"14,280","38,356",,,,,
1403,shaeed rajaii,UAE,84335190,"1,490","38,331",,,,,
1403,shaeed rajaii,UAE,40094200,517,"38,254",,,,,
1403,shaeed rajaii,UAE,39043000,"9,000","38,148",,,,,
1403,shaeed rajaii,UAE,90311010,"13,485","37,922",,,,,
1403,shaeed rajaii,UAE,84659400,"6,800","37,808",,,,,
1403,shaeed rajaii,UAE,85333900,769,"37,713",,,,,
1403,shaeed rajaii,UAE,84597000,"5,600","37,440",,,,,
1403,shaeed rajaii,UAE,48229000,"29,494","37,144",,,,,
1403,shaeed rajaii,UAE,15050090,"1,100","37,127",,,,,
1403,shaeed rajaii,UAE,28112990,"3,125","37,100",,,,,
1403,shaeed rajaii,UAE,29333990,"1,500","37,033",,,,,
1403,shaeed rajaii,UAE,44130000,"23,200","37,020",,,,,
1403,shaeed rajaii,UAE,34024110,"19,000","37,007",,,,,
1403,shaeed rajaii,UAE,70111090,"7,979","36,729",,,,,
1403,shaeed rajaii,UAE,28263000,"31,000","36,574",,,,,
1403,shaeed rajaii,UAE,39211100,"11,005","36,507",,,,,
1403,shaeed rajaii,UAE,9062020,"9,000","36,310",,,,,
1403,shaeed rajaii,UAE,73079200,"18,227","36,282",,,,,
1403,shaeed rajaii,UAE,54026200,"21,600","36,191",,,,,
1403,shaeed rajaii,UAE,84212110,"3,530","36,092",,,,,
1403,shaeed rajaii,UAE,29302000,"18,000","35,941",,,,,
1403,shaeed rajaii,UAE,29171100,"49,000","35,837",,,,,
1403,shaeed rajaii,UAE,83021030,"21,402","35,717",,,,,
1403,shaeed rajaii,UAE,39204350,"12,922","35,635",,,,,
1403,shaeed rajaii,UAE,35069110,"5,407","35,403",,,,,
1403,shaeed rajaii,UAE,38249980,"13,182","35,264",,,,,
1403,shaeed rajaii,UAE,76161090,"13,441","35,200",,,,,
1403,shaeed rajaii,UAE,45041000,"12,760","35,192",,,,,
1403,shaeed rajaii,UAE,84849020,"4,138","35,092",,,,,
1403,shaeed rajaii,UAE,82100000,"2,862","34,948",,,,,
1403,shaeed rajaii,UAE,17021990,"4,055","34,719",,,,,
1403,shaeed rajaii,UAE,73151100,"23,404","34,682",,,,,
1403,shaeed rajaii,UAE,72199000,"25,107","34,669",,,,,
1403,shaeed rajaii,UAE,85351000,321,"34,574",,,,,
1403,shaeed rajaii,UAE,84423000,804,"34,431",,,,,
1403,shaeed rajaii,UAE,90183140,596,"34,372",,,,,
1403,shaeed rajaii,UAE,72162100,"29,478","34,202",,,,,
1403,shaeed rajaii,UAE,28042100,"1,216","34,112",,,,,
1403,shaeed rajaii,UAE,84659500,"4,925","33,870",,,,,
1403,shaeed rajaii,UAE,85015120,"9,238","33,665",,,,,
1403,shaeed rajaii,UAE,82077000,"1,441","33,532",,,,,
1403,shaeed rajaii,UAE,85098010,"12,520","33,520",,,,,
1403,shaeed rajaii,UAE,87089190,"5,297","33,377",,,,,
1403,shaeed rajaii,UAE,84431700,"5,407","33,147",,,,,
1403,shaeed rajaii,UAE,58110000,"11,500","33,056",,,,,
1403,shaeed rajaii,UAE,29231010,"28,520","33,053",,,,,
1403,shaeed rajaii,UAE,84393000,"11,000","33,039",,,,,
1403,shaeed rajaii,UAE,85011020,"11,110","32,628",,,,,
1403,shaeed rajaii,UAE,84198930,"6,250","32,607",,,,,
1403,shaeed rajaii,UAE,87088049,"7,561","32,598",,,,,
1403,shaeed rajaii,UAE,29024400,"28,800","32,567",,,,,
1403,shaeed rajaii,UAE,30042022,"1,000","32,564",,,,,
1403,shaeed rajaii,UAE,32159010,"3,300","32,528",,,,,
1403,shaeed rajaii,UAE,87089590,379,"32,433",,,,,
1403,shaeed rajaii,UAE,84199030,"4,328","32,394",,,,,
1403,shaeed rajaii,UAE,84254200,"8,839","32,295",,,,,
1403,shaeed rajaii,UAE,87141055,"8,383","32,289",,,,,
1403,shaeed rajaii,UAE,85061090,"4,857","32,249",,,,,
1403,shaeed rajaii,UAE,84073290,"4,348","32,217",,,,,
1403,shaeed rajaii,UAE,83113000,"43,200","32,190",,,,,
1403,shaeed rajaii,UAE,70023100,"33,510","31,690",,,,,
1403,shaeed rajaii,UAE,28164000,"23,000","31,498",,,,,
1403,shaeed rajaii,UAE,87084010,"8,748","31,465",,,,,
1403,shaeed rajaii,UAE,72164090,"40,000","31,437",,,,,
1403,shaeed rajaii,UAE,74121000,"1,643","31,362",,,,,
1403,shaeed rajaii,UAE,74111090,"1,632","31,333",,,,,
1403,shaeed rajaii,UAE,40030000,"48,000","31,238",,,,,
1403,shaeed rajaii,UAE,85171890,191,"31,218",,,,,
1403,shaeed rajaii,UAE,84212200,180,"31,042",,,,,
1403,shaeed rajaii,UAE,85322510,"3,356","31,014",,,,,
1403,shaeed rajaii,UAE,90261020,215,"30,994",,,,,
1403,shaeed rajaii,UAE,70072900,"2,320","30,971",,,,,
1403,shaeed rajaii,UAE,29242100,"2,700","30,915",,,,,
1403,shaeed rajaii,UAE,85269290,210,"30,652",,,,,
1403,shaeed rajaii,UAE,84714110,"1,238","30,652",,,,,
1403,shaeed rajaii,UAE,28182010,"20,000","30,344",,,,,
1403,shaeed rajaii,UAE,82074000,"3,664","30,301",,,,,
1403,shaeed rajaii,UAE,25120000,"24,000","30,220",,,,,
1403,shaeed rajaii,UAE,29215100,"7,000","30,192",,,,,
1403,shaeed rajaii,UAE,85176260,49,"30,062",,,,,
1403,shaeed rajaii,UAE,28352200,"10,800","29,876",,,,,
1403,shaeed rajaii,UAE,32131090,"2,954","29,710",,,,,
1403,shaeed rajaii,UAE,95066100,"3,747","29,193",,,,,
1403,shaeed rajaii,UAE,39012059,"12,000","29,075",,,,,
1403,shaeed rajaii,UAE,37031000,"4,872","29,071",,,,,
1403,shaeed rajaii,UAE,85352190,675,"28,774",,,,,
1403,shaeed rajaii,UAE,82055990,"1,268","28,624",,,,,
1403,shaeed rajaii,UAE,72112910,"14,921","28,533",,,,,
1403,shaeed rajaii,UAE,82022010,"18,450","28,345",,,,,
1403,shaeed rajaii,UAE,29189920,600,"28,219",,,,,
1403,shaeed rajaii,UAE,85441100,"3,863","28,104",,,,,
1403,shaeed rajaii,UAE,29314990,"12,500","27,910",,,,,
1403,shaeed rajaii,UAE,28273990,"1,200","27,736",,,,,
1403,shaeed rajaii,UAE,29173910,"20,000","27,706",,,,,
1403,shaeed rajaii,UAE,38122020,"11,700","27,638",,,,,
1403,shaeed rajaii,UAE,84231000,"1,885","27,602",,,,,
1403,shaeed rajaii,UAE,84799010,"6,155","27,595",,,,,
1403,shaeed rajaii,UAE,84159040,"14,778","27,529",,,,,
1403,shaeed rajaii,UAE,91061000,948,"27,186",,,,,
1403,shaeed rajaii,UAE,84751000,"2,153","26,927",,,,,
1403,shaeed rajaii,UAE,73181610,"3,475","26,922",,,,,
1403,shaeed rajaii,UAE,39012010,"7,000","26,895",,,,,
1403,shaeed rajaii,UAE,28332400,"5,000","26,892",,,,,
1403,shaeed rajaii,UAE,34024230,"3,600","26,772",,,,,
1403,shaeed rajaii,UAE,28342990,"15,500","26,724",,,,,
1403,shaeed rajaii,UAE,33013000,960,"26,451",,,,,
1403,shaeed rajaii,UAE,84321090,"7,694","26,304",,,,,
1403,shaeed rajaii,UAE,39094010,"38,000","26,203",,,,,
1403,shaeed rajaii,UAE,72251100,"24,000","26,158",,,,,
1403,shaeed rajaii,UAE,33012920,350,"26,008",,,,,
1403,shaeed rajaii,UAE,84431500,"2,000","25,967",,,,,
1403,shaeed rajaii,UAE,84322910,"8,332","25,861",,,,,
1403,shaeed rajaii,UAE,68069000,"3,300","25,810",,,,,
1403,shaeed rajaii,UAE,39073010,"9,400","25,596",,,,,
1403,shaeed rajaii,UAE,56021000,"15,570","25,496",,,,,
1403,shaeed rajaii,UAE,39233010,"18,490","25,460",,,,,
1403,shaeed rajaii,UAE,84688000,"3,340","25,411",,,,,
1403,shaeed rajaii,UAE,40119090,"2,850","25,255",,,,,
1403,shaeed rajaii,UAE,84253190,"5,334","25,190",,,,,
1403,shaeed rajaii,UAE,84239020,"5,991","25,177",,,,,
1403,shaeed rajaii,UAE,83079000,"1,440","25,134",,,,,
1403,shaeed rajaii,UAE,29051690,"20,040","24,977",,,,,
1403,shaeed rajaii,UAE,29126000,"20,000","24,831",,,,,
1403,shaeed rajaii,UAE,72172090,"47,000","24,798",,,,,
1403,shaeed rajaii,UAE,85219010,"2,662","24,796",,,,,
1403,shaeed rajaii,UAE,73011000,"21,000","24,768",,,,,
1403,shaeed rajaii,UAE,95045010,"2,125","24,650",,,,,
1403,shaeed rajaii,UAE,84639000,"4,760","24,640",,,,,
1403,shaeed rajaii,UAE,32041390,"9,800","24,561",,,,,
1403,shaeed rajaii,UAE,28352400,816,"24,175",,,,,
1403,shaeed rajaii,UAE,72069000,"23,071","24,064",,,,,
1403,shaeed rajaii,UAE,90118000,"1,022","23,901",,,,,
1403,shaeed rajaii,UAE,85332910,800,"23,606",,,,,
1403,shaeed rajaii,UAE,29141300,"9,900","23,576",,,,,
1403,shaeed rajaii,UAE,58061000,"9,350","23,498",,,,,
1403,shaeed rajaii,UAE,85459010,"11,774","23,470",,,,,
1403,shaeed rajaii,UAE,84622500,"7,444","23,454",,,,,
1403,shaeed rajaii,UAE,40092200,"7,602","23,452",,,,,
1403,shaeed rajaii,UAE,29072900,"2,150","23,431",,,,,
1403,shaeed rajaii,UAE,90311090,"7,080","23,428",,,,,
1403,shaeed rajaii,UAE,39162090,"13,010","23,266",,,,,
1403,shaeed rajaii,UAE,30064090,78,"23,199",,,,,
1403,shaeed rajaii,UAE,39204360,"4,700","22,946",,,,,
1403,shaeed rajaii,UAE,29146990,700,"22,864",,,,,
1403,shaeed rajaii,UAE,48239090,"5,620","22,713",,,,,
1403,shaeed rajaii,UAE,82082000,680,"22,654",,,,,
1403,shaeed rajaii,UAE,98870371,"1,235","22,625",,,,,
1403,shaeed rajaii,UAE,85043310,"1,855","22,386",,,,,
1403,shaeed rajaii,UAE,85144000,"2,300","22,186",,,,,
1403,shaeed rajaii,UAE,87083021,"2,863","22,160",,,,,
1403,shaeed rajaii,UAE,84531000,"15,000","22,041",,,,,
1403,shaeed rajaii,UAE,29163990,"4,025","22,001",,,,,
1403,shaeed rajaii,UAE,37013030,477,"21,892",,,,,
1403,shaeed rajaii,UAE,54077200,"6,392","21,885",,,,,
1403,shaeed rajaii,UAE,90230090,"6,000","21,865",,,,,
1403,shaeed rajaii,UAE,84721000,870,"21,826",,,,,
1403,shaeed rajaii,UAE,84146090,360,"21,757",,,,,
1403,shaeed rajaii,UAE,87036090,"1,890","21,749",,,,,
1403,shaeed rajaii,UAE,84569000,"1,045","21,729",,,,,
1403,shaeed rajaii,UAE,40082900,"1,185","21,621",,,,,
1403,shaeed rajaii,UAE,98870311,"1,175","21,597",,,,,
1403,shaeed rajaii,UAE,90153000,513,"21,468",,,,,
1403,shaeed rajaii,UAE,28391910,"27,300","21,372",,,,,
1403,shaeed rajaii,UAE,82032000,"4,000","21,196",,,,,
1403,shaeed rajaii,UAE,84073190,"3,953","21,184",,,,,
1403,shaeed rajaii,UAE,70196410,"1,554","21,164",,,,,
1403,shaeed rajaii,UAE,84287000,"2,376","21,036",,,,,
1403,shaeed rajaii,UAE,82059000,"3,148","20,862",,,,,
1403,shaeed rajaii,UAE,73160000,"9,350","20,849",,,,,
1403,shaeed rajaii,UAE,85369040,"2,754","20,695",,,,,
1403,shaeed rajaii,UAE,84425090,"1,436","20,440",,,,,
1403,shaeed rajaii,UAE,87112013,"1,310","20,367",,,,,
1403,shaeed rajaii,UAE,38099300,"16,560","20,292",,,,,
1403,shaeed rajaii,UAE,84714910,956,"20,251",,,,,
1403,shaeed rajaii,UAE,85151990,111,"20,140",,,,,
1403,shaeed rajaii,UAE,85329000,"2,030","20,084",,,,,
1403,shaeed rajaii,UAE,84295112,"5,000","20,000",,,,,
1403,shaeed rajaii,UAE,87082290,"2,663","19,991",,,,,
1403,shaeed rajaii,UAE,85152110,"1,380","19,936",,,,,
1403,shaeed rajaii,UAE,28111910,"25,000","19,850",,,,,
1403,shaeed rajaii,UAE,27101950,443,"19,823",,,,,
1403,shaeed rajaii,UAE,58013390,"10,100","19,801",,,,,
1403,shaeed rajaii,UAE,84818070,826,"19,737",,,,,
1403,shaeed rajaii,UAE,70199040,"6,076","19,645",,,,,
1403,shaeed rajaii,UAE,85361010,196,"19,605",,,,,
1403,shaeed rajaii,UAE,72085210,"30,000","19,512",,,,,
1403,shaeed rajaii,UAE,40081190,"8,704","19,458",,,,,
1403,shaeed rajaii,UAE,87089929,"11,135","19,409",,,,,
1403,shaeed rajaii,UAE,28043000,668,"19,327",,,,,
1403,shaeed rajaii,UAE,84879000,"2,342","19,294",,,,,
1403,shaeed rajaii,UAE,84439930,77,"19,264",,,,,
1403,shaeed rajaii,UAE,58063200,"4,996","19,120",,,,,
1403,shaeed rajaii,UAE,85462041,"6,596","19,046",,,,,
1403,shaeed rajaii,UAE,90251910,194,"18,996",,,,,
1403,shaeed rajaii,UAE,56041000,"5,800","18,993",,,,,
1403,shaeed rajaii,UAE,90330090,"1,344","18,792",,,,,
1403,shaeed rajaii,UAE,85381000,"19,030","18,668",,,,,
1403,shaeed rajaii,UAE,72149900,"29,250","18,516",,,,,
1403,shaeed rajaii,UAE,90183290,50,"18,413",,,,,
1403,shaeed rajaii,UAE,34029040,"11,200","18,298",,,,,
1403,shaeed rajaii,UAE,70179090,390,"18,203",,,,,
1403,shaeed rajaii,UAE,84269900,"1,580","18,200",,,,,
1403,shaeed rajaii,UAE,84431200,"5,300","18,121",,,,,
1403,shaeed rajaii,UAE,39077000,"5,400","18,101",,,,,
1403,shaeed rajaii,UAE,94032020,"4,110","18,094",,,,,
1403,shaeed rajaii,UAE,40081900,"1,213","17,969",,,,,
1403,shaeed rajaii,UAE,28092090,"2,000","17,808",,,,,
1403,shaeed rajaii,UAE,29051100,"1,992","17,560",,,,,
1403,shaeed rajaii,UAE,39042100,"5,000","17,521",,,,,
1403,shaeed rajaii,UAE,85416000,330,"17,484",,,,,
1403,shaeed rajaii,UAE,68052020,800,"17,478",,,,,
1403,shaeed rajaii,UAE,87081090,"2,510","17,247",,,,,
1403,shaeed rajaii,UAE,39011069,"8,200","17,215",,,,,
1403,shaeed rajaii,UAE,90152010,"2,514","17,208",,,,,
1403,shaeed rajaii,UAE,90021900,"2,746","17,181",,,,,
1403,shaeed rajaii,UAE,28271000,"50,000","17,127",,,,,
1403,shaeed rajaii,UAE,56039300,"4,620","17,018",,,,,
1403,shaeed rajaii,UAE,91021100,182,"16,934",,,,,
1403,shaeed rajaii,UAE,72123090,"29,500","16,866",,,,,
1403,shaeed rajaii,UAE,72092600,"23,954","16,659",,,,,
1403,shaeed rajaii,UAE,40103200,897,"16,627",,,,,
1403,shaeed rajaii,UAE,40081110,"4,400","16,518",,,,,
1403,shaeed rajaii,UAE,53039000,"15,000","16,497",,,,,
1403,shaeed rajaii,UAE,56081900,"2,838","16,490",,,,,
1403,shaeed rajaii,UAE,95065910,"1,227","16,390",,,,,
1403,shaeed rajaii,UAE,56031210,"5,338","16,338",,,,,
1403,shaeed rajaii,UAE,39259000,"6,437","16,297",,,,,
1403,shaeed rajaii,UAE,84169000,266,"16,132",,,,,
1403,shaeed rajaii,UAE,85256000,140,"16,093",,,,,
1403,shaeed rajaii,UAE,85365010,666,"15,898",,,,,
1403,shaeed rajaii,UAE,44129200,"23,775","15,819",,,,,
1403,shaeed rajaii,UAE,87089229,"2,508","15,626",,,,,
1403,shaeed rajaii,UAE,73199090,"6,860","15,605",,,,,
1403,shaeed rajaii,UAE,84602900,"9,940","15,585",,,,,
1403,shaeed rajaii,UAE,84835090,"2,300","15,566",,,,,
1403,shaeed rajaii,UAE,33011300,550,"15,156",,,,,
1403,shaeed rajaii,UAE,84659300,"2,317","15,021",,,,,
1403,shaeed rajaii,UAE,73143100,"5,545","14,920",,,,,
1403,shaeed rajaii,UAE,85442000,"1,596","14,901",,,,,
1403,shaeed rajaii,UAE,82060000,"2,080","14,670",,,,,
1403,shaeed rajaii,UAE,76042100,"4,380","14,643",,,,,
1403,shaeed rajaii,UAE,84284000,"5,805","14,597",,,,,
1403,shaeed rajaii,UAE,70023200,1,"14,534",,,,,
1403,shaeed rajaii,UAE,29011090,"4,500","14,524",,,,,
1403,shaeed rajaii,UAE,83119000,"1,300","14,481",,,,,
1403,shaeed rajaii,UAE,48131000,"1,464","14,432",,,,,
1403,shaeed rajaii,UAE,84594900,"3,700","14,349",,,,,
1403,shaeed rajaii,UAE,84824000,"2,400","14,326",,,,,
1403,shaeed rajaii,UAE,85183090,122,"14,322",,,,,
1403,shaeed rajaii,UAE,38130000,"2,860","14,250",,,,,
1403,shaeed rajaii,UAE,73269070,"3,914","13,910",,,,,
1403,shaeed rajaii,UAE,87085011,"2,096","13,878",,,,,
1403,shaeed rajaii,UAE,85153130,40,"13,700",,,,,
1403,shaeed rajaii,UAE,29152990,"1,251","13,331",,,,,
1403,shaeed rajaii,UAE,25262090,"24,000","13,227",,,,,
1403,shaeed rajaii,UAE,72269100,"8,064","13,182",,,,,
1403,shaeed rajaii,UAE,29251100,"2,000","13,130",,,,,
1403,shaeed rajaii,UAE,39172300,"5,000","13,120",,,,,
1403,shaeed rajaii,UAE,15152100,"1,520","13,103",,,,,
1403,shaeed rajaii,UAE,84209900,"1,500","13,087",,,,,
1403,shaeed rajaii,UAE,84211200,"2,400","13,027",,,,,
1403,shaeed rajaii,UAE,73141200,287,"12,970",,,,,
1403,shaeed rajaii,UAE,84159060,"1,340","12,950",,,,,
1403,shaeed rajaii,UAE,90111000,400,"12,842",,,,,
1403,shaeed rajaii,UAE,28112950,"20,000","12,798",,,,,
1403,shaeed rajaii,UAE,32091050,787,"12,790",,,,,
1403,shaeed rajaii,UAE,90328940,17,"12,770",,,,,
1403,shaeed rajaii,UAE,84485900,"2,440","12,691",,,,,
1403,shaeed rajaii,UAE,73181110,"3,145","12,682",,,,,
1403,shaeed rajaii,UAE,73182900,"1,225","12,644",,,,,
1403,shaeed rajaii,UAE,39189090,"5,913","12,618",,,,,
1403,shaeed rajaii,UAE,95069930,302,"12,482",,,,,
1403,shaeed rajaii,UAE,37079090,"2,750","12,478",,,,,
1403,shaeed rajaii,UAE,85394900,185,"12,185",,,,,
1403,shaeed rajaii,UAE,83022000,"4,946","12,171",,,,,
1403,shaeed rajaii,UAE,26179000,"1,150","12,141",,,,,
1403,shaeed rajaii,UAE,73182100,"2,730","12,097",,,,,
1403,shaeed rajaii,UAE,44022000,"16,964","12,051",,,,,
1403,shaeed rajaii,UAE,28342970,"27,500","11,954",,,,,
1403,shaeed rajaii,UAE,58079000,"4,500","11,944",,,,,
1403,shaeed rajaii,UAE,73151190,"4,288","11,892",,,,,
1403,shaeed rajaii,UAE,84632000,"3,100","11,887",,,,,
1403,shaeed rajaii,UAE,72111990,"29,200","11,840",,,,,
1403,shaeed rajaii,UAE,90328920,19,"11,670",,,,,
1403,shaeed rajaii,UAE,73051200,"16,610","11,669",,,,,
1403,shaeed rajaii,UAE,28351090,"4,000","11,592",,,,,
1403,shaeed rajaii,UAE,68138910,450,"11,584",,,,,
1403,shaeed rajaii,UAE,12129940,"7,000","11,570",,,,,
1403,shaeed rajaii,UAE,33011200,90,"11,457",,,,,
1403,shaeed rajaii,UAE,87088041,481,"11,373",,,,,
1403,shaeed rajaii,UAE,86080000,108,"11,219",,,,,
1403,shaeed rajaii,UAE,69099010,"8,080","11,199",,,,,
1403,shaeed rajaii,UAE,28499000,500,"11,147",,,,,
1403,shaeed rajaii,UAE,39219010,"5,250","11,115",,,,,
1403,shaeed rajaii,UAE,90014010,580,"11,088",,,,,
1403,shaeed rajaii,UAE,84659200,"4,100","11,079",,,,,
1403,shaeed rajaii,UAE,29151300,"2,000","10,981",,,,,
1403,shaeed rajaii,UAE,59032000,260,"10,902",,,,,
1403,shaeed rajaii,UAE,85158020,440,"10,892",,,,,
1403,shaeed rajaii,UAE,90181920,90,"10,840",,,,,
1403,shaeed rajaii,UAE,87161000,"1,195","10,739",,,,,
1403,shaeed rajaii,UAE,84283290,"2,713","10,739",,,,,
1403,shaeed rajaii,UAE,74091900,"2,290","10,733",,,,,
1403,shaeed rajaii,UAE,48054000,"5,700","10,707",,,,,
1403,shaeed rajaii,UAE,73083010,844,"10,676",,,,,
1403,shaeed rajaii,UAE,84212920,51,"10,461",,,,,
1403,shaeed rajaii,UAE,84511000,"1,000","10,455",,,,,
1403,shaeed rajaii,UAE,90279090,328,"10,435",,,,,
1403,shaeed rajaii,UAE,28041000,259,"10,375",,,,,
1403,shaeed rajaii,UAE,79040010,"5,000","10,366",,,,,
1403,shaeed rajaii,UAE,85071010,401,"10,063",,,,,
1403,shaeed rajaii,UAE,84768100,320,"9,905",,,,,
1403,shaeed rajaii,UAE,54021990,"4,467","9,803",,,,,
1403,shaeed rajaii,UAE,85471090,"2,824","9,727",,,,,
1403,shaeed rajaii,UAE,85176290,295,"9,721",,,,,
1403,shaeed rajaii,UAE,92029000,635,"9,672",,,,,
1403,shaeed rajaii,UAE,68061090,"1,785","9,563",,,,,
1403,shaeed rajaii,UAE,26030010,"23,000","9,538",,,,,
1403,shaeed rajaii,UAE,85443090,"2,879","9,332",,,,,
1403,shaeed rajaii,UAE,85361030,165,"9,231",,,,,
1403,shaeed rajaii,UAE,85364910,26,"9,163",,,,,
1403,shaeed rajaii,UAE,70099200,"3,243","9,144",,,,,
1403,shaeed rajaii,UAE,83017000,4,"8,977",,,,,
1403,shaeed rajaii,UAE,29202900,"1,000","8,907",,,,,
1403,shaeed rajaii,UAE,84829100,"1,723","8,825",,,,,
1403,shaeed rajaii,UAE,84131100,856,"8,795",,,,,
1403,shaeed rajaii,UAE,54024900,"3,200","8,741",,,,,
1403,shaeed rajaii,UAE,29221110,"5,250","8,702",,,,,
1403,shaeed rajaii,UAE,90191090,500,"8,569",,,,,
1403,shaeed rajaii,UAE,95061200,248,"8,515",,,,,
1403,shaeed rajaii,UAE,39046110,"1,400","8,497",,,,,
1403,shaeed rajaii,UAE,72224000,"8,471","8,481",,,,,
1403,shaeed rajaii,UAE,26110000,100,"8,450",,,,,
1403,shaeed rajaii,UAE,27011900,"19,800","8,430",,,,,
1403,shaeed rajaii,UAE,69029010,846,"8,426",,,,,
1403,shaeed rajaii,UAE,76061110,"4,968","8,404",,,,,
1403,shaeed rajaii,UAE,85333100,290,"8,145",,,,,
1403,shaeed rajaii,UAE,54011000,"3,776","8,096",,,,,
1403,shaeed rajaii,UAE,54026900,"7,000","8,087",,,,,
1403,shaeed rajaii,UAE,90319000,902,"7,816",,,,,
1403,shaeed rajaii,UAE,96061000,"1,750","7,796",,,,,
1403,shaeed rajaii,UAE,64069090,"7,100","7,790",,,,,
1403,shaeed rajaii,UAE,76169900,779,"7,688",,,,,
1403,shaeed rajaii,UAE,85151100,800,"7,598",,,,,
1403,shaeed rajaii,UAE,73061190,570,"7,570",,,,,
1403,shaeed rajaii,UAE,85332100,48,"7,531",,,,,
1403,shaeed rajaii,UAE,58063990,"1,924","7,523",,,,,
1403,shaeed rajaii,UAE,56031229,"1,352","7,402",,,,,
1403,shaeed rajaii,UAE,84798960,"1,020","7,383",,,,,
1403,shaeed rajaii,UAE,73071100,"2,700","7,376",,,,,
1403,shaeed rajaii,UAE,69091200,600,"7,321",,,,,
1403,shaeed rajaii,UAE,76130090,36,"7,246",,,,,
1403,shaeed rajaii,UAE,29214990,"2,340","7,225",,,,,
1403,shaeed rajaii,UAE,84099140,195,"7,138",,,,,
1403,shaeed rajaii,UAE,84254900,"2,540","7,127",,,,,
1403,shaeed rajaii,UAE,90292090,56,"7,103",,,,,
1403,shaeed rajaii,UAE,84099170,525,"7,084",,,,,
1403,shaeed rajaii,UAE,40091110,"2,090","7,052",,,,,
1403,shaeed rajaii,UAE,29322000,"3,010","7,013",,,,,
1403,shaeed rajaii,UAE,40169920,515,"7,009",,,,,
1403,shaeed rajaii,UAE,11082000,500,"6,834",,,,,
1403,shaeed rajaii,UAE,85013400,"3,000","6,807",,,,,
1403,shaeed rajaii,UAE,84073490,334,"6,785",,,,,
1403,shaeed rajaii,UAE,28332939,"20,000","6,768",,,,,
1403,shaeed rajaii,UAE,59080000,303,"6,652",,,,,
1403,shaeed rajaii,UAE,90183220,16,"6,639",,,,,
1403,shaeed rajaii,UAE,29372990,12,"6,551",,,,,
1403,shaeed rajaii,UAE,56022100,"5,200","6,523",,,,,
1403,shaeed rajaii,UAE,84651000,"1,550","6,521",,,,,
1403,shaeed rajaii,UAE,94054230,81,"6,506",,,,,
1403,shaeed rajaii,UAE,29091900,"3,000","6,505",,,,,
1403,shaeed rajaii,UAE,84678910,543,"6,500",,,,,
1403,shaeed rajaii,UAE,83024110,"1,530","6,450",,,,,
1403,shaeed rajaii,UAE,44111210,"22,840","6,392",,,,,
1403,shaeed rajaii,UAE,68051010,720,"6,388",,,,,
1403,shaeed rajaii,UAE,84239010,"1,430","6,330",,,,,
1403,shaeed rajaii,UAE,38276100,"3,119","6,291",,,,,
1403,shaeed rajaii,UAE,83052000,"2,170","6,273",,,,,
1403,shaeed rajaii,UAE,84481900,"1,350","6,093",,,,,
1403,shaeed rajaii,UAE,95082600,"1,996","6,091",,,,,
1403,shaeed rajaii,UAE,84869000,217,"6,030",,,,,
1403,shaeed rajaii,UAE,29333300,"1,000","5,899",,,,,
1403,shaeed rajaii,UAE,81019600,50,"5,870",,,,,
1403,shaeed rajaii,UAE,87141040,"15,914","5,799",,,,,
1403,shaeed rajaii,UAE,85013290,890,"5,680",,,,,
1403,shaeed rajaii,UAE,59039010,200,"5,664",,,,,
1403,shaeed rajaii,UAE,95066290,"1,100","5,582",,,,,
1403,shaeed rajaii,UAE,70049090,"3,906","5,560",,,,,
1403,shaeed rajaii,UAE,87085021,571,"5,503",,,,,
1403,shaeed rajaii,UAE,85331020,558,"5,466",,,,,
1403,shaeed rajaii,UAE,83012000,66,"5,457",,,,,
1403,shaeed rajaii,UAE,85141910,80,"5,446",,,,,
1403,shaeed rajaii,UAE,85015190,"1,189","5,429",,,,,
1403,shaeed rajaii,UAE,87089221,"1,348","5,354",,,,,
1403,shaeed rajaii,UAE,84529020,358,"5,324",,,,,
1403,shaeed rajaii,UAE,29152100,504,"5,237",,,,,
1403,shaeed rajaii,UAE,70071110,235,"5,235",,,,,
1403,shaeed rajaii,UAE,94035090,"6,480","5,227",,,,,
1403,shaeed rajaii,UAE,84314110,"2,592","5,201",,,,,
1403,shaeed rajaii,UAE,29052900,50,"5,162",,,,,
1403,shaeed rajaii,UAE,29251900,650,"5,121",,,,,
1403,shaeed rajaii,UAE,34029030,"1,300","5,118",,,,,
1403,shaeed rajaii,UAE,84639090,"1,550","5,094",,,,,
1403,shaeed rajaii,UAE,85044010,14,"5,070",,,,,
1403,shaeed rajaii,UAE,48196000,"2,020","5,058",,,,,
1403,shaeed rajaii,UAE,32081070,600,"5,010",,,,,
1403,shaeed rajaii,UAE,85079010,"1,452","4,976",,,,,
1403,shaeed rajaii,UAE,72261900,704,"4,957",,,,,
1403,shaeed rajaii,UAE,85363010,945,"4,917",,,,,
1403,shaeed rajaii,UAE,25292100,"2,000","4,878",,,,,
1403,shaeed rajaii,UAE,85332990,45,"4,874",,,,,
1403,shaeed rajaii,UAE,90314100,270,"4,608",,,,,
1403,shaeed rajaii,UAE,84663000,850,"4,569",,,,,
1403,shaeed rajaii,UAE,82029900,209,"4,563",,,,,
1403,shaeed rajaii,UAE,85152190,590,"4,533",,,,,
1403,shaeed rajaii,UAE,69091100,"4,000","4,460",,,,,
1403,shaeed rajaii,UAE,73209090,62,"4,454",,,,,
1403,shaeed rajaii,UAE,87089412,613,"4,393",,,,,
1403,shaeed rajaii,UAE,25309090,"4,000","4,388",,,,,
1403,shaeed rajaii,UAE,87082110,107,"4,384",,,,,
1403,shaeed rajaii,UAE,84733090,47,"4,357",,,,,
1403,shaeed rajaii,UAE,91149000,580,"4,108",,,,,
1403,shaeed rajaii,UAE,90251190,620,"4,104",,,,,
1403,shaeed rajaii,UAE,94036090,"1,020","4,084",,,,,
1403,shaeed rajaii,UAE,84335970,625,"4,081",,,,,
1403,shaeed rajaii,UAE,83081000,721,"4,025",,,,,
1403,shaeed rajaii,UAE,29173410,"2,200","4,014",,,,,
1403,shaeed rajaii,UAE,90328100,10,"3,942",,,,,
1403,shaeed rajaii,UAE,85365040,19,"3,885",,,,,
1403,shaeed rajaii,UAE,84313900,40,"3,877",,,,,
1403,shaeed rajaii,UAE,14049090,"15,000","3,836",,,,,
1403,shaeed rajaii,UAE,91070000,382,"3,781",,,,,
1403,shaeed rajaii,UAE,38200000,550,"3,744",,,,,
1403,shaeed rajaii,UAE,91021200,45,"3,740",,,,,
1403,shaeed rajaii,UAE,34059000,450,"3,648",,,,,
1403,shaeed rajaii,UAE,95069920,612,"3,634",,,,,
1403,shaeed rajaii,UAE,54076900,781,"3,600",,,,,
1403,shaeed rajaii,UAE,29181520,100,"3,526",,,,,
1403,shaeed rajaii,UAE,38089212,250,"3,523",,,,,
1403,shaeed rajaii,UAE,85443010,128,"3,437",,,,,
1403,shaeed rajaii,UAE,85393160,933,"3,431",,,,,
1403,shaeed rajaii,UAE,90011011,94,"3,365",,,,,
1403,shaeed rajaii,UAE,28539010,368,"3,206",,,,,
1403,shaeed rajaii,UAE,85041090,126,"3,190",,,,,
1403,shaeed rajaii,UAE,90172090,532,"3,159",,,,,
1403,shaeed rajaii,UAE,27150090,800,"3,154",,,,,
1403,shaeed rajaii,UAE,79031000,"1,000","3,102",,,,,
1403,shaeed rajaii,UAE,39232990,"1,054","3,034",,,,,
1403,shaeed rajaii,UAE,84138110,"1,613","3,032",,,,,
1403,shaeed rajaii,UAE,39232190,558,"3,005",,,,,
1403,shaeed rajaii,UAE,48025400,"3,316","2,987",,,,,
1403,shaeed rajaii,UAE,84669100,"1,840","2,880",,,,,
1403,shaeed rajaii,UAE,39072910,"1,260","2,864",,,,,
1403,shaeed rajaii,UAE,84733030,995,"2,837",,,,,
1403,shaeed rajaii,UAE,85152900,176,"2,749",,,,,
1403,shaeed rajaii,UAE,96161000,872,"2,730",,,,,
1403,shaeed rajaii,UAE,84481190,142,"2,661",,,,,
1403,shaeed rajaii,UAE,73181190,"1,965","2,571",,,,,
1403,shaeed rajaii,UAE,82023100,770,"2,537",,,,,
1403,shaeed rajaii,UAE,28402000,"1,000","2,508",,,,,
1403,shaeed rajaii,UAE,40091190,34,"2,508",,,,,
1403,shaeed rajaii,UAE,82033000,590,"2,449",,,,,
1403,shaeed rajaii,UAE,58019000,800,"2,438",,,,,
1403,shaeed rajaii,UAE,85414200,292,"2,416",,,,,
1403,shaeed rajaii,UAE,28332100,"1,000","2,371",,,,,
1403,shaeed rajaii,UAE,85371030,148,"2,360",,,,,
1403,shaeed rajaii,UAE,85361050,38,"2,353",,,,,
1403,shaeed rajaii,UAE,28399010,"1,004","2,314",,,,,
1403,shaeed rajaii,UAE,84671920,90,"2,246",,,,,
1403,shaeed rajaii,UAE,33012500,51,"2,244",,,,,
1403,shaeed rajaii,UAE,70023900,"1,036","2,227",,,,,
1403,shaeed rajaii,UAE,81029600,137,"2,181",,,,,
1403,shaeed rajaii,UAE,25061090,"1,820","2,181",,,,,
1403,shaeed rajaii,UAE,59119010,694,"2,159",,,,,
1403,shaeed rajaii,UAE,40103400,877,"2,134",,,,,
1403,shaeed rajaii,UAE,32081090,100,"2,091",,,,,
1403,shaeed rajaii,UAE,85362030,42,"2,069",,,,,
1403,shaeed rajaii,UAE,9103020,700,"2,065",,,,,
1403,shaeed rajaii,UAE,85123010,26,"2,059",,,,,
1403,shaeed rajaii,UAE,58081000,788,"2,059",,,,,
1403,shaeed rajaii,UAE,85419000,14,"2,044",,,,,
1403,shaeed rajaii,UAE,39191020,14,"2,044",,,,,
1403,shaeed rajaii,UAE,54021100,765,"2,042",,,,,
1403,shaeed rajaii,UAE,87149400,235,"2,019",,,,,
1403,shaeed rajaii,UAE,84818020,522,"2,000",,,,,
1403,shaeed rajaii,UAE,85399010,230,"1,975",,,,,
1403,shaeed rajaii,UAE,45031000,595,"1,967",,,,,
1403,shaeed rajaii,UAE,84679100,306,"1,966",,,,,
1403,shaeed rajaii,UAE,87089319,90,"1,958",,,,,
1403,shaeed rajaii,UAE,85369030,196,"1,948",,,,,
1403,shaeed rajaii,UAE,85102010,57,"1,937",,,,,
1403,shaeed rajaii,UAE,73201000,"1,038","1,934",,,,,
1403,shaeed rajaii,UAE,32021000,"1,340","1,932",,,,,
1403,shaeed rajaii,UAE,73129000,900,"1,930",,,,,
1403,shaeed rajaii,UAE,39219025,335,"1,906",,,,,
1403,shaeed rajaii,UAE,83023090,250,"1,894",,,,,
1403,shaeed rajaii,UAE,85014010,"3,256","1,887",,,,,
1403,shaeed rajaii,UAE,90303300,5,"1,836",,,,,
1403,shaeed rajaii,UAE,39173990,"2,744","1,758",,,,,
1403,shaeed rajaii,UAE,30064068,6,"1,669",,,,,
1403,shaeed rajaii,UAE,72126000,"3,000","1,668",,,,,
1403,shaeed rajaii,UAE,72285000,870,"1,641",,,,,
1403,shaeed rajaii,UAE,85271310,493,"1,625",,,,,
1403,shaeed rajaii,UAE,58042100,322,"1,616",,,,,
1403,shaeed rajaii,UAE,85122030,97,"1,613",,,,,
1403,shaeed rajaii,UAE,30064065,10,"1,582",,,,,
1403,shaeed rajaii,UAE,26011120,"6,000","1,568",,,,,
1403,shaeed rajaii,UAE,96092010,225,"1,493",,,,,
1403,shaeed rajaii,UAE,94052100,94,"1,488",,,,,
1403,shaeed rajaii,UAE,87141050,"5,988","1,442",,,,,
1403,shaeed rajaii,UAE,87089413,100,"1,431",,,,,
1403,shaeed rajaii,UAE,84818069,22,"1,424",,,,,
1403,shaeed rajaii,UAE,84703000,132,"1,421",,,,,
1403,shaeed rajaii,UAE,87116020,227,"1,413",,,,,
1403,shaeed rajaii,UAE,84729010,640,"1,410",,,,,
1403,shaeed rajaii,UAE,72221900,802,"1,373",,,,,
1403,shaeed rajaii,UAE,28258000,100,"1,314",,,,,
1403,shaeed rajaii,UAE,56072900,440,"1,302",,,,,
1403,shaeed rajaii,UAE,30064010,6,"1,273",,,,,
1403,shaeed rajaii,UAE,85235110,8,"1,243",,,,,
1403,shaeed rajaii,UAE,72083690,"1,000","1,219",,,,,
1403,shaeed rajaii,UAE,85044070,75,"1,165",,,,,
1403,shaeed rajaii,UAE,73158100,505,"1,159",,,,,
1403,shaeed rajaii,UAE,87141080,"1,060","1,153",,,,,
1403,shaeed rajaii,UAE,72101100,697,"1,147",,,,,
1403,shaeed rajaii,UAE,84142000,610,"1,124",,,,,
1403,shaeed rajaii,UAE,84138120,138,"1,111",,,,,
1403,shaeed rajaii,UAE,87089219,180,"1,088",,,,,
1403,shaeed rajaii,UAE,84133010,143,"1,060",,,,,
1403,shaeed rajaii,UAE,87141015,49,"1,037",,,,,
1403,shaeed rajaii,UAE,85122090,300,"1,035",,,,,
1403,shaeed rajaii,UAE,28332500,15,"1,007",,,,,
1403,shaeed rajaii,UAE,84211910,170,997,,,,,
1403,shaeed rajaii,UAE,84072900,300,959,,,,,
1403,shaeed rajaii,UAE,85059010,468,894,,,,,
1403,shaeed rajaii,UAE,85123090,21,850,,,,,
1403,shaeed rajaii,UAE,56075090,42,846,,,,,
1403,shaeed rajaii,UAE,34054000,430,838,,,,,
1403,shaeed rajaii,UAE,83015000,33,801,,,,,
1403,shaeed rajaii,UAE,84733060,12,801,,,,,
1403,shaeed rajaii,UAE,30064067,17,769,,,,,
1403,shaeed rajaii,UAE,84798970,24,763,,,,,
1403,shaeed rajaii,UAE,83023010,246,762,,,,,
1403,shaeed rajaii,UAE,34031100,460,663,,,,,
1403,shaeed rajaii,UAE,29157011,100,660,,,,,
1403,shaeed rajaii,UAE,85443030,3,641,,,,,
1403,shaeed rajaii,UAE,29171910,100,633,,,,,
1403,shaeed rajaii,UAE,85114030,16,631,,,,,
1403,shaeed rajaii,UAE,87089311,73,625,,,,,
1403,shaeed rajaii,UAE,90179000,259,624,,,,,
1403,shaeed rajaii,UAE,73181900,370,570,,,,,
1403,shaeed rajaii,UAE,92093000,19,567,,,,,
1403,shaeed rajaii,UAE,90159090,80,533,,,,,
1403,shaeed rajaii,UAE,84681000,6,525,,,,,
1403,shaeed rajaii,UAE,40169960,20,525,,,,,
1403,shaeed rajaii,UAE,85414100,2,515,,,,,
1403,shaeed rajaii,UAE,87087019,85,463,,,,,
1403,shaeed rajaii,UAE,96035090,380,440,,,,,
1403,shaeed rajaii,UAE,87149910,100,432,,,,,
1403,shaeed rajaii,UAE,21069060,10,395,,,,,
1403,shaeed rajaii,UAE,28351010,100,340,,,,,
1403,shaeed rajaii,UAE,87141010,13,315,,,,,
1403,shaeed rajaii,UAE,56031319,48,264,,,,,
1403,shaeed rajaii,UAE,87141030,4,236,,,,,
1403,shaeed rajaii,UAE,75051100,8,221,,,,,
1403,shaeed rajaii,UAE,87149620,44,193,,,,,
1403,shaeed rajaii,UAE,87149690,"1,570",148,,,,,
1403,shaeed rajaii,UAE,85395290,1,145,,,,,
1403,shaeed rajaii,UAE,39219094,128,128,,,,,
1403,shaeed rajaii,UAE,40169590,40,89,,,,,
1403,shaeed rajaii,UAE,73181390,12,65,,,,,
1403,shaeed rajaii,UAE,85365050,1,62,,,,,
1403,shaeed rajaii,UAE,87149190,3,49,,,,,
1403,shaeed rajaii,UAE,40161090,3,32,,,,,
1403,shaeed rajaii,UAE,84099130,4,21,,,,,
1403,shaeed rajaii,UAE,87149200,3,20,,,,,
1403,shaeed rajaii,UAE,85469010,1,7,,,,,
1403,shaeed rajaii,India,10063020,"359,383,000","389,012,943",,,,,
1403,shaeed rajaii,India,8031000,"117,533,836","67,610,688",,,,,
1403,shaeed rajaii,India,9024010,"12,931,984","59,198,201",,,,,
1403,shaeed rajaii,India,8039010,"107,120,442","46,654,660",,,,,
1403,shaeed rajaii,India,2023090,"9,200,220","31,121,447",,,,,
1403,shaeed rajaii,India,72021100,"23,631,000","25,987,714",,,,,
1403,shaeed rajaii,India,9103090,"11,073,603","17,721,175",,,,,
1403,shaeed rajaii,India,84199040,"437,145","14,976,063",,,,,
1403,shaeed rajaii,India,9011190,"3,317,020","14,212,977",,,,,
1403,shaeed rajaii,India,29419090,"81,265","12,500,239",,,,,
1403,shaeed rajaii,India,30049092,"1,502,742","11,187,058",,,,,
1403,shaeed rajaii,India,7132040,"10,140,950","10,616,814",,,,,
1403,shaeed rajaii,India,72023000,"9,672,000","8,784,571",,,,,
1403,shaeed rajaii,India,12024200,"5,540,850","7,544,791",,,,,
1403,shaeed rajaii,India,38089113,"565,925","7,409,811",,,,,
1403,shaeed rajaii,India,38089123,"1,056,579","6,570,119",,,,,
1403,shaeed rajaii,India,39076990,"5,798,400","5,729,326",,,,,
1403,shaeed rajaii,India,21011110,"602,296","5,693,789",,,,,
1403,shaeed rajaii,India,32041790,"854,758","5,490,689",,,,,
1403,shaeed rajaii,India,84552100,"879,407","5,461,213",,,,,
1403,shaeed rajaii,India,32041690,"1,333,400","5,226,135",,,,,
1403,shaeed rajaii,India,38089124,"871,924","5,096,455",,,,,
1403,shaeed rajaii,India,90183916,"220,307","4,549,921",,,,,
1403,shaeed rajaii,India,27101940,"3,995,540","4,305,803",,,,,
1403,shaeed rajaii,India,12074090,"2,239,931","4,176,760",,,,,
1403,shaeed rajaii,India,13023200,"2,143,400","4,004,266",,,,,
1403,shaeed rajaii,India,14049030,"7,819,800","3,970,995",,,,,
1403,shaeed rajaii,India,28332950,"1,518,302","3,907,909",,,,,
1403,shaeed rajaii,India,29071100,"2,570,000","3,556,512",,,,,
1403,shaeed rajaii,India,9083190,"265,860","3,386,728",,,,,
1403,shaeed rajaii,India,29339999,"42,439","3,360,604",,,,,
1403,shaeed rajaii,India,38089221,"630,011","3,156,513",,,,,
1403,shaeed rajaii,India,38089112,"354,690","3,148,465",,,,,
1403,shaeed rajaii,India,72230000,"1,074,653","2,926,043",,,,,
1403,shaeed rajaii,India,72024920,"907,000","2,913,040",,,,,
1403,shaeed rajaii,India,30043912,"363,218","2,898,970",,,,,
1403,shaeed rajaii,India,84798990,"302,810","2,893,148",,,,,
1403,shaeed rajaii,India,29141100,"1,893,520","2,762,888",,,,,
1403,shaeed rajaii,India,27101990,"2,579,720","2,736,271",,,,,
1403,shaeed rajaii,India,27121090,"1,720,800","2,691,167",,,,,
1403,shaeed rajaii,India,72222000,"813,322","2,535,907",,,,,
1403,shaeed rajaii,India,29054410,"4,152,000","2,514,675",,,,,
1403,shaeed rajaii,India,87085039,"448,864","2,417,725",,,,,
1403,shaeed rajaii,India,48025500,"2,172,740","2,351,534",,,,,
1403,shaeed rajaii,India,32064200,"433,125","2,312,003",,,,,
1403,shaeed rajaii,India,32062090,"509,370","2,171,062",,,,,
1403,shaeed rajaii,India,40112010,"522,607","2,158,492",,,,,
1403,shaeed rajaii,India,34024290,"732,800","2,113,593",,,,,
1403,shaeed rajaii,India,33021090,"273,984","2,110,804",,,,,
1403,shaeed rajaii,India,3034300,"1,114,791","2,092,406",,,,,
1403,shaeed rajaii,India,40112020,"478,556","2,013,613",,,,,
1403,shaeed rajaii,India,84349000,"77,384","1,918,039",,,,,
1403,shaeed rajaii,India,84099150,"99,586","1,837,159",,,,,
1403,shaeed rajaii,India,15153000,"1,026,000","1,797,308",,,,,
1403,shaeed rajaii,India,25291000,"12,824,000","1,791,544",,,,,
1403,shaeed rajaii,India,84819030,"6,342","1,782,737",,,,,
1403,shaeed rajaii,India,87084030,"181,211","1,657,599",,,,,
1403,shaeed rajaii,India,12079900,"502,000","1,657,170",,,,,
1403,shaeed rajaii,India,29157090,"847,000","1,649,224",,,,,
1403,shaeed rajaii,India,12119099,"699,000","1,646,613",,,,,
1403,shaeed rajaii,India,84453000,"151,285","1,636,872",,,,,
1403,shaeed rajaii,India,38021000,"776,200","1,631,339",,,,,
1403,shaeed rajaii,India,29329990,"21,938","1,622,544",,,,,
1403,shaeed rajaii,India,48045100,"2,427,325","1,609,124",,,,,
1403,shaeed rajaii,India,84069000,"61,791","1,599,200",,,,,
1403,shaeed rajaii,India,40118090,"351,777","1,565,297",,,,,
1403,shaeed rajaii,India,40151200,"258,632","1,531,361",,,,,
1403,shaeed rajaii,India,38089323,"222,211","1,505,188",,,,,
1403,shaeed rajaii,India,84304190,"112,520","1,503,067",,,,,
1403,shaeed rajaii,India,55095100,"526,608","1,462,492",,,,,
1403,shaeed rajaii,India,84772000,"106,926","1,450,296",,,,,
1403,shaeed rajaii,India,29189910,"21,800","1,389,536",,,,,
1403,shaeed rajaii,India,32061110,"481,000","1,374,706",,,,,
1403,shaeed rajaii,India,12119035,"435,750","1,368,579",,,,,
1403,shaeed rajaii,India,8011900,"2,197,253","1,349,713",,,,,
1403,shaeed rajaii,India,83099090,"417,792","1,337,793",,,,,
1403,shaeed rajaii,India,40118010,"294,953","1,331,596",,,,,
1403,shaeed rajaii,India,72029990,"767,632","1,328,635",,,,,
1403,shaeed rajaii,India,29331990,"50,000","1,301,785",,,,,
1403,shaeed rajaii,India,29339996,"11,500","1,235,019",,,,,
1403,shaeed rajaii,India,38237090,"624,000","1,220,412",,,,,
1403,shaeed rajaii,India,39129000,"388,285","1,204,370",,,,,
1403,shaeed rajaii,India,27081000,"1,383,796","1,195,603",,,,,
1403,shaeed rajaii,India,29232010,"556,000","1,182,144",,,,,
1403,shaeed rajaii,India,40112030,"289,081","1,179,034",,,,,
1403,shaeed rajaii,India,25070010,"4,807,400","1,162,618",,,,,
1403,shaeed rajaii,India,79040010,"327,920","1,147,114",,,,,
1403,shaeed rajaii,India,29335990,"17,585","1,131,041",,,,,
1403,shaeed rajaii,India,68159990,"853,881","1,071,154",,,,,
1403,shaeed rajaii,India,32159010,"91,724","1,070,227",,,,,
1403,shaeed rajaii,India,29335935,"80,000","1,034,941",,,,,
1403,shaeed rajaii,India,55101100,"363,551","1,023,172",,,,,
1403,shaeed rajaii,India,53101000,"969,650","1,010,506",,,,,
1403,shaeed rajaii,India,69021000,"329,945","971,096",,,,,
1403,shaeed rajaii,India,29072200,"92,275","958,499",,,,,
1403,shaeed rajaii,India,39095000,"127,470","951,415",,,,,
1403,shaeed rajaii,India,85021310,"105,210","933,249",,,,,
1403,shaeed rajaii,India,29362990,"8,904","932,221",,,,,
1403,shaeed rajaii,India,32042090,"102,020","925,583",,,,,
1403,shaeed rajaii,India,38089223,"185,500","919,509",,,,,
1403,shaeed rajaii,India,29224990,"40,060","913,573",,,,,
1403,shaeed rajaii,India,72299010,"218,306","902,718",,,,,
1403,shaeed rajaii,India,76032000,"177,500","894,578",,,,,
1403,shaeed rajaii,India,29362290,"5,000","893,127",,,,,
1403,shaeed rajaii,India,38089211,"293,300","874,191",,,,,
1403,shaeed rajaii,India,72210000,"239,720","863,287",,,,,
1403,shaeed rajaii,India,54033100,"136,584","844,405",,,,,
1403,shaeed rajaii,India,38089990,"114,734","839,436",,,,,
1403,shaeed rajaii,India,29181590,"25,632","823,020",,,,,
1403,shaeed rajaii,India,96089100,"12,117","820,131",,,,,
1403,shaeed rajaii,India,84099920,"96,939","814,043",,,,,
1403,shaeed rajaii,India,84663000,"123,795","813,409",,,,,
1403,shaeed rajaii,India,84552200,"20,425","808,153",,,,,
1403,shaeed rajaii,India,13023900,"228,489","806,779",,,,,
1403,shaeed rajaii,India,84099960,"139,663","797,018",,,,,
1403,shaeed rajaii,India,29309990,"354,200","788,839",,,,,
1403,shaeed rajaii,India,33029010,"35,819","774,411",,,,,
1403,shaeed rajaii,India,39123900,"230,325","771,401",,,,,
1403,shaeed rajaii,India,25041010,"500,000","763,105",,,,,
1403,shaeed rajaii,India,29420090,"44,650","748,271",,,,,
1403,shaeed rajaii,India,12119055,"290,000","721,867",,,,,
1403,shaeed rajaii,India,29280090,"84,900","715,460",,,,,
1403,shaeed rajaii,India,8011100,"392,500","710,972",,,,,
1403,shaeed rajaii,India,54024700,"369,353","708,563",,,,,
1403,shaeed rajaii,India,33019090,"23,280","688,006",,,,,
1403,shaeed rajaii,India,39022000,"243,800","680,754",,,,,
1403,shaeed rajaii,India,9081190,"84,500","670,290",,,,,
1403,shaeed rajaii,India,9109990,"468,260","669,385",,,,,
1403,shaeed rajaii,India,29053200,"344,000","655,686",,,,,
1403,shaeed rajaii,India,35040000,"46,000","637,950",,,,,
1403,shaeed rajaii,India,29334990,"6,458","631,665",,,,,
1403,shaeed rajaii,India,84099190,"46,331","629,644",,,,,
1403,shaeed rajaii,India,28299010,"11,500","623,419",,,,,
1403,shaeed rajaii,India,38089313,"81,650","615,369",,,,,
1403,shaeed rajaii,India,29309090,"275,130","603,106",,,,,
1403,shaeed rajaii,India,29212990,"78,250","596,544",,,,,
1403,shaeed rajaii,India,84729090,"82,978","595,343",,,,,
1403,shaeed rajaii,India,34023990,"114,200","595,176",,,,,
1403,shaeed rajaii,India,40112090,"136,576","583,504",,,,,
1403,shaeed rajaii,India,84462100,"83,920","573,724",,,,,
1403,shaeed rajaii,India,28351010,"175,000","573,599",,,,,
1403,shaeed rajaii,India,90183990,"25,804","561,710",,,,,
1403,shaeed rajaii,India,27131200,"500,000","553,408",,,,,
1403,shaeed rajaii,India,38089222,"78,984","545,099",,,,,
1403,shaeed rajaii,India,39073090,"160,172","536,311",,,,,
1403,shaeed rajaii,India,29153100,"358,400","530,723",,,,,
1403,shaeed rajaii,India,29359090,"20,500","521,856",,,,,
1403,shaeed rajaii,India,72021990,"412,000","513,608",,,,,
1403,shaeed rajaii,India,29332990,"11,700","497,817",,,,,
1403,shaeed rajaii,India,29213010,"1,000","497,450",,,,,
1403,shaeed rajaii,India,28161090,"109,208","494,957",,,,,
1403,shaeed rajaii,India,84834010,"74,830","490,706",,,,,
1403,shaeed rajaii,India,90183910,"31,405","487,483",,,,,
1403,shaeed rajaii,India,29339950,"1,422","483,940",,,,,
1403,shaeed rajaii,India,38089111,"67,775","480,566",,,,,
1403,shaeed rajaii,India,29269090,"49,339","477,840",,,,,
1403,shaeed rajaii,India,29299090,"20,000","473,600",,,,,
1403,shaeed rajaii,India,29221990,"13,998","473,579",,,,,
1403,shaeed rajaii,India,84454000,"46,936","473,126",,,,,
1403,shaeed rajaii,India,29419030,"3,000","471,032",,,,,
1403,shaeed rajaii,India,32049010,"228,280","466,930",,,,,
1403,shaeed rajaii,India,96020020,"22,742","462,989",,,,,
1403,shaeed rajaii,India,10085090,"144,000","457,923",,,,,
1403,shaeed rajaii,India,29163930,"40,000","455,031",,,,,
1403,shaeed rajaii,India,29252910,"76,300","454,660",,,,,
1403,shaeed rajaii,India,29362700,"21,000","450,038",,,,,
1403,shaeed rajaii,India,84329000,"244,657","448,826",,,,,
1403,shaeed rajaii,India,84099120,"5,386","441,042",,,,,
1403,shaeed rajaii,India,39059910,"20,000","439,507",,,,,
1403,shaeed rajaii,India,32041990,"42,040","435,863",,,,,
1403,shaeed rajaii,India,38019090,"395,105","430,340",,,,,
1403,shaeed rajaii,India,38062000,"429,000","428,019",,,,,
1403,shaeed rajaii,India,39206200,"127,860","425,958",,,,,
1403,shaeed rajaii,India,84778000,"19,574","423,872",,,,,
1403,shaeed rajaii,India,39089010,"106,400","422,762",,,,,
1403,shaeed rajaii,India,39100090,"116,046","421,914",,,,,
1403,shaeed rajaii,India,29032300,"150,210","419,477",,,,,
1403,shaeed rajaii,India,29362810,"6,000","418,911",,,,,
1403,shaeed rajaii,India,69031090,"81,057","413,953",,,,,
1403,shaeed rajaii,India,98871182,"27,524","407,582",,,,,
1403,shaeed rajaii,India,90183914,"98,562","389,602",,,,,
1403,shaeed rajaii,India,32064910,"116,720","386,988",,,,,
1403,shaeed rajaii,India,29239090,"50,700","386,588",,,,,
1403,shaeed rajaii,India,38140000,"77,048","384,571",,,,,
1403,shaeed rajaii,India,84148075,"9,660","383,961",,,,,
1403,shaeed rajaii,India,39123190,"40,000","383,609",,,,,
1403,shaeed rajaii,India,52052300,"144,925","383,117",,,,,
1403,shaeed rajaii,India,29362300,"5,000","381,762",,,,,
1403,shaeed rajaii,India,70179090,"15,183","381,061",,,,,
1403,shaeed rajaii,India,29333100,"9,000","375,687",,,,,
1403,shaeed rajaii,India,38112190,"129,600","370,656",,,,,
1403,shaeed rajaii,India,84192090,"5,105","370,547",,,,,
1403,shaeed rajaii,India,55101200,"71,558","370,148",,,,,
1403,shaeed rajaii,India,29359040,"7,200","369,253",,,,,
1403,shaeed rajaii,India,9042290,"245,035","363,286",,,,,
1403,shaeed rajaii,India,25252010,"792,000","363,227",,,,,
1403,shaeed rajaii,India,76071190,"94,979","359,479",,,,,
1403,shaeed rajaii,India,39011090,"210,375","355,421",,,,,
1403,shaeed rajaii,India,90183917,"22,145","355,126",,,,,
1403,shaeed rajaii,India,29339100,"2,055","347,785",,,,,
1403,shaeed rajaii,India,84194090,"5,334","347,413",,,,,
1403,shaeed rajaii,India,7132030,"304,000","345,264",,,,,
1403,shaeed rajaii,India,84179000,"14,074","342,411",,,,,
1403,shaeed rajaii,India,29213090,"75,956","338,699",,,,,
1403,shaeed rajaii,India,29211100,"8,120","337,916",,,,,
1403,shaeed rajaii,India,29147900,"5,070","337,368",,,,,
1403,shaeed rajaii,India,84193900,"6,580","334,915",,,,,
1403,shaeed rajaii,India,33011900,"20,000","334,650",,,,,
1403,shaeed rajaii,India,84484900,"59,581","332,569",,,,,
1403,shaeed rajaii,India,29349925,"2,525","331,001",,,,,
1403,shaeed rajaii,India,21069010,"12,000","328,470",,,,,
1403,shaeed rajaii,India,84833000,"48,146","327,440",,,,,
1403,shaeed rajaii,India,38123990,"98,000","327,137",,,,,
1403,shaeed rajaii,India,87085032,"59,442","322,502",,,,,
1403,shaeed rajaii,India,72254010,"152,321","318,857",,,,,
1403,shaeed rajaii,India,34024190,"68,550","316,684",,,,,
1403,shaeed rajaii,India,39053000,"99,000","311,341",,,,,
1403,shaeed rajaii,India,38089322,"39,325","309,635",,,,,
1403,shaeed rajaii,India,32064100,"46,500","306,756",,,,,
1403,shaeed rajaii,India,72112990,"180,705","302,843",,,,,
1403,shaeed rajaii,India,40117090,"56,680","295,941",,,,,
1403,shaeed rajaii,India,29062990,"16,100","293,477",,,,,
1403,shaeed rajaii,India,9041220,"109,000","292,980",,,,,
1403,shaeed rajaii,India,17029090,"332,500","290,425",,,,,
1403,shaeed rajaii,India,12030000,"150,000","283,264",,,,,
1403,shaeed rajaii,India,38151100,"27,650","280,752",,,,,
1403,shaeed rajaii,India,85030090,"8,220","278,490",,,,,
1403,shaeed rajaii,India,75052200,"6,357","277,120",,,,,
1403,shaeed rajaii,India,29211990,"43,800","276,924",,,,,
1403,shaeed rajaii,India,29241290,"32,000","273,528",,,,,
1403,shaeed rajaii,India,40169300,"85,986","272,432",,,,,
1403,shaeed rajaii,India,84212120,"8,298","267,441",,,,,
1403,shaeed rajaii,India,84551090,"39,770","264,709",,,,,
1403,shaeed rajaii,India,55041000,"126,233","264,663",,,,,
1403,shaeed rajaii,India,29142200,"152,000","263,534",,,,,
1403,shaeed rajaii,India,29400090,"12,471","262,824",,,,,
1403,shaeed rajaii,India,29039100,"221,000","261,014",,,,,
1403,shaeed rajaii,India,48043190,"251,242","259,877",,,,,
1403,shaeed rajaii,India,48115110,"199,108","242,423",,,,,
1403,shaeed rajaii,India,39202020,"139,087","239,334",,,,,
1403,shaeed rajaii,India,28252000,"16,000","237,441",,,,,
1403,shaeed rajaii,India,72021920,"165,000","236,722",,,,,
1403,shaeed rajaii,India,84135020,"82,136","233,861",,,,,
1403,shaeed rajaii,India,28399010,"182,000","231,828",,,,,
1403,shaeed rajaii,India,72029940,"124,836","231,147",,,,,
1403,shaeed rajaii,India,72091700,"340,095","230,975",,,,,
1403,shaeed rajaii,India,28364000,"148,000","229,721",,,,,
1403,shaeed rajaii,India,31059090,"36,000","229,634",,,,,
1403,shaeed rajaii,India,38241000,"194,350","229,059",,,,,
1403,shaeed rajaii,India,38089213,"40,000","228,181",,,,,
1403,shaeed rajaii,India,38249990,"220,208","227,452",,,,,
1403,shaeed rajaii,India,90314900,"2,300","225,739",,,,,
1403,shaeed rajaii,India,34024210,"110,000","224,070",,,,,
1403,shaeed rajaii,India,29242990,"29,250","223,886",,,,,
1403,shaeed rajaii,India,29341000,"7,775","223,340",,,,,
1403,shaeed rajaii,India,84224000,"5,705","220,469",,,,,
1403,shaeed rajaii,India,29335300,"4,000","219,825",,,,,
1403,shaeed rajaii,India,38089419,"52,000","216,682",,,,,
1403,shaeed rajaii,India,29146990,300,"216,556",,,,,
1403,shaeed rajaii,India,68069000,"177,995","213,446",,,,,
1403,shaeed rajaii,India,35030010,"9,072","210,752",,,,,
1403,shaeed rajaii,India,84219100,"8,729","207,600",,,,,
1403,shaeed rajaii,India,39140090,"34,350","206,653",,,,,
1403,shaeed rajaii,India,37079020,"32,928","206,168",,,,,
1403,shaeed rajaii,India,20079910,"103,200","205,605",,,,,
1403,shaeed rajaii,India,84392000,"78,502","204,340",,,,,
1403,shaeed rajaii,India,15219010,"40,600","203,750",,,,,
1403,shaeed rajaii,India,29152400,"144,000","201,600",,,,,
1403,shaeed rajaii,India,39069070,"38,040","201,073",,,,,
1403,shaeed rajaii,India,76129090,"25,571","201,002",,,,,
1403,shaeed rajaii,India,84622900,"2,500","199,793",,,,,
1403,shaeed rajaii,India,29213020,"45,600","198,041",,,,,
1403,shaeed rajaii,India,84581190,"16,200","197,311",,,,,
1403,shaeed rajaii,India,29163190,"29,500","197,305",,,,,
1403,shaeed rajaii,India,29241990,"48,800","194,449",,,,,
1403,shaeed rajaii,India,72193200,"50,987","194,166",,,,,
1403,shaeed rajaii,India,69022020,"196,772","193,723",,,,,
1403,shaeed rajaii,India,85021290,"26,622","192,599",,,,,
1403,shaeed rajaii,India,25262010,"168,000","191,513",,,,,
1403,shaeed rajaii,India,29053900,"99,600","191,138",,,,,
1403,shaeed rajaii,India,84822000,"47,513","190,349",,,,,
1403,shaeed rajaii,India,34029090,"44,690","189,560",,,,,
1403,shaeed rajaii,India,39206990,"90,402","189,402",,,,,
1403,shaeed rajaii,India,32030000,"4,500","188,967",,,,,
1403,shaeed rajaii,India,29094900,"59,300","185,762",,,,,
1403,shaeed rajaii,India,33012500,"7,200","184,585",,,,,
1403,shaeed rajaii,India,40091190,"1,037","184,536",,,,,
1403,shaeed rajaii,India,85030030,"46,128","183,660",,,,,
1403,shaeed rajaii,India,72192100,"47,555","180,901",,,,,
1403,shaeed rajaii,India,29225090,"2,000","180,718",,,,,
1403,shaeed rajaii,India,39269099,"2,753","180,470",,,,,
1403,shaeed rajaii,India,34024990,"48,000","180,123",,,,,
1403,shaeed rajaii,India,40030000,"164,600","179,403",,,,,
1403,shaeed rajaii,India,29072900,"20,010","178,443",,,,,
1403,shaeed rajaii,India,29159090,"36,940","178,086",,,,,
1403,shaeed rajaii,India,39119090,"34,400","177,335",,,,,
1403,shaeed rajaii,India,29339910,"7,000","174,065",,,,,
1403,shaeed rajaii,India,48043900,"145,920","170,608",,,,,
1403,shaeed rajaii,India,29038900,850,"168,441",,,,,
1403,shaeed rajaii,India,29094300,"86,800","167,198",,,,,
1403,shaeed rajaii,India,72193300,"68,696","167,148",,,,,
1403,shaeed rajaii,India,84749010,"40,580","163,806",,,,,
1403,shaeed rajaii,India,29411090,"1,000","163,628",,,,,
1403,shaeed rajaii,India,15050010,"26,000","163,489",,,,,
1403,shaeed rajaii,India,84481900,"5,531","162,032",,,,,
1403,shaeed rajaii,India,29213030,"28,800","161,080",,,,,
1403,shaeed rajaii,India,39076190,"140,000","160,287",,,,,
1403,shaeed rajaii,India,3034200,"79,305","160,159",,,,,
1403,shaeed rajaii,India,38089122,"26,052","160,104",,,,,
1403,shaeed rajaii,India,29161400,"60,000","158,219",,,,,
1403,shaeed rajaii,India,39269050,"55,085","157,891",,,,,
1403,shaeed rajaii,India,14042000,"280,558","156,386",,,,,
1403,shaeed rajaii,India,28311000,"136,580","155,001",,,,,
1403,shaeed rajaii,India,39169090,"51,932","154,190",,,,,
1403,shaeed rajaii,India,73202000,"12,086","153,835",,,,,
1403,shaeed rajaii,India,84518000,"9,765","153,199",,,,,
1403,shaeed rajaii,India,39079929,"9,000","152,866",,,,,
1403,shaeed rajaii,India,15162090,"90,000","152,676",,,,,
1403,shaeed rajaii,India,90189099,"5,022","152,400",,,,,
1403,shaeed rajaii,India,30029000,"206,162","152,019",,,,,
1403,shaeed rajaii,India,85389090,400,"151,458",,,,,
1403,shaeed rajaii,India,28230000,"45,000","151,086",,,,,
1403,shaeed rajaii,India,29161500,"64,000","151,085",,,,,
1403,shaeed rajaii,India,39079999,"76,800","151,044",,,,,
1403,shaeed rajaii,India,90183925,841,"150,851",,,,,
1403,shaeed rajaii,India,39073010,"10,100","150,757",,,,,
1403,shaeed rajaii,India,28112200,"76,900","150,703",,,,,
1403,shaeed rajaii,India,25199090,"45,200","150,526",,,,,
1403,shaeed rajaii,India,90183290,"7,240","150,204",,,,,
1403,shaeed rajaii,India,38089212,"11,560","149,628",,,,,
1403,shaeed rajaii,India,33012990,"3,690","149,582",,,,,
1403,shaeed rajaii,India,84549000,"17,816","148,728",,,,,
1403,shaeed rajaii,India,29321100,"57,600","147,706",,,,,
1403,shaeed rajaii,India,84748090,"6,217","147,126",,,,,
1403,shaeed rajaii,India,38013000,"200,080","146,002",,,,,
1403,shaeed rajaii,India,29051200,"45,600","144,519",,,,,
1403,shaeed rajaii,India,29031200,"216,600","142,725",,,,,
1403,shaeed rajaii,India,29231090,"2,315","141,587",,,,,
1403,shaeed rajaii,India,85022090,"27,700","140,675",,,,,
1403,shaeed rajaii,India,52052400,"42,638","138,875",,,,,
1403,shaeed rajaii,India,30043190,"9,291","138,065",,,,,
1403,shaeed rajaii,India,84807100,"7,879","137,516",,,,,
1403,shaeed rajaii,India,9103020,"82,500","137,153",,,,,
1403,shaeed rajaii,India,54023300,"41,982","136,013",,,,,
1403,shaeed rajaii,India,84842020,"5,398","135,792",,,,,
1403,shaeed rajaii,India,29332960,"1,175","134,357",,,,,
1403,shaeed rajaii,India,15155000,"48,000","134,309",,,,,
1403,shaeed rajaii,India,39111000,"59,000","131,782",,,,,
1403,shaeed rajaii,India,29214990,"3,822","130,379",,,,,
1403,shaeed rajaii,India,20071010,"145,600","130,020",,,,,
1403,shaeed rajaii,India,52030000,"26,200","129,974",,,,,
1403,shaeed rajaii,India,84099160,"15,638","129,925",,,,,
1403,shaeed rajaii,India,29214100,"2,800","128,677",,,,,
1403,shaeed rajaii,India,29181600,"9,500","128,508",,,,,
1403,shaeed rajaii,India,85043320,"6,133","127,118",,,,,
1403,shaeed rajaii,India,72029930,"65,491","126,374",,,,,
1403,shaeed rajaii,India,90183915,"27,514","125,897",,,,,
1403,shaeed rajaii,India,32041110,"9,000","125,879",,,,,
1403,shaeed rajaii,India,87088049,"36,221","125,725",,,,,
1403,shaeed rajaii,India,39039000,"13,600","124,914",,,,,
1403,shaeed rajaii,India,32081040,"16,800","124,165",,,,,
1403,shaeed rajaii,India,29339994,"3,500","123,002",,,,,
1403,shaeed rajaii,India,84212200,"4,302","122,699",,,,,
1403,shaeed rajaii,India,29141200,"66,000","122,260",,,,,
1403,shaeed rajaii,India,82041190,"39,200","121,776",,,,,
1403,shaeed rajaii,India,15162010,"44,000","121,307",,,,,
1403,shaeed rajaii,India,29335930,"3,000","120,466",,,,,
1403,shaeed rajaii,India,84522900,"72,500","119,611",,,,,
1403,shaeed rajaii,India,29393000,"10,100","118,967",,,,,
1403,shaeed rajaii,India,85051100,"6,832","118,171",,,,,
1403,shaeed rajaii,India,34031990,"13,000","116,031",,,,,
1403,shaeed rajaii,India,54021990,"30,000","115,658",,,,,
1403,shaeed rajaii,India,32029000,"88,500","115,362",,,,,
1403,shaeed rajaii,India,34039990,"24,140","114,424",,,,,
1403,shaeed rajaii,India,29333930,"1,000","114,247",,,,,
1403,shaeed rajaii,India,35030020,"6,579","113,664",,,,,
1403,shaeed rajaii,India,29153900,"28,922","113,530",,,,,
1403,shaeed rajaii,India,39219020,"38,176","112,977",,,,,
1403,shaeed rajaii,India,73181590,"67,420","112,526",,,,,
1403,shaeed rajaii,India,29362920,"17,000","111,454",,,,,
1403,shaeed rajaii,India,70101010,"35,200","110,528",,,,,
1403,shaeed rajaii,India,38099100,"38,150","110,133",,,,,
1403,shaeed rajaii,India,38089429,"11,000","109,576",,,,,
1403,shaeed rajaii,India,75051200,"2,280","107,859",,,,,
1403,shaeed rajaii,India,54021910,"44,000","107,665",,,,,
1403,shaeed rajaii,India,84149090,"5,229","107,157",,,,,
1403,shaeed rajaii,India,72112390,"65,000","107,128",,,,,
1403,shaeed rajaii,India,29141300,"52,780","106,049",,,,,
1403,shaeed rajaii,India,84581990,"9,550","105,998",,,,,
1403,shaeed rajaii,India,30042012,"7,145","105,920",,,,,
1403,shaeed rajaii,India,55063000,"41,000","104,389",,,,,
1403,shaeed rajaii,India,48109210,"139,463","104,365",,,,,
1403,shaeed rajaii,India,40094100,"30,847","103,160",,,,,
1403,shaeed rajaii,India,29071900,"15,000","103,027",,,,,
1403,shaeed rajaii,India,13021900,"16,650","102,831",,,,,
1403,shaeed rajaii,India,59113200,"3,438","102,468",,,,,
1403,shaeed rajaii,India,84821000,"23,991","101,021",,,,,
1403,shaeed rajaii,India,84223000,"6,520","99,744",,,,,
1403,shaeed rajaii,India,39072990,"54,000","99,634",,,,,
1403,shaeed rajaii,India,29051300,"66,000","94,710",,,,,
1403,shaeed rajaii,India,83119000,"25,000","94,557",,,,,
1403,shaeed rajaii,India,39123110,"10,000","93,338",,,,,
1403,shaeed rajaii,India,29333990,"2,730","92,987",,,,,
1403,shaeed rajaii,India,45041000,"36,668","91,209",,,,,
1403,shaeed rajaii,India,29212190,"20,295","91,158",,,,,
1403,shaeed rajaii,India,23040000,"175,277","91,053",,,,,
1403,shaeed rajaii,India,39069099,"47,110","90,864",,,,,
1403,shaeed rajaii,India,51052900,"8,606","90,358",,,,,
1403,shaeed rajaii,India,32121000,"16,630","89,952",,,,,
1403,shaeed rajaii,India,29291090,"16,000","89,454",,,,,
1403,shaeed rajaii,India,38249930,"23,544","88,615",,,,,
1403,shaeed rajaii,India,84132000,"16,606","88,027",,,,,
1403,shaeed rajaii,India,75040000,"4,000","87,010",,,,,
1403,shaeed rajaii,India,25081000,"750,000","86,253",,,,,
1403,shaeed rajaii,India,25199010,"25,000","85,462",,,,,
1403,shaeed rajaii,India,28352500,"20,000","85,392",,,,,
1403,shaeed rajaii,India,72299020,"17,988","83,789",,,,,
1403,shaeed rajaii,India,38099200,"34,000","83,480",,,,,
1403,shaeed rajaii,India,85371020,510,"82,321",,,,,
1403,shaeed rajaii,India,72221100,"54,000","81,664",,,,,
1403,shaeed rajaii,India,84138190,"7,126","81,304",,,,,
1403,shaeed rajaii,India,84831020,"18,691","81,248",,,,,
1403,shaeed rajaii,India,29163120,"62,000","80,890",,,,,
1403,shaeed rajaii,India,29152990,"40,000","80,406",,,,,
1403,shaeed rajaii,India,59119090,"26,079","80,073",,,,,
1403,shaeed rajaii,India,29224910,"5,000","79,943",,,,,
1403,shaeed rajaii,India,29349920,"1,000","79,895",,,,,
1403,shaeed rajaii,India,28352900,"14,800","79,625",,,,,
1403,shaeed rajaii,India,33012400,"2,000","79,510",,,,,
1403,shaeed rajaii,India,9101190,"58,535","79,444",,,,,
1403,shaeed rajaii,India,76071990,"13,732","77,209",,,,,
1403,shaeed rajaii,India,84212190,"9,345","77,204",,,,,
1403,shaeed rajaii,India,40129020,"17,846","76,987",,,,,
1403,shaeed rajaii,India,84841090,"4,514","76,561",,,,,
1403,shaeed rajaii,India,13012000,"10,000","76,023",,,,,
1403,shaeed rajaii,India,28351090,"25,000","74,664",,,,,
1403,shaeed rajaii,India,30049014,"1,930","74,610",,,,,
1403,shaeed rajaii,India,84021900,793,"73,455",,,,,
1403,shaeed rajaii,India,29214500,"7,200","73,392",,,,,
1403,shaeed rajaii,India,82129010,"7,300","72,201",,,,,
1403,shaeed rajaii,India,28276010,"1,150","72,029",,,,,
1403,shaeed rajaii,India,84559000,"3,310","71,052",,,,,
1403,shaeed rajaii,India,37079010,"17,842","70,838",,,,,
1403,shaeed rajaii,India,39023020,"32,000","70,764",,,,,
1403,shaeed rajaii,India,30049016,"1,250","70,501",,,,,
1403,shaeed rajaii,India,29012900,"12,600","69,030",,,,,
1403,shaeed rajaii,India,28191000,"18,000","68,264",,,,,
1403,shaeed rajaii,India,85013400,"7,500","67,479",,,,,
1403,shaeed rajaii,India,34039910,"6,400","67,257",,,,,
1403,shaeed rajaii,India,84136090,889,"67,187",,,,,
1403,shaeed rajaii,India,84212990,"4,420","66,589",,,,,
1403,shaeed rajaii,India,29215990,"16,812","66,018",,,,,
1403,shaeed rajaii,India,29031300,"55,850","65,470",,,,,
1403,shaeed rajaii,India,84222000,"3,500","65,403",,,,,
1403,shaeed rajaii,India,28049000,"1,600","64,230",,,,,
1403,shaeed rajaii,India,37011000,900,"63,695",,,,,
1403,shaeed rajaii,India,41044900,"12,564","63,663",,,,,
1403,shaeed rajaii,India,84099950,"4,508","63,495",,,,,
1403,shaeed rajaii,India,25030090,"64,000","63,440",,,,,
1403,shaeed rajaii,India,29157011,"25,400","63,396",,,,,
1403,shaeed rajaii,India,29021900,800,"63,207",,,,,
1403,shaeed rajaii,India,84139200,"6,383","63,081",,,,,
1403,shaeed rajaii,India,29362910,"10,000","62,962",,,,,
1403,shaeed rajaii,India,73181510,"3,621","62,717",,,,,
1403,shaeed rajaii,India,28332400,"11,000","62,635",,,,,
1403,shaeed rajaii,India,29173990,"50,000","62,628",,,,,
1403,shaeed rajaii,India,28332990,"25,000","62,533",,,,,
1403,shaeed rajaii,India,28309090,"1,050","62,353",,,,,
1403,shaeed rajaii,India,84099970,"5,280","62,155",,,,,
1403,shaeed rajaii,India,82077000,"4,219","62,062",,,,,
1403,shaeed rajaii,India,25010030,"25,000","61,912",,,,,
1403,shaeed rajaii,India,8013200,"15,000","61,189",,,,,
1403,shaeed rajaii,India,56050000,"16,000","60,994",,,,,
1403,shaeed rajaii,India,84834090,"6,440","60,213",,,,,
1403,shaeed rajaii,India,87084040,"9,729","59,837",,,,,
1403,shaeed rajaii,India,38029090,"22,000","59,391",,,,,
1403,shaeed rajaii,India,85321000,"12,073","58,427",,,,,
1403,shaeed rajaii,India,55109000,"20,000","58,050",,,,,
1403,shaeed rajaii,India,29032200,"19,720","57,992",,,,,
1403,shaeed rajaii,India,84459000,"4,240","57,921",,,,,
1403,shaeed rajaii,India,31010020,"15,000","57,695",,,,,
1403,shaeed rajaii,India,87084020,"1,900","57,474",,,,,
1403,shaeed rajaii,India,25252090,"112,000","57,076",,,,,
1403,shaeed rajaii,India,70199030,"16,824","56,969",,,,,
1403,shaeed rajaii,India,84879000,"1,941","56,399",,,,,
1403,shaeed rajaii,India,38229000,196,"55,535",,,,,
1403,shaeed rajaii,India,28332790,"11,014","55,463",,,,,
1403,shaeed rajaii,India,72112910,"28,393","55,229",,,,,
1403,shaeed rajaii,India,32089030,"12,520","54,970",,,,,
1403,shaeed rajaii,India,85052000,"4,973","54,634",,,,,
1403,shaeed rajaii,India,29302000,"10,000","54,367",,,,,
1403,shaeed rajaii,India,84661000,178,"53,514",,,,,
1403,shaeed rajaii,India,85015210,"3,455","53,000",,,,,
1403,shaeed rajaii,India,8039000,"131,208","52,918",,,,,
1403,shaeed rajaii,India,17023090,"60,000","52,886",,,,,
1403,shaeed rajaii,India,72209000,"14,843","52,003",,,,,
1403,shaeed rajaii,India,28182090,"22,000","51,878",,,,,
1403,shaeed rajaii,India,96089920,"8,398","51,429",,,,,
1403,shaeed rajaii,India,38089321,"10,550","51,326",,,,,
1403,shaeed rajaii,India,72052900,"47,000","51,261",,,,,
1403,shaeed rajaii,India,29415010,500,"50,887",,,,,
1403,shaeed rajaii,India,29051490,"12,900","50,855",,,,,
1403,shaeed rajaii,India,38111900,"12,180","50,810",,,,,
1403,shaeed rajaii,India,39206310,"2,040","50,259",,,,,
1403,shaeed rajaii,India,85044050,492,"49,817",,,,,
1403,shaeed rajaii,India,39131000,"5,000","48,934",,,,,
1403,shaeed rajaii,India,10082100,"5,000","48,481",,,,,
1403,shaeed rajaii,India,70200030,450,"47,624",,,,,
1403,shaeed rajaii,India,23099030,"42,000","47,348",,,,,
1403,shaeed rajaii,India,84136030,"2,676","47,027",,,,,
1403,shaeed rajaii,India,87085019,"13,880","46,885",,,,,
1403,shaeed rajaii,India,35079000,"10,000","46,734",,,,,
1403,shaeed rajaii,India,38160090,"19,256","46,625",,,,,
1403,shaeed rajaii,India,69032090,"9,090","46,496",,,,,
1403,shaeed rajaii,India,84399100,740,"46,373",,,,,
1403,shaeed rajaii,India,38231900,"16,800","46,276",,,,,
1403,shaeed rajaii,India,28365000,"65,200","46,114",,,,,
1403,shaeed rajaii,India,87149990,350,"46,019",,,,,
1403,shaeed rajaii,India,29161300,"16,800","45,853",,,,,
1403,shaeed rajaii,India,39269030,"3,419","44,526",,,,,
1403,shaeed rajaii,India,69039030,"1,577","44,363",,,,,
1403,shaeed rajaii,India,29362100,500,"44,126",,,,,
1403,shaeed rajaii,India,70172010,"3,494","43,802",,,,,
1403,shaeed rajaii,India,74122000,"1,813","43,790",,,,,
1403,shaeed rajaii,India,32041710,"10,260","43,743",,,,,
1403,shaeed rajaii,India,40169950,"2,989","43,730",,,,,
1403,shaeed rajaii,India,55033000,"21,463","42,271",,,,,
1403,shaeed rajaii,India,29173410,"12,000","42,259",,,,,
1403,shaeed rajaii,India,32071030,"3,990","41,925",,,,,
1403,shaeed rajaii,India,28182000,"24,000","41,642",,,,,
1403,shaeed rajaii,India,72024120,"28,000","41,277",,,,,
1403,shaeed rajaii,India,29036990,"8,515","41,010",,,,,
1403,shaeed rajaii,India,84662000,"8,403","40,920",,,,,
1403,shaeed rajaii,India,48026900,"40,000","40,844",,,,,
1403,shaeed rajaii,India,32110000,"10,000","40,572",,,,,
1403,shaeed rajaii,India,90189097,"1,478","40,227",,,,,
1403,shaeed rajaii,India,59111090,"3,774","40,184",,,,,
1403,shaeed rajaii,India,29222100,"4,000","40,073",,,,,
1403,shaeed rajaii,India,29349930,500,"39,950",,,,,
1403,shaeed rajaii,India,40103910,"1,419","39,640",,,,,
1403,shaeed rajaii,India,29121900,"20,040","39,191",,,,,
1403,shaeed rajaii,India,75089000,486,"37,854",,,,,
1403,shaeed rajaii,India,84099990,"5,182","37,802",,,,,
1403,shaeed rajaii,India,32061910,"20,000","37,354",,,,,
1403,shaeed rajaii,India,84771000,"26,600","36,998",,,,,
1403,shaeed rajaii,India,84282000,"1,310","36,562",,,,,
1403,shaeed rajaii,India,76061290,"10,202","36,327",,,,,
1403,shaeed rajaii,India,84388000,"1,728","35,835",,,,,
1403,shaeed rajaii,India,84212110,"11,900","35,695",,,,,
1403,shaeed rajaii,India,39204390,"14,076","35,082",,,,,
1403,shaeed rajaii,India,29173490,"12,375","34,992",,,,,
1403,shaeed rajaii,India,45049000,"3,500","34,753",,,,,
1403,shaeed rajaii,India,55095900,"22,000","33,908",,,,,
1403,shaeed rajaii,India,84749090,"2,445","33,406",,,,,
1403,shaeed rajaii,India,70109010,"14,900","33,283",,,,,
1403,shaeed rajaii,India,29201900,"10,000","32,675",,,,,
1403,shaeed rajaii,India,48192090,"6,007","32,582",,,,,
1403,shaeed rajaii,India,39206390,"5,742","31,680",,,,,
1403,shaeed rajaii,India,38011090,"22,560","30,591",,,,,
1403,shaeed rajaii,India,29336990,"3,025","30,524",,,,,
1403,shaeed rajaii,India,85462010,"5,362","30,493",,,,,
1403,shaeed rajaii,India,29333910,400,"30,400",,,,,
1403,shaeed rajaii,India,32021000,"15,000","29,952",,,,,
1403,shaeed rajaii,India,15050090,"6,000","29,784",,,,,
1403,shaeed rajaii,India,29072300,"16,000","29,741",,,,,
1403,shaeed rajaii,India,29051990,"3,050","29,584",,,,,
1403,shaeed rajaii,India,21069020,"8,000","29,285",,,,,
1403,shaeed rajaii,India,29321300,"20,000","29,153",,,,,
1403,shaeed rajaii,India,29251900,"2,050","28,583",,,,,
1403,shaeed rajaii,India,48101900,"24,170","28,372",,,,,
1403,shaeed rajaii,India,96086000,"2,732","28,130",,,,,
1403,shaeed rajaii,India,84073290,"2,194","28,091",,,,,
1403,shaeed rajaii,India,84649000,"9,000","26,303",,,,,
1403,shaeed rajaii,India,39061000,"1,000","26,300",,,,,
1403,shaeed rajaii,India,84818090,"1,609","25,911",,,,,
1403,shaeed rajaii,India,84519000,"1,300","25,616",,,,,
1403,shaeed rajaii,India,85462020,"3,438","25,168",,,,,
1403,shaeed rajaii,India,90183929,"2,650","25,166",,,,,
1403,shaeed rajaii,India,72021930,"11,800","25,055",,,,,
1403,shaeed rajaii,India,29242100,"2,000","24,248",,,,,
1403,shaeed rajaii,India,72193400,"9,747","23,887",,,,,
1403,shaeed rajaii,India,84139100,"2,258","23,660",,,,,
1403,shaeed rajaii,India,21061011,"19,000","23,637",,,,,
1403,shaeed rajaii,India,85471090,"2,901","23,470",,,,,
1403,shaeed rajaii,India,28152000,"5,200","23,382",,,,,
1403,shaeed rajaii,India,84779000,"1,215","23,355",,,,,
1403,shaeed rajaii,India,32129000,"3,240","23,333",,,,,
1403,shaeed rajaii,India,39204370,"3,852","23,315",,,,,
1403,shaeed rajaii,India,72151090,"17,353","22,914",,,,,
1403,shaeed rajaii,India,9041190,"15,730","22,869",,,,,
1403,shaeed rajaii,India,54034900,"8,307","22,057",,,,,
1403,shaeed rajaii,India,29126000,"20,000","22,001",,,,,
1403,shaeed rajaii,India,28092010,"5,040","21,674",,,,,
1403,shaeed rajaii,India,84481190,"6,319","21,635",,,,,
1403,shaeed rajaii,India,25041090,"20,160","21,113",,,,,
1403,shaeed rajaii,India,72155000,"42,943","21,113",,,,,
1403,shaeed rajaii,India,84806000,"1,118","21,012",,,,,
1403,shaeed rajaii,India,82072090,727,"20,998",,,,,
1403,shaeed rajaii,India,29095000,"1,000","20,907",,,,,
1403,shaeed rajaii,India,35069110,"1,312","20,749",,,,,
1403,shaeed rajaii,India,73079900,"10,469","20,426",,,,,
1403,shaeed rajaii,India,39204360,"2,910","20,287",,,,,
1403,shaeed rajaii,India,26060000,"104,000","20,092",,,,,
1403,shaeed rajaii,India,84314990,"2,452","20,050",,,,,
1403,shaeed rajaii,India,69039090,"1,318","19,901",,,,,
1403,shaeed rajaii,India,59100090,"1,492","19,896",,,,,
1403,shaeed rajaii,India,28461000,"1,800","19,885",,,,,
1403,shaeed rajaii,India,28319000,"24,000","19,840",,,,,
1403,shaeed rajaii,India,29199000,"7,000","19,534",,,,,
1403,shaeed rajaii,India,28334000,"6,000","19,255",,,,,
1403,shaeed rajaii,India,31010010,"10,000","19,232",,,,,
1403,shaeed rajaii,India,72111990,"14,000","19,133",,,,,
1403,shaeed rajaii,India,85444290,"1,061","19,061",,,,,
1403,shaeed rajaii,India,28274900,"9,891","18,703",,,,,
1403,shaeed rajaii,India,34049000,"4,000","18,684",,,,,
1403,shaeed rajaii,India,29071500,"3,000","18,569",,,,,
1403,shaeed rajaii,India,69032020,"2,872","18,183",,,,,
1403,shaeed rajaii,India,28352200,"3,350","18,091",,,,,
1403,shaeed rajaii,India,85049000,"1,285","17,840",,,,,
1403,shaeed rajaii,India,84609090,330,"17,787",,,,,
1403,shaeed rajaii,India,29209090,"20,000","17,489",,,,,
1403,shaeed rajaii,India,29031900,600,"17,486",,,,,
1403,shaeed rajaii,India,15180000,"5,000","17,155",,,,,
1403,shaeed rajaii,India,96084000,"1,178","17,116",,,,,
1403,shaeed rajaii,India,90183921,"1,476","17,047",,,,,
1403,shaeed rajaii,India,85444900,"5,184","17,012",,,,,
1403,shaeed rajaii,India,48059390,"25,000","16,907",,,,,
1403,shaeed rajaii,India,90303100,208,"16,818",,,,,
1403,shaeed rajaii,India,85332910,50,"16,814",,,,,
1403,shaeed rajaii,India,39046190,"18,000","16,360",,,,,
1403,shaeed rajaii,India,72202000,"3,000","16,302",,,,,
1403,shaeed rajaii,India,84829100,"2,000","16,219",,,,,
1403,shaeed rajaii,India,29051100,"6,374","15,639",,,,,
1403,shaeed rajaii,India,84311000,"6,200","15,578",,,,,
1403,shaeed rajaii,India,28369900,"6,500","15,325",,,,,
1403,shaeed rajaii,India,87089429,"2,450","14,956",,,,,
1403,shaeed rajaii,India,82079000,"3,915","14,725",,,,,
1403,shaeed rajaii,India,39219099,"11,000","14,697",,,,,
1403,shaeed rajaii,India,84439920,50,"14,681",,,,,
1403,shaeed rajaii,India,74082200,"1,000","14,636",,,,,
1403,shaeed rajaii,India,25161100,"52,000","14,389",,,,,
1403,shaeed rajaii,India,29122100,"3,175","14,379",,,,,
1403,shaeed rajaii,India,29091100,"2,000","14,182",,,,,
1403,shaeed rajaii,India,87149400,200,"14,029",,,,,
1403,shaeed rajaii,India,84841020,"1,690","13,897",,,,,
1403,shaeed rajaii,India,96082000,"2,457","13,552",,,,,
1403,shaeed rajaii,India,39089090,"2,850","12,787",,,,,
1403,shaeed rajaii,India,38210010,282,"12,648",,,,,
1403,shaeed rajaii,India,29157019,"5,000","12,592",,,,,
1403,shaeed rajaii,India,85332100,64,"12,432",,,,,
1403,shaeed rajaii,India,25292200,"12,000","12,360",,,,,
1403,shaeed rajaii,India,12040000,"22,000","12,055",,,,,
1403,shaeed rajaii,India,72162100,"10,329","11,818",,,,,
1403,shaeed rajaii,India,29029000,"3,000","11,792",,,,,
1403,shaeed rajaii,India,73181610,723,"11,704",,,,,
1403,shaeed rajaii,India,84819090,"10,950","11,655",,,,,
1403,shaeed rajaii,India,29096065,"2,500","11,366",,,,,
1403,shaeed rajaii,India,28281000,"13,500","11,126",,,,,
1403,shaeed rajaii,India,84483900,663,"10,643",,,,,
1403,shaeed rajaii,India,32012000,"5,000","10,571",,,,,
1403,shaeed rajaii,India,58089000,"2,267","10,334",,,,,
1403,shaeed rajaii,India,32041190,157,"10,330",,,,,
1403,shaeed rajaii,India,56075090,"1,500","10,113",,,,,
1403,shaeed rajaii,India,82075090,"1,527","9,994",,,,,
1403,shaeed rajaii,India,56022100,"7,700","9,879",,,,,
1403,shaeed rajaii,India,28046900,250,"9,832",,,,,
1403,shaeed rajaii,India,84133010,"1,442","9,830",,,,,
1403,shaeed rajaii,India,29049990,"6,000","9,726",,,,,
1403,shaeed rajaii,India,72151010,"7,135","9,243",,,,,
1403,shaeed rajaii,India,29252990,"2,210","8,876",,,,,
1403,shaeed rajaii,India,85122030,150,"8,234",,,,,
1403,shaeed rajaii,India,32041220,"2,000","8,233",,,,,
1403,shaeed rajaii,India,32151990,"3,150","8,093",,,,,
1403,shaeed rajaii,India,39234000,"1,610","8,024",,,,,
1403,shaeed rajaii,India,29093090,500,"7,910",,,,,
1403,shaeed rajaii,India,29161900,"1,000","7,768",,,,,
1403,shaeed rajaii,India,25152010,"53,420","7,754",,,,,
1403,shaeed rajaii,India,28275100,"1,850","7,430",,,,,
1403,shaeed rajaii,India,90273010,18,"7,390",,,,,
1403,shaeed rajaii,India,85021100,"1,370","7,370",,,,,
1403,shaeed rajaii,India,84409000,23,"7,220",,,,,
1403,shaeed rajaii,India,32064990,"1,300","7,193",,,,,
1403,shaeed rajaii,India,85043310,"2,700","7,179",,,,,
1403,shaeed rajaii,India,84573000,"3,140","7,147",,,,,
1403,shaeed rajaii,India,84099140,"1,293","7,028",,,,,
1403,shaeed rajaii,India,32041590,300,"6,984",,,,,
1403,shaeed rajaii,India,35061090,"3,800","6,900",,,,,
1403,shaeed rajaii,India,28111990,400,"6,809",,,,,
1403,shaeed rajaii,India,38101010,974,"6,710",,,,,
1403,shaeed rajaii,India,87141015,475,"6,662",,,,,
1403,shaeed rajaii,India,29089990,620,"6,537",,,,,
1403,shaeed rajaii,India,84371000,900,"6,484",,,,,
1403,shaeed rajaii,India,82078000,912,"6,295",,,,,
1403,shaeed rajaii,India,17021100,"2,000","6,207",,,,,
1403,shaeed rajaii,India,28111100,750,"6,102",,,,,
1403,shaeed rajaii,India,32061190,900,"5,996",,,,,
1403,shaeed rajaii,India,28402000,95,"5,817",,,,,
1403,shaeed rajaii,India,12119010,"6,000","5,718",,,,,
1403,shaeed rajaii,India,28273990,"1,560","5,566",,,,,
1403,shaeed rajaii,India,68061090,"4,600","5,556",,,,,
1403,shaeed rajaii,India,73141200,110,"5,547",,,,,
1403,shaeed rajaii,India,34024230,530,"5,521",,,,,
1403,shaeed rajaii,India,68149090,522,"5,430",,,,,
1403,shaeed rajaii,India,69022090,"1,898","5,341",,,,,
1403,shaeed rajaii,India,28131000,400,"4,974",,,,,
1403,shaeed rajaii,India,96092010,813,"4,858",,,,,
1403,shaeed rajaii,India,84229090,262,"4,796",,,,,
1403,shaeed rajaii,India,28273100,"20,820","4,242",,,,,
1403,shaeed rajaii,India,70196500,"1,080","4,141",,,,,
1403,shaeed rajaii,India,28211000,"3,000","4,139",,,,,
1403,shaeed rajaii,India,87141025,200,"3,967",,,,,
1403,shaeed rajaii,India,29091900,770,"3,953",,,,,
1403,shaeed rajaii,India,82141010,"1,340","3,707",,,,,
1403,shaeed rajaii,India,90172010,"1,268","3,655",,,,,
1403,shaeed rajaii,India,72029100,500,"3,650",,,,,
1403,shaeed rajaii,India,83012000,100,"3,355",,,,,
1403,shaeed rajaii,India,84483100,15,"3,239",,,,,
1403,shaeed rajaii,India,87141030,100,"3,104",,,,,
1403,shaeed rajaii,India,28352400,400,"3,041",,,,,
1403,shaeed rajaii,India,29041000,175,"3,031",,,,,
1403,shaeed rajaii,India,85443020,60,"2,965",,,,,
1403,shaeed rajaii,India,73182200,367,"2,869",,,,,
1403,shaeed rajaii,India,54026200,612,"2,821",,,,,
1403,shaeed rajaii,India,87083029,"1,256","2,804",,,,,
1403,shaeed rajaii,India,84836000,53,"2,794",,,,,
1403,shaeed rajaii,India,84831090,13,"2,776",,,,,
1403,shaeed rajaii,India,85114030,150,"2,720",,,,,
1403,shaeed rajaii,India,29011090,300,"2,717",,,,,
1403,shaeed rajaii,India,53050000,"2,200","2,695",,,,,
1403,shaeed rajaii,India,87082990,801,"2,610",,,,,
1403,shaeed rajaii,India,29163290,200,"2,527",,,,,
1403,shaeed rajaii,India,28429090,230,"2,451",,,,,
1403,shaeed rajaii,India,82076000,78,"2,446",,,,,
1403,shaeed rajaii,India,39199090,770,"2,383",,,,,
1403,shaeed rajaii,India,84199090,235,"2,299",,,,,
1403,shaeed rajaii,India,9092290,"1,000","2,149",,,,,
1403,shaeed rajaii,India,28151110,"1,500","2,034",,,,,
1403,shaeed rajaii,India,29103000,250,"1,905",,,,,
1403,shaeed rajaii,India,84824000,320,"1,841",,,,,
1403,shaeed rajaii,India,90278990,6,"1,774",,,,,
1403,shaeed rajaii,India,73043900,500,"1,762",,,,,
1403,shaeed rajaii,India,9101290,500,"1,705",,,,,
1403,shaeed rajaii,India,40025900,198,"1,659",,,,,
1403,shaeed rajaii,India,90275090,4,"1,575",,,,,
1403,shaeed rajaii,India,82074000,260,"1,572",,,,,
1403,shaeed rajaii,India,39019000,200,"1,508",,,,,
1403,shaeed rajaii,India,40169990,647,"1,400",,,,,
1403,shaeed rajaii,India,28333000,500,"1,255",,,,,
1403,shaeed rajaii,India,73249000,12,"1,251",,,,,
1403,shaeed rajaii,India,29171100,400,"1,212",,,,,
1403,shaeed rajaii,India,84137090,180,950,,,,,
1403,shaeed rajaii,India,87141010,30,833,,,,,
1403,shaeed rajaii,India,28251090,30,661,,,,,
1403,shaeed rajaii,India,29398090,30,654,,,,,
1403,shaeed rajaii,India,28255000,20,634,,,,,
1403,shaeed rajaii,India,28419000,5,479,,,,,
1403,shaeed rajaii,India,29183090,50,465,,,,,
1403,shaeed rajaii,India,28332100,100,464,,,,,
1403,shaeed rajaii,India,84099940,138,445,,,,,
1403,shaeed rajaii,India,28342990,100,443,,,,,
1403,shaeed rajaii,India,28363090,100,406,,,,,
1403,shaeed rajaii,India,35069190,20,378,,,,,
1403,shaeed rajaii,India,73182100,12,376,,,,,
1403,shaeed rajaii,India,40103500,3,126,,,,,
1403,shaeed rajaii,India,73182900,2,50,,,,,
1403,shaeed rajaii,Germany,87032290,"9,785,680","137,767,261",,,,,
1403,shaeed rajaii,Germany,84552100,"6,795,819","128,983,788",,,,,
1403,shaeed rajaii,Germany,87038000,"4,806,400","113,824,243",,,,,
1403,shaeed rajaii,Germany,87034020,"4,209,600","59,797,889",,,,,
1403,shaeed rajaii,Germany,84223000,"1,344,267","48,109,701",,,,,
1403,shaeed rajaii,Germany,84798990,"1,201,781","40,357,767",,,,,
1403,shaeed rajaii,Germany,73044900,"1,146,249","26,287,585",,,,,
1403,shaeed rajaii,Germany,84212190,"1,092,011","26,180,013",,,,,
1403,shaeed rajaii,Germany,85451100,"5,478,257","23,325,248",,,,,
1403,shaeed rajaii,Germany,84742000,"1,044,210","16,517,041",,,,,
1403,shaeed rajaii,Germany,72023000,"12,709,000","11,837,357",,,,,
1403,shaeed rajaii,Germany,85414300,"3,829,193","10,855,471",,,,,
1403,shaeed rajaii,Germany,84452000,"689,189","10,814,016",,,,,
1403,shaeed rajaii,Germany,84193900,"774,232","9,214,692",,,,,
1403,shaeed rajaii,Germany,30049092,"1,499,255","7,496,232",,,,,
1403,shaeed rajaii,Germany,84431700,"213,693","6,705,736",,,,,
1403,shaeed rajaii,Germany,84149090,"37,527","6,115,828",,,,,
1403,shaeed rajaii,Germany,4022120,"899,025","5,736,010",,,,,
1403,shaeed rajaii,Germany,84749090,"345,329","5,601,481",,,,,
1403,shaeed rajaii,Germany,72021100,"5,172,000","5,475,057",,,,,
1403,shaeed rajaii,Germany,84195090,"491,470","5,073,842",,,,,
1403,shaeed rajaii,Germany,84741000,"88,354","4,948,405",,,,,
1403,shaeed rajaii,Germany,84148090,"122,604","4,904,206",,,,,
1403,shaeed rajaii,Germany,84778000,"110,556","4,456,175",,,,,
1403,shaeed rajaii,Germany,38237020,"2,490,550","4,298,145",,,,,
1403,shaeed rajaii,Germany,90289040,"82,941","4,097,127",,,,,
1403,shaeed rajaii,Germany,85176290,"19,379","3,847,957",,,,,
1403,shaeed rajaii,Germany,51012110,"377,308","3,655,783",,,,,
1403,shaeed rajaii,Germany,84453000,"198,130","3,477,735",,,,,
1403,shaeed rajaii,Germany,74032900,"20,400","3,350,260",,,,,
1403,shaeed rajaii,Germany,73042900,"2,042,818","3,326,365",,,,,
1403,shaeed rajaii,Germany,84743900,"247,784","3,294,916",,,,,
1403,shaeed rajaii,Germany,27131200,"2,595,600","3,273,634",,,,,
1403,shaeed rajaii,Germany,84772000,"98,934","3,098,495",,,,,
1403,shaeed rajaii,Germany,87041090,"130,900","2,911,748",,,,,
1403,shaeed rajaii,Germany,28331100,"24,000,000","2,856,878",,,,,
1403,shaeed rajaii,Germany,40025900,"1,305,360","2,722,474",,,,,
1403,shaeed rajaii,Germany,84171000,"795,255","2,669,024",,,,,
1403,shaeed rajaii,Germany,32061190,"984,000","2,561,264",,,,,
1403,shaeed rajaii,Germany,84552200,"33,111","2,432,826",,,,,
1403,shaeed rajaii,Germany,84451900,"130,794","2,258,599",,,,,
1403,shaeed rajaii,Germany,39021020,"1,612,000","2,195,817",,,,,
1403,shaeed rajaii,Germany,84304190,"50,200","2,012,785",,,,,
1403,shaeed rajaii,Germany,84283390,"80,014","1,999,854",,,,,
1403,shaeed rajaii,Germany,84451200,"63,388","1,906,745",,,,,
1403,shaeed rajaii,Germany,76069240,"465,216","1,891,456",,,,,
1403,shaeed rajaii,Germany,29212190,"420,000","1,794,489",,,,,
1403,shaeed rajaii,Germany,90275030,"10,900","1,698,790",,,,,
1403,shaeed rajaii,Germany,73044100,"172,180","1,656,836",,,,,
1403,shaeed rajaii,Germany,55095200,"111,047","1,574,976",,,,,
1403,shaeed rajaii,Germany,28369900,"1,752,000","1,519,402",,,,,
1403,shaeed rajaii,Germany,85389010,"126,300","1,469,747",,,,,
1403,shaeed rajaii,Germany,30042012,"37,584","1,459,919",,,,,
1403,shaeed rajaii,Germany,90303900,"48,127","1,453,097",,,,,
1403,shaeed rajaii,Germany,72091700,"1,888,140","1,412,947",,,,,
1403,shaeed rajaii,Germany,84261200,"173,867","1,392,449",,,,,
1403,shaeed rajaii,Germany,31043000,"1,012,000","1,390,601",,,,,
1403,shaeed rajaii,Germany,32041590,"180,000","1,376,597",,,,,
1403,shaeed rajaii,Germany,85369090,"61,407","1,317,839",,,,,
1403,shaeed rajaii,Germany,40118090,"136,800","1,314,864",,,,,
1403,shaeed rajaii,Germany,40027000,"446,900","1,301,835",,,,,
1403,shaeed rajaii,Germany,84512900,"65,276","1,298,358",,,,,
1403,shaeed rajaii,Germany,29314990,"1,012,500","1,286,825",,,,,
1403,shaeed rajaii,Germany,84451300,"54,972","1,269,766",,,,,
1403,shaeed rajaii,Germany,90189099,"44,837","1,129,532",,,,,
1403,shaeed rajaii,Germany,84224000,"14,621","1,085,427",,,,,
1403,shaeed rajaii,Germany,29321400,"24,500","1,048,914",,,,,
1403,shaeed rajaii,Germany,48026100,"928,393","1,045,206",,,,,
1403,shaeed rajaii,Germany,84818090,"23,136","1,027,084",,,,,
1403,shaeed rajaii,Germany,73041990,"226,016","1,021,260",,,,,
1403,shaeed rajaii,Germany,84148075,"9,870","1,017,588",,,,,
1403,shaeed rajaii,Germany,39100090,"478,735","996,803",,,,,
1403,shaeed rajaii,Germany,84807100,"74,890","983,979",,,,,
1403,shaeed rajaii,Germany,38200000,"321,640","977,794",,,,,
1403,shaeed rajaii,Germany,84451100,"49,556","963,248",,,,,
1403,shaeed rajaii,Germany,84198990,"101,000","950,114",,,,,
1403,shaeed rajaii,Germany,23099030,"306,000","933,075",,,,,
1403,shaeed rajaii,Germany,84411000,"27,500","913,687",,,,,
1403,shaeed rajaii,Germany,34024210,"396,000","905,446",,,,,
1403,shaeed rajaii,Germany,84069000,"29,207","890,611",,,,,
1403,shaeed rajaii,Germany,54023300,"554,105","878,779",,,,,
1403,shaeed rajaii,Germany,90271000,890,"876,864",,,,,
1403,shaeed rajaii,Germany,40029900,"75,500","834,392",,,,,
1403,shaeed rajaii,Germany,29413000,"15,500","818,508",,,,,
1403,shaeed rajaii,Germany,55092100,"465,453","818,036",,,,,
1403,shaeed rajaii,Germany,84138190,"60,501","788,469",,,,,
1403,shaeed rajaii,Germany,48109210,"922,909","785,563",,,,,
1403,shaeed rajaii,Germany,85369010,"27,035","768,190",,,,,
1403,shaeed rajaii,Germany,85022010,"107,000","759,295",,,,,
1403,shaeed rajaii,Germany,38112190,"144,000","745,219",,,,,
1403,shaeed rajaii,Germany,84219900,"24,737","731,802",,,,,
1403,shaeed rajaii,Germany,31055900,"538,900","729,316",,,,,
1403,shaeed rajaii,Germany,84196000,"12,065","727,258",,,,,
1403,shaeed rajaii,Germany,11041200,"702,000","717,700",,,,,
1403,shaeed rajaii,Germany,39069091,"135,440","714,401",,,,,
1403,shaeed rajaii,Germany,40012900,"403,200","707,333",,,,,
1403,shaeed rajaii,Germany,32041990,"440,000","688,157",,,,,
1403,shaeed rajaii,Germany,84388000,"21,400","664,946",,,,,
1403,shaeed rajaii,Germany,84261190,"43,079","648,126",,,,,
1403,shaeed rajaii,Germany,31026010,"649,850","633,585",,,,,
1403,shaeed rajaii,Germany,38121000,"230,500","627,297",,,,,
1403,shaeed rajaii,Germany,32042090,"115,125","619,706",,,,,
1403,shaeed rajaii,Germany,39041020,"295,000","618,255",,,,,
1403,shaeed rajaii,Germany,39021030,"494,000","617,073",,,,,
1403,shaeed rajaii,Germany,85098010,"49,223","608,431",,,,,
1403,shaeed rajaii,Germany,29291090,"68,800","606,815",,,,,
1403,shaeed rajaii,Germany,84748090,"6,209","602,398",,,,,
1403,shaeed rajaii,Germany,40023100,"292,320","587,784",,,,,
1403,shaeed rajaii,Germany,59113200,"33,340","576,137",,,,,
1403,shaeed rajaii,Germany,40024900,"94,000","559,836",,,,,
1403,shaeed rajaii,Germany,69022090,"144,885","557,282",,,,,
1403,shaeed rajaii,Germany,84834090,"7,160","555,787",,,,,
1403,shaeed rajaii,Germany,31056000,"315,000","550,695",,,,,
1403,shaeed rajaii,Germany,85044050,"17,075","533,041",,,,,
1403,shaeed rajaii,Germany,84431100,"149,900","531,495",,,,,
1403,shaeed rajaii,Germany,31059090,"109,960","520,186",,,,,
1403,shaeed rajaii,Germany,85443020,"26,317","515,276",,,,,
1403,shaeed rajaii,Germany,75062000,"12,463","504,929",,,,,
1403,shaeed rajaii,Germany,84431600,"16,600","502,459",,,,,
1403,shaeed rajaii,Germany,39074000,"198,000","491,267",,,,,
1403,shaeed rajaii,Germany,90183916,"12,368","462,894",,,,,
1403,shaeed rajaii,Germany,28112200,"315,400","461,725",,,,,
1403,shaeed rajaii,Germany,90318040,860,"449,088",,,,,
1403,shaeed rajaii,Germany,84834010,"32,062","446,516",,,,,
1403,shaeed rajaii,Germany,85015310,"36,717","442,376",,,,,
1403,shaeed rajaii,Germany,73089090,"44,750","440,626",,,,,
1403,shaeed rajaii,Germany,29362400,"29,980","438,196",,,,,
1403,shaeed rajaii,Germany,73072100,"38,334","435,825",,,,,
1403,shaeed rajaii,Germany,38123910,"124,500","429,312",,,,,
1403,shaeed rajaii,Germany,84143020,"10,848","427,090",,,,,
1403,shaeed rajaii,Germany,84833000,"2,964","423,036",,,,,
1403,shaeed rajaii,Germany,34039100,"121,050","414,331",,,,,
1403,shaeed rajaii,Germany,85044087,"6,729","413,073",,,,,
1403,shaeed rajaii,Germany,84626200,"276,000","410,970",,,,,
1403,shaeed rajaii,Germany,39019000,"148,000","399,883",,,,,
1403,shaeed rajaii,Germany,30041012,"37,066","399,564",,,,,
1403,shaeed rajaii,Germany,29157090,"255,000","398,913",,,,,
1403,shaeed rajaii,Germany,51052900,"39,475","398,269",,,,,
1403,shaeed rajaii,Germany,28365000,"337,500","383,764",,,,,
1403,shaeed rajaii,Germany,84295111,"14,900","382,931",,,,,
1403,shaeed rajaii,Germany,23099039,"130,000","365,554",,,,,
1403,shaeed rajaii,Germany,84481900,"43,613","360,715",,,,,
1403,shaeed rajaii,Germany,27101930,"64,064","359,199",,,,,
1403,shaeed rajaii,Germany,28030000,"26,592","354,522",,,,,
1403,shaeed rajaii,Germany,38160090,"242,800","353,740",,,,,
1403,shaeed rajaii,Germany,90251910,"8,384","345,147",,,,,
1403,shaeed rajaii,Germany,38249990,"51,200","344,995",,,,,
1403,shaeed rajaii,Germany,17021910,"145,000","336,658",,,,,
1403,shaeed rajaii,Germany,31051010,"131,058","332,359",,,,,
1403,shaeed rajaii,Germany,72024920,"81,000","327,387",,,,,
1403,shaeed rajaii,Germany,54024400,"75,542","324,417",,,,,
1403,shaeed rajaii,Germany,38231200,"219,630","323,890",,,,,
1403,shaeed rajaii,Germany,39235000,"33,933","320,832",,,,,
1403,shaeed rajaii,Germany,29231090,"5,000","315,414",,,,,
1403,shaeed rajaii,Germany,85021310,"94,000","313,096",,,,,
1403,shaeed rajaii,Germany,84143090,"6,400","311,505",,,,,
1403,shaeed rajaii,Germany,29304000,"98,000","304,912",,,,,
1403,shaeed rajaii,Germany,39092090,"58,000","298,973",,,,,
1403,shaeed rajaii,Germany,28311000,"201,600","289,121",,,,,
1403,shaeed rajaii,Germany,39209100,"34,538","289,012",,,,,
1403,shaeed rajaii,Germany,31054000,"214,000","284,299",,,,,
1403,shaeed rajaii,Germany,85371090,"2,809","277,907",,,,,
1403,shaeed rajaii,Germany,54024600,"151,200","266,333",,,,,
1403,shaeed rajaii,Germany,39021010,"192,000","262,710",,,,,
1403,shaeed rajaii,Germany,84089090,"83,050","259,304",,,,,
1403,shaeed rajaii,Germany,29224990,"42,000","259,301",,,,,
1403,shaeed rajaii,Germany,29362810,"10,000","256,528",,,,,
1403,shaeed rajaii,Germany,73043900,"125,030","254,788",,,,,
1403,shaeed rajaii,Germany,73269090,"60,264","254,755",,,,,
1403,shaeed rajaii,Germany,85051100,"19,690","251,103",,,,,
1403,shaeed rajaii,Germany,29359020,"9,000","249,303",,,,,
1403,shaeed rajaii,Germany,40022000,"100,800","243,969",,,,,
1403,shaeed rajaii,Germany,33029010,"41,040","235,383",,,,,
1403,shaeed rajaii,Germany,39095000,"91,300","234,481",,,,,
1403,shaeed rajaii,Germany,29309090,"102,600","227,453",,,,,
1403,shaeed rajaii,Germany,84231000,"32,410","224,849",,,,,
1403,shaeed rajaii,Germany,39206200,"72,687","224,683",,,,,
1403,shaeed rajaii,Germany,40169300,"27,022","220,674",,,,,
1403,shaeed rajaii,Germany,32041190,"66,200","215,691",,,,,
1403,shaeed rajaii,Germany,90262000,"1,124","211,237",,,,,
1403,shaeed rajaii,Germany,84385000,900,"206,330",,,,,
1403,shaeed rajaii,Germany,72261100,"40,000","200,193",,,,,
1403,shaeed rajaii,Germany,84413000,"2,990","198,629",,,,,
1403,shaeed rajaii,Germany,35069900,"47,660","197,182",,,,,
1403,shaeed rajaii,Germany,29419020,"5,000","196,380",,,,,
1403,shaeed rajaii,Germany,68062010,"20,000","196,278",,,,,
1403,shaeed rajaii,Germany,25199090,"60,000","192,132",,,,,
1403,shaeed rajaii,Germany,85423900,56,"186,037",,,,,
1403,shaeed rajaii,Germany,23040000,"299,131","184,945",,,,,
1403,shaeed rajaii,Germany,32041690,"41,800","183,061",,,,,
1403,shaeed rajaii,Germany,55032000,"155,040","182,263",,,,,
1403,shaeed rajaii,Germany,40101900,"10,450","175,762",,,,,
1403,shaeed rajaii,Germany,40012100,"80,000","172,947",,,,,
1403,shaeed rajaii,Germany,31010010,"24,300","172,674",,,,,
1403,shaeed rajaii,Germany,85312000,"9,864","172,374",,,,,
1403,shaeed rajaii,Germany,72192100,"73,877","171,429",,,,,
1403,shaeed rajaii,Germany,73072200,"75,712","170,727",,,,,
1403,shaeed rajaii,Germany,90261010,"2,771","170,177",,,,,
1403,shaeed rajaii,Germany,96020010,"7,702","169,543",,,,,
1403,shaeed rajaii,Germany,85030030,"19,460","168,998",,,,,
1403,shaeed rajaii,Germany,29231020,"100,000","168,863",,,,,
1403,shaeed rajaii,Germany,38119000,"32,000","156,842",,,,,
1403,shaeed rajaii,Germany,84134000,"41,656","156,121",,,,,
1403,shaeed rajaii,Germany,84717090,"4,205","155,491",,,,,
1403,shaeed rajaii,Germany,58079000,"9,850","154,300",,,,,
1403,shaeed rajaii,Germany,84459000,"65,280","151,642",,,,,
1403,shaeed rajaii,Germany,29419090,"6,130","150,823",,,,,
1403,shaeed rajaii,Germany,29414000,"3,000","148,239",,,,,
1403,shaeed rajaii,Germany,90191050,"10,649","144,281",,,,,
1403,shaeed rajaii,Germany,29163930,"11,200","143,592",,,,,
1403,shaeed rajaii,Germany,38231100,"131,000","143,153",,,,,
1403,shaeed rajaii,Germany,84192090,"1,811","143,015",,,,,
1403,shaeed rajaii,Germany,39123900,"5,400","142,961",,,,,
1403,shaeed rajaii,Germany,29349990,"1,500","142,608",,,,,
1403,shaeed rajaii,Germany,39234000,"8,317","135,275",,,,,
1403,shaeed rajaii,Germany,85291090,"5,371","134,544",,,,,
1403,shaeed rajaii,Germany,90303300,"5,160","133,755",,,,,
1403,shaeed rajaii,Germany,34023990,"42,000","133,400",,,,,
1403,shaeed rajaii,Germany,90261020,333,"131,435",,,,,
1403,shaeed rajaii,Germany,29232010,"56,000","130,257",,,,,
1403,shaeed rajaii,Germany,72254090,"10,805","128,861",,,,,
1403,shaeed rajaii,Germany,84614000,"5,020","128,726",,,,,
1403,shaeed rajaii,Germany,55095100,"64,638","126,504",,,,,
1403,shaeed rajaii,Germany,38059000,"12,000","123,198",,,,,
1403,shaeed rajaii,Germany,28352610,"110,000","121,878",,,,,
1403,shaeed rajaii,Germany,29126000,"60,000","121,616",,,,,
1403,shaeed rajaii,Germany,38130000,"20,000","120,265",,,,,
1403,shaeed rajaii,Germany,84135010,"2,450","116,430",,,,,
1403,shaeed rajaii,Germany,84141090,"2,700","116,124",,,,,
1403,shaeed rajaii,Germany,28152000,"60,000","114,265",,,,,
1403,shaeed rajaii,Germany,84335920,"48,880","113,325",,,,,
1403,shaeed rajaii,Germany,31051090,"13,080","112,634",,,,,
1403,shaeed rajaii,Germany,84289090,"22,000","111,229",,,,,
1403,shaeed rajaii,Germany,29415090,"2,000","111,027",,,,,
1403,shaeed rajaii,Germany,72202000,"2,000","110,991",,,,,
1403,shaeed rajaii,Germany,35051090,"84,000","110,316",,,,,
1403,shaeed rajaii,Germany,90261090,247,"110,255",,,,,
1403,shaeed rajaii,Germany,27030010,"265,390","107,730",,,,,
1403,shaeed rajaii,Germany,38123100,"51,800","107,272",,,,,
1403,shaeed rajaii,Germany,39073030,"39,000","106,808",,,,,
1403,shaeed rajaii,Germany,85364990,"4,000","104,663",,,,,
1403,shaeed rajaii,Germany,39089010,"14,400","104,105",,,,,
1403,shaeed rajaii,Germany,34049000,"21,600","102,112",,,,,
1403,shaeed rajaii,Germany,29225090,"54,000","99,741",,,,,
1403,shaeed rajaii,Germany,25081000,"243,000","96,641",,,,,
1403,shaeed rajaii,Germany,84818021,"1,439","96,618",,,,,
1403,shaeed rajaii,Germany,17021100,"18,200","95,962",,,,,
1403,shaeed rajaii,Germany,85319000,340,"95,958",,,,,
1403,shaeed rajaii,Germany,59119090,"4,581","93,777",,,,,
1403,shaeed rajaii,Germany,39013000,"44,000","91,774",,,,,
1403,shaeed rajaii,Germany,29031200,"108,000","91,569",,,,,
1403,shaeed rajaii,Germany,56031312,"9,488","90,461",,,,,
1403,shaeed rajaii,Germany,39069070,"22,000","89,570",,,,,
1403,shaeed rajaii,Germany,85015390,"7,500","89,054",,,,,
1403,shaeed rajaii,Germany,29412000,"6,900","86,777",,,,,
1403,shaeed rajaii,Germany,55070000,"20,362","86,220",,,,,
1403,shaeed rajaii,Germany,29362100,"1,000","85,175",,,,,
1403,shaeed rajaii,Germany,90312000,"1,810","84,983",,,,,
1403,shaeed rajaii,Germany,73064010,"20,000","84,754",,,,,
1403,shaeed rajaii,Germany,29181400,"78,000","84,188",,,,,
1403,shaeed rajaii,Germany,32089030,"14,000","82,822",,,,,
1403,shaeed rajaii,Germany,39053000,"36,000","79,578",,,,,
1403,shaeed rajaii,Germany,85429000,962,"78,034",,,,,
1403,shaeed rajaii,Germany,72254010,"33,651","77,816",,,,,
1403,shaeed rajaii,Germany,29362500,"1,500","76,180",,,,,
1403,shaeed rajaii,Germany,39079999,"10,000","74,910",,,,,
1403,shaeed rajaii,Germany,87085019,"32,380","74,647",,,,,
1403,shaeed rajaii,Germany,85013290,"1,559","73,186",,,,,
1403,shaeed rajaii,Germany,54024700,"45,900","73,145",,,,,
1403,shaeed rajaii,Germany,72091600,"98,039","72,345",,,,,
1403,shaeed rajaii,Germany,32149000,"14,500","71,106",,,,,
1403,shaeed rajaii,Germany,25161100,"387,360","68,385",,,,,
1403,shaeed rajaii,Germany,48109290,"50,000","67,965",,,,,
1403,shaeed rajaii,Germany,40149000,"7,719","66,705",,,,,
1403,shaeed rajaii,Germany,33021090,"2,000","66,290",,,,,
1403,shaeed rajaii,Germany,84571000,"48,911","64,314",,,,,
1403,shaeed rajaii,Germany,85444900,"1,470","63,952",,,,,
1403,shaeed rajaii,Germany,29362290,"1,250","63,484",,,,,
1403,shaeed rajaii,Germany,29163120,"60,000","62,628",,,,,
1403,shaeed rajaii,Germany,85414900,"24,264","62,031",,,,,
1403,shaeed rajaii,Germany,39069040,"16,720","60,899",,,,,
1403,shaeed rajaii,Germany,90278950,582,"59,796",,,,,
1403,shaeed rajaii,Germany,38122090,"14,000","57,621",,,,,
1403,shaeed rajaii,Germany,83024190,"2,889","55,693",,,,,
1403,shaeed rajaii,Germany,38221920,538,"55,254",,,,,
1403,shaeed rajaii,Germany,28421020,"48,000","54,459",,,,,
1403,shaeed rajaii,Germany,55101100,"18,900","51,077",,,,,
1403,shaeed rajaii,Germany,29051300,"26,400","50,090",,,,,
1403,shaeed rajaii,Germany,84229090,120,"50,008",,,,,
1403,shaeed rajaii,Germany,29400090,"41,800","49,560",,,,,
1403,shaeed rajaii,Germany,21022000,"17,000","48,453",,,,,
1403,shaeed rajaii,Germany,84623900,850,"47,614",,,,,
1403,shaeed rajaii,Germany,48115900,"17,372","47,095",,,,,
1403,shaeed rajaii,Germany,29242100,"5,000","46,750",,,,,
1403,shaeed rajaii,Germany,90328940,101,"46,742",,,,,
1403,shaeed rajaii,Germany,29072200,"16,189","45,480",,,,,
1403,shaeed rajaii,Germany,72192200,"19,322","45,405",,,,,
1403,shaeed rajaii,Germany,90251920,112,"45,211",,,,,
1403,shaeed rajaii,Germany,29171990,"15,200","44,929",,,,,
1403,shaeed rajaii,Germany,85371020,492,"44,854",,,,,
1403,shaeed rajaii,Germany,39129000,"18,450","43,588",,,,,
1403,shaeed rajaii,Germany,48101300,"24,362","43,380",,,,,
1403,shaeed rajaii,Germany,29213090,"9,000","43,154",,,,,
1403,shaeed rajaii,Germany,40111010,"10,807","42,849",,,,,
1403,shaeed rajaii,Germany,84145990,915,"42,757",,,,,
1403,shaeed rajaii,Germany,48116000,"23,931","42,424",,,,,
1403,shaeed rajaii,Germany,39131000,"4,000","41,563",,,,,
1403,shaeed rajaii,Germany,90159000,"6,624","41,563",,,,,
1403,shaeed rajaii,Germany,39111000,"26,500","41,501",,,,,
1403,shaeed rajaii,Germany,44079590,"39,981","40,898",,,,,
1403,shaeed rajaii,Germany,37019920,"5,292","40,693",,,,,
1403,shaeed rajaii,Germany,84689000,"1,100","39,640",,,,,
1403,shaeed rajaii,Germany,48221000,"32,751","38,661",,,,,
1403,shaeed rajaii,Germany,40021900,"16,000","38,338",,,,,
1403,shaeed rajaii,Germany,73121015,"19,211","37,576",,,,,
1403,shaeed rajaii,Germany,73079900,"28,043","37,020",,,,,
1403,shaeed rajaii,Germany,84137090,"2,269","36,547",,,,,
1403,shaeed rajaii,Germany,72112990,"21,735","36,189",,,,,
1403,shaeed rajaii,Germany,31026090,"47,925","34,717",,,,,
1403,shaeed rajaii,Germany,28111990,"13,500","33,946",,,,,
1403,shaeed rajaii,Germany,84779000,360,"33,565",,,,,
1403,shaeed rajaii,Germany,29161400,"14,400","33,260",,,,,
1403,shaeed rajaii,Germany,72285000,"8,535","33,178",,,,,
1403,shaeed rajaii,Germany,25221000,"44,100","32,705",,,,,
1403,shaeed rajaii,Germany,34024190,"16,000","32,658",,,,,
1403,shaeed rajaii,Germany,84602300,"16,730","32,548",,,,,
1403,shaeed rajaii,Germany,48042100,"27,746","32,381",,,,,
1403,shaeed rajaii,Germany,84595900,"14,800","32,306",,,,,
1403,shaeed rajaii,Germany,85153120,"2,360","32,147",,,,,
1403,shaeed rajaii,Germany,70196410,"2,175","32,100",,,,,
1403,shaeed rajaii,Germany,90153000,630,"31,632",,,,,
1403,shaeed rajaii,Germany,25120000,"42,900","31,245",,,,,
1403,shaeed rajaii,Germany,72155000,"16,470","30,901",,,,,
1403,shaeed rajaii,Germany,39204340,"12,000","30,769",,,,,
1403,shaeed rajaii,Germany,28211000,"17,800","29,974",,,,,
1403,shaeed rajaii,Germany,83099030,"3,118","29,636",,,,,
1403,shaeed rajaii,Germany,85015210,442,"28,702",,,,,
1403,shaeed rajaii,Germany,29201900,"10,000","27,229",,,,,
1403,shaeed rajaii,Germany,84659500,717,"27,031",,,,,
1403,shaeed rajaii,Germany,29336990,150,"26,622",,,,,
1403,shaeed rajaii,Germany,39173990,"1,775","26,214",,,,,
1403,shaeed rajaii,Germany,28399090,"3,660","25,760",,,,,
1403,shaeed rajaii,Germany,31029000,"3,168","25,313",,,,,
1403,shaeed rajaii,Germany,72288000,"4,370","24,694",,,,,
1403,shaeed rajaii,Germany,84485900,180,"24,158",,,,,
1403,shaeed rajaii,Germany,73181590,"4,950","23,847",,,,,
1403,shaeed rajaii,Germany,84821000,255,"23,767",,,,,
1403,shaeed rajaii,Germany,34023910,"10,000","23,161",,,,,
1403,shaeed rajaii,Germany,11042200,"42,075","22,580",,,,,
1403,shaeed rajaii,Germany,84433290,"1,100","21,826",,,,,
1403,shaeed rajaii,Germany,85044080,"2,250","21,129",,,,,
1403,shaeed rajaii,Germany,28259000,"19,600","20,907",,,,,
1403,shaeed rajaii,Germany,39199090,"4,380","20,860",,,,,
1403,shaeed rajaii,Germany,73079100,"8,480","20,248",,,,,
1403,shaeed rajaii,Germany,84189990,775,"19,344",,,,,
1403,shaeed rajaii,Germany,84836000,"1,192","18,374",,,,,
1403,shaeed rajaii,Germany,84431390,525,"18,082",,,,,
1403,shaeed rajaii,Germany,85352120,200,"17,812",,,,,
1403,shaeed rajaii,Germany,73081000,210,"17,435",,,,,
1403,shaeed rajaii,Germany,82121000,"1,548","17,106",,,,,
1403,shaeed rajaii,Germany,72192300,"6,000","16,824",,,,,
1403,shaeed rajaii,Germany,85441100,995,"16,767",,,,,
1403,shaeed rajaii,Germany,73079200,600,"15,018",,,,,
1403,shaeed rajaii,Germany,29332990,"1,000","14,978",,,,,
1403,shaeed rajaii,Germany,84818082,"2,200","14,900",,,,,
1403,shaeed rajaii,Germany,84823000,375,"14,880",,,,,
1403,shaeed rajaii,Germany,84314990,31,"14,110",,,,,
1403,shaeed rajaii,Germany,84322990,"23,920","13,116",,,,,
1403,shaeed rajaii,Germany,28429090,"2,000","12,913",,,,,
1403,shaeed rajaii,Germany,84149010,242,"12,854",,,,,
1403,shaeed rajaii,Germany,72191400,"6,000","12,490",,,,,
1403,shaeed rajaii,Germany,59061000,"1,381","12,256",,,,,
1403,shaeed rajaii,Germany,72191300,"6,000","12,157",,,,,
1403,shaeed rajaii,Germany,85159000,645,"12,025",,,,,
1403,shaeed rajaii,Germany,72191200,"3,000","10,677",,,,,
1403,shaeed rajaii,Germany,28323010,"5,623","10,602",,,,,
1403,shaeed rajaii,Germany,40082900,222,"10,373",,,,,
1403,shaeed rajaii,Germany,84314300,"2,150","9,922",,,,,
1403,shaeed rajaii,Germany,84129000,36,"9,455",,,,,
1403,shaeed rajaii,Germany,87084020,"1,600","8,714",,,,,
1403,shaeed rajaii,Germany,90328990,108,"8,604",,,,,
1403,shaeed rajaii,Germany,90152010,253,"8,221",,,,,
1403,shaeed rajaii,Germany,84139100,50,"8,130",,,,,
1403,shaeed rajaii,Germany,84248990,420,"8,066",,,,,
1403,shaeed rajaii,Germany,85366910,40,"7,940",,,,,
1403,shaeed rajaii,Germany,73181510,219,"7,520",,,,,
1403,shaeed rajaii,Germany,85340000,150,"7,398",,,,,
1403,shaeed rajaii,Germany,73182300,"2,026","7,370",,,,,
1403,shaeed rajaii,Germany,85423100,4,"7,136",,,,,
1403,shaeed rajaii,Germany,85411000,1,"7,128",,,,,
1403,shaeed rajaii,Germany,44079300,"8,500","6,719",,,,,
1403,shaeed rajaii,Germany,72192400,"3,000","6,440",,,,,
1403,shaeed rajaii,Germany,84213990,67,"6,275",,,,,
1403,shaeed rajaii,Germany,72193300,"4,032","6,243",,,,,
1403,shaeed rajaii,Germany,84136010,120,"5,795",,,,,
1403,shaeed rajaii,Germany,85044030,100,"5,688",,,,,
1403,shaeed rajaii,Germany,84249000,1,"5,526",,,,,
1403,shaeed rajaii,Germany,73181690,450,"5,505",,,,,
1403,shaeed rajaii,Germany,86090000,"4,200","5,175",,,,,
1403,shaeed rajaii,Germany,82119100,"1,183","4,736",,,,,
1403,shaeed rajaii,Germany,29094300,"1,331","4,105",,,,,
1403,shaeed rajaii,Germany,85472000,27,"3,605",,,,,
1403,shaeed rajaii,Germany,73041100,227,"3,220",,,,,
1403,shaeed rajaii,Germany,85322200,44,"3,150",,,,,
1403,shaeed rajaii,Germany,84822000,5,"3,129",,,,,
1403,shaeed rajaii,Germany,85322510,12,"3,085",,,,,
1403,shaeed rajaii,Germany,84798200,225,"2,914",,,,,
1403,shaeed rajaii,Germany,39069099,26,"2,824",,,,,
1403,shaeed rajaii,Germany,84831020,2,"2,592",,,,,
1403,shaeed rajaii,Germany,85412100,1,"2,216",,,,,
1403,shaeed rajaii,Germany,32041790,20,"2,172",,,,,
1403,shaeed rajaii,Germany,85414100,1,"1,367",,,,,
1403,shaeed rajaii,Germany,39094030,500,"1,046",,,,,
1403,shaeed rajaii,Germany,85044070,9,908,,,,,
1403,shaeed rajaii,Germany,85331020,9,617,,,,,
1403,shaeed rajaii,Germany,84814000,3,611,,,,,
1403,shaeed rajaii,Germany,94016900,"3,800",50,,,,,
